2025-04-18 15:00:54,407 INFO [default] Successfully init Logger Config Module 
2025-04-18 15:00:54,407 INFO [default] 422 open successful
2025-04-18 15:00:54,651 INFO [default] Successfully set connections in UI Interface 
2025-04-18 15:00:54,651 ERROR [default] Failed to parse toml file: File could not be opened for reading
2025-04-18 15:00:54,651 ERROR [default] 422 open fail
2025-04-18 15:00:57,963 INFO [default] Alreay set value to True in Read Viper Continuous
2025-04-18 15:00:57,963 INFO [default] flagViper thread status: 1
2025-04-18 15:00:57,963 INFO [default] MasterConsole Data Update thread ID: 140633087919872
2025-04-18 15:00:57,963 INFO [default] Successfully start Master Console Thread 
2025-04-18 15:00:57,963 ERROR [default] Failed to parse toml file: File could not be opened for reading
2025-04-18 15:00:57,963 INFO [default] EtherCat thread ID: 140632865634048
2025-04-18 15:01:07,963 INFO [default] Successfully start Message Thread 
2025-04-18 15:01:09,686 ERROR [default] Error: there is no ErrorCode in TxPDO mapping under this motor type, please check PDO setting!
2025-04-18 15:01:09,686 ERROR [default] Error: there is no ErrorCode in TxPDO mapping under this motor type, please check PDO setting!
2025-04-18 15:01:09,686 ERROR [default] Error: there is no ErrorCode in TxPDO mapping under this motor type, please check PDO setting!
2025-04-18 15:01:09,686 ERROR [default] Error: there is no ErrorCode in TxPDO mapping under this motor type, please check PDO setting!
2025-04-18 15:01:09,686 ERROR [default] Error: there is no ErrorCode in TxPDO mapping under this motor type, please check PDO setting!
2025-04-18 15:01:09,686 ERROR [default] Error: there is no ErrorCode in TxPDO mapping under this motor type, please check PDO setting!
2025-04-18 15:01:09,686 ERROR [default] Error: there is no ErrorCode in TxPDO mapping under this motor type, please check PDO setting!
2025-04-18 15:01:09,686 ERROR [default] Error: there is no ErrorCode in TxPDO mapping under this motor type, please check PDO setting!
2025-04-18 15:01:09,686 INFO [default] EtherCat Communication thread status: 1

2025-04-18 15:01:09,687 ERROR [default] Error: there is no ErrorCode in TxPDO mapping under this motor type, please check PDO setting!
2025-04-18 15:01:09,688 ERROR [default] Error: there is no ErrorCode in TxPDO mapping under this motor type, please check PDO setting!
2025-04-18 15:01:09,688 ERROR [default] Error: there is no ErrorCode in TxPDO mapping under this motor type, please check PDO setting!
2025-04-18 15:01:09,688 ERROR [default] Error: there is no ErrorCode in TxPDO mapping under this motor type, please check PDO setting!
2025-04-18 15:01:09,688 ERROR [default] Error: there is no ErrorCode in TxPDO mapping under this motor type, please check PDO setting!
2025-04-18 15:01:09,688 ERROR [default] Error: there is no ErrorCode in TxPDO mapping under this motor type, please check PDO setting!
2025-04-18 15:01:09,688 ERROR [default] Error: there is no ErrorCode in TxPDO mapping under this motor type, please check PDO setting!
2025-04-18 15:01:09,688 ERROR [default] Error: there is no ErrorCode in TxPDO mapping under this motor type, please check PDO setting!
2025-04-18 15:01:09,692 ERROR [default] Error: there is no ErrorCode in TxPDO mapping under this motor type, please check PDO setting!
2025-04-18 15:01:09,692 ERROR [default] Error: there is no ErrorCode in TxPDO mapping under this motor type, please check PDO setting!
2025-04-18 15:01:09,692 ERROR [default] Error: there is no ErrorCode in TxPDO mapping under this motor type, please check PDO setting!
2025-04-18 15:01:09,692 ERROR [default] Error: there is no ErrorCode in TxPDO mapping under this motor type, please check PDO setting!
2025-04-18 15:01:09,692 ERROR [default] Error: there is no ErrorCode in TxPDO mapping under this motor type, please check PDO setting!
2025-04-18 15:01:09,692 ERROR [default] Error: there is no ErrorCode in TxPDO mapping under this motor type, please check PDO setting!
2025-04-18 15:01:09,692 ERROR [default] Error: there is no ErrorCode in TxPDO mapping under this motor type, please check PDO setting!
2025-04-18 15:01:09,692 ERROR [default] Error: there is no ErrorCode in TxPDO mapping under this motor type, please check PDO setting!
2025-04-18 15:01:09,695 ERROR [default] Error: there is no ErrorCode in TxPDO mapping under this motor type, please check PDO setting!
2025-04-18 15:01:09,695 ERROR [default] Error: there is no ErrorCode in TxPDO mapping under this motor type, please check PDO setting!
2025-04-18 15:01:09,696 ERROR [default] Error: there is no ErrorCode in TxPDO mapping under this motor type, please check PDO setting!
2025-04-18 15:01:09,696 ERROR [default] Error: there is no ErrorCode in TxPDO mapping under this motor type, please check PDO setting!
2025-04-18 15:01:09,696 ERROR [default] Error: there is no ErrorCode in TxPDO mapping under this motor type, please check PDO setting!
2025-04-18 15:01:09,696 ERROR [default] Error: there is no ErrorCode in TxPDO mapping under this motor type, please check PDO setting!
2025-04-18 15:01:09,696 ERROR [default] Error: there is no ErrorCode in TxPDO mapping under this motor type, please check PDO setting!
2025-04-18 15:01:09,696 ERROR [default] Error: there is no ErrorCode in TxPDO mapping under this motor type, please check PDO setting!
2025-04-18 15:01:09,700 ERROR [default] Error: there is no ErrorCode in TxPDO mapping under this motor type, please check PDO setting!
2025-04-18 15:01:09,700 ERROR [default] Error: there is no ErrorCode in TxPDO mapping under this motor type, please check PDO setting!
2025-04-18 15:01:09,700 ERROR [default] Error: there is no ErrorCode in TxPDO mapping under this motor type, please check PDO setting!
2025-04-18 15:01:09,700 ERROR [default] Error: there is no ErrorCode in TxPDO mapping under this motor type, please check PDO setting!
2025-04-18 15:01:09,700 ERROR [default] Error: there is no ErrorCode in TxPDO mapping under this motor type, please check PDO setting!
2025-04-18 15:01:09,700 ERROR [default] Error: there is no ErrorCode in TxPDO mapping under this motor type, please check PDO setting!
2025-04-18 15:01:09,700 ERROR [default] Error: there is no ErrorCode in TxPDO mapping under this motor type, please check PDO setting!
2025-04-18 15:01:09,700 ERROR [default] Error: there is no ErrorCode in TxPDO mapping under this motor type, please check PDO setting!
2025-04-18 15:01:09,704 ERROR [default] Error: there is no ErrorCode in TxPDO mapping under this motor type, please check PDO setting!
2025-04-18 15:01:09,704 ERROR [default] Error: there is no ErrorCode in TxPDO mapping under this motor type, please check PDO setting!
2025-04-18 15:01:09,704 ERROR [default] Error: there is no ErrorCode in TxPDO mapping under this motor type, please check PDO setting!
2025-04-18 15:01:09,704 ERROR [default] Error: there is no ErrorCode in TxPDO mapping under this motor type, please check PDO setting!
2025-04-18 15:01:09,704 ERROR [default] Error: there is no ErrorCode in TxPDO mapping under this motor type, please check PDO setting!
2025-04-18 15:01:09,704 ERROR [default] Error: there is no ErrorCode in TxPDO mapping under this motor type, please check PDO setting!
2025-04-18 15:01:09,704 ERROR [default] Error: there is no ErrorCode in TxPDO mapping under this motor type, please check PDO setting!
2025-04-18 15:01:09,704 ERROR [default] Error: there is no ErrorCode in TxPDO mapping under this motor type, please check PDO setting!
2025-04-18 15:01:09,708 ERROR [default] Error: there is no ErrorCode in TxPDO mapping under this motor type, please check PDO setting!
2025-04-18 15:01:09,708 ERROR [default] Error: there is no ErrorCode in TxPDO mapping under this motor type, please check PDO setting!
2025-04-18 15:01:09,708 ERROR [default] Error: there is no ErrorCode in TxPDO mapping under this motor type, please check PDO setting!
2025-04-18 15:01:09,708 ERROR [default] Error: there is no ErrorCode in TxPDO mapping under this motor type, please check PDO setting!
2025-04-18 15:01:09,708 ERROR [default] Error: there is no ErrorCode in TxPDO mapping under this motor type, please check PDO setting!
2025-04-18 15:01:09,708 ERROR [default] Error: there is no ErrorCode in TxPDO mapping under this motor type, please check PDO setting!
2025-04-18 15:01:09,708 ERROR [default] Error: there is no ErrorCode in TxPDO mapping under this motor type, please check PDO setting!
2025-04-18 15:01:09,708 ERROR [default] Error: there is no ErrorCode in TxPDO mapping under this motor type, please check PDO setting!
2025-04-18 15:01:09,711 ERROR [default] Error: there is no ErrorCode in TxPDO mapping under this motor type, please check PDO setting!
2025-04-18 15:01:09,711 ERROR [default] Error: there is no ErrorCode in TxPDO mapping under this motor type, please check PDO setting!
2025-04-18 15:01:09,711 ERROR [default] Error: there is no ErrorCode in TxPDO mapping under this motor type, please check PDO setting!
2025-04-18 15:01:09,711 ERROR [default] Error: there is no ErrorCode in TxPDO mapping under this motor type, please check PDO setting!
2025-04-18 15:01:09,712 ERROR [default] Error: there is no ErrorCode in TxPDO mapping under this motor type, please check PDO setting!
2025-04-18 15:01:09,712 ERROR [default] Error: there is no ErrorCode in TxPDO mapping under this motor type, please check PDO setting!
2025-04-18 15:01:09,712 ERROR [default] Error: there is no ErrorCode in TxPDO mapping under this motor type, please check PDO setting!
2025-04-18 15:01:09,712 ERROR [default] Error: there is no ErrorCode in TxPDO mapping under this motor type, please check PDO setting!
2025-04-18 15:01:09,716 ERROR [default] Error: there is no ErrorCode in TxPDO mapping under this motor type, please check PDO setting!
2025-04-18 15:01:09,716 ERROR [default] Error: there is no ErrorCode in TxPDO mapping under this motor type, please check PDO setting!
2025-04-18 15:01:09,716 ERROR [default] Error: there is no ErrorCode in TxPDO mapping under this motor type, please check PDO setting!
2025-04-18 15:01:09,716 ERROR [default] Error: there is no ErrorCode in TxPDO mapping under this motor type, please check PDO setting!
2025-04-18 15:01:09,716 ERROR [default] Error: there is no ErrorCode in TxPDO mapping under this motor type, please check PDO setting!
2025-04-18 15:01:09,716 ERROR [default] Error: there is no ErrorCode in TxPDO mapping under this motor type, please check PDO setting!
2025-04-18 15:01:09,716 ERROR [default] Error: there is no ErrorCode in TxPDO mapping under this motor type, please check PDO setting!
2025-04-18 15:01:09,716 ERROR [default] Error: there is no ErrorCode in TxPDO mapping under this motor type, please check PDO setting!
2025-04-18 15:01:09,720 ERROR [default] Error: there is no ErrorCode in TxPDO mapping under this motor type, please check PDO setting!
2025-04-18 15:01:09,720 ERROR [default] Error: there is no ErrorCode in TxPDO mapping under this motor type, please check PDO setting!
2025-04-18 15:01:09,720 ERROR [default] Error: there is no ErrorCode in TxPDO mapping under this motor type, please check PDO setting!
2025-04-18 15:01:09,720 ERROR [default] Error: there is no ErrorCode in TxPDO mapping under this motor type, please check PDO setting!
2025-04-18 15:01:09,720 ERROR [default] Error: there is no ErrorCode in TxPDO mapping under this motor type, please check PDO setting!
2025-04-18 15:01:09,720 ERROR [default] Error: there is no ErrorCode in TxPDO mapping under this motor type, please check PDO setting!
2025-04-18 15:01:09,720 ERROR [default] Error: there is no ErrorCode in TxPDO mapping under this motor type, please check PDO setting!
2025-04-18 15:01:09,720 ERROR [default] Error: there is no ErrorCode in TxPDO mapping under this motor type, please check PDO setting!
2025-04-18 15:01:09,723 ERROR [default] Error: there is no ErrorCode in TxPDO mapping under this motor type, please check PDO setting!
2025-04-18 15:01:09,724 ERROR [default] Error: there is no ErrorCode in TxPDO mapping under this motor type, please check PDO setting!
2025-04-18 15:01:09,724 ERROR [default] Error: there is no ErrorCode in TxPDO mapping under this motor type, please check PDO setting!
2025-04-18 15:01:09,724 ERROR [default] Error: there is no ErrorCode in TxPDO mapping under this motor type, please check PDO setting!
2025-04-18 15:01:09,724 ERROR [default] Error: there is no ErrorCode in TxPDO mapping under this motor type, please check PDO setting!
2025-04-18 15:01:09,724 ERROR [default] Error: there is no ErrorCode in TxPDO mapping under this motor type, please check PDO setting!
2025-04-18 15:01:09,724 ERROR [default] Error: there is no ErrorCode in TxPDO mapping under this motor type, please check PDO setting!
2025-04-18 15:01:09,724 ERROR [default] Error: there is no ErrorCode in TxPDO mapping under this motor type, please check PDO setting!
2025-04-18 15:01:09,728 ERROR [default] Error: there is no ErrorCode in TxPDO mapping under this motor type, please check PDO setting!
2025-04-18 15:01:09,728 ERROR [default] Error: there is no ErrorCode in TxPDO mapping under this motor type, please check PDO setting!
2025-04-18 15:01:09,728 ERROR [default] Error: there is no ErrorCode in TxPDO mapping under this motor type, please check PDO setting!
2025-04-18 15:01:09,728 ERROR [default] Error: there is no ErrorCode in TxPDO mapping under this motor type, please check PDO setting!
2025-04-18 15:01:09,728 ERROR [default] Error: there is no ErrorCode in TxPDO mapping under this motor type, please check PDO setting!
2025-04-18 15:01:09,728 ERROR [default] Error: there is no ErrorCode in TxPDO mapping under this motor type, please check PDO setting!
2025-04-18 15:01:09,728 ERROR [default] Error: there is no ErrorCode in TxPDO mapping under this motor type, please check PDO setting!
2025-04-18 15:01:09,728 ERROR [default] Error: there is no ErrorCode in TxPDO mapping under this motor type, please check PDO setting!
2025-04-18 15:01:09,732 ERROR [default] Error: there is no ErrorCode in TxPDO mapping under this motor type, please check PDO setting!
2025-04-18 15:01:09,732 ERROR [default] Error: there is no ErrorCode in TxPDO mapping under this motor type, please check PDO setting!
2025-04-18 15:01:09,732 ERROR [default] Error: there is no ErrorCode in TxPDO mapping under this motor type, please check PDO setting!
2025-04-18 15:01:09,732 ERROR [default] Error: there is no ErrorCode in TxPDO mapping under this motor type, please check PDO setting!
2025-04-18 15:01:09,732 ERROR [default] Error: there is no ErrorCode in TxPDO mapping under this motor type, please check PDO setting!
2025-04-18 15:01:09,732 ERROR [default] Error: there is no ErrorCode in TxPDO mapping under this motor type, please check PDO setting!
2025-04-18 15:01:09,732 ERROR [default] Error: there is no ErrorCode in TxPDO mapping under this motor type, please check PDO setting!
2025-04-18 15:01:09,732 ERROR [default] Error: there is no ErrorCode in TxPDO mapping under this motor type, please check PDO setting!
2025-04-18 15:01:09,736 ERROR [default] Error: there is no ErrorCode in TxPDO mapping under this motor type, please check PDO setting!
2025-04-18 15:01:09,736 ERROR [default] Error: there is no ErrorCode in TxPDO mapping under this motor type, please check PDO setting!
2025-04-18 15:01:09,736 ERROR [default] Error: there is no ErrorCode in TxPDO mapping under this motor type, please check PDO setting!
2025-04-18 15:01:09,736 ERROR [default] Error: there is no ErrorCode in TxPDO mapping under this motor type, please check PDO setting!
2025-04-18 15:01:09,736 ERROR [default] Error: there is no ErrorCode in TxPDO mapping under this motor type, please check PDO setting!
2025-04-18 15:01:09,736 ERROR [default] Error: there is no ErrorCode in TxPDO mapping under this motor type, please check PDO setting!
2025-04-18 15:01:09,736 ERROR [default] Error: there is no ErrorCode in TxPDO mapping under this motor type, please check PDO setting!
2025-04-18 15:01:09,736 ERROR [default] Error: there is no ErrorCode in TxPDO mapping under this motor type, please check PDO setting!
2025-04-18 15:01:09,739 ERROR [default] Error: there is no ErrorCode in TxPDO mapping under this motor type, please check PDO setting!
2025-04-18 15:01:09,739 ERROR [default] Error: there is no ErrorCode in TxPDO mapping under this motor type, please check PDO setting!
2025-04-18 15:01:09,740 ERROR [default] Error: there is no ErrorCode in TxPDO mapping under this motor type, please check PDO setting!
2025-04-18 15:01:09,740 ERROR [default] Error: there is no ErrorCode in TxPDO mapping under this motor type, please check PDO setting!
2025-04-18 15:01:09,740 ERROR [default] Error: there is no ErrorCode in TxPDO mapping under this motor type, please check PDO setting!
2025-04-18 15:01:09,740 ERROR [default] Error: there is no ErrorCode in TxPDO mapping under this motor type, please check PDO setting!
2025-04-18 15:01:09,740 ERROR [default] Error: there is no ErrorCode in TxPDO mapping under this motor type, please check PDO setting!
2025-04-18 15:01:09,740 ERROR [default] Error: there is no ErrorCode in TxPDO mapping under this motor type, please check PDO setting!
2025-04-18 15:01:09,744 ERROR [default] Error: there is no ErrorCode in TxPDO mapping under this motor type, please check PDO setting!
2025-04-18 15:01:09,744 ERROR [default] Error: there is no ErrorCode in TxPDO mapping under this motor type, please check PDO setting!
2025-04-18 15:01:09,744 ERROR [default] Error: there is no ErrorCode in TxPDO mapping under this motor type, please check PDO setting!
2025-04-18 15:01:09,744 ERROR [default] Error: there is no ErrorCode in TxPDO mapping under this motor type, please check PDO setting!
2025-04-18 15:01:09,744 ERROR [default] Error: there is no ErrorCode in TxPDO mapping under this motor type, please check PDO setting!
2025-04-18 15:01:09,744 ERROR [default] Error: there is no ErrorCode in TxPDO mapping under this motor type, please check PDO setting!
2025-04-18 15:01:09,744 ERROR [default] Error: there is no ErrorCode in TxPDO mapping under this motor type, please check PDO setting!
2025-04-18 15:01:09,744 ERROR [default] Error: there is no ErrorCode in TxPDO mapping under this motor type, please check PDO setting!
2025-04-18 15:01:09,748 ERROR [default] Error: there is no ErrorCode in TxPDO mapping under this motor type, please check PDO setting!
2025-04-18 15:01:09,748 ERROR [default] Error: there is no ErrorCode in TxPDO mapping under this motor type, please check PDO setting!
2025-04-18 15:01:09,748 ERROR [default] Error: there is no ErrorCode in TxPDO mapping under this motor type, please check PDO setting!
2025-04-18 15:01:09,748 ERROR [default] Error: there is no ErrorCode in TxPDO mapping under this motor type, please check PDO setting!
2025-04-18 15:01:09,748 ERROR [default] Error: there is no ErrorCode in TxPDO mapping under this motor type, please check PDO setting!
2025-04-18 15:01:09,748 ERROR [default] Error: there is no ErrorCode in TxPDO mapping under this motor type, please check PDO setting!
2025-04-18 15:01:09,748 ERROR [default] Error: there is no ErrorCode in TxPDO mapping under this motor type, please check PDO setting!
2025-04-18 15:01:09,748 ERROR [default] Error: there is no ErrorCode in TxPDO mapping under this motor type, please check PDO setting!
2025-04-18 15:01:09,752 ERROR [default] Error: there is no ErrorCode in TxPDO mapping under this motor type, please check PDO setting!
2025-04-18 15:01:09,752 ERROR [default] Error: there is no ErrorCode in TxPDO mapping under this motor type, please check PDO setting!
2025-04-18 15:01:09,752 ERROR [default] Error: there is no ErrorCode in TxPDO mapping under this motor type, please check PDO setting!
2025-04-18 15:01:09,752 ERROR [default] Error: there is no ErrorCode in TxPDO mapping under this motor type, please check PDO setting!
2025-04-18 15:01:09,752 ERROR [default] Error: there is no ErrorCode in TxPDO mapping under this motor type, please check PDO setting!
2025-04-18 15:01:09,752 ERROR [default] Error: there is no ErrorCode in TxPDO mapping under this motor type, please check PDO setting!
2025-04-18 15:01:09,752 ERROR [default] Error: there is no ErrorCode in TxPDO mapping under this motor type, please check PDO setting!
2025-04-18 15:01:09,752 ERROR [default] Error: there is no ErrorCode in TxPDO mapping under this motor type, please check PDO setting!
2025-04-18 15:01:09,756 ERROR [default] Error: there is no ErrorCode in TxPDO mapping under this motor type, please check PDO setting!
2025-04-18 15:01:09,756 ERROR [default] Error: there is no ErrorCode in TxPDO mapping under this motor type, please check PDO setting!
2025-04-18 15:01:09,756 ERROR [default] Error: there is no ErrorCode in TxPDO mapping under this motor type, please check PDO setting!
2025-04-18 15:01:09,756 ERROR [default] Error: there is no ErrorCode in TxPDO mapping under this motor type, please check PDO setting!
2025-04-18 15:01:09,756 ERROR [default] Error: there is no ErrorCode in TxPDO mapping under this motor type, please check PDO setting!
2025-04-18 15:01:09,756 ERROR [default] Error: there is no ErrorCode in TxPDO mapping under this motor type, please check PDO setting!
2025-04-18 15:01:09,756 ERROR [default] Error: there is no ErrorCode in TxPDO mapping under this motor type, please check PDO setting!
2025-04-18 15:01:09,756 ERROR [default] Error: there is no ErrorCode in TxPDO mapping under this motor type, please check PDO setting!
2025-04-18 15:01:09,759 ERROR [default] Error: there is no ErrorCode in TxPDO mapping under this motor type, please check PDO setting!
2025-04-18 15:01:09,759 ERROR [default] Error: there is no ErrorCode in TxPDO mapping under this motor type, please check PDO setting!
2025-04-18 15:01:09,759 ERROR [default] Error: there is no ErrorCode in TxPDO mapping under this motor type, please check PDO setting!
2025-04-18 15:01:09,759 ERROR [default] Error: there is no ErrorCode in TxPDO mapping under this motor type, please check PDO setting!
2025-04-18 15:01:09,760 ERROR [default] Error: there is no ErrorCode in TxPDO mapping under this motor type, please check PDO setting!
2025-04-18 15:01:09,760 ERROR [default] Error: there is no ErrorCode in TxPDO mapping under this motor type, please check PDO setting!
2025-04-18 15:01:09,760 ERROR [default] Error: there is no ErrorCode in TxPDO mapping under this motor type, please check PDO setting!
2025-04-18 15:01:09,760 ERROR [default] Error: there is no ErrorCode in TxPDO mapping under this motor type, please check PDO setting!
2025-04-18 15:01:09,764 ERROR [default] Error: there is no ErrorCode in TxPDO mapping under this motor type, please check PDO setting!
2025-04-18 15:01:09,764 ERROR [default] Error: there is no ErrorCode in TxPDO mapping under this motor type, please check PDO setting!
2025-04-18 15:01:09,764 ERROR [default] Error: there is no ErrorCode in TxPDO mapping under this motor type, please check PDO setting!
2025-04-18 15:01:09,764 ERROR [default] Error: there is no ErrorCode in TxPDO mapping under this motor type, please check PDO setting!
2025-04-18 15:01:09,764 ERROR [default] Error: there is no ErrorCode in TxPDO mapping under this motor type, please check PDO setting!
2025-04-18 15:01:09,764 ERROR [default] Error: there is no ErrorCode in TxPDO mapping under this motor type, please check PDO setting!
2025-04-18 15:01:09,764 ERROR [default] Error: there is no ErrorCode in TxPDO mapping under this motor type, please check PDO setting!
2025-04-18 15:01:09,764 ERROR [default] Error: there is no ErrorCode in TxPDO mapping under this motor type, please check PDO setting!
2025-04-18 15:01:09,768 ERROR [default] Error: there is no ErrorCode in TxPDO mapping under this motor type, please check PDO setting!
2025-04-18 15:01:09,768 ERROR [default] Error: there is no ErrorCode in TxPDO mapping under this motor type, please check PDO setting!
2025-04-18 15:01:09,768 ERROR [default] Error: there is no ErrorCode in TxPDO mapping under this motor type, please check PDO setting!
2025-04-18 15:01:09,768 ERROR [default] Error: there is no ErrorCode in TxPDO mapping under this motor type, please check PDO setting!
2025-04-18 15:01:09,768 ERROR [default] Error: there is no ErrorCode in TxPDO mapping under this motor type, please check PDO setting!
2025-04-18 15:01:09,768 ERROR [default] Error: there is no ErrorCode in TxPDO mapping under this motor type, please check PDO setting!
2025-04-18 15:01:09,768 ERROR [default] Error: there is no ErrorCode in TxPDO mapping under this motor type, please check PDO setting!
2025-04-18 15:01:09,768 ERROR [default] Error: there is no ErrorCode in TxPDO mapping under this motor type, please check PDO setting!
2025-04-18 15:01:09,772 ERROR [default] Error: there is no ErrorCode in TxPDO mapping under this motor type, please check PDO setting!
2025-04-18 15:01:09,772 ERROR [default] Error: there is no ErrorCode in TxPDO mapping under this motor type, please check PDO setting!
2025-04-18 15:01:09,772 ERROR [default] Error: there is no ErrorCode in TxPDO mapping under this motor type, please check PDO setting!
2025-04-18 15:01:09,772 ERROR [default] Error: there is no ErrorCode in TxPDO mapping under this motor type, please check PDO setting!
2025-04-18 15:01:09,772 ERROR [default] Error: there is no ErrorCode in TxPDO mapping under this motor type, please check PDO setting!
2025-04-18 15:01:09,772 ERROR [default] Error: there is no ErrorCode in TxPDO mapping under this motor type, please check PDO setting!
2025-04-18 15:01:09,772 ERROR [default] Error: there is no ErrorCode in TxPDO mapping under this motor type, please check PDO setting!
2025-04-18 15:01:09,772 ERROR [default] Error: there is no ErrorCode in TxPDO mapping under this motor type, please check PDO setting!
2025-04-18 15:01:09,775 ERROR [default] Error: there is no ErrorCode in TxPDO mapping under this motor type, please check PDO setting!
2025-04-18 15:01:09,775 ERROR [default] Error: there is no ErrorCode in TxPDO mapping under this motor type, please check PDO setting!
2025-04-18 15:01:09,775 ERROR [default] Error: there is no ErrorCode in TxPDO mapping under this motor type, please check PDO setting!
2025-04-18 15:01:09,775 ERROR [default] Error: there is no ErrorCode in TxPDO mapping under this motor type, please check PDO setting!
2025-04-18 15:01:09,776 ERROR [default] Error: there is no ErrorCode in TxPDO mapping under this motor type, please check PDO setting!
2025-04-18 15:01:09,776 ERROR [default] Error: there is no ErrorCode in TxPDO mapping under this motor type, please check PDO setting!
2025-04-18 15:01:09,776 ERROR [default] Error: there is no ErrorCode in TxPDO mapping under this motor type, please check PDO setting!
2025-04-18 15:01:09,776 ERROR [default] Error: there is no ErrorCode in TxPDO mapping under this motor type, please check PDO setting!
2025-04-18 15:01:09,780 ERROR [default] Error: there is no ErrorCode in TxPDO mapping under this motor type, please check PDO setting!
2025-04-18 15:01:09,780 ERROR [default] Error: there is no ErrorCode in TxPDO mapping under this motor type, please check PDO setting!
2025-04-18 15:01:09,780 ERROR [default] Error: there is no ErrorCode in TxPDO mapping under this motor type, please check PDO setting!
2025-04-18 15:01:09,780 ERROR [default] Error: there is no ErrorCode in TxPDO mapping under this motor type, please check PDO setting!
2025-04-18 15:01:09,780 ERROR [default] Error: there is no ErrorCode in TxPDO mapping under this motor type, please check PDO setting!
2025-04-18 15:01:09,780 ERROR [default] Error: there is no ErrorCode in TxPDO mapping under this motor type, please check PDO setting!
2025-04-18 15:01:09,780 ERROR [default] Error: there is no ErrorCode in TxPDO mapping under this motor type, please check PDO setting!
2025-04-18 15:01:09,780 ERROR [default] Error: there is no ErrorCode in TxPDO mapping under this motor type, please check PDO setting!
2025-04-18 15:01:09,784 ERROR [default] Error: there is no ErrorCode in TxPDO mapping under this motor type, please check PDO setting!
2025-04-18 15:01:09,784 ERROR [default] Error: there is no ErrorCode in TxPDO mapping under this motor type, please check PDO setting!
2025-04-18 15:01:09,784 ERROR [default] Error: there is no ErrorCode in TxPDO mapping under this motor type, please check PDO setting!
2025-04-18 15:01:09,784 ERROR [default] Error: there is no ErrorCode in TxPDO mapping under this motor type, please check PDO setting!
2025-04-18 15:01:09,784 ERROR [default] Error: there is no ErrorCode in TxPDO mapping under this motor type, please check PDO setting!
2025-04-18 15:01:09,784 ERROR [default] Error: there is no ErrorCode in TxPDO mapping under this motor type, please check PDO setting!
2025-04-18 15:01:09,784 ERROR [default] Error: there is no ErrorCode in TxPDO mapping under this motor type, please check PDO setting!
2025-04-18 15:01:09,784 ERROR [default] Error: there is no ErrorCode in TxPDO mapping under this motor type, please check PDO setting!
2025-04-18 15:01:09,788 ERROR [default] Error: there is no ErrorCode in TxPDO mapping under this motor type, please check PDO setting!
2025-04-18 15:01:09,788 ERROR [default] Error: there is no ErrorCode in TxPDO mapping under this motor type, please check PDO setting!
2025-04-18 15:01:09,788 ERROR [default] Error: there is no ErrorCode in TxPDO mapping under this motor type, please check PDO setting!
2025-04-18 15:01:09,788 ERROR [default] Error: there is no ErrorCode in TxPDO mapping under this motor type, please check PDO setting!
2025-04-18 15:01:09,788 ERROR [default] Error: there is no ErrorCode in TxPDO mapping under this motor type, please check PDO setting!
2025-04-18 15:01:09,788 ERROR [default] Error: there is no ErrorCode in TxPDO mapping under this motor type, please check PDO setting!
2025-04-18 15:01:09,788 ERROR [default] Error: there is no ErrorCode in TxPDO mapping under this motor type, please check PDO setting!
2025-04-18 15:01:09,788 ERROR [default] Error: there is no ErrorCode in TxPDO mapping under this motor type, please check PDO setting!
2025-04-18 15:01:09,791 ERROR [default] Error: there is no ErrorCode in TxPDO mapping under this motor type, please check PDO setting!
2025-04-18 15:01:09,791 ERROR [default] Error: there is no ErrorCode in TxPDO mapping under this motor type, please check PDO setting!
2025-04-18 15:01:09,791 ERROR [default] Error: there is no ErrorCode in TxPDO mapping under this motor type, please check PDO setting!
2025-04-18 15:01:09,791 ERROR [default] Error: there is no ErrorCode in TxPDO mapping under this motor type, please check PDO setting!
2025-04-18 15:01:09,792 ERROR [default] Error: there is no ErrorCode in TxPDO mapping under this motor type, please check PDO setting!
2025-04-18 15:01:09,792 ERROR [default] Error: there is no ErrorCode in TxPDO mapping under this motor type, please check PDO setting!
2025-04-18 15:01:09,792 ERROR [default] Error: there is no ErrorCode in TxPDO mapping under this motor type, please check PDO setting!
2025-04-18 15:01:09,792 ERROR [default] Error: there is no ErrorCode in TxPDO mapping under this motor type, please check PDO setting!
2025-04-18 15:01:09,796 ERROR [default] Error: there is no ErrorCode in TxPDO mapping under this motor type, please check PDO setting!
2025-04-18 15:01:09,796 ERROR [default] Error: there is no ErrorCode in TxPDO mapping under this motor type, please check PDO setting!
2025-04-18 15:01:09,796 ERROR [default] Error: there is no ErrorCode in TxPDO mapping under this motor type, please check PDO setting!
2025-04-18 15:01:09,796 ERROR [default] Error: there is no ErrorCode in TxPDO mapping under this motor type, please check PDO setting!
2025-04-18 15:01:09,796 ERROR [default] Error: there is no ErrorCode in TxPDO mapping under this motor type, please check PDO setting!
2025-04-18 15:01:09,796 ERROR [default] Error: there is no ErrorCode in TxPDO mapping under this motor type, please check PDO setting!
2025-04-18 15:01:09,796 ERROR [default] Error: there is no ErrorCode in TxPDO mapping under this motor type, please check PDO setting!
2025-04-18 15:01:09,796 ERROR [default] Error: there is no ErrorCode in TxPDO mapping under this motor type, please check PDO setting!
2025-04-18 15:01:09,800 ERROR [default] Error: there is no ErrorCode in TxPDO mapping under this motor type, please check PDO setting!
2025-04-18 15:01:09,800 ERROR [default] Error: there is no ErrorCode in TxPDO mapping under this motor type, please check PDO setting!
2025-04-18 15:01:09,800 ERROR [default] Error: there is no ErrorCode in TxPDO mapping under this motor type, please check PDO setting!
2025-04-18 15:01:09,800 ERROR [default] Error: there is no ErrorCode in TxPDO mapping under this motor type, please check PDO setting!
2025-04-18 15:01:09,800 ERROR [default] Error: there is no ErrorCode in TxPDO mapping under this motor type, please check PDO setting!
2025-04-18 15:01:09,800 ERROR [default] Error: there is no ErrorCode in TxPDO mapping under this motor type, please check PDO setting!
2025-04-18 15:01:09,800 ERROR [default] Error: there is no ErrorCode in TxPDO mapping under this motor type, please check PDO setting!
2025-04-18 15:01:09,800 ERROR [default] Error: there is no ErrorCode in TxPDO mapping under this motor type, please check PDO setting!
2025-04-18 15:01:09,803 ERROR [default] Error: there is no ErrorCode in TxPDO mapping under this motor type, please check PDO setting!
2025-04-18 15:01:09,804 ERROR [default] Error: there is no ErrorCode in TxPDO mapping under this motor type, please check PDO setting!
2025-04-18 15:01:09,804 ERROR [default] Error: there is no ErrorCode in TxPDO mapping under this motor type, please check PDO setting!
2025-04-18 15:01:09,804 ERROR [default] Error: there is no ErrorCode in TxPDO mapping under this motor type, please check PDO setting!
2025-04-18 15:01:09,804 ERROR [default] Error: there is no ErrorCode in TxPDO mapping under this motor type, please check PDO setting!
2025-04-18 15:01:09,804 ERROR [default] Error: there is no ErrorCode in TxPDO mapping under this motor type, please check PDO setting!
2025-04-18 15:01:09,804 ERROR [default] Error: there is no ErrorCode in TxPDO mapping under this motor type, please check PDO setting!
2025-04-18 15:01:09,804 ERROR [default] Error: there is no ErrorCode in TxPDO mapping under this motor type, please check PDO setting!
2025-04-18 15:01:09,808 ERROR [default] Error: there is no ErrorCode in TxPDO mapping under this motor type, please check PDO setting!
2025-04-18 15:01:09,808 ERROR [default] Error: there is no ErrorCode in TxPDO mapping under this motor type, please check PDO setting!
2025-04-18 15:01:09,808 ERROR [default] Error: there is no ErrorCode in TxPDO mapping under this motor type, please check PDO setting!
2025-04-18 15:01:09,808 ERROR [default] Error: there is no ErrorCode in TxPDO mapping under this motor type, please check PDO setting!
2025-04-18 15:01:09,808 ERROR [default] Error: there is no ErrorCode in TxPDO mapping under this motor type, please check PDO setting!
2025-04-18 15:01:09,808 ERROR [default] Error: there is no ErrorCode in TxPDO mapping under this motor type, please check PDO setting!
2025-04-18 15:01:09,808 ERROR [default] Error: there is no ErrorCode in TxPDO mapping under this motor type, please check PDO setting!
2025-04-18 15:01:09,808 ERROR [default] Error: there is no ErrorCode in TxPDO mapping under this motor type, please check PDO setting!
2025-04-18 15:01:09,812 ERROR [default] Error: there is no ErrorCode in TxPDO mapping under this motor type, please check PDO setting!
2025-04-18 15:01:09,812 ERROR [default] Error: there is no ErrorCode in TxPDO mapping under this motor type, please check PDO setting!
2025-04-18 15:01:09,812 ERROR [default] Error: there is no ErrorCode in TxPDO mapping under this motor type, please check PDO setting!
2025-04-18 15:01:09,812 ERROR [default] Error: there is no ErrorCode in TxPDO mapping under this motor type, please check PDO setting!
2025-04-18 15:01:09,812 ERROR [default] Error: there is no ErrorCode in TxPDO mapping under this motor type, please check PDO setting!
2025-04-18 15:01:09,812 ERROR [default] Error: there is no ErrorCode in TxPDO mapping under this motor type, please check PDO setting!
2025-04-18 15:01:09,812 ERROR [default] Error: there is no ErrorCode in TxPDO mapping under this motor type, please check PDO setting!
2025-04-18 15:01:09,812 ERROR [default] Error: there is no ErrorCode in TxPDO mapping under this motor type, please check PDO setting!
2025-04-18 15:01:09,815 ERROR [default] Error: there is no ErrorCode in TxPDO mapping under this motor type, please check PDO setting!
2025-04-18 15:01:09,815 ERROR [default] Error: there is no ErrorCode in TxPDO mapping under this motor type, please check PDO setting!
2025-04-18 15:01:09,815 ERROR [default] Error: there is no ErrorCode in TxPDO mapping under this motor type, please check PDO setting!
2025-04-18 15:01:09,815 ERROR [default] Error: there is no ErrorCode in TxPDO mapping under this motor type, please check PDO setting!
2025-04-18 15:01:09,815 ERROR [default] Error: there is no ErrorCode in TxPDO mapping under this motor type, please check PDO setting!
2025-04-18 15:01:09,816 ERROR [default] Error: there is no ErrorCode in TxPDO mapping under this motor type, please check PDO setting!
2025-04-18 15:01:09,816 ERROR [default] Error: there is no ErrorCode in TxPDO mapping under this motor type, please check PDO setting!
2025-04-18 15:01:09,816 ERROR [default] Error: there is no ErrorCode in TxPDO mapping under this motor type, please check PDO setting!
2025-04-18 15:01:09,819 ERROR [default] Error: there is no ErrorCode in TxPDO mapping under this motor type, please check PDO setting!
2025-04-18 15:01:09,820 ERROR [default] Error: there is no ErrorCode in TxPDO mapping under this motor type, please check PDO setting!
2025-04-18 15:01:09,820 ERROR [default] Error: there is no ErrorCode in TxPDO mapping under this motor type, please check PDO setting!
2025-04-18 15:01:09,820 ERROR [default] Error: there is no ErrorCode in TxPDO mapping under this motor type, please check PDO setting!
2025-04-18 15:01:09,820 ERROR [default] Error: there is no ErrorCode in TxPDO mapping under this motor type, please check PDO setting!
2025-04-18 15:01:09,820 ERROR [default] Error: there is no ErrorCode in TxPDO mapping under this motor type, please check PDO setting!
2025-04-18 15:01:09,820 ERROR [default] Error: there is no ErrorCode in TxPDO mapping under this motor type, please check PDO setting!
2025-04-18 15:01:09,820 ERROR [default] Error: there is no ErrorCode in TxPDO mapping under this motor type, please check PDO setting!
2025-04-18 15:01:09,824 ERROR [default] Error: there is no ErrorCode in TxPDO mapping under this motor type, please check PDO setting!
2025-04-18 15:01:09,824 ERROR [default] Error: there is no ErrorCode in TxPDO mapping under this motor type, please check PDO setting!
2025-04-18 15:01:09,824 ERROR [default] Error: there is no ErrorCode in TxPDO mapping under this motor type, please check PDO setting!
2025-04-18 15:01:09,824 ERROR [default] Error: there is no ErrorCode in TxPDO mapping under this motor type, please check PDO setting!
2025-04-18 15:01:09,824 ERROR [default] Error: there is no ErrorCode in TxPDO mapping under this motor type, please check PDO setting!
2025-04-18 15:01:09,824 ERROR [default] Error: there is no ErrorCode in TxPDO mapping under this motor type, please check PDO setting!
2025-04-18 15:01:09,824 ERROR [default] Error: there is no ErrorCode in TxPDO mapping under this motor type, please check PDO setting!
2025-04-18 15:01:09,824 ERROR [default] Error: there is no ErrorCode in TxPDO mapping under this motor type, please check PDO setting!
2025-04-18 15:01:09,828 ERROR [default] Error: there is no ErrorCode in TxPDO mapping under this motor type, please check PDO setting!
2025-04-18 15:01:09,828 ERROR [default] Error: there is no ErrorCode in TxPDO mapping under this motor type, please check PDO setting!
2025-04-18 15:01:09,828 ERROR [default] Error: there is no ErrorCode in TxPDO mapping under this motor type, please check PDO setting!
2025-04-18 15:01:09,828 ERROR [default] Error: there is no ErrorCode in TxPDO mapping under this motor type, please check PDO setting!
2025-04-18 15:01:09,828 ERROR [default] Error: there is no ErrorCode in TxPDO mapping under this motor type, please check PDO setting!
2025-04-18 15:01:09,828 ERROR [default] Error: there is no ErrorCode in TxPDO mapping under this motor type, please check PDO setting!
2025-04-18 15:01:09,828 ERROR [default] Error: there is no ErrorCode in TxPDO mapping under this motor type, please check PDO setting!
2025-04-18 15:01:09,828 ERROR [default] Error: there is no ErrorCode in TxPDO mapping under this motor type, please check PDO setting!
2025-04-18 15:01:09,832 ERROR [default] Error: there is no ErrorCode in TxPDO mapping under this motor type, please check PDO setting!
2025-04-18 15:01:09,832 ERROR [default] Error: there is no ErrorCode in TxPDO mapping under this motor type, please check PDO setting!
2025-04-18 15:01:09,832 ERROR [default] Error: there is no ErrorCode in TxPDO mapping under this motor type, please check PDO setting!
2025-04-18 15:01:09,832 ERROR [default] Error: there is no ErrorCode in TxPDO mapping under this motor type, please check PDO setting!
2025-04-18 15:01:09,832 ERROR [default] Error: there is no ErrorCode in TxPDO mapping under this motor type, please check PDO setting!
2025-04-18 15:01:09,832 ERROR [default] Error: there is no ErrorCode in TxPDO mapping under this motor type, please check PDO setting!
2025-04-18 15:01:09,832 ERROR [default] Error: there is no ErrorCode in TxPDO mapping under this motor type, please check PDO setting!
2025-04-18 15:01:09,832 ERROR [default] Error: there is no ErrorCode in TxPDO mapping under this motor type, please check PDO setting!
2025-04-18 15:01:09,836 ERROR [default] Error: there is no ErrorCode in TxPDO mapping under this motor type, please check PDO setting!
2025-04-18 15:01:09,836 ERROR [default] Error: there is no ErrorCode in TxPDO mapping under this motor type, please check PDO setting!
2025-04-18 15:01:09,836 ERROR [default] Error: there is no ErrorCode in TxPDO mapping under this motor type, please check PDO setting!
2025-04-18 15:01:09,836 ERROR [default] Error: there is no ErrorCode in TxPDO mapping under this motor type, please check PDO setting!
2025-04-18 15:01:09,836 ERROR [default] Error: there is no ErrorCode in TxPDO mapping under this motor type, please check PDO setting!
2025-04-18 15:01:09,836 ERROR [default] Error: there is no ErrorCode in TxPDO mapping under this motor type, please check PDO setting!
2025-04-18 15:01:09,836 ERROR [default] Error: there is no ErrorCode in TxPDO mapping under this motor type, please check PDO setting!
2025-04-18 15:01:09,836 ERROR [default] Error: there is no ErrorCode in TxPDO mapping under this motor type, please check PDO setting!
2025-04-18 15:01:09,840 ERROR [default] Error: there is no ErrorCode in TxPDO mapping under this motor type, please check PDO setting!
2025-04-18 15:01:09,840 ERROR [default] Error: there is no ErrorCode in TxPDO mapping under this motor type, please check PDO setting!
2025-04-18 15:01:09,840 ERROR [default] Error: there is no ErrorCode in TxPDO mapping under this motor type, please check PDO setting!
2025-04-18 15:01:09,840 ERROR [default] Error: there is no ErrorCode in TxPDO mapping under this motor type, please check PDO setting!
2025-04-18 15:01:09,840 ERROR [default] Error: there is no ErrorCode in TxPDO mapping under this motor type, please check PDO setting!
2025-04-18 15:01:09,840 ERROR [default] Error: there is no ErrorCode in TxPDO mapping under this motor type, please check PDO setting!
2025-04-18 15:01:09,840 ERROR [default] Error: there is no ErrorCode in TxPDO mapping under this motor type, please check PDO setting!
2025-04-18 15:01:09,840 ERROR [default] Error: there is no ErrorCode in TxPDO mapping under this motor type, please check PDO setting!
2025-04-18 15:01:09,844 ERROR [default] Error: there is no ErrorCode in TxPDO mapping under this motor type, please check PDO setting!
2025-04-18 15:01:09,844 ERROR [default] Error: there is no ErrorCode in TxPDO mapping under this motor type, please check PDO setting!
2025-04-18 15:01:09,844 ERROR [default] Error: there is no ErrorCode in TxPDO mapping under this motor type, please check PDO setting!
2025-04-18 15:01:09,844 ERROR [default] Error: there is no ErrorCode in TxPDO mapping under this motor type, please check PDO setting!
2025-04-18 15:01:09,844 ERROR [default] Error: there is no ErrorCode in TxPDO mapping under this motor type, please check PDO setting!
2025-04-18 15:01:09,844 ERROR [default] Error: there is no ErrorCode in TxPDO mapping under this motor type, please check PDO setting!
2025-04-18 15:01:09,844 ERROR [default] Error: there is no ErrorCode in TxPDO mapping under this motor type, please check PDO setting!
2025-04-18 15:01:09,844 ERROR [default] Error: there is no ErrorCode in TxPDO mapping under this motor type, please check PDO setting!
2025-04-18 15:01:09,847 ERROR [default] Error: there is no ErrorCode in TxPDO mapping under this motor type, please check PDO setting!
2025-04-18 15:01:09,847 ERROR [default] Error: there is no ErrorCode in TxPDO mapping under this motor type, please check PDO setting!
2025-04-18 15:01:09,847 ERROR [default] Error: there is no ErrorCode in TxPDO mapping under this motor type, please check PDO setting!
2025-04-18 15:01:09,847 ERROR [default] Error: there is no ErrorCode in TxPDO mapping under this motor type, please check PDO setting!
2025-04-18 15:01:09,848 ERROR [default] Error: there is no ErrorCode in TxPDO mapping under this motor type, please check PDO setting!
2025-04-18 15:01:09,848 ERROR [default] Error: there is no ErrorCode in TxPDO mapping under this motor type, please check PDO setting!
2025-04-18 15:01:09,848 ERROR [default] Error: there is no ErrorCode in TxPDO mapping under this motor type, please check PDO setting!
2025-04-18 15:01:09,848 ERROR [default] Error: there is no ErrorCode in TxPDO mapping under this motor type, please check PDO setting!
2025-04-18 15:01:09,851 ERROR [default] Error: there is no ErrorCode in TxPDO mapping under this motor type, please check PDO setting!
2025-04-18 15:01:09,852 ERROR [default] Error: there is no ErrorCode in TxPDO mapping under this motor type, please check PDO setting!
2025-04-18 15:01:09,852 ERROR [default] Error: there is no ErrorCode in TxPDO mapping under this motor type, please check PDO setting!
2025-04-18 15:01:09,852 ERROR [default] Error: there is no ErrorCode in TxPDO mapping under this motor type, please check PDO setting!
2025-04-18 15:01:09,852 ERROR [default] Error: there is no ErrorCode in TxPDO mapping under this motor type, please check PDO setting!
2025-04-18 15:01:09,852 ERROR [default] Error: there is no ErrorCode in TxPDO mapping under this motor type, please check PDO setting!
2025-04-18 15:01:09,852 ERROR [default] Error: there is no ErrorCode in TxPDO mapping under this motor type, please check PDO setting!
2025-04-18 15:01:09,852 ERROR [default] Error: there is no ErrorCode in TxPDO mapping under this motor type, please check PDO setting!
2025-04-18 15:01:09,855 ERROR [default] Error: there is no ErrorCode in TxPDO mapping under this motor type, please check PDO setting!
2025-04-18 15:01:09,855 ERROR [default] Error: there is no ErrorCode in TxPDO mapping under this motor type, please check PDO setting!
2025-04-18 15:01:09,855 ERROR [default] Error: there is no ErrorCode in TxPDO mapping under this motor type, please check PDO setting!
2025-04-18 15:01:09,855 ERROR [default] Error: there is no ErrorCode in TxPDO mapping under this motor type, please check PDO setting!
2025-04-18 15:01:09,855 ERROR [default] Error: there is no ErrorCode in TxPDO mapping under this motor type, please check PDO setting!
2025-04-18 15:01:09,855 ERROR [default] Error: there is no ErrorCode in TxPDO mapping under this motor type, please check PDO setting!
2025-04-18 15:01:09,855 ERROR [default] Error: there is no ErrorCode in TxPDO mapping under this motor type, please check PDO setting!
2025-04-18 15:01:09,856 ERROR [default] Error: there is no ErrorCode in TxPDO mapping under this motor type, please check PDO setting!
2025-04-18 15:01:09,859 ERROR [default] Error: there is no ErrorCode in TxPDO mapping under this motor type, please check PDO setting!
2025-04-18 15:01:09,859 ERROR [default] Error: there is no ErrorCode in TxPDO mapping under this motor type, please check PDO setting!
2025-04-18 15:01:09,859 ERROR [default] Error: there is no ErrorCode in TxPDO mapping under this motor type, please check PDO setting!
2025-04-18 15:01:09,859 ERROR [default] Error: there is no ErrorCode in TxPDO mapping under this motor type, please check PDO setting!
2025-04-18 15:01:09,860 ERROR [default] Error: there is no ErrorCode in TxPDO mapping under this motor type, please check PDO setting!
2025-04-18 15:01:09,860 ERROR [default] Error: there is no ErrorCode in TxPDO mapping under this motor type, please check PDO setting!
2025-04-18 15:01:09,860 ERROR [default] Error: there is no ErrorCode in TxPDO mapping under this motor type, please check PDO setting!
2025-04-18 15:01:09,860 ERROR [default] Error: there is no ErrorCode in TxPDO mapping under this motor type, please check PDO setting!
2025-04-18 15:01:09,863 ERROR [default] Error: there is no ErrorCode in TxPDO mapping under this motor type, please check PDO setting!
2025-04-18 15:01:09,864 ERROR [default] Error: there is no ErrorCode in TxPDO mapping under this motor type, please check PDO setting!
2025-04-18 15:01:09,864 ERROR [default] Error: there is no ErrorCode in TxPDO mapping under this motor type, please check PDO setting!
2025-04-18 15:01:09,864 ERROR [default] Error: there is no ErrorCode in TxPDO mapping under this motor type, please check PDO setting!
2025-04-18 15:01:09,864 ERROR [default] Error: there is no ErrorCode in TxPDO mapping under this motor type, please check PDO setting!
2025-04-18 15:01:09,864 ERROR [default] Error: there is no ErrorCode in TxPDO mapping under this motor type, please check PDO setting!
2025-04-18 15:01:09,864 ERROR [default] Error: there is no ErrorCode in TxPDO mapping under this motor type, please check PDO setting!
2025-04-18 15:01:09,864 ERROR [default] Error: there is no ErrorCode in TxPDO mapping under this motor type, please check PDO setting!
2025-04-18 15:01:09,867 ERROR [default] Error: there is no ErrorCode in TxPDO mapping under this motor type, please check PDO setting!
2025-04-18 15:01:09,867 ERROR [default] Error: there is no ErrorCode in TxPDO mapping under this motor type, please check PDO setting!
2025-04-18 15:01:09,867 ERROR [default] Error: there is no ErrorCode in TxPDO mapping under this motor type, please check PDO setting!
2025-04-18 15:01:09,867 ERROR [default] Error: there is no ErrorCode in TxPDO mapping under this motor type, please check PDO setting!
2025-04-18 15:01:09,867 ERROR [default] Error: there is no ErrorCode in TxPDO mapping under this motor type, please check PDO setting!
2025-04-18 15:01:09,867 ERROR [default] Error: there is no ErrorCode in TxPDO mapping under this motor type, please check PDO setting!
2025-04-18 15:01:09,868 ERROR [default] Error: there is no ErrorCode in TxPDO mapping under this motor type, please check PDO setting!
2025-04-18 15:01:09,868 ERROR [default] Error: there is no ErrorCode in TxPDO mapping under this motor type, please check PDO setting!
2025-04-18 15:01:09,872 ERROR [default] Error: there is no ErrorCode in TxPDO mapping under this motor type, please check PDO setting!
2025-04-18 15:01:09,872 ERROR [default] Error: there is no ErrorCode in TxPDO mapping under this motor type, please check PDO setting!
2025-04-18 15:01:09,872 ERROR [default] Error: there is no ErrorCode in TxPDO mapping under this motor type, please check PDO setting!
2025-04-18 15:01:09,872 ERROR [default] Error: there is no ErrorCode in TxPDO mapping under this motor type, please check PDO setting!
2025-04-18 15:01:09,872 ERROR [default] Error: there is no ErrorCode in TxPDO mapping under this motor type, please check PDO setting!
2025-04-18 15:01:09,872 ERROR [default] Error: there is no ErrorCode in TxPDO mapping under this motor type, please check PDO setting!
2025-04-18 15:01:09,872 ERROR [default] Error: there is no ErrorCode in TxPDO mapping under this motor type, please check PDO setting!
2025-04-18 15:01:09,872 ERROR [default] Error: there is no ErrorCode in TxPDO mapping under this motor type, please check PDO setting!
2025-04-18 15:01:09,876 ERROR [default] Error: there is no ErrorCode in TxPDO mapping under this motor type, please check PDO setting!
2025-04-18 15:01:09,876 ERROR [default] Error: there is no ErrorCode in TxPDO mapping under this motor type, please check PDO setting!
2025-04-18 15:01:09,876 ERROR [default] Error: there is no ErrorCode in TxPDO mapping under this motor type, please check PDO setting!
2025-04-18 15:01:09,876 ERROR [default] Error: there is no ErrorCode in TxPDO mapping under this motor type, please check PDO setting!
2025-04-18 15:01:09,876 ERROR [default] Error: there is no ErrorCode in TxPDO mapping under this motor type, please check PDO setting!
2025-04-18 15:01:09,876 ERROR [default] Error: there is no ErrorCode in TxPDO mapping under this motor type, please check PDO setting!
2025-04-18 15:01:09,876 ERROR [default] Error: there is no ErrorCode in TxPDO mapping under this motor type, please check PDO setting!
2025-04-18 15:01:09,876 ERROR [default] Error: there is no ErrorCode in TxPDO mapping under this motor type, please check PDO setting!
2025-04-18 15:01:09,879 ERROR [default] Error: there is no ErrorCode in TxPDO mapping under this motor type, please check PDO setting!
2025-04-18 15:01:09,880 ERROR [default] Error: there is no ErrorCode in TxPDO mapping under this motor type, please check PDO setting!
2025-04-18 15:01:09,880 ERROR [default] Error: there is no ErrorCode in TxPDO mapping under this motor type, please check PDO setting!
2025-04-18 15:01:09,880 ERROR [default] Error: there is no ErrorCode in TxPDO mapping under this motor type, please check PDO setting!
2025-04-18 15:01:09,880 ERROR [default] Error: there is no ErrorCode in TxPDO mapping under this motor type, please check PDO setting!
2025-04-18 15:01:09,880 ERROR [default] Error: there is no ErrorCode in TxPDO mapping under this motor type, please check PDO setting!
2025-04-18 15:01:09,880 ERROR [default] Error: there is no ErrorCode in TxPDO mapping under this motor type, please check PDO setting!
2025-04-18 15:01:09,880 ERROR [default] Error: there is no ErrorCode in TxPDO mapping under this motor type, please check PDO setting!
2025-04-18 15:01:09,884 ERROR [default] Error: there is no ErrorCode in TxPDO mapping under this motor type, please check PDO setting!
2025-04-18 15:01:09,884 ERROR [default] Error: there is no ErrorCode in TxPDO mapping under this motor type, please check PDO setting!
2025-04-18 15:01:09,884 ERROR [default] Error: there is no ErrorCode in TxPDO mapping under this motor type, please check PDO setting!
2025-04-18 15:01:09,884 ERROR [default] Error: there is no ErrorCode in TxPDO mapping under this motor type, please check PDO setting!
2025-04-18 15:01:09,884 ERROR [default] Error: there is no ErrorCode in TxPDO mapping under this motor type, please check PDO setting!
2025-04-18 15:01:09,884 ERROR [default] Error: there is no ErrorCode in TxPDO mapping under this motor type, please check PDO setting!
2025-04-18 15:01:09,884 ERROR [default] Error: there is no ErrorCode in TxPDO mapping under this motor type, please check PDO setting!
2025-04-18 15:01:09,884 ERROR [default] Error: there is no ErrorCode in TxPDO mapping under this motor type, please check PDO setting!
2025-04-18 15:01:09,887 ERROR [default] Error: there is no ErrorCode in TxPDO mapping under this motor type, please check PDO setting!
2025-04-18 15:01:09,887 ERROR [default] Error: there is no ErrorCode in TxPDO mapping under this motor type, please check PDO setting!
2025-04-18 15:01:09,887 ERROR [default] Error: there is no ErrorCode in TxPDO mapping under this motor type, please check PDO setting!
2025-04-18 15:01:09,888 ERROR [default] Error: there is no ErrorCode in TxPDO mapping under this motor type, please check PDO setting!
2025-04-18 15:01:09,888 ERROR [default] Error: there is no ErrorCode in TxPDO mapping under this motor type, please check PDO setting!
2025-04-18 15:01:09,888 ERROR [default] Error: there is no ErrorCode in TxPDO mapping under this motor type, please check PDO setting!
2025-04-18 15:01:09,888 ERROR [default] Error: there is no ErrorCode in TxPDO mapping under this motor type, please check PDO setting!
2025-04-18 15:01:09,888 ERROR [default] Error: there is no ErrorCode in TxPDO mapping under this motor type, please check PDO setting!
2025-04-18 15:01:09,891 ERROR [default] Error: there is no ErrorCode in TxPDO mapping under this motor type, please check PDO setting!
2025-04-18 15:01:09,892 ERROR [default] Error: there is no ErrorCode in TxPDO mapping under this motor type, please check PDO setting!
2025-04-18 15:01:09,892 ERROR [default] Error: there is no ErrorCode in TxPDO mapping under this motor type, please check PDO setting!
2025-04-18 15:01:09,892 ERROR [default] Error: there is no ErrorCode in TxPDO mapping under this motor type, please check PDO setting!
2025-04-18 15:01:09,892 ERROR [default] Error: there is no ErrorCode in TxPDO mapping under this motor type, please check PDO setting!
2025-04-18 15:01:09,892 ERROR [default] Error: there is no ErrorCode in TxPDO mapping under this motor type, please check PDO setting!
2025-04-18 15:01:09,892 ERROR [default] Error: there is no ErrorCode in TxPDO mapping under this motor type, please check PDO setting!
2025-04-18 15:01:09,892 ERROR [default] Error: there is no ErrorCode in TxPDO mapping under this motor type, please check PDO setting!
2025-04-18 15:01:09,895 ERROR [default] Error: there is no ErrorCode in TxPDO mapping under this motor type, please check PDO setting!
2025-04-18 15:01:09,895 ERROR [default] Error: there is no ErrorCode in TxPDO mapping under this motor type, please check PDO setting!
2025-04-18 15:01:09,895 ERROR [default] Error: there is no ErrorCode in TxPDO mapping under this motor type, please check PDO setting!
2025-04-18 15:01:09,896 ERROR [default] Error: there is no ErrorCode in TxPDO mapping under this motor type, please check PDO setting!
2025-04-18 15:01:09,896 ERROR [default] Error: there is no ErrorCode in TxPDO mapping under this motor type, please check PDO setting!
2025-04-18 15:01:09,896 ERROR [default] Error: there is no ErrorCode in TxPDO mapping under this motor type, please check PDO setting!
2025-04-18 15:01:09,896 ERROR [default] Error: there is no ErrorCode in TxPDO mapping under this motor type, please check PDO setting!
2025-04-18 15:01:09,896 ERROR [default] Error: there is no ErrorCode in TxPDO mapping under this motor type, please check PDO setting!
2025-04-18 15:01:09,900 ERROR [default] Error: there is no ErrorCode in TxPDO mapping under this motor type, please check PDO setting!
2025-04-18 15:01:09,900 ERROR [default] Error: there is no ErrorCode in TxPDO mapping under this motor type, please check PDO setting!
2025-04-18 15:01:09,900 ERROR [default] Error: there is no ErrorCode in TxPDO mapping under this motor type, please check PDO setting!
2025-04-18 15:01:09,900 ERROR [default] Error: there is no ErrorCode in TxPDO mapping under this motor type, please check PDO setting!
2025-04-18 15:01:09,900 ERROR [default] Error: there is no ErrorCode in TxPDO mapping under this motor type, please check PDO setting!
2025-04-18 15:01:09,900 ERROR [default] Error: there is no ErrorCode in TxPDO mapping under this motor type, please check PDO setting!
2025-04-18 15:01:09,900 ERROR [default] Error: there is no ErrorCode in TxPDO mapping under this motor type, please check PDO setting!
2025-04-18 15:01:09,900 ERROR [default] Error: there is no ErrorCode in TxPDO mapping under this motor type, please check PDO setting!
2025-04-18 15:01:09,904 ERROR [default] Error: there is no ErrorCode in TxPDO mapping under this motor type, please check PDO setting!
2025-04-18 15:01:09,904 ERROR [default] Error: there is no ErrorCode in TxPDO mapping under this motor type, please check PDO setting!
2025-04-18 15:01:09,904 ERROR [default] Error: there is no ErrorCode in TxPDO mapping under this motor type, please check PDO setting!
2025-04-18 15:01:09,904 ERROR [default] Error: there is no ErrorCode in TxPDO mapping under this motor type, please check PDO setting!
2025-04-18 15:01:09,904 ERROR [default] Error: there is no ErrorCode in TxPDO mapping under this motor type, please check PDO setting!
2025-04-18 15:01:09,904 ERROR [default] Error: there is no ErrorCode in TxPDO mapping under this motor type, please check PDO setting!
2025-04-18 15:01:09,904 ERROR [default] Error: there is no ErrorCode in TxPDO mapping under this motor type, please check PDO setting!
2025-04-18 15:01:09,904 ERROR [default] Error: there is no ErrorCode in TxPDO mapping under this motor type, please check PDO setting!
2025-04-18 15:01:09,908 ERROR [default] Error: there is no ErrorCode in TxPDO mapping under this motor type, please check PDO setting!
2025-04-18 15:01:09,908 ERROR [default] Error: there is no ErrorCode in TxPDO mapping under this motor type, please check PDO setting!
2025-04-18 15:01:09,908 ERROR [default] Error: there is no ErrorCode in TxPDO mapping under this motor type, please check PDO setting!
2025-04-18 15:01:09,908 ERROR [default] Error: there is no ErrorCode in TxPDO mapping under this motor type, please check PDO setting!
2025-04-18 15:01:09,908 ERROR [default] Error: there is no ErrorCode in TxPDO mapping under this motor type, please check PDO setting!
2025-04-18 15:01:09,908 ERROR [default] Error: there is no ErrorCode in TxPDO mapping under this motor type, please check PDO setting!
2025-04-18 15:01:09,908 ERROR [default] Error: there is no ErrorCode in TxPDO mapping under this motor type, please check PDO setting!
2025-04-18 15:01:09,908 ERROR [default] Error: there is no ErrorCode in TxPDO mapping under this motor type, please check PDO setting!
2025-04-18 15:01:09,911 ERROR [default] Error: there is no ErrorCode in TxPDO mapping under this motor type, please check PDO setting!
2025-04-18 15:01:09,911 ERROR [default] Error: there is no ErrorCode in TxPDO mapping under this motor type, please check PDO setting!
2025-04-18 15:01:09,912 ERROR [default] Error: there is no ErrorCode in TxPDO mapping under this motor type, please check PDO setting!
2025-04-18 15:01:09,912 ERROR [default] Error: there is no ErrorCode in TxPDO mapping under this motor type, please check PDO setting!
2025-04-18 15:01:09,912 ERROR [default] Error: there is no ErrorCode in TxPDO mapping under this motor type, please check PDO setting!
2025-04-18 15:01:09,912 ERROR [default] Error: there is no ErrorCode in TxPDO mapping under this motor type, please check PDO setting!
2025-04-18 15:01:09,912 ERROR [default] Error: there is no ErrorCode in TxPDO mapping under this motor type, please check PDO setting!
2025-04-18 15:01:09,912 ERROR [default] Error: there is no ErrorCode in TxPDO mapping under this motor type, please check PDO setting!
2025-04-18 15:01:09,916 ERROR [default] Error: there is no ErrorCode in TxPDO mapping under this motor type, please check PDO setting!
2025-04-18 15:01:09,916 ERROR [default] Error: there is no ErrorCode in TxPDO mapping under this motor type, please check PDO setting!
2025-04-18 15:01:09,916 ERROR [default] Error: there is no ErrorCode in TxPDO mapping under this motor type, please check PDO setting!
2025-04-18 15:01:09,916 ERROR [default] Error: there is no ErrorCode in TxPDO mapping under this motor type, please check PDO setting!
2025-04-18 15:01:09,916 ERROR [default] Error: there is no ErrorCode in TxPDO mapping under this motor type, please check PDO setting!
2025-04-18 15:01:09,916 ERROR [default] Error: there is no ErrorCode in TxPDO mapping under this motor type, please check PDO setting!
2025-04-18 15:01:09,916 ERROR [default] Error: there is no ErrorCode in TxPDO mapping under this motor type, please check PDO setting!
2025-04-18 15:01:09,916 ERROR [default] Error: there is no ErrorCode in TxPDO mapping under this motor type, please check PDO setting!
2025-04-18 15:01:09,919 ERROR [default] Error: there is no ErrorCode in TxPDO mapping under this motor type, please check PDO setting!
2025-04-18 15:01:09,920 ERROR [default] Error: there is no ErrorCode in TxPDO mapping under this motor type, please check PDO setting!
2025-04-18 15:01:09,920 ERROR [default] Error: there is no ErrorCode in TxPDO mapping under this motor type, please check PDO setting!
2025-04-18 15:01:09,920 ERROR [default] Error: there is no ErrorCode in TxPDO mapping under this motor type, please check PDO setting!
2025-04-18 15:01:09,920 ERROR [default] Error: there is no ErrorCode in TxPDO mapping under this motor type, please check PDO setting!
2025-04-18 15:01:09,920 ERROR [default] Error: there is no ErrorCode in TxPDO mapping under this motor type, please check PDO setting!
2025-04-18 15:01:09,920 ERROR [default] Error: there is no ErrorCode in TxPDO mapping under this motor type, please check PDO setting!
2025-04-18 15:01:09,920 ERROR [default] Error: there is no ErrorCode in TxPDO mapping under this motor type, please check PDO setting!
2025-04-18 15:01:09,924 ERROR [default] Error: there is no ErrorCode in TxPDO mapping under this motor type, please check PDO setting!
2025-04-18 15:01:09,924 ERROR [default] Error: there is no ErrorCode in TxPDO mapping under this motor type, please check PDO setting!
2025-04-18 15:01:09,924 ERROR [default] Error: there is no ErrorCode in TxPDO mapping under this motor type, please check PDO setting!
2025-04-18 15:01:09,924 ERROR [default] Error: there is no ErrorCode in TxPDO mapping under this motor type, please check PDO setting!
2025-04-18 15:01:09,924 ERROR [default] Error: there is no ErrorCode in TxPDO mapping under this motor type, please check PDO setting!
2025-04-18 15:01:09,924 ERROR [default] Error: there is no ErrorCode in TxPDO mapping under this motor type, please check PDO setting!
2025-04-18 15:01:09,924 ERROR [default] Error: there is no ErrorCode in TxPDO mapping under this motor type, please check PDO setting!
2025-04-18 15:01:09,924 ERROR [default] Error: there is no ErrorCode in TxPDO mapping under this motor type, please check PDO setting!
2025-04-18 15:01:09,927 ERROR [default] Error: there is no ErrorCode in TxPDO mapping under this motor type, please check PDO setting!
2025-04-18 15:01:09,928 ERROR [default] Error: there is no ErrorCode in TxPDO mapping under this motor type, please check PDO setting!
2025-04-18 15:01:09,928 ERROR [default] Error: there is no ErrorCode in TxPDO mapping under this motor type, please check PDO setting!
2025-04-18 15:01:09,928 ERROR [default] Error: there is no ErrorCode in TxPDO mapping under this motor type, please check PDO setting!
2025-04-18 15:01:09,928 ERROR [default] Error: there is no ErrorCode in TxPDO mapping under this motor type, please check PDO setting!
2025-04-18 15:01:09,928 ERROR [default] Error: there is no ErrorCode in TxPDO mapping under this motor type, please check PDO setting!
2025-04-18 15:01:09,928 ERROR [default] Error: there is no ErrorCode in TxPDO mapping under this motor type, please check PDO setting!
2025-04-18 15:01:09,928 ERROR [default] Error: there is no ErrorCode in TxPDO mapping under this motor type, please check PDO setting!
2025-04-18 15:01:09,932 ERROR [default] Error: there is no ErrorCode in TxPDO mapping under this motor type, please check PDO setting!
2025-04-18 15:01:09,932 ERROR [default] Error: there is no ErrorCode in TxPDO mapping under this motor type, please check PDO setting!
2025-04-18 15:01:09,932 ERROR [default] Error: there is no ErrorCode in TxPDO mapping under this motor type, please check PDO setting!
2025-04-18 15:01:09,932 ERROR [default] Error: there is no ErrorCode in TxPDO mapping under this motor type, please check PDO setting!
2025-04-18 15:01:09,932 ERROR [default] Error: there is no ErrorCode in TxPDO mapping under this motor type, please check PDO setting!
2025-04-18 15:01:09,932 ERROR [default] Error: there is no ErrorCode in TxPDO mapping under this motor type, please check PDO setting!
2025-04-18 15:01:09,932 ERROR [default] Error: there is no ErrorCode in TxPDO mapping under this motor type, please check PDO setting!
2025-04-18 15:01:09,932 ERROR [default] Error: there is no ErrorCode in TxPDO mapping under this motor type, please check PDO setting!
2025-04-18 15:01:09,935 ERROR [default] Error: there is no ErrorCode in TxPDO mapping under this motor type, please check PDO setting!
2025-04-18 15:01:09,935 ERROR [default] Error: there is no ErrorCode in TxPDO mapping under this motor type, please check PDO setting!
2025-04-18 15:01:09,935 ERROR [default] Error: there is no ErrorCode in TxPDO mapping under this motor type, please check PDO setting!
2025-04-18 15:01:09,936 ERROR [default] Error: there is no ErrorCode in TxPDO mapping under this motor type, please check PDO setting!
2025-04-18 15:01:09,936 ERROR [default] Error: there is no ErrorCode in TxPDO mapping under this motor type, please check PDO setting!
2025-04-18 15:01:09,936 ERROR [default] Error: there is no ErrorCode in TxPDO mapping under this motor type, please check PDO setting!
2025-04-18 15:01:09,936 ERROR [default] Error: there is no ErrorCode in TxPDO mapping under this motor type, please check PDO setting!
2025-04-18 15:01:09,936 ERROR [default] Error: there is no ErrorCode in TxPDO mapping under this motor type, please check PDO setting!
2025-04-18 15:01:09,939 ERROR [default] Error: there is no ErrorCode in TxPDO mapping under this motor type, please check PDO setting!
2025-04-18 15:01:09,940 ERROR [default] Error: there is no ErrorCode in TxPDO mapping under this motor type, please check PDO setting!
2025-04-18 15:01:09,940 ERROR [default] Error: there is no ErrorCode in TxPDO mapping under this motor type, please check PDO setting!
2025-04-18 15:01:09,940 ERROR [default] Error: there is no ErrorCode in TxPDO mapping under this motor type, please check PDO setting!
2025-04-18 15:01:09,940 ERROR [default] Error: there is no ErrorCode in TxPDO mapping under this motor type, please check PDO setting!
2025-04-18 15:01:09,940 ERROR [default] Error: there is no ErrorCode in TxPDO mapping under this motor type, please check PDO setting!
2025-04-18 15:01:09,940 ERROR [default] Error: there is no ErrorCode in TxPDO mapping under this motor type, please check PDO setting!
2025-04-18 15:01:09,940 ERROR [default] Error: there is no ErrorCode in TxPDO mapping under this motor type, please check PDO setting!
2025-04-18 15:01:09,943 ERROR [default] Error: there is no ErrorCode in TxPDO mapping under this motor type, please check PDO setting!
2025-04-18 15:01:09,943 ERROR [default] Error: there is no ErrorCode in TxPDO mapping under this motor type, please check PDO setting!
2025-04-18 15:01:09,943 ERROR [default] Error: there is no ErrorCode in TxPDO mapping under this motor type, please check PDO setting!
2025-04-18 15:01:09,944 ERROR [default] Error: there is no ErrorCode in TxPDO mapping under this motor type, please check PDO setting!
2025-04-18 15:01:09,944 ERROR [default] Error: there is no ErrorCode in TxPDO mapping under this motor type, please check PDO setting!
2025-04-18 15:01:09,944 ERROR [default] Error: there is no ErrorCode in TxPDO mapping under this motor type, please check PDO setting!
2025-04-18 15:01:09,944 ERROR [default] Error: there is no ErrorCode in TxPDO mapping under this motor type, please check PDO setting!
2025-04-18 15:01:09,944 ERROR [default] Error: there is no ErrorCode in TxPDO mapping under this motor type, please check PDO setting!
2025-04-18 15:01:09,948 ERROR [default] Error: there is no ErrorCode in TxPDO mapping under this motor type, please check PDO setting!
2025-04-18 15:01:09,948 ERROR [default] Error: there is no ErrorCode in TxPDO mapping under this motor type, please check PDO setting!
2025-04-18 15:01:09,948 ERROR [default] Error: there is no ErrorCode in TxPDO mapping under this motor type, please check PDO setting!
2025-04-18 15:01:09,948 ERROR [default] Error: there is no ErrorCode in TxPDO mapping under this motor type, please check PDO setting!
2025-04-18 15:01:09,948 ERROR [default] Error: there is no ErrorCode in TxPDO mapping under this motor type, please check PDO setting!
2025-04-18 15:01:09,948 ERROR [default] Error: there is no ErrorCode in TxPDO mapping under this motor type, please check PDO setting!
2025-04-18 15:01:09,948 ERROR [default] Error: there is no ErrorCode in TxPDO mapping under this motor type, please check PDO setting!
2025-04-18 15:01:09,948 ERROR [default] Error: there is no ErrorCode in TxPDO mapping under this motor type, please check PDO setting!
2025-04-18 15:01:09,951 ERROR [default] Error: there is no ErrorCode in TxPDO mapping under this motor type, please check PDO setting!
2025-04-18 15:01:09,951 ERROR [default] Error: there is no ErrorCode in TxPDO mapping under this motor type, please check PDO setting!
2025-04-18 15:01:09,951 ERROR [default] Error: there is no ErrorCode in TxPDO mapping under this motor type, please check PDO setting!
2025-04-18 15:01:09,951 ERROR [default] Error: there is no ErrorCode in TxPDO mapping under this motor type, please check PDO setting!
2025-04-18 15:01:09,951 ERROR [default] Error: there is no ErrorCode in TxPDO mapping under this motor type, please check PDO setting!
2025-04-18 15:01:09,952 ERROR [default] Error: there is no ErrorCode in TxPDO mapping under this motor type, please check PDO setting!
2025-04-18 15:01:09,952 ERROR [default] Error: there is no ErrorCode in TxPDO mapping under this motor type, please check PDO setting!
2025-04-18 15:01:09,952 ERROR [default] Error: there is no ErrorCode in TxPDO mapping under this motor type, please check PDO setting!
2025-04-18 15:01:09,956 ERROR [default] Error: there is no ErrorCode in TxPDO mapping under this motor type, please check PDO setting!
2025-04-18 15:01:09,956 ERROR [default] Error: there is no ErrorCode in TxPDO mapping under this motor type, please check PDO setting!
2025-04-18 15:01:09,956 ERROR [default] Error: there is no ErrorCode in TxPDO mapping under this motor type, please check PDO setting!
2025-04-18 15:01:09,956 ERROR [default] Error: there is no ErrorCode in TxPDO mapping under this motor type, please check PDO setting!
2025-04-18 15:01:09,956 ERROR [default] Error: there is no ErrorCode in TxPDO mapping under this motor type, please check PDO setting!
2025-04-18 15:01:09,956 ERROR [default] Error: there is no ErrorCode in TxPDO mapping under this motor type, please check PDO setting!
2025-04-18 15:01:09,956 ERROR [default] Error: there is no ErrorCode in TxPDO mapping under this motor type, please check PDO setting!
2025-04-18 15:01:09,956 ERROR [default] Error: there is no ErrorCode in TxPDO mapping under this motor type, please check PDO setting!
2025-04-18 15:01:09,960 ERROR [default] Error: there is no ErrorCode in TxPDO mapping under this motor type, please check PDO setting!
2025-04-18 15:01:09,960 ERROR [default] Error: there is no ErrorCode in TxPDO mapping under this motor type, please check PDO setting!
2025-04-18 15:01:09,960 ERROR [default] Error: there is no ErrorCode in TxPDO mapping under this motor type, please check PDO setting!
2025-04-18 15:01:09,960 ERROR [default] Error: there is no ErrorCode in TxPDO mapping under this motor type, please check PDO setting!
2025-04-18 15:01:09,960 ERROR [default] Error: there is no ErrorCode in TxPDO mapping under this motor type, please check PDO setting!
2025-04-18 15:01:09,960 ERROR [default] Error: there is no ErrorCode in TxPDO mapping under this motor type, please check PDO setting!
2025-04-18 15:01:09,960 ERROR [default] Error: there is no ErrorCode in TxPDO mapping under this motor type, please check PDO setting!
2025-04-18 15:01:09,960 ERROR [default] Error: there is no ErrorCode in TxPDO mapping under this motor type, please check PDO setting!
2025-04-18 15:01:09,963 ERROR [default] Error: there is no ErrorCode in TxPDO mapping under this motor type, please check PDO setting!
2025-04-18 15:01:09,963 ERROR [default] Error: there is no ErrorCode in TxPDO mapping under this motor type, please check PDO setting!
2025-04-18 15:01:09,963 ERROR [default] Error: there is no ErrorCode in TxPDO mapping under this motor type, please check PDO setting!
2025-04-18 15:01:09,963 ERROR [default] Error: there is no ErrorCode in TxPDO mapping under this motor type, please check PDO setting!
2025-04-18 15:01:09,964 ERROR [default] Error: there is no ErrorCode in TxPDO mapping under this motor type, please check PDO setting!
2025-04-18 15:01:09,964 ERROR [default] Error: there is no ErrorCode in TxPDO mapping under this motor type, please check PDO setting!
2025-04-18 15:01:09,964 ERROR [default] Error: there is no ErrorCode in TxPDO mapping under this motor type, please check PDO setting!
2025-04-18 15:01:09,964 ERROR [default] Error: there is no ErrorCode in TxPDO mapping under this motor type, please check PDO setting!
2025-04-18 15:01:09,967 ERROR [default] Error: there is no ErrorCode in TxPDO mapping under this motor type, please check PDO setting!
2025-04-18 15:01:09,968 ERROR [default] Error: there is no ErrorCode in TxPDO mapping under this motor type, please check PDO setting!
2025-04-18 15:01:09,968 ERROR [default] Error: there is no ErrorCode in TxPDO mapping under this motor type, please check PDO setting!
2025-04-18 15:01:09,968 ERROR [default] Error: there is no ErrorCode in TxPDO mapping under this motor type, please check PDO setting!
2025-04-18 15:01:09,968 ERROR [default] Error: there is no ErrorCode in TxPDO mapping under this motor type, please check PDO setting!
2025-04-18 15:01:09,968 ERROR [default] Error: there is no ErrorCode in TxPDO mapping under this motor type, please check PDO setting!
2025-04-18 15:01:09,968 ERROR [default] Error: there is no ErrorCode in TxPDO mapping under this motor type, please check PDO setting!
2025-04-18 15:01:09,968 ERROR [default] Error: there is no ErrorCode in TxPDO mapping under this motor type, please check PDO setting!
2025-04-18 15:01:09,971 ERROR [default] Error: there is no ErrorCode in TxPDO mapping under this motor type, please check PDO setting!
2025-04-18 15:01:09,972 ERROR [default] Error: there is no ErrorCode in TxPDO mapping under this motor type, please check PDO setting!
2025-04-18 15:01:09,972 ERROR [default] Error: there is no ErrorCode in TxPDO mapping under this motor type, please check PDO setting!
2025-04-18 15:01:09,972 ERROR [default] Error: there is no ErrorCode in TxPDO mapping under this motor type, please check PDO setting!
2025-04-18 15:01:09,972 ERROR [default] Error: there is no ErrorCode in TxPDO mapping under this motor type, please check PDO setting!
2025-04-18 15:01:09,972 ERROR [default] Error: there is no ErrorCode in TxPDO mapping under this motor type, please check PDO setting!
2025-04-18 15:01:09,972 ERROR [default] Error: there is no ErrorCode in TxPDO mapping under this motor type, please check PDO setting!
2025-04-18 15:01:09,972 ERROR [default] Error: there is no ErrorCode in TxPDO mapping under this motor type, please check PDO setting!
2025-04-18 15:01:09,975 ERROR [default] Error: there is no ErrorCode in TxPDO mapping under this motor type, please check PDO setting!
2025-04-18 15:01:09,975 ERROR [default] Error: there is no ErrorCode in TxPDO mapping under this motor type, please check PDO setting!
2025-04-18 15:01:09,975 ERROR [default] Error: there is no ErrorCode in TxPDO mapping under this motor type, please check PDO setting!
2025-04-18 15:01:09,975 ERROR [default] Error: there is no ErrorCode in TxPDO mapping under this motor type, please check PDO setting!
2025-04-18 15:01:09,975 ERROR [default] Error: there is no ErrorCode in TxPDO mapping under this motor type, please check PDO setting!
2025-04-18 15:01:09,976 ERROR [default] Error: there is no ErrorCode in TxPDO mapping under this motor type, please check PDO setting!
2025-04-18 15:01:09,976 ERROR [default] Error: there is no ErrorCode in TxPDO mapping under this motor type, please check PDO setting!
2025-04-18 15:01:09,976 ERROR [default] Error: there is no ErrorCode in TxPDO mapping under this motor type, please check PDO setting!
2025-04-18 15:01:09,980 ERROR [default] Error: there is no ErrorCode in TxPDO mapping under this motor type, please check PDO setting!
2025-04-18 15:01:09,980 ERROR [default] Error: there is no ErrorCode in TxPDO mapping under this motor type, please check PDO setting!
2025-04-18 15:01:09,980 ERROR [default] Error: there is no ErrorCode in TxPDO mapping under this motor type, please check PDO setting!
2025-04-18 15:01:09,980 ERROR [default] Error: there is no ErrorCode in TxPDO mapping under this motor type, please check PDO setting!
2025-04-18 15:01:09,980 ERROR [default] Error: there is no ErrorCode in TxPDO mapping under this motor type, please check PDO setting!
2025-04-18 15:01:09,980 ERROR [default] Error: there is no ErrorCode in TxPDO mapping under this motor type, please check PDO setting!
2025-04-18 15:01:09,980 ERROR [default] Error: there is no ErrorCode in TxPDO mapping under this motor type, please check PDO setting!
2025-04-18 15:01:09,980 ERROR [default] Error: there is no ErrorCode in TxPDO mapping under this motor type, please check PDO setting!
2025-04-18 15:01:09,983 ERROR [default] Error: there is no ErrorCode in TxPDO mapping under this motor type, please check PDO setting!
2025-04-18 15:01:09,983 ERROR [default] Error: there is no ErrorCode in TxPDO mapping under this motor type, please check PDO setting!
2025-04-18 15:01:09,984 ERROR [default] Error: there is no ErrorCode in TxPDO mapping under this motor type, please check PDO setting!
2025-04-18 15:01:09,984 ERROR [default] Error: there is no ErrorCode in TxPDO mapping under this motor type, please check PDO setting!
2025-04-18 15:01:09,984 ERROR [default] Error: there is no ErrorCode in TxPDO mapping under this motor type, please check PDO setting!
2025-04-18 15:01:09,984 ERROR [default] Error: there is no ErrorCode in TxPDO mapping under this motor type, please check PDO setting!
2025-04-18 15:01:09,984 ERROR [default] Error: there is no ErrorCode in TxPDO mapping under this motor type, please check PDO setting!
2025-04-18 15:01:09,984 ERROR [default] Error: there is no ErrorCode in TxPDO mapping under this motor type, please check PDO setting!
2025-04-18 15:01:09,987 ERROR [default] Error: there is no ErrorCode in TxPDO mapping under this motor type, please check PDO setting!
2025-04-18 15:01:09,987 ERROR [default] Error: there is no ErrorCode in TxPDO mapping under this motor type, please check PDO setting!
2025-04-18 15:01:09,987 ERROR [default] Error: there is no ErrorCode in TxPDO mapping under this motor type, please check PDO setting!
2025-04-18 15:01:09,987 ERROR [default] Error: there is no ErrorCode in TxPDO mapping under this motor type, please check PDO setting!
2025-04-18 15:01:09,988 ERROR [default] Error: there is no ErrorCode in TxPDO mapping under this motor type, please check PDO setting!
2025-04-18 15:01:09,988 ERROR [default] Error: there is no ErrorCode in TxPDO mapping under this motor type, please check PDO setting!
2025-04-18 15:01:09,988 ERROR [default] Error: there is no ErrorCode in TxPDO mapping under this motor type, please check PDO setting!
2025-04-18 15:01:09,988 ERROR [default] Error: there is no ErrorCode in TxPDO mapping under this motor type, please check PDO setting!
2025-04-18 15:01:09,992 ERROR [default] Error: there is no ErrorCode in TxPDO mapping under this motor type, please check PDO setting!
2025-04-18 15:01:09,992 ERROR [default] Error: there is no ErrorCode in TxPDO mapping under this motor type, please check PDO setting!
2025-04-18 15:01:09,992 ERROR [default] Error: there is no ErrorCode in TxPDO mapping under this motor type, please check PDO setting!
2025-04-18 15:01:09,992 ERROR [default] Error: there is no ErrorCode in TxPDO mapping under this motor type, please check PDO setting!
2025-04-18 15:01:09,992 ERROR [default] Error: there is no ErrorCode in TxPDO mapping under this motor type, please check PDO setting!
2025-04-18 15:01:09,992 ERROR [default] Error: there is no ErrorCode in TxPDO mapping under this motor type, please check PDO setting!
2025-04-18 15:01:09,992 ERROR [default] Error: there is no ErrorCode in TxPDO mapping under this motor type, please check PDO setting!
2025-04-18 15:01:09,992 ERROR [default] Error: there is no ErrorCode in TxPDO mapping under this motor type, please check PDO setting!
2025-04-18 15:01:09,996 ERROR [default] Error: there is no ErrorCode in TxPDO mapping under this motor type, please check PDO setting!
2025-04-18 15:01:09,996 ERROR [default] Error: there is no ErrorCode in TxPDO mapping under this motor type, please check PDO setting!
2025-04-18 15:01:09,996 ERROR [default] Error: there is no ErrorCode in TxPDO mapping under this motor type, please check PDO setting!
2025-04-18 15:01:09,996 ERROR [default] Error: there is no ErrorCode in TxPDO mapping under this motor type, please check PDO setting!
2025-04-18 15:01:09,996 ERROR [default] Error: there is no ErrorCode in TxPDO mapping under this motor type, please check PDO setting!
2025-04-18 15:01:09,996 ERROR [default] Error: there is no ErrorCode in TxPDO mapping under this motor type, please check PDO setting!
2025-04-18 15:01:09,996 ERROR [default] Error: there is no ErrorCode in TxPDO mapping under this motor type, please check PDO setting!
2025-04-18 15:01:09,996 ERROR [default] Error: there is no ErrorCode in TxPDO mapping under this motor type, please check PDO setting!
2025-04-18 15:01:09,999 ERROR [default] Error: there is no ErrorCode in TxPDO mapping under this motor type, please check PDO setting!
2025-04-18 15:01:09,999 ERROR [default] Error: there is no ErrorCode in TxPDO mapping under this motor type, please check PDO setting!
2025-04-18 15:01:09,999 ERROR [default] Error: there is no ErrorCode in TxPDO mapping under this motor type, please check PDO setting!
2025-04-18 15:01:09,999 ERROR [default] Error: there is no ErrorCode in TxPDO mapping under this motor type, please check PDO setting!
2025-04-18 15:01:09,999 ERROR [default] Error: there is no ErrorCode in TxPDO mapping under this motor type, please check PDO setting!
2025-04-18 15:01:10,000 ERROR [default] Error: there is no ErrorCode in TxPDO mapping under this motor type, please check PDO setting!
2025-04-18 15:01:10,000 ERROR [default] Error: there is no ErrorCode in TxPDO mapping under this motor type, please check PDO setting!
2025-04-18 15:01:10,000 ERROR [default] Error: there is no ErrorCode in TxPDO mapping under this motor type, please check PDO setting!
2025-04-18 15:01:10,004 ERROR [default] Error: there is no ErrorCode in TxPDO mapping under this motor type, please check PDO setting!
2025-04-18 15:01:10,004 ERROR [default] Error: there is no ErrorCode in TxPDO mapping under this motor type, please check PDO setting!
2025-04-18 15:01:10,004 ERROR [default] Error: there is no ErrorCode in TxPDO mapping under this motor type, please check PDO setting!
2025-04-18 15:01:10,004 ERROR [default] Error: there is no ErrorCode in TxPDO mapping under this motor type, please check PDO setting!
2025-04-18 15:01:10,004 ERROR [default] Error: there is no ErrorCode in TxPDO mapping under this motor type, please check PDO setting!
2025-04-18 15:01:10,004 ERROR [default] Error: there is no ErrorCode in TxPDO mapping under this motor type, please check PDO setting!
2025-04-18 15:01:10,004 ERROR [default] Error: there is no ErrorCode in TxPDO mapping under this motor type, please check PDO setting!
2025-04-18 15:01:10,004 ERROR [default] Error: there is no ErrorCode in TxPDO mapping under this motor type, please check PDO setting!
2025-04-18 15:01:10,007 ERROR [default] Error: there is no ErrorCode in TxPDO mapping under this motor type, please check PDO setting!
2025-04-18 15:01:10,008 ERROR [default] Error: there is no ErrorCode in TxPDO mapping under this motor type, please check PDO setting!
2025-04-18 15:01:10,008 ERROR [default] Error: there is no ErrorCode in TxPDO mapping under this motor type, please check PDO setting!
2025-04-18 15:01:10,008 ERROR [default] Error: there is no ErrorCode in TxPDO mapping under this motor type, please check PDO setting!
2025-04-18 15:01:10,008 ERROR [default] Error: there is no ErrorCode in TxPDO mapping under this motor type, please check PDO setting!
2025-04-18 15:01:10,008 ERROR [default] Error: there is no ErrorCode in TxPDO mapping under this motor type, please check PDO setting!
2025-04-18 15:01:10,008 ERROR [default] Error: there is no ErrorCode in TxPDO mapping under this motor type, please check PDO setting!
2025-04-18 15:01:10,008 ERROR [default] Error: there is no ErrorCode in TxPDO mapping under this motor type, please check PDO setting!
2025-04-18 15:01:10,011 ERROR [default] Error: there is no ErrorCode in TxPDO mapping under this motor type, please check PDO setting!
2025-04-18 15:01:10,011 ERROR [default] Error: there is no ErrorCode in TxPDO mapping under this motor type, please check PDO setting!
2025-04-18 15:01:10,011 ERROR [default] Error: there is no ErrorCode in TxPDO mapping under this motor type, please check PDO setting!
2025-04-18 15:01:10,012 ERROR [default] Error: there is no ErrorCode in TxPDO mapping under this motor type, please check PDO setting!
2025-04-18 15:01:10,012 ERROR [default] Error: there is no ErrorCode in TxPDO mapping under this motor type, please check PDO setting!
2025-04-18 15:01:10,012 ERROR [default] Error: there is no ErrorCode in TxPDO mapping under this motor type, please check PDO setting!
2025-04-18 15:01:10,012 ERROR [default] Error: there is no ErrorCode in TxPDO mapping under this motor type, please check PDO setting!
2025-04-18 15:01:10,012 ERROR [default] Error: there is no ErrorCode in TxPDO mapping under this motor type, please check PDO setting!
2025-04-18 15:01:10,016 ERROR [default] Error: there is no ErrorCode in TxPDO mapping under this motor type, please check PDO setting!
2025-04-18 15:01:10,016 ERROR [default] Error: there is no ErrorCode in TxPDO mapping under this motor type, please check PDO setting!
2025-04-18 15:01:10,016 ERROR [default] Error: there is no ErrorCode in TxPDO mapping under this motor type, please check PDO setting!
2025-04-18 15:01:10,016 ERROR [default] Error: there is no ErrorCode in TxPDO mapping under this motor type, please check PDO setting!
2025-04-18 15:01:10,016 ERROR [default] Error: there is no ErrorCode in TxPDO mapping under this motor type, please check PDO setting!
2025-04-18 15:01:10,016 ERROR [default] Error: there is no ErrorCode in TxPDO mapping under this motor type, please check PDO setting!
2025-04-18 15:01:10,016 ERROR [default] Error: there is no ErrorCode in TxPDO mapping under this motor type, please check PDO setting!
2025-04-18 15:01:10,016 ERROR [default] Error: there is no ErrorCode in TxPDO mapping under this motor type, please check PDO setting!
2025-04-18 15:01:10,019 ERROR [default] Error: there is no ErrorCode in TxPDO mapping under this motor type, please check PDO setting!
2025-04-18 15:01:10,019 ERROR [default] Error: there is no ErrorCode in TxPDO mapping under this motor type, please check PDO setting!
2025-04-18 15:01:10,019 ERROR [default] Error: there is no ErrorCode in TxPDO mapping under this motor type, please check PDO setting!
2025-04-18 15:01:10,019 ERROR [default] Error: there is no ErrorCode in TxPDO mapping under this motor type, please check PDO setting!
2025-04-18 15:01:10,019 ERROR [default] Error: there is no ErrorCode in TxPDO mapping under this motor type, please check PDO setting!
2025-04-18 15:01:10,019 ERROR [default] Error: there is no ErrorCode in TxPDO mapping under this motor type, please check PDO setting!
2025-04-18 15:01:10,020 ERROR [default] Error: there is no ErrorCode in TxPDO mapping under this motor type, please check PDO setting!
2025-04-18 15:01:10,020 ERROR [default] Error: there is no ErrorCode in TxPDO mapping under this motor type, please check PDO setting!
2025-04-18 15:01:10,023 ERROR [default] Error: there is no ErrorCode in TxPDO mapping under this motor type, please check PDO setting!
2025-04-18 15:01:10,023 ERROR [default] Error: there is no ErrorCode in TxPDO mapping under this motor type, please check PDO setting!
2025-04-18 15:01:10,024 ERROR [default] Error: there is no ErrorCode in TxPDO mapping under this motor type, please check PDO setting!
2025-04-18 15:01:10,024 ERROR [default] Error: there is no ErrorCode in TxPDO mapping under this motor type, please check PDO setting!
2025-04-18 15:01:10,024 ERROR [default] Error: there is no ErrorCode in TxPDO mapping under this motor type, please check PDO setting!
2025-04-18 15:01:10,024 ERROR [default] Error: there is no ErrorCode in TxPDO mapping under this motor type, please check PDO setting!
2025-04-18 15:01:10,024 ERROR [default] Error: there is no ErrorCode in TxPDO mapping under this motor type, please check PDO setting!
2025-04-18 15:01:10,024 ERROR [default] Error: there is no ErrorCode in TxPDO mapping under this motor type, please check PDO setting!
2025-04-18 15:01:10,027 ERROR [default] Error: there is no ErrorCode in TxPDO mapping under this motor type, please check PDO setting!
2025-04-18 15:01:10,027 ERROR [default] Error: there is no ErrorCode in TxPDO mapping under this motor type, please check PDO setting!
2025-04-18 15:01:10,028 ERROR [default] Error: there is no ErrorCode in TxPDO mapping under this motor type, please check PDO setting!
2025-04-18 15:01:10,028 ERROR [default] Error: there is no ErrorCode in TxPDO mapping under this motor type, please check PDO setting!
2025-04-18 15:01:10,028 ERROR [default] Error: there is no ErrorCode in TxPDO mapping under this motor type, please check PDO setting!
2025-04-18 15:01:10,028 ERROR [default] Error: there is no ErrorCode in TxPDO mapping under this motor type, please check PDO setting!
2025-04-18 15:01:10,028 ERROR [default] Error: there is no ErrorCode in TxPDO mapping under this motor type, please check PDO setting!
2025-04-18 15:01:10,028 ERROR [default] Error: there is no ErrorCode in TxPDO mapping under this motor type, please check PDO setting!
2025-04-18 15:01:10,031 ERROR [default] Error: there is no ErrorCode in TxPDO mapping under this motor type, please check PDO setting!
2025-04-18 15:01:10,031 ERROR [default] Error: there is no ErrorCode in TxPDO mapping under this motor type, please check PDO setting!
2025-04-18 15:01:10,031 ERROR [default] Error: there is no ErrorCode in TxPDO mapping under this motor type, please check PDO setting!
2025-04-18 15:01:10,031 ERROR [default] Error: there is no ErrorCode in TxPDO mapping under this motor type, please check PDO setting!
2025-04-18 15:01:10,031 ERROR [default] Error: there is no ErrorCode in TxPDO mapping under this motor type, please check PDO setting!
2025-04-18 15:01:10,031 ERROR [default] Error: there is no ErrorCode in TxPDO mapping under this motor type, please check PDO setting!
2025-04-18 15:01:10,032 ERROR [default] Error: there is no ErrorCode in TxPDO mapping under this motor type, please check PDO setting!
2025-04-18 15:01:10,032 ERROR [default] Error: there is no ErrorCode in TxPDO mapping under this motor type, please check PDO setting!
2025-04-18 15:01:10,035 ERROR [default] Error: there is no ErrorCode in TxPDO mapping under this motor type, please check PDO setting!
2025-04-18 15:01:10,035 ERROR [default] Error: there is no ErrorCode in TxPDO mapping under this motor type, please check PDO setting!
2025-04-18 15:01:10,035 ERROR [default] Error: there is no ErrorCode in TxPDO mapping under this motor type, please check PDO setting!
2025-04-18 15:01:10,036 ERROR [default] Error: there is no ErrorCode in TxPDO mapping under this motor type, please check PDO setting!
2025-04-18 15:01:10,036 ERROR [default] Error: there is no ErrorCode in TxPDO mapping under this motor type, please check PDO setting!
2025-04-18 15:01:10,036 ERROR [default] Error: there is no ErrorCode in TxPDO mapping under this motor type, please check PDO setting!
2025-04-18 15:01:10,036 ERROR [default] Error: there is no ErrorCode in TxPDO mapping under this motor type, please check PDO setting!
2025-04-18 15:01:10,036 ERROR [default] Error: there is no ErrorCode in TxPDO mapping under this motor type, please check PDO setting!
2025-04-18 15:01:10,040 ERROR [default] Error: there is no ErrorCode in TxPDO mapping under this motor type, please check PDO setting!
2025-04-18 15:01:10,040 ERROR [default] Error: there is no ErrorCode in TxPDO mapping under this motor type, please check PDO setting!
2025-04-18 15:01:10,040 ERROR [default] Error: there is no ErrorCode in TxPDO mapping under this motor type, please check PDO setting!
2025-04-18 15:01:10,040 ERROR [default] Error: there is no ErrorCode in TxPDO mapping under this motor type, please check PDO setting!
2025-04-18 15:01:10,040 ERROR [default] Error: there is no ErrorCode in TxPDO mapping under this motor type, please check PDO setting!
2025-04-18 15:01:10,040 ERROR [default] Error: there is no ErrorCode in TxPDO mapping under this motor type, please check PDO setting!
2025-04-18 15:01:10,040 ERROR [default] Error: there is no ErrorCode in TxPDO mapping under this motor type, please check PDO setting!
2025-04-18 15:01:10,040 ERROR [default] Error: there is no ErrorCode in TxPDO mapping under this motor type, please check PDO setting!
2025-04-18 15:01:10,043 ERROR [default] Error: there is no ErrorCode in TxPDO mapping under this motor type, please check PDO setting!
2025-04-18 15:01:10,043 ERROR [default] Error: there is no ErrorCode in TxPDO mapping under this motor type, please check PDO setting!
2025-04-18 15:01:10,043 ERROR [default] Error: there is no ErrorCode in TxPDO mapping under this motor type, please check PDO setting!
2025-04-18 15:01:10,043 ERROR [default] Error: there is no ErrorCode in TxPDO mapping under this motor type, please check PDO setting!
2025-04-18 15:01:10,044 ERROR [default] Error: there is no ErrorCode in TxPDO mapping under this motor type, please check PDO setting!
2025-04-18 15:01:10,044 ERROR [default] Error: there is no ErrorCode in TxPDO mapping under this motor type, please check PDO setting!
2025-04-18 15:01:10,044 ERROR [default] Error: there is no ErrorCode in TxPDO mapping under this motor type, please check PDO setting!
2025-04-18 15:01:10,044 ERROR [default] Error: there is no ErrorCode in TxPDO mapping under this motor type, please check PDO setting!
2025-04-18 15:01:10,047 ERROR [default] Error: there is no ErrorCode in TxPDO mapping under this motor type, please check PDO setting!
2025-04-18 15:01:10,047 ERROR [default] Error: there is no ErrorCode in TxPDO mapping under this motor type, please check PDO setting!
2025-04-18 15:01:10,048 ERROR [default] Error: there is no ErrorCode in TxPDO mapping under this motor type, please check PDO setting!
2025-04-18 15:01:10,048 ERROR [default] Error: there is no ErrorCode in TxPDO mapping under this motor type, please check PDO setting!
2025-04-18 15:01:10,048 ERROR [default] Error: there is no ErrorCode in TxPDO mapping under this motor type, please check PDO setting!
2025-04-18 15:01:10,048 ERROR [default] Error: there is no ErrorCode in TxPDO mapping under this motor type, please check PDO setting!
2025-04-18 15:01:10,048 ERROR [default] Error: there is no ErrorCode in TxPDO mapping under this motor type, please check PDO setting!
2025-04-18 15:01:10,048 ERROR [default] Error: there is no ErrorCode in TxPDO mapping under this motor type, please check PDO setting!
2025-04-18 15:01:10,052 ERROR [default] Error: there is no ErrorCode in TxPDO mapping under this motor type, please check PDO setting!
2025-04-18 15:01:10,052 ERROR [default] Error: there is no ErrorCode in TxPDO mapping under this motor type, please check PDO setting!
2025-04-18 15:01:10,052 ERROR [default] Error: there is no ErrorCode in TxPDO mapping under this motor type, please check PDO setting!
2025-04-18 15:01:10,052 ERROR [default] Error: there is no ErrorCode in TxPDO mapping under this motor type, please check PDO setting!
2025-04-18 15:01:10,052 ERROR [default] Error: there is no ErrorCode in TxPDO mapping under this motor type, please check PDO setting!
2025-04-18 15:01:10,052 ERROR [default] Error: there is no ErrorCode in TxPDO mapping under this motor type, please check PDO setting!
2025-04-18 15:01:10,052 ERROR [default] Error: there is no ErrorCode in TxPDO mapping under this motor type, please check PDO setting!
2025-04-18 15:01:10,052 ERROR [default] Error: there is no ErrorCode in TxPDO mapping under this motor type, please check PDO setting!
2025-04-18 15:01:10,055 ERROR [default] Error: there is no ErrorCode in TxPDO mapping under this motor type, please check PDO setting!
2025-04-18 15:01:10,055 ERROR [default] Error: there is no ErrorCode in TxPDO mapping under this motor type, please check PDO setting!
2025-04-18 15:01:10,055 ERROR [default] Error: there is no ErrorCode in TxPDO mapping under this motor type, please check PDO setting!
2025-04-18 15:01:10,056 ERROR [default] Error: there is no ErrorCode in TxPDO mapping under this motor type, please check PDO setting!
2025-04-18 15:01:10,056 ERROR [default] Error: there is no ErrorCode in TxPDO mapping under this motor type, please check PDO setting!
2025-04-18 15:01:10,056 ERROR [default] Error: there is no ErrorCode in TxPDO mapping under this motor type, please check PDO setting!
2025-04-18 15:01:10,056 ERROR [default] Error: there is no ErrorCode in TxPDO mapping under this motor type, please check PDO setting!
2025-04-18 15:01:10,056 ERROR [default] Error: there is no ErrorCode in TxPDO mapping under this motor type, please check PDO setting!
2025-04-18 15:01:10,059 ERROR [default] Error: there is no ErrorCode in TxPDO mapping under this motor type, please check PDO setting!
2025-04-18 15:01:10,059 ERROR [default] Error: there is no ErrorCode in TxPDO mapping under this motor type, please check PDO setting!
2025-04-18 15:01:10,059 ERROR [default] Error: there is no ErrorCode in TxPDO mapping under this motor type, please check PDO setting!
2025-04-18 15:01:10,059 ERROR [default] Error: there is no ErrorCode in TxPDO mapping under this motor type, please check PDO setting!
2025-04-18 15:01:10,060 ERROR [default] Error: there is no ErrorCode in TxPDO mapping under this motor type, please check PDO setting!
2025-04-18 15:01:10,060 ERROR [default] Error: there is no ErrorCode in TxPDO mapping under this motor type, please check PDO setting!
2025-04-18 15:01:10,060 ERROR [default] Error: there is no ErrorCode in TxPDO mapping under this motor type, please check PDO setting!
2025-04-18 15:01:10,060 ERROR [default] Error: there is no ErrorCode in TxPDO mapping under this motor type, please check PDO setting!
2025-04-18 15:01:10,064 ERROR [default] Error: there is no ErrorCode in TxPDO mapping under this motor type, please check PDO setting!
2025-04-18 15:01:10,064 ERROR [default] Error: there is no ErrorCode in TxPDO mapping under this motor type, please check PDO setting!
2025-04-18 15:01:10,064 ERROR [default] Error: there is no ErrorCode in TxPDO mapping under this motor type, please check PDO setting!
2025-04-18 15:01:10,064 ERROR [default] Error: there is no ErrorCode in TxPDO mapping under this motor type, please check PDO setting!
2025-04-18 15:01:10,064 ERROR [default] Error: there is no ErrorCode in TxPDO mapping under this motor type, please check PDO setting!
2025-04-18 15:01:10,064 ERROR [default] Error: there is no ErrorCode in TxPDO mapping under this motor type, please check PDO setting!
2025-04-18 15:01:10,064 ERROR [default] Error: there is no ErrorCode in TxPDO mapping under this motor type, please check PDO setting!
2025-04-18 15:01:10,064 ERROR [default] Error: there is no ErrorCode in TxPDO mapping under this motor type, please check PDO setting!
2025-04-18 15:01:10,067 ERROR [default] Error: there is no ErrorCode in TxPDO mapping under this motor type, please check PDO setting!
2025-04-18 15:01:10,067 ERROR [default] Error: there is no ErrorCode in TxPDO mapping under this motor type, please check PDO setting!
2025-04-18 15:01:10,067 ERROR [default] Error: there is no ErrorCode in TxPDO mapping under this motor type, please check PDO setting!
2025-04-18 15:01:10,067 ERROR [default] Error: there is no ErrorCode in TxPDO mapping under this motor type, please check PDO setting!
2025-04-18 15:01:10,067 ERROR [default] Error: there is no ErrorCode in TxPDO mapping under this motor type, please check PDO setting!
2025-04-18 15:01:10,068 ERROR [default] Error: there is no ErrorCode in TxPDO mapping under this motor type, please check PDO setting!
2025-04-18 15:01:10,068 ERROR [default] Error: there is no ErrorCode in TxPDO mapping under this motor type, please check PDO setting!
2025-04-18 15:01:10,068 ERROR [default] Error: there is no ErrorCode in TxPDO mapping under this motor type, please check PDO setting!
2025-04-18 15:01:10,071 ERROR [default] Error: there is no ErrorCode in TxPDO mapping under this motor type, please check PDO setting!
2025-04-18 15:01:10,071 ERROR [default] Error: there is no ErrorCode in TxPDO mapping under this motor type, please check PDO setting!
2025-04-18 15:01:10,071 ERROR [default] Error: there is no ErrorCode in TxPDO mapping under this motor type, please check PDO setting!
2025-04-18 15:01:10,071 ERROR [default] Error: there is no ErrorCode in TxPDO mapping under this motor type, please check PDO setting!
2025-04-18 15:01:10,072 ERROR [default] Error: there is no ErrorCode in TxPDO mapping under this motor type, please check PDO setting!
2025-04-18 15:01:10,072 ERROR [default] Error: there is no ErrorCode in TxPDO mapping under this motor type, please check PDO setting!
2025-04-18 15:01:10,072 ERROR [default] Error: there is no ErrorCode in TxPDO mapping under this motor type, please check PDO setting!
2025-04-18 15:01:10,072 ERROR [default] Error: there is no ErrorCode in TxPDO mapping under this motor type, please check PDO setting!
2025-04-18 15:01:10,076 ERROR [default] Error: there is no ErrorCode in TxPDO mapping under this motor type, please check PDO setting!
2025-04-18 15:01:10,076 ERROR [default] Error: there is no ErrorCode in TxPDO mapping under this motor type, please check PDO setting!
2025-04-18 15:01:10,076 ERROR [default] Error: there is no ErrorCode in TxPDO mapping under this motor type, please check PDO setting!
2025-04-18 15:01:10,076 ERROR [default] Error: there is no ErrorCode in TxPDO mapping under this motor type, please check PDO setting!
2025-04-18 15:01:10,076 ERROR [default] Error: there is no ErrorCode in TxPDO mapping under this motor type, please check PDO setting!
2025-04-18 15:01:10,076 ERROR [default] Error: there is no ErrorCode in TxPDO mapping under this motor type, please check PDO setting!
2025-04-18 15:01:10,076 ERROR [default] Error: there is no ErrorCode in TxPDO mapping under this motor type, please check PDO setting!
2025-04-18 15:01:10,076 ERROR [default] Error: there is no ErrorCode in TxPDO mapping under this motor type, please check PDO setting!
2025-04-18 15:01:10,079 ERROR [default] Error: there is no ErrorCode in TxPDO mapping under this motor type, please check PDO setting!
2025-04-18 15:01:10,079 ERROR [default] Error: there is no ErrorCode in TxPDO mapping under this motor type, please check PDO setting!
2025-04-18 15:01:10,079 ERROR [default] Error: there is no ErrorCode in TxPDO mapping under this motor type, please check PDO setting!
2025-04-18 15:01:10,079 ERROR [default] Error: there is no ErrorCode in TxPDO mapping under this motor type, please check PDO setting!
2025-04-18 15:01:10,079 ERROR [default] Error: there is no ErrorCode in TxPDO mapping under this motor type, please check PDO setting!
2025-04-18 15:01:10,079 ERROR [default] Error: there is no ErrorCode in TxPDO mapping under this motor type, please check PDO setting!
2025-04-18 15:01:10,080 ERROR [default] Error: there is no ErrorCode in TxPDO mapping under this motor type, please check PDO setting!
2025-04-18 15:01:10,080 ERROR [default] Error: there is no ErrorCode in TxPDO mapping under this motor type, please check PDO setting!
2025-04-18 15:01:10,083 ERROR [default] Error: there is no ErrorCode in TxPDO mapping under this motor type, please check PDO setting!
2025-04-18 15:01:10,083 ERROR [default] Error: there is no ErrorCode in TxPDO mapping under this motor type, please check PDO setting!
2025-04-18 15:01:10,083 ERROR [default] Error: there is no ErrorCode in TxPDO mapping under this motor type, please check PDO setting!
2025-04-18 15:01:10,083 ERROR [default] Error: there is no ErrorCode in TxPDO mapping under this motor type, please check PDO setting!
2025-04-18 15:01:10,084 ERROR [default] Error: there is no ErrorCode in TxPDO mapping under this motor type, please check PDO setting!
2025-04-18 15:01:10,084 ERROR [default] Error: there is no ErrorCode in TxPDO mapping under this motor type, please check PDO setting!
2025-04-18 15:01:10,084 ERROR [default] Error: there is no ErrorCode in TxPDO mapping under this motor type, please check PDO setting!
2025-04-18 15:01:10,084 ERROR [default] Error: there is no ErrorCode in TxPDO mapping under this motor type, please check PDO setting!
2025-04-18 15:01:10,087 ERROR [default] Error: there is no ErrorCode in TxPDO mapping under this motor type, please check PDO setting!
2025-04-18 15:01:10,088 ERROR [default] Error: there is no ErrorCode in TxPDO mapping under this motor type, please check PDO setting!
2025-04-18 15:01:10,088 ERROR [default] Error: there is no ErrorCode in TxPDO mapping under this motor type, please check PDO setting!
2025-04-18 15:01:10,088 ERROR [default] Error: there is no ErrorCode in TxPDO mapping under this motor type, please check PDO setting!
2025-04-18 15:01:10,088 ERROR [default] Error: there is no ErrorCode in TxPDO mapping under this motor type, please check PDO setting!
2025-04-18 15:01:10,088 ERROR [default] Error: there is no ErrorCode in TxPDO mapping under this motor type, please check PDO setting!
2025-04-18 15:01:10,088 ERROR [default] Error: there is no ErrorCode in TxPDO mapping under this motor type, please check PDO setting!
2025-04-18 15:01:10,088 ERROR [default] Error: there is no ErrorCode in TxPDO mapping under this motor type, please check PDO setting!
2025-04-18 15:01:10,092 ERROR [default] Error: there is no ErrorCode in TxPDO mapping under this motor type, please check PDO setting!
2025-04-18 15:01:10,092 ERROR [default] Error: there is no ErrorCode in TxPDO mapping under this motor type, please check PDO setting!
2025-04-18 15:01:10,092 ERROR [default] Error: there is no ErrorCode in TxPDO mapping under this motor type, please check PDO setting!
2025-04-18 15:01:10,092 ERROR [default] Error: there is no ErrorCode in TxPDO mapping under this motor type, please check PDO setting!
2025-04-18 15:01:10,092 ERROR [default] Error: there is no ErrorCode in TxPDO mapping under this motor type, please check PDO setting!
2025-04-18 15:01:10,092 ERROR [default] Error: there is no ErrorCode in TxPDO mapping under this motor type, please check PDO setting!
2025-04-18 15:01:10,092 ERROR [default] Error: there is no ErrorCode in TxPDO mapping under this motor type, please check PDO setting!
2025-04-18 15:01:10,092 ERROR [default] Error: there is no ErrorCode in TxPDO mapping under this motor type, please check PDO setting!
2025-04-18 15:01:10,096 ERROR [default] Error: there is no ErrorCode in TxPDO mapping under this motor type, please check PDO setting!
2025-04-18 15:01:10,096 ERROR [default] Error: there is no ErrorCode in TxPDO mapping under this motor type, please check PDO setting!
2025-04-18 15:01:10,096 ERROR [default] Error: there is no ErrorCode in TxPDO mapping under this motor type, please check PDO setting!
2025-04-18 15:01:10,096 ERROR [default] Error: there is no ErrorCode in TxPDO mapping under this motor type, please check PDO setting!
2025-04-18 15:01:10,096 ERROR [default] Error: there is no ErrorCode in TxPDO mapping under this motor type, please check PDO setting!
2025-04-18 15:01:10,096 ERROR [default] Error: there is no ErrorCode in TxPDO mapping under this motor type, please check PDO setting!
2025-04-18 15:01:10,096 ERROR [default] Error: there is no ErrorCode in TxPDO mapping under this motor type, please check PDO setting!
2025-04-18 15:01:10,096 ERROR [default] Error: there is no ErrorCode in TxPDO mapping under this motor type, please check PDO setting!
2025-04-18 15:01:10,099 ERROR [default] Error: there is no ErrorCode in TxPDO mapping under this motor type, please check PDO setting!
2025-04-18 15:01:10,099 ERROR [default] Error: there is no ErrorCode in TxPDO mapping under this motor type, please check PDO setting!
2025-04-18 15:01:10,099 ERROR [default] Error: there is no ErrorCode in TxPDO mapping under this motor type, please check PDO setting!
2025-04-18 15:01:10,099 ERROR [default] Error: there is no ErrorCode in TxPDO mapping under this motor type, please check PDO setting!
2025-04-18 15:01:10,099 ERROR [default] Error: there is no ErrorCode in TxPDO mapping under this motor type, please check PDO setting!
2025-04-18 15:01:10,100 ERROR [default] Error: there is no ErrorCode in TxPDO mapping under this motor type, please check PDO setting!
2025-04-18 15:01:10,100 ERROR [default] Error: there is no ErrorCode in TxPDO mapping under this motor type, please check PDO setting!
2025-04-18 15:01:10,100 ERROR [default] Error: there is no ErrorCode in TxPDO mapping under this motor type, please check PDO setting!
2025-04-18 15:01:10,104 ERROR [default] Error: there is no ErrorCode in TxPDO mapping under this motor type, please check PDO setting!
2025-04-18 15:01:10,104 ERROR [default] Error: there is no ErrorCode in TxPDO mapping under this motor type, please check PDO setting!
2025-04-18 15:01:10,104 ERROR [default] Error: there is no ErrorCode in TxPDO mapping under this motor type, please check PDO setting!
2025-04-18 15:01:10,104 ERROR [default] Error: there is no ErrorCode in TxPDO mapping under this motor type, please check PDO setting!
2025-04-18 15:01:10,104 ERROR [default] Error: there is no ErrorCode in TxPDO mapping under this motor type, please check PDO setting!
2025-04-18 15:01:10,104 ERROR [default] Error: there is no ErrorCode in TxPDO mapping under this motor type, please check PDO setting!
2025-04-18 15:01:10,104 ERROR [default] Error: there is no ErrorCode in TxPDO mapping under this motor type, please check PDO setting!
2025-04-18 15:01:10,104 ERROR [default] Error: there is no ErrorCode in TxPDO mapping under this motor type, please check PDO setting!
2025-04-18 15:01:10,107 ERROR [default] Error: there is no ErrorCode in TxPDO mapping under this motor type, please check PDO setting!
2025-04-18 15:01:10,108 ERROR [default] Error: there is no ErrorCode in TxPDO mapping under this motor type, please check PDO setting!
2025-04-18 15:01:10,108 ERROR [default] Error: there is no ErrorCode in TxPDO mapping under this motor type, please check PDO setting!
2025-04-18 15:01:10,108 ERROR [default] Error: there is no ErrorCode in TxPDO mapping under this motor type, please check PDO setting!
2025-04-18 15:01:10,108 ERROR [default] Error: there is no ErrorCode in TxPDO mapping under this motor type, please check PDO setting!
2025-04-18 15:01:10,108 ERROR [default] Error: there is no ErrorCode in TxPDO mapping under this motor type, please check PDO setting!
2025-04-18 15:01:10,108 ERROR [default] Error: there is no ErrorCode in TxPDO mapping under this motor type, please check PDO setting!
2025-04-18 15:01:10,108 ERROR [default] Error: there is no ErrorCode in TxPDO mapping under this motor type, please check PDO setting!
2025-04-18 15:01:10,111 ERROR [default] Error: there is no ErrorCode in TxPDO mapping under this motor type, please check PDO setting!
2025-04-18 15:01:10,111 ERROR [default] Error: there is no ErrorCode in TxPDO mapping under this motor type, please check PDO setting!
2025-04-18 15:01:10,111 ERROR [default] Error: there is no ErrorCode in TxPDO mapping under this motor type, please check PDO setting!
2025-04-18 15:01:10,112 ERROR [default] Error: there is no ErrorCode in TxPDO mapping under this motor type, please check PDO setting!
2025-04-18 15:01:10,112 ERROR [default] Error: there is no ErrorCode in TxPDO mapping under this motor type, please check PDO setting!
2025-04-18 15:01:10,112 ERROR [default] Error: there is no ErrorCode in TxPDO mapping under this motor type, please check PDO setting!
2025-04-18 15:01:10,112 ERROR [default] Error: there is no ErrorCode in TxPDO mapping under this motor type, please check PDO setting!
2025-04-18 15:01:10,112 ERROR [default] Error: there is no ErrorCode in TxPDO mapping under this motor type, please check PDO setting!
2025-04-18 15:01:10,115 ERROR [default] Error: there is no ErrorCode in TxPDO mapping under this motor type, please check PDO setting!
2025-04-18 15:01:10,115 ERROR [default] Error: there is no ErrorCode in TxPDO mapping under this motor type, please check PDO setting!
2025-04-18 15:01:10,115 ERROR [default] Error: there is no ErrorCode in TxPDO mapping under this motor type, please check PDO setting!
2025-04-18 15:01:10,115 ERROR [default] Error: there is no ErrorCode in TxPDO mapping under this motor type, please check PDO setting!
2025-04-18 15:01:10,115 ERROR [default] Error: there is no ErrorCode in TxPDO mapping under this motor type, please check PDO setting!
2025-04-18 15:01:10,116 ERROR [default] Error: there is no ErrorCode in TxPDO mapping under this motor type, please check PDO setting!
2025-04-18 15:01:10,116 ERROR [default] Error: there is no ErrorCode in TxPDO mapping under this motor type, please check PDO setting!
2025-04-18 15:01:10,116 ERROR [default] Error: there is no ErrorCode in TxPDO mapping under this motor type, please check PDO setting!
2025-04-18 15:01:10,120 ERROR [default] Error: there is no ErrorCode in TxPDO mapping under this motor type, please check PDO setting!
2025-04-18 15:01:10,120 ERROR [default] Error: there is no ErrorCode in TxPDO mapping under this motor type, please check PDO setting!
2025-04-18 15:01:10,120 ERROR [default] Error: there is no ErrorCode in TxPDO mapping under this motor type, please check PDO setting!
2025-04-18 15:01:10,120 ERROR [default] Error: there is no ErrorCode in TxPDO mapping under this motor type, please check PDO setting!
2025-04-18 15:01:10,120 ERROR [default] Error: there is no ErrorCode in TxPDO mapping under this motor type, please check PDO setting!
2025-04-18 15:01:10,120 ERROR [default] Error: there is no ErrorCode in TxPDO mapping under this motor type, please check PDO setting!
2025-04-18 15:01:10,120 ERROR [default] Error: there is no ErrorCode in TxPDO mapping under this motor type, please check PDO setting!
2025-04-18 15:01:10,120 ERROR [default] Error: there is no ErrorCode in TxPDO mapping under this motor type, please check PDO setting!
2025-04-18 15:01:10,123 ERROR [default] Error: there is no ErrorCode in TxPDO mapping under this motor type, please check PDO setting!
2025-04-18 15:01:10,124 ERROR [default] Error: there is no ErrorCode in TxPDO mapping under this motor type, please check PDO setting!
2025-04-18 15:01:10,124 ERROR [default] Error: there is no ErrorCode in TxPDO mapping under this motor type, please check PDO setting!
2025-04-18 15:01:10,124 ERROR [default] Error: there is no ErrorCode in TxPDO mapping under this motor type, please check PDO setting!
2025-04-18 15:01:10,124 ERROR [default] Error: there is no ErrorCode in TxPDO mapping under this motor type, please check PDO setting!
2025-04-18 15:01:10,124 ERROR [default] Error: there is no ErrorCode in TxPDO mapping under this motor type, please check PDO setting!
2025-04-18 15:01:10,124 ERROR [default] Error: there is no ErrorCode in TxPDO mapping under this motor type, please check PDO setting!
2025-04-18 15:01:10,124 ERROR [default] Error: there is no ErrorCode in TxPDO mapping under this motor type, please check PDO setting!
2025-04-18 15:01:10,127 ERROR [default] Error: there is no ErrorCode in TxPDO mapping under this motor type, please check PDO setting!
2025-04-18 15:01:10,127 ERROR [default] Error: there is no ErrorCode in TxPDO mapping under this motor type, please check PDO setting!
2025-04-18 15:01:10,127 ERROR [default] Error: there is no ErrorCode in TxPDO mapping under this motor type, please check PDO setting!
2025-04-18 15:01:10,127 ERROR [default] Error: there is no ErrorCode in TxPDO mapping under this motor type, please check PDO setting!
2025-04-18 15:01:10,127 ERROR [default] Error: there is no ErrorCode in TxPDO mapping under this motor type, please check PDO setting!
2025-04-18 15:01:10,127 ERROR [default] Error: there is no ErrorCode in TxPDO mapping under this motor type, please check PDO setting!
2025-04-18 15:01:10,128 ERROR [default] Error: there is no ErrorCode in TxPDO mapping under this motor type, please check PDO setting!
2025-04-18 15:01:10,128 ERROR [default] Error: there is no ErrorCode in TxPDO mapping under this motor type, please check PDO setting!
2025-04-18 15:01:10,131 ERROR [default] Error: there is no ErrorCode in TxPDO mapping under this motor type, please check PDO setting!
2025-04-18 15:01:10,131 ERROR [default] Error: there is no ErrorCode in TxPDO mapping under this motor type, please check PDO setting!
2025-04-18 15:01:10,131 ERROR [default] Error: there is no ErrorCode in TxPDO mapping under this motor type, please check PDO setting!
2025-04-18 15:01:10,132 ERROR [default] Error: there is no ErrorCode in TxPDO mapping under this motor type, please check PDO setting!
2025-04-18 15:01:10,132 ERROR [default] Error: there is no ErrorCode in TxPDO mapping under this motor type, please check PDO setting!
2025-04-18 15:01:10,132 ERROR [default] Error: there is no ErrorCode in TxPDO mapping under this motor type, please check PDO setting!
2025-04-18 15:01:10,132 ERROR [default] Error: there is no ErrorCode in TxPDO mapping under this motor type, please check PDO setting!
2025-04-18 15:01:10,132 ERROR [default] Error: there is no ErrorCode in TxPDO mapping under this motor type, please check PDO setting!
2025-04-18 15:01:10,136 ERROR [default] Error: there is no ErrorCode in TxPDO mapping under this motor type, please check PDO setting!
2025-04-18 15:01:10,136 ERROR [default] Error: there is no ErrorCode in TxPDO mapping under this motor type, please check PDO setting!
2025-04-18 15:01:10,136 ERROR [default] Error: there is no ErrorCode in TxPDO mapping under this motor type, please check PDO setting!
2025-04-18 15:01:10,136 ERROR [default] Error: there is no ErrorCode in TxPDO mapping under this motor type, please check PDO setting!
2025-04-18 15:01:10,136 ERROR [default] Error: there is no ErrorCode in TxPDO mapping under this motor type, please check PDO setting!
2025-04-18 15:01:10,136 ERROR [default] Error: there is no ErrorCode in TxPDO mapping under this motor type, please check PDO setting!
2025-04-18 15:01:10,136 ERROR [default] Error: there is no ErrorCode in TxPDO mapping under this motor type, please check PDO setting!
2025-04-18 15:01:10,136 ERROR [default] Error: there is no ErrorCode in TxPDO mapping under this motor type, please check PDO setting!
2025-04-18 15:01:10,139 ERROR [default] Error: there is no ErrorCode in TxPDO mapping under this motor type, please check PDO setting!
2025-04-18 15:01:10,139 ERROR [default] Error: there is no ErrorCode in TxPDO mapping under this motor type, please check PDO setting!
2025-04-18 15:01:10,139 ERROR [default] Error: there is no ErrorCode in TxPDO mapping under this motor type, please check PDO setting!
2025-04-18 15:01:10,139 ERROR [default] Error: there is no ErrorCode in TxPDO mapping under this motor type, please check PDO setting!
2025-04-18 15:01:10,139 ERROR [default] Error: there is no ErrorCode in TxPDO mapping under this motor type, please check PDO setting!
2025-04-18 15:01:10,140 ERROR [default] Error: there is no ErrorCode in TxPDO mapping under this motor type, please check PDO setting!
2025-04-18 15:01:10,140 ERROR [default] Error: there is no ErrorCode in TxPDO mapping under this motor type, please check PDO setting!
2025-04-18 15:01:10,140 ERROR [default] Error: there is no ErrorCode in TxPDO mapping under this motor type, please check PDO setting!
2025-04-18 15:01:10,143 ERROR [default] Error: there is no ErrorCode in TxPDO mapping under this motor type, please check PDO setting!
2025-04-18 15:01:10,143 ERROR [default] Error: there is no ErrorCode in TxPDO mapping under this motor type, please check PDO setting!
2025-04-18 15:01:10,144 ERROR [default] Error: there is no ErrorCode in TxPDO mapping under this motor type, please check PDO setting!
2025-04-18 15:01:10,144 ERROR [default] Error: there is no ErrorCode in TxPDO mapping under this motor type, please check PDO setting!
2025-04-18 15:01:10,144 ERROR [default] Error: there is no ErrorCode in TxPDO mapping under this motor type, please check PDO setting!
2025-04-18 15:01:10,144 ERROR [default] Error: there is no ErrorCode in TxPDO mapping under this motor type, please check PDO setting!
2025-04-18 15:01:10,144 ERROR [default] Error: there is no ErrorCode in TxPDO mapping under this motor type, please check PDO setting!
2025-04-18 15:01:10,144 ERROR [default] Error: there is no ErrorCode in TxPDO mapping under this motor type, please check PDO setting!
2025-04-18 15:01:10,148 ERROR [default] Error: there is no ErrorCode in TxPDO mapping under this motor type, please check PDO setting!
2025-04-18 15:01:10,148 ERROR [default] Error: there is no ErrorCode in TxPDO mapping under this motor type, please check PDO setting!
2025-04-18 15:01:10,148 ERROR [default] Error: there is no ErrorCode in TxPDO mapping under this motor type, please check PDO setting!
2025-04-18 15:01:10,148 ERROR [default] Error: there is no ErrorCode in TxPDO mapping under this motor type, please check PDO setting!
2025-04-18 15:01:10,148 ERROR [default] Error: there is no ErrorCode in TxPDO mapping under this motor type, please check PDO setting!
2025-04-18 15:01:10,148 ERROR [default] Error: there is no ErrorCode in TxPDO mapping under this motor type, please check PDO setting!
2025-04-18 15:01:10,148 ERROR [default] Error: there is no ErrorCode in TxPDO mapping under this motor type, please check PDO setting!
2025-04-18 15:01:10,148 ERROR [default] Error: there is no ErrorCode in TxPDO mapping under this motor type, please check PDO setting!
2025-04-18 15:01:10,151 ERROR [default] Error: there is no ErrorCode in TxPDO mapping under this motor type, please check PDO setting!
2025-04-18 15:01:10,151 ERROR [default] Error: there is no ErrorCode in TxPDO mapping under this motor type, please check PDO setting!
2025-04-18 15:01:10,151 ERROR [default] Error: there is no ErrorCode in TxPDO mapping under this motor type, please check PDO setting!
2025-04-18 15:01:10,152 ERROR [default] Error: there is no ErrorCode in TxPDO mapping under this motor type, please check PDO setting!
2025-04-18 15:01:10,152 ERROR [default] Error: there is no ErrorCode in TxPDO mapping under this motor type, please check PDO setting!
2025-04-18 15:01:10,152 ERROR [default] Error: there is no ErrorCode in TxPDO mapping under this motor type, please check PDO setting!
2025-04-18 15:01:10,152 ERROR [default] Error: there is no ErrorCode in TxPDO mapping under this motor type, please check PDO setting!
2025-04-18 15:01:10,152 ERROR [default] Error: there is no ErrorCode in TxPDO mapping under this motor type, please check PDO setting!
2025-04-18 15:01:10,155 ERROR [default] Error: there is no ErrorCode in TxPDO mapping under this motor type, please check PDO setting!
2025-04-18 15:01:10,155 ERROR [default] Error: there is no ErrorCode in TxPDO mapping under this motor type, please check PDO setting!
2025-04-18 15:01:10,155 ERROR [default] Error: there is no ErrorCode in TxPDO mapping under this motor type, please check PDO setting!
2025-04-18 15:01:10,156 ERROR [default] Error: there is no ErrorCode in TxPDO mapping under this motor type, please check PDO setting!
2025-04-18 15:01:10,156 ERROR [default] Error: there is no ErrorCode in TxPDO mapping under this motor type, please check PDO setting!
2025-04-18 15:01:10,156 ERROR [default] Error: there is no ErrorCode in TxPDO mapping under this motor type, please check PDO setting!
2025-04-18 15:01:10,156 ERROR [default] Error: there is no ErrorCode in TxPDO mapping under this motor type, please check PDO setting!
2025-04-18 15:01:10,156 ERROR [default] Error: there is no ErrorCode in TxPDO mapping under this motor type, please check PDO setting!
2025-04-18 15:01:10,159 ERROR [default] Error: there is no ErrorCode in TxPDO mapping under this motor type, please check PDO setting!
2025-04-18 15:01:10,159 ERROR [default] Error: there is no ErrorCode in TxPDO mapping under this motor type, please check PDO setting!
2025-04-18 15:01:10,159 ERROR [default] Error: there is no ErrorCode in TxPDO mapping under this motor type, please check PDO setting!
2025-04-18 15:01:10,159 ERROR [default] Error: there is no ErrorCode in TxPDO mapping under this motor type, please check PDO setting!
2025-04-18 15:01:10,159 ERROR [default] Error: there is no ErrorCode in TxPDO mapping under this motor type, please check PDO setting!
2025-04-18 15:01:10,159 ERROR [default] Error: there is no ErrorCode in TxPDO mapping under this motor type, please check PDO setting!
2025-04-18 15:01:10,159 ERROR [default] Error: there is no ErrorCode in TxPDO mapping under this motor type, please check PDO setting!
2025-04-18 15:01:10,160 ERROR [default] Error: there is no ErrorCode in TxPDO mapping under this motor type, please check PDO setting!
2025-04-18 15:01:10,163 ERROR [default] Error: there is no ErrorCode in TxPDO mapping under this motor type, please check PDO setting!
2025-04-18 15:01:10,163 ERROR [default] Error: there is no ErrorCode in TxPDO mapping under this motor type, please check PDO setting!
2025-04-18 15:01:10,163 ERROR [default] Error: there is no ErrorCode in TxPDO mapping under this motor type, please check PDO setting!
2025-04-18 15:01:10,163 ERROR [default] Error: there is no ErrorCode in TxPDO mapping under this motor type, please check PDO setting!
2025-04-18 15:01:10,164 ERROR [default] Error: there is no ErrorCode in TxPDO mapping under this motor type, please check PDO setting!
2025-04-18 15:01:10,164 ERROR [default] Error: there is no ErrorCode in TxPDO mapping under this motor type, please check PDO setting!
2025-04-18 15:01:10,164 ERROR [default] Error: there is no ErrorCode in TxPDO mapping under this motor type, please check PDO setting!
2025-04-18 15:01:10,164 ERROR [default] Error: there is no ErrorCode in TxPDO mapping under this motor type, please check PDO setting!
2025-04-18 15:01:10,167 ERROR [default] Error: there is no ErrorCode in TxPDO mapping under this motor type, please check PDO setting!
2025-04-18 15:01:10,168 ERROR [default] Error: there is no ErrorCode in TxPDO mapping under this motor type, please check PDO setting!
2025-04-18 15:01:10,168 ERROR [default] Error: there is no ErrorCode in TxPDO mapping under this motor type, please check PDO setting!
2025-04-18 15:01:10,168 ERROR [default] Error: there is no ErrorCode in TxPDO mapping under this motor type, please check PDO setting!
2025-04-18 15:01:10,168 ERROR [default] Error: there is no ErrorCode in TxPDO mapping under this motor type, please check PDO setting!
2025-04-18 15:01:10,168 ERROR [default] Error: there is no ErrorCode in TxPDO mapping under this motor type, please check PDO setting!
2025-04-18 15:01:10,168 ERROR [default] Error: there is no ErrorCode in TxPDO mapping under this motor type, please check PDO setting!
2025-04-18 15:01:10,168 ERROR [default] Error: there is no ErrorCode in TxPDO mapping under this motor type, please check PDO setting!
2025-04-18 15:01:10,171 ERROR [default] Error: there is no ErrorCode in TxPDO mapping under this motor type, please check PDO setting!
2025-04-18 15:01:10,171 ERROR [default] Error: there is no ErrorCode in TxPDO mapping under this motor type, please check PDO setting!
2025-04-18 15:01:10,171 ERROR [default] Error: there is no ErrorCode in TxPDO mapping under this motor type, please check PDO setting!
2025-04-18 15:01:10,171 ERROR [default] Error: there is no ErrorCode in TxPDO mapping under this motor type, please check PDO setting!
2025-04-18 15:01:10,171 ERROR [default] Error: there is no ErrorCode in TxPDO mapping under this motor type, please check PDO setting!
2025-04-18 15:01:10,171 ERROR [default] Error: there is no ErrorCode in TxPDO mapping under this motor type, please check PDO setting!
2025-04-18 15:01:10,172 ERROR [default] Error: there is no ErrorCode in TxPDO mapping under this motor type, please check PDO setting!
2025-04-18 15:01:10,172 ERROR [default] Error: there is no ErrorCode in TxPDO mapping under this motor type, please check PDO setting!
2025-04-18 15:01:10,176 ERROR [default] Error: there is no ErrorCode in TxPDO mapping under this motor type, please check PDO setting!
2025-04-18 15:01:10,176 ERROR [default] Error: there is no ErrorCode in TxPDO mapping under this motor type, please check PDO setting!
2025-04-18 15:01:10,176 ERROR [default] Error: there is no ErrorCode in TxPDO mapping under this motor type, please check PDO setting!
2025-04-18 15:01:10,176 ERROR [default] Error: there is no ErrorCode in TxPDO mapping under this motor type, please check PDO setting!
2025-04-18 15:01:10,176 ERROR [default] Error: there is no ErrorCode in TxPDO mapping under this motor type, please check PDO setting!
2025-04-18 15:01:10,176 ERROR [default] Error: there is no ErrorCode in TxPDO mapping under this motor type, please check PDO setting!
2025-04-18 15:01:10,176 ERROR [default] Error: there is no ErrorCode in TxPDO mapping under this motor type, please check PDO setting!
2025-04-18 15:01:10,176 ERROR [default] Error: there is no ErrorCode in TxPDO mapping under this motor type, please check PDO setting!
2025-04-18 15:01:10,179 ERROR [default] Error: there is no ErrorCode in TxPDO mapping under this motor type, please check PDO setting!
2025-04-18 15:01:10,180 ERROR [default] Error: there is no ErrorCode in TxPDO mapping under this motor type, please check PDO setting!
2025-04-18 15:01:10,180 ERROR [default] Error: there is no ErrorCode in TxPDO mapping under this motor type, please check PDO setting!
2025-04-18 15:01:10,180 ERROR [default] Error: there is no ErrorCode in TxPDO mapping under this motor type, please check PDO setting!
2025-04-18 15:01:10,180 ERROR [default] Error: there is no ErrorCode in TxPDO mapping under this motor type, please check PDO setting!
2025-04-18 15:01:10,180 ERROR [default] Error: there is no ErrorCode in TxPDO mapping under this motor type, please check PDO setting!
2025-04-18 15:01:10,180 ERROR [default] Error: there is no ErrorCode in TxPDO mapping under this motor type, please check PDO setting!
2025-04-18 15:01:10,180 ERROR [default] Error: there is no ErrorCode in TxPDO mapping under this motor type, please check PDO setting!
2025-04-18 15:01:10,183 ERROR [default] Error: there is no ErrorCode in TxPDO mapping under this motor type, please check PDO setting!
2025-04-18 15:01:10,183 ERROR [default] Error: there is no ErrorCode in TxPDO mapping under this motor type, please check PDO setting!
2025-04-18 15:01:10,183 ERROR [default] Error: there is no ErrorCode in TxPDO mapping under this motor type, please check PDO setting!
2025-04-18 15:01:10,183 ERROR [default] Error: there is no ErrorCode in TxPDO mapping under this motor type, please check PDO setting!
2025-04-18 15:01:10,183 ERROR [default] Error: there is no ErrorCode in TxPDO mapping under this motor type, please check PDO setting!
2025-04-18 15:01:10,183 ERROR [default] Error: there is no ErrorCode in TxPDO mapping under this motor type, please check PDO setting!
2025-04-18 15:01:10,184 ERROR [default] Error: there is no ErrorCode in TxPDO mapping under this motor type, please check PDO setting!
2025-04-18 15:01:10,184 ERROR [default] Error: there is no ErrorCode in TxPDO mapping under this motor type, please check PDO setting!
2025-04-18 15:01:10,188 ERROR [default] Error: there is no ErrorCode in TxPDO mapping under this motor type, please check PDO setting!
2025-04-18 15:01:10,188 ERROR [default] Error: there is no ErrorCode in TxPDO mapping under this motor type, please check PDO setting!
2025-04-18 15:01:10,188 ERROR [default] Error: there is no ErrorCode in TxPDO mapping under this motor type, please check PDO setting!
2025-04-18 15:01:10,188 ERROR [default] Error: there is no ErrorCode in TxPDO mapping under this motor type, please check PDO setting!
2025-04-18 15:01:10,188 ERROR [default] Error: there is no ErrorCode in TxPDO mapping under this motor type, please check PDO setting!
2025-04-18 15:01:10,188 ERROR [default] Error: there is no ErrorCode in TxPDO mapping under this motor type, please check PDO setting!
2025-04-18 15:01:10,188 ERROR [default] Error: there is no ErrorCode in TxPDO mapping under this motor type, please check PDO setting!
2025-04-18 15:01:10,188 ERROR [default] Error: there is no ErrorCode in TxPDO mapping under this motor type, please check PDO setting!
2025-04-18 15:01:10,192 ERROR [default] Error: there is no ErrorCode in TxPDO mapping under this motor type, please check PDO setting!
2025-04-18 15:01:10,192 ERROR [default] Error: there is no ErrorCode in TxPDO mapping under this motor type, please check PDO setting!
2025-04-18 15:01:10,192 ERROR [default] Error: there is no ErrorCode in TxPDO mapping under this motor type, please check PDO setting!
2025-04-18 15:01:10,192 ERROR [default] Error: there is no ErrorCode in TxPDO mapping under this motor type, please check PDO setting!
2025-04-18 15:01:10,192 ERROR [default] Error: there is no ErrorCode in TxPDO mapping under this motor type, please check PDO setting!
2025-04-18 15:01:10,192 ERROR [default] Error: there is no ErrorCode in TxPDO mapping under this motor type, please check PDO setting!
2025-04-18 15:01:10,192 ERROR [default] Error: there is no ErrorCode in TxPDO mapping under this motor type, please check PDO setting!
2025-04-18 15:01:10,192 ERROR [default] Error: there is no ErrorCode in TxPDO mapping under this motor type, please check PDO setting!
2025-04-18 15:01:10,195 ERROR [default] Error: there is no ErrorCode in TxPDO mapping under this motor type, please check PDO setting!
2025-04-18 15:01:10,195 ERROR [default] Error: there is no ErrorCode in TxPDO mapping under this motor type, please check PDO setting!
2025-04-18 15:01:10,195 ERROR [default] Error: there is no ErrorCode in TxPDO mapping under this motor type, please check PDO setting!
2025-04-18 15:01:10,195 ERROR [default] Error: there is no ErrorCode in TxPDO mapping under this motor type, please check PDO setting!
2025-04-18 15:01:10,195 ERROR [default] Error: there is no ErrorCode in TxPDO mapping under this motor type, please check PDO setting!
2025-04-18 15:01:10,195 ERROR [default] Error: there is no ErrorCode in TxPDO mapping under this motor type, please check PDO setting!
2025-04-18 15:01:10,196 ERROR [default] Error: there is no ErrorCode in TxPDO mapping under this motor type, please check PDO setting!
2025-04-18 15:01:10,196 ERROR [default] Error: there is no ErrorCode in TxPDO mapping under this motor type, please check PDO setting!
2025-04-18 15:01:10,199 ERROR [default] Error: there is no ErrorCode in TxPDO mapping under this motor type, please check PDO setting!
2025-04-18 15:01:10,199 ERROR [default] Error: there is no ErrorCode in TxPDO mapping under this motor type, please check PDO setting!
2025-04-18 15:01:10,200 ERROR [default] Error: there is no ErrorCode in TxPDO mapping under this motor type, please check PDO setting!
2025-04-18 15:01:10,200 ERROR [default] Error: there is no ErrorCode in TxPDO mapping under this motor type, please check PDO setting!
2025-04-18 15:01:10,200 ERROR [default] Error: there is no ErrorCode in TxPDO mapping under this motor type, please check PDO setting!
2025-04-18 15:01:10,200 ERROR [default] Error: there is no ErrorCode in TxPDO mapping under this motor type, please check PDO setting!
2025-04-18 15:01:10,200 ERROR [default] Error: there is no ErrorCode in TxPDO mapping under this motor type, please check PDO setting!
2025-04-18 15:01:10,200 ERROR [default] Error: there is no ErrorCode in TxPDO mapping under this motor type, please check PDO setting!
2025-04-18 15:01:10,203 ERROR [default] Error: there is no ErrorCode in TxPDO mapping under this motor type, please check PDO setting!
2025-04-18 15:01:10,203 ERROR [default] Error: there is no ErrorCode in TxPDO mapping under this motor type, please check PDO setting!
2025-04-18 15:01:10,203 ERROR [default] Error: there is no ErrorCode in TxPDO mapping under this motor type, please check PDO setting!
2025-04-18 15:01:10,203 ERROR [default] Error: there is no ErrorCode in TxPDO mapping under this motor type, please check PDO setting!
2025-04-18 15:01:10,203 ERROR [default] Error: there is no ErrorCode in TxPDO mapping under this motor type, please check PDO setting!
2025-04-18 15:01:10,203 ERROR [default] Error: there is no ErrorCode in TxPDO mapping under this motor type, please check PDO setting!
2025-04-18 15:01:10,203 ERROR [default] Error: there is no ErrorCode in TxPDO mapping under this motor type, please check PDO setting!
2025-04-18 15:01:10,204 ERROR [default] Error: there is no ErrorCode in TxPDO mapping under this motor type, please check PDO setting!
2025-04-18 15:01:10,207 ERROR [default] Error: there is no ErrorCode in TxPDO mapping under this motor type, please check PDO setting!
2025-04-18 15:01:10,207 ERROR [default] Error: there is no ErrorCode in TxPDO mapping under this motor type, please check PDO setting!
2025-04-18 15:01:10,207 ERROR [default] Error: there is no ErrorCode in TxPDO mapping under this motor type, please check PDO setting!
2025-04-18 15:01:10,208 ERROR [default] Error: there is no ErrorCode in TxPDO mapping under this motor type, please check PDO setting!
2025-04-18 15:01:10,208 ERROR [default] Error: there is no ErrorCode in TxPDO mapping under this motor type, please check PDO setting!
2025-04-18 15:01:10,208 ERROR [default] Error: there is no ErrorCode in TxPDO mapping under this motor type, please check PDO setting!
2025-04-18 15:01:10,208 ERROR [default] Error: there is no ErrorCode in TxPDO mapping under this motor type, please check PDO setting!
2025-04-18 15:01:10,208 ERROR [default] Error: there is no ErrorCode in TxPDO mapping under this motor type, please check PDO setting!
2025-04-18 15:01:10,212 ERROR [default] Error: there is no ErrorCode in TxPDO mapping under this motor type, please check PDO setting!
2025-04-18 15:01:10,212 ERROR [default] Error: there is no ErrorCode in TxPDO mapping under this motor type, please check PDO setting!
2025-04-18 15:01:10,212 ERROR [default] Error: there is no ErrorCode in TxPDO mapping under this motor type, please check PDO setting!
2025-04-18 15:01:10,212 ERROR [default] Error: there is no ErrorCode in TxPDO mapping under this motor type, please check PDO setting!
2025-04-18 15:01:10,212 ERROR [default] Error: there is no ErrorCode in TxPDO mapping under this motor type, please check PDO setting!
2025-04-18 15:01:10,212 ERROR [default] Error: there is no ErrorCode in TxPDO mapping under this motor type, please check PDO setting!
2025-04-18 15:01:10,212 ERROR [default] Error: there is no ErrorCode in TxPDO mapping under this motor type, please check PDO setting!
2025-04-18 15:01:10,212 ERROR [default] Error: there is no ErrorCode in TxPDO mapping under this motor type, please check PDO setting!
2025-04-18 15:01:10,216 ERROR [default] Error: there is no ErrorCode in TxPDO mapping under this motor type, please check PDO setting!
2025-04-18 15:01:10,216 ERROR [default] Error: there is no ErrorCode in TxPDO mapping under this motor type, please check PDO setting!
2025-04-18 15:01:10,216 ERROR [default] Error: there is no ErrorCode in TxPDO mapping under this motor type, please check PDO setting!
2025-04-18 15:01:10,216 ERROR [default] Error: there is no ErrorCode in TxPDO mapping under this motor type, please check PDO setting!
2025-04-18 15:01:10,216 ERROR [default] Error: there is no ErrorCode in TxPDO mapping under this motor type, please check PDO setting!
2025-04-18 15:01:10,216 ERROR [default] Error: there is no ErrorCode in TxPDO mapping under this motor type, please check PDO setting!
2025-04-18 15:01:10,216 ERROR [default] Error: there is no ErrorCode in TxPDO mapping under this motor type, please check PDO setting!
2025-04-18 15:01:10,216 ERROR [default] Error: there is no ErrorCode in TxPDO mapping under this motor type, please check PDO setting!
2025-04-18 15:01:10,220 ERROR [default] Error: there is no ErrorCode in TxPDO mapping under this motor type, please check PDO setting!
2025-04-18 15:01:10,220 ERROR [default] Error: there is no ErrorCode in TxPDO mapping under this motor type, please check PDO setting!
2025-04-18 15:01:10,220 ERROR [default] Error: there is no ErrorCode in TxPDO mapping under this motor type, please check PDO setting!
2025-04-18 15:01:10,220 ERROR [default] Error: there is no ErrorCode in TxPDO mapping under this motor type, please check PDO setting!
2025-04-18 15:01:10,220 ERROR [default] Error: there is no ErrorCode in TxPDO mapping under this motor type, please check PDO setting!
2025-04-18 15:01:10,220 ERROR [default] Error: there is no ErrorCode in TxPDO mapping under this motor type, please check PDO setting!
2025-04-18 15:01:10,220 ERROR [default] Error: there is no ErrorCode in TxPDO mapping under this motor type, please check PDO setting!
2025-04-18 15:01:10,220 ERROR [default] Error: there is no ErrorCode in TxPDO mapping under this motor type, please check PDO setting!
2025-04-18 15:01:10,224 ERROR [default] Error: there is no ErrorCode in TxPDO mapping under this motor type, please check PDO setting!
2025-04-18 15:01:10,224 ERROR [default] Error: there is no ErrorCode in TxPDO mapping under this motor type, please check PDO setting!
2025-04-18 15:01:10,224 ERROR [default] Error: there is no ErrorCode in TxPDO mapping under this motor type, please check PDO setting!
2025-04-18 15:01:10,224 ERROR [default] Error: there is no ErrorCode in TxPDO mapping under this motor type, please check PDO setting!
2025-04-18 15:01:10,224 ERROR [default] Error: there is no ErrorCode in TxPDO mapping under this motor type, please check PDO setting!
2025-04-18 15:01:10,224 ERROR [default] Error: there is no ErrorCode in TxPDO mapping under this motor type, please check PDO setting!
2025-04-18 15:01:10,224 ERROR [default] Error: there is no ErrorCode in TxPDO mapping under this motor type, please check PDO setting!
2025-04-18 15:01:10,224 ERROR [default] Error: there is no ErrorCode in TxPDO mapping under this motor type, please check PDO setting!
2025-04-18 15:01:10,227 ERROR [default] Error: there is no ErrorCode in TxPDO mapping under this motor type, please check PDO setting!
2025-04-18 15:01:10,227 ERROR [default] Error: there is no ErrorCode in TxPDO mapping under this motor type, please check PDO setting!
2025-04-18 15:01:10,227 ERROR [default] Error: there is no ErrorCode in TxPDO mapping under this motor type, please check PDO setting!
2025-04-18 15:01:10,228 ERROR [default] Error: there is no ErrorCode in TxPDO mapping under this motor type, please check PDO setting!
2025-04-18 15:01:10,228 ERROR [default] Error: there is no ErrorCode in TxPDO mapping under this motor type, please check PDO setting!
2025-04-18 15:01:10,228 ERROR [default] Error: there is no ErrorCode in TxPDO mapping under this motor type, please check PDO setting!
2025-04-18 15:01:10,228 ERROR [default] Error: there is no ErrorCode in TxPDO mapping under this motor type, please check PDO setting!
2025-04-18 15:01:10,228 ERROR [default] Error: there is no ErrorCode in TxPDO mapping under this motor type, please check PDO setting!
2025-04-18 15:01:10,231 ERROR [default] Error: there is no ErrorCode in TxPDO mapping under this motor type, please check PDO setting!
2025-04-18 15:01:10,232 ERROR [default] Error: there is no ErrorCode in TxPDO mapping under this motor type, please check PDO setting!
2025-04-18 15:01:10,232 ERROR [default] Error: there is no ErrorCode in TxPDO mapping under this motor type, please check PDO setting!
2025-04-18 15:01:10,232 ERROR [default] Error: there is no ErrorCode in TxPDO mapping under this motor type, please check PDO setting!
2025-04-18 15:01:10,232 ERROR [default] Error: there is no ErrorCode in TxPDO mapping under this motor type, please check PDO setting!
2025-04-18 15:01:10,232 ERROR [default] Error: there is no ErrorCode in TxPDO mapping under this motor type, please check PDO setting!
2025-04-18 15:01:10,232 ERROR [default] Error: there is no ErrorCode in TxPDO mapping under this motor type, please check PDO setting!
2025-04-18 15:01:10,232 ERROR [default] Error: there is no ErrorCode in TxPDO mapping under this motor type, please check PDO setting!
2025-04-18 15:01:10,236 ERROR [default] Error: there is no ErrorCode in TxPDO mapping under this motor type, please check PDO setting!
2025-04-18 15:01:10,236 ERROR [default] Error: there is no ErrorCode in TxPDO mapping under this motor type, please check PDO setting!
2025-04-18 15:01:10,236 ERROR [default] Error: there is no ErrorCode in TxPDO mapping under this motor type, please check PDO setting!
2025-04-18 15:01:10,236 ERROR [default] Error: there is no ErrorCode in TxPDO mapping under this motor type, please check PDO setting!
2025-04-18 15:01:10,236 ERROR [default] Error: there is no ErrorCode in TxPDO mapping under this motor type, please check PDO setting!
2025-04-18 15:01:10,236 ERROR [default] Error: there is no ErrorCode in TxPDO mapping under this motor type, please check PDO setting!
2025-04-18 15:01:10,236 ERROR [default] Error: there is no ErrorCode in TxPDO mapping under this motor type, please check PDO setting!
2025-04-18 15:01:10,236 ERROR [default] Error: there is no ErrorCode in TxPDO mapping under this motor type, please check PDO setting!
2025-04-18 15:01:10,239 ERROR [default] Error: there is no ErrorCode in TxPDO mapping under this motor type, please check PDO setting!
2025-04-18 15:01:10,240 ERROR [default] Error: there is no ErrorCode in TxPDO mapping under this motor type, please check PDO setting!
2025-04-18 15:01:10,240 ERROR [default] Error: there is no ErrorCode in TxPDO mapping under this motor type, please check PDO setting!
2025-04-18 15:01:10,240 ERROR [default] Error: there is no ErrorCode in TxPDO mapping under this motor type, please check PDO setting!
2025-04-18 15:01:10,240 ERROR [default] Error: there is no ErrorCode in TxPDO mapping under this motor type, please check PDO setting!
2025-04-18 15:01:10,240 ERROR [default] Error: there is no ErrorCode in TxPDO mapping under this motor type, please check PDO setting!
2025-04-18 15:01:10,240 ERROR [default] Error: there is no ErrorCode in TxPDO mapping under this motor type, please check PDO setting!
2025-04-18 15:01:10,240 ERROR [default] Error: there is no ErrorCode in TxPDO mapping under this motor type, please check PDO setting!
2025-04-18 15:01:10,243 ERROR [default] Error: there is no ErrorCode in TxPDO mapping under this motor type, please check PDO setting!
2025-04-18 15:01:10,243 ERROR [default] Error: there is no ErrorCode in TxPDO mapping under this motor type, please check PDO setting!
2025-04-18 15:01:10,243 ERROR [default] Error: there is no ErrorCode in TxPDO mapping under this motor type, please check PDO setting!
2025-04-18 15:01:10,243 ERROR [default] Error: there is no ErrorCode in TxPDO mapping under this motor type, please check PDO setting!
2025-04-18 15:01:10,243 ERROR [default] Error: there is no ErrorCode in TxPDO mapping under this motor type, please check PDO setting!
2025-04-18 15:01:10,243 ERROR [default] Error: there is no ErrorCode in TxPDO mapping under this motor type, please check PDO setting!
2025-04-18 15:01:10,244 ERROR [default] Error: there is no ErrorCode in TxPDO mapping under this motor type, please check PDO setting!
2025-04-18 15:01:10,244 ERROR [default] Error: there is no ErrorCode in TxPDO mapping under this motor type, please check PDO setting!
2025-04-18 15:01:10,247 ERROR [default] Error: there is no ErrorCode in TxPDO mapping under this motor type, please check PDO setting!
2025-04-18 15:01:10,247 ERROR [default] Error: there is no ErrorCode in TxPDO mapping under this motor type, please check PDO setting!
2025-04-18 15:01:10,247 ERROR [default] Error: there is no ErrorCode in TxPDO mapping under this motor type, please check PDO setting!
2025-04-18 15:01:10,247 ERROR [default] Error: there is no ErrorCode in TxPDO mapping under this motor type, please check PDO setting!
2025-04-18 15:01:10,248 ERROR [default] Error: there is no ErrorCode in TxPDO mapping under this motor type, please check PDO setting!
2025-04-18 15:01:10,248 ERROR [default] Error: there is no ErrorCode in TxPDO mapping under this motor type, please check PDO setting!
2025-04-18 15:01:10,248 ERROR [default] Error: there is no ErrorCode in TxPDO mapping under this motor type, please check PDO setting!
2025-04-18 15:01:10,248 ERROR [default] Error: there is no ErrorCode in TxPDO mapping under this motor type, please check PDO setting!
2025-04-18 15:01:10,252 ERROR [default] Error: there is no ErrorCode in TxPDO mapping under this motor type, please check PDO setting!
2025-04-18 15:01:10,252 ERROR [default] Error: there is no ErrorCode in TxPDO mapping under this motor type, please check PDO setting!
2025-04-18 15:01:10,252 ERROR [default] Error: there is no ErrorCode in TxPDO mapping under this motor type, please check PDO setting!
2025-04-18 15:01:10,252 ERROR [default] Error: there is no ErrorCode in TxPDO mapping under this motor type, please check PDO setting!
2025-04-18 15:01:10,252 ERROR [default] Error: there is no ErrorCode in TxPDO mapping under this motor type, please check PDO setting!
2025-04-18 15:01:10,252 ERROR [default] Error: there is no ErrorCode in TxPDO mapping under this motor type, please check PDO setting!
2025-04-18 15:01:10,252 ERROR [default] Error: there is no ErrorCode in TxPDO mapping under this motor type, please check PDO setting!
2025-04-18 15:01:10,252 ERROR [default] Error: there is no ErrorCode in TxPDO mapping under this motor type, please check PDO setting!
2025-04-18 15:01:10,256 ERROR [default] Error: there is no ErrorCode in TxPDO mapping under this motor type, please check PDO setting!
2025-04-18 15:01:10,256 ERROR [default] Error: there is no ErrorCode in TxPDO mapping under this motor type, please check PDO setting!
2025-04-18 15:01:10,256 ERROR [default] Error: there is no ErrorCode in TxPDO mapping under this motor type, please check PDO setting!
2025-04-18 15:01:10,256 ERROR [default] Error: there is no ErrorCode in TxPDO mapping under this motor type, please check PDO setting!
2025-04-18 15:01:10,256 ERROR [default] Error: there is no ErrorCode in TxPDO mapping under this motor type, please check PDO setting!
2025-04-18 15:01:10,256 ERROR [default] Error: there is no ErrorCode in TxPDO mapping under this motor type, please check PDO setting!
2025-04-18 15:01:10,256 ERROR [default] Error: there is no ErrorCode in TxPDO mapping under this motor type, please check PDO setting!
2025-04-18 15:01:10,256 ERROR [default] Error: there is no ErrorCode in TxPDO mapping under this motor type, please check PDO setting!
2025-04-18 15:01:10,259 ERROR [default] Error: there is no ErrorCode in TxPDO mapping under this motor type, please check PDO setting!
2025-04-18 15:01:10,259 ERROR [default] Error: there is no ErrorCode in TxPDO mapping under this motor type, please check PDO setting!
2025-04-18 15:01:10,259 ERROR [default] Error: there is no ErrorCode in TxPDO mapping under this motor type, please check PDO setting!
2025-04-18 15:01:10,259 ERROR [default] Error: there is no ErrorCode in TxPDO mapping under this motor type, please check PDO setting!
2025-04-18 15:01:10,259 ERROR [default] Error: there is no ErrorCode in TxPDO mapping under this motor type, please check PDO setting!
2025-04-18 15:01:10,259 ERROR [default] Error: there is no ErrorCode in TxPDO mapping under this motor type, please check PDO setting!
2025-04-18 15:01:10,259 ERROR [default] Error: there is no ErrorCode in TxPDO mapping under this motor type, please check PDO setting!
2025-04-18 15:01:10,259 ERROR [default] Error: there is no ErrorCode in TxPDO mapping under this motor type, please check PDO setting!
2025-04-18 15:01:10,263 ERROR [default] Error: there is no ErrorCode in TxPDO mapping under this motor type, please check PDO setting!
2025-04-18 15:01:10,263 ERROR [default] Error: there is no ErrorCode in TxPDO mapping under this motor type, please check PDO setting!
2025-04-18 15:01:10,263 ERROR [default] Error: there is no ErrorCode in TxPDO mapping under this motor type, please check PDO setting!
2025-04-18 15:01:10,263 ERROR [default] Error: there is no ErrorCode in TxPDO mapping under this motor type, please check PDO setting!
2025-04-18 15:01:10,263 ERROR [default] Error: there is no ErrorCode in TxPDO mapping under this motor type, please check PDO setting!
2025-04-18 15:01:10,263 ERROR [default] Error: there is no ErrorCode in TxPDO mapping under this motor type, please check PDO setting!
2025-04-18 15:01:10,264 ERROR [default] Error: there is no ErrorCode in TxPDO mapping under this motor type, please check PDO setting!
2025-04-18 15:01:10,264 ERROR [default] Error: there is no ErrorCode in TxPDO mapping under this motor type, please check PDO setting!
2025-04-18 15:01:10,267 ERROR [default] Error: there is no ErrorCode in TxPDO mapping under this motor type, please check PDO setting!
2025-04-18 15:01:10,267 ERROR [default] Error: there is no ErrorCode in TxPDO mapping under this motor type, please check PDO setting!
2025-04-18 15:01:10,267 ERROR [default] Error: there is no ErrorCode in TxPDO mapping under this motor type, please check PDO setting!
2025-04-18 15:01:10,268 ERROR [default] Error: there is no ErrorCode in TxPDO mapping under this motor type, please check PDO setting!
2025-04-18 15:01:10,268 ERROR [default] Error: there is no ErrorCode in TxPDO mapping under this motor type, please check PDO setting!
2025-04-18 15:01:10,268 ERROR [default] Error: there is no ErrorCode in TxPDO mapping under this motor type, please check PDO setting!
2025-04-18 15:01:10,268 ERROR [default] Error: there is no ErrorCode in TxPDO mapping under this motor type, please check PDO setting!
2025-04-18 15:01:10,268 ERROR [default] Error: there is no ErrorCode in TxPDO mapping under this motor type, please check PDO setting!
2025-04-18 15:01:10,271 ERROR [default] Error: there is no ErrorCode in TxPDO mapping under this motor type, please check PDO setting!
2025-04-18 15:01:10,272 ERROR [default] Error: there is no ErrorCode in TxPDO mapping under this motor type, please check PDO setting!
2025-04-18 15:01:10,272 ERROR [default] Error: there is no ErrorCode in TxPDO mapping under this motor type, please check PDO setting!
2025-04-18 15:01:10,272 ERROR [default] Error: there is no ErrorCode in TxPDO mapping under this motor type, please check PDO setting!
2025-04-18 15:01:10,272 ERROR [default] Error: there is no ErrorCode in TxPDO mapping under this motor type, please check PDO setting!
2025-04-18 15:01:10,272 ERROR [default] Error: there is no ErrorCode in TxPDO mapping under this motor type, please check PDO setting!
2025-04-18 15:01:10,272 ERROR [default] Error: there is no ErrorCode in TxPDO mapping under this motor type, please check PDO setting!
2025-04-18 15:01:10,272 ERROR [default] Error: there is no ErrorCode in TxPDO mapping under this motor type, please check PDO setting!
2025-04-18 15:01:10,276 ERROR [default] Error: there is no ErrorCode in TxPDO mapping under this motor type, please check PDO setting!
2025-04-18 15:01:10,276 ERROR [default] Error: there is no ErrorCode in TxPDO mapping under this motor type, please check PDO setting!
2025-04-18 15:01:10,276 ERROR [default] Error: there is no ErrorCode in TxPDO mapping under this motor type, please check PDO setting!
2025-04-18 15:01:10,276 ERROR [default] Error: there is no ErrorCode in TxPDO mapping under this motor type, please check PDO setting!
2025-04-18 15:01:10,276 ERROR [default] Error: there is no ErrorCode in TxPDO mapping under this motor type, please check PDO setting!
2025-04-18 15:01:10,276 ERROR [default] Error: there is no ErrorCode in TxPDO mapping under this motor type, please check PDO setting!
2025-04-18 15:01:10,276 ERROR [default] Error: there is no ErrorCode in TxPDO mapping under this motor type, please check PDO setting!
2025-04-18 15:01:10,276 ERROR [default] Error: there is no ErrorCode in TxPDO mapping under this motor type, please check PDO setting!
2025-04-18 15:01:10,279 ERROR [default] Error: there is no ErrorCode in TxPDO mapping under this motor type, please check PDO setting!
2025-04-18 15:01:10,279 ERROR [default] Error: there is no ErrorCode in TxPDO mapping under this motor type, please check PDO setting!
2025-04-18 15:01:10,279 ERROR [default] Error: there is no ErrorCode in TxPDO mapping under this motor type, please check PDO setting!
2025-04-18 15:01:10,279 ERROR [default] Error: there is no ErrorCode in TxPDO mapping under this motor type, please check PDO setting!
2025-04-18 15:01:10,279 ERROR [default] Error: there is no ErrorCode in TxPDO mapping under this motor type, please check PDO setting!
2025-04-18 15:01:10,279 ERROR [default] Error: there is no ErrorCode in TxPDO mapping under this motor type, please check PDO setting!
2025-04-18 15:01:10,279 ERROR [default] Error: there is no ErrorCode in TxPDO mapping under this motor type, please check PDO setting!
2025-04-18 15:01:10,280 ERROR [default] Error: there is no ErrorCode in TxPDO mapping under this motor type, please check PDO setting!
2025-04-18 15:01:10,283 ERROR [default] Error: there is no ErrorCode in TxPDO mapping under this motor type, please check PDO setting!
2025-04-18 15:01:10,283 ERROR [default] Error: there is no ErrorCode in TxPDO mapping under this motor type, please check PDO setting!
2025-04-18 15:01:10,283 ERROR [default] Error: there is no ErrorCode in TxPDO mapping under this motor type, please check PDO setting!
2025-04-18 15:01:10,283 ERROR [default] Error: there is no ErrorCode in TxPDO mapping under this motor type, please check PDO setting!
2025-04-18 15:01:10,283 ERROR [default] Error: there is no ErrorCode in TxPDO mapping under this motor type, please check PDO setting!
2025-04-18 15:01:10,284 ERROR [default] Error: there is no ErrorCode in TxPDO mapping under this motor type, please check PDO setting!
2025-04-18 15:01:10,284 ERROR [default] Error: there is no ErrorCode in TxPDO mapping under this motor type, please check PDO setting!
2025-04-18 15:01:10,284 ERROR [default] Error: there is no ErrorCode in TxPDO mapping under this motor type, please check PDO setting!
2025-04-18 15:01:10,287 ERROR [default] Error: there is no ErrorCode in TxPDO mapping under this motor type, please check PDO setting!
2025-04-18 15:01:10,287 ERROR [default] Error: there is no ErrorCode in TxPDO mapping under this motor type, please check PDO setting!
2025-04-18 15:01:10,288 ERROR [default] Error: there is no ErrorCode in TxPDO mapping under this motor type, please check PDO setting!
2025-04-18 15:01:10,288 ERROR [default] Error: there is no ErrorCode in TxPDO mapping under this motor type, please check PDO setting!
2025-04-18 15:01:10,288 ERROR [default] Error: there is no ErrorCode in TxPDO mapping under this motor type, please check PDO setting!
2025-04-18 15:01:10,288 ERROR [default] Error: there is no ErrorCode in TxPDO mapping under this motor type, please check PDO setting!
2025-04-18 15:01:10,288 ERROR [default] Error: there is no ErrorCode in TxPDO mapping under this motor type, please check PDO setting!
2025-04-18 15:01:10,288 ERROR [default] Error: there is no ErrorCode in TxPDO mapping under this motor type, please check PDO setting!
2025-04-18 15:01:10,291 ERROR [default] Error: there is no ErrorCode in TxPDO mapping under this motor type, please check PDO setting!
2025-04-18 15:01:10,291 ERROR [default] Error: there is no ErrorCode in TxPDO mapping under this motor type, please check PDO setting!
2025-04-18 15:01:10,291 ERROR [default] Error: there is no ErrorCode in TxPDO mapping under this motor type, please check PDO setting!
2025-04-18 15:01:10,291 ERROR [default] Error: there is no ErrorCode in TxPDO mapping under this motor type, please check PDO setting!
2025-04-18 15:01:10,291 ERROR [default] Error: there is no ErrorCode in TxPDO mapping under this motor type, please check PDO setting!
2025-04-18 15:01:10,291 ERROR [default] Error: there is no ErrorCode in TxPDO mapping under this motor type, please check PDO setting!
2025-04-18 15:01:10,291 ERROR [default] Error: there is no ErrorCode in TxPDO mapping under this motor type, please check PDO setting!
2025-04-18 15:01:10,292 ERROR [default] Error: there is no ErrorCode in TxPDO mapping under this motor type, please check PDO setting!
2025-04-18 15:01:10,296 ERROR [default] Error: there is no ErrorCode in TxPDO mapping under this motor type, please check PDO setting!
2025-04-18 15:01:10,296 ERROR [default] Error: there is no ErrorCode in TxPDO mapping under this motor type, please check PDO setting!
2025-04-18 15:01:10,296 ERROR [default] Error: there is no ErrorCode in TxPDO mapping under this motor type, please check PDO setting!
2025-04-18 15:01:10,296 ERROR [default] Error: there is no ErrorCode in TxPDO mapping under this motor type, please check PDO setting!
2025-04-18 15:01:10,296 ERROR [default] Error: there is no ErrorCode in TxPDO mapping under this motor type, please check PDO setting!
2025-04-18 15:01:10,296 ERROR [default] Error: there is no ErrorCode in TxPDO mapping under this motor type, please check PDO setting!
2025-04-18 15:01:10,296 ERROR [default] Error: there is no ErrorCode in TxPDO mapping under this motor type, please check PDO setting!
2025-04-18 15:01:10,296 ERROR [default] Error: there is no ErrorCode in TxPDO mapping under this motor type, please check PDO setting!
2025-04-18 15:01:10,299 ERROR [default] Error: there is no ErrorCode in TxPDO mapping under this motor type, please check PDO setting!
2025-04-18 15:01:10,299 ERROR [default] Error: there is no ErrorCode in TxPDO mapping under this motor type, please check PDO setting!
2025-04-18 15:01:10,299 ERROR [default] Error: there is no ErrorCode in TxPDO mapping under this motor type, please check PDO setting!
2025-04-18 15:01:10,299 ERROR [default] Error: there is no ErrorCode in TxPDO mapping under this motor type, please check PDO setting!
2025-04-18 15:01:10,299 ERROR [default] Error: there is no ErrorCode in TxPDO mapping under this motor type, please check PDO setting!
2025-04-18 15:01:10,299 ERROR [default] Error: there is no ErrorCode in TxPDO mapping under this motor type, please check PDO setting!
2025-04-18 15:01:10,299 ERROR [default] Error: there is no ErrorCode in TxPDO mapping under this motor type, please check PDO setting!
2025-04-18 15:01:10,299 ERROR [default] Error: there is no ErrorCode in TxPDO mapping under this motor type, please check PDO setting!
2025-04-18 15:01:10,303 ERROR [default] Error: there is no ErrorCode in TxPDO mapping under this motor type, please check PDO setting!
2025-04-18 15:01:10,303 ERROR [default] Error: there is no ErrorCode in TxPDO mapping under this motor type, please check PDO setting!
2025-04-18 15:01:10,303 ERROR [default] Error: there is no ErrorCode in TxPDO mapping under this motor type, please check PDO setting!
2025-04-18 15:01:10,303 ERROR [default] Error: there is no ErrorCode in TxPDO mapping under this motor type, please check PDO setting!
2025-04-18 15:01:10,303 ERROR [default] Error: there is no ErrorCode in TxPDO mapping under this motor type, please check PDO setting!
2025-04-18 15:01:10,304 ERROR [default] Error: there is no ErrorCode in TxPDO mapping under this motor type, please check PDO setting!
2025-04-18 15:01:10,304 ERROR [default] Error: there is no ErrorCode in TxPDO mapping under this motor type, please check PDO setting!
2025-04-18 15:01:10,304 ERROR [default] Error: there is no ErrorCode in TxPDO mapping under this motor type, please check PDO setting!
2025-04-18 15:01:10,307 ERROR [default] Error: there is no ErrorCode in TxPDO mapping under this motor type, please check PDO setting!
2025-04-18 15:01:10,307 ERROR [default] Error: there is no ErrorCode in TxPDO mapping under this motor type, please check PDO setting!
2025-04-18 15:01:10,307 ERROR [default] Error: there is no ErrorCode in TxPDO mapping under this motor type, please check PDO setting!
2025-04-18 15:01:10,307 ERROR [default] Error: there is no ErrorCode in TxPDO mapping under this motor type, please check PDO setting!
2025-04-18 15:01:10,307 ERROR [default] Error: there is no ErrorCode in TxPDO mapping under this motor type, please check PDO setting!
2025-04-18 15:01:10,308 ERROR [default] Error: there is no ErrorCode in TxPDO mapping under this motor type, please check PDO setting!
2025-04-18 15:01:10,308 ERROR [default] Error: there is no ErrorCode in TxPDO mapping under this motor type, please check PDO setting!
2025-04-18 15:01:10,308 ERROR [default] Error: there is no ErrorCode in TxPDO mapping under this motor type, please check PDO setting!
2025-04-18 15:01:10,311 ERROR [default] Error: there is no ErrorCode in TxPDO mapping under this motor type, please check PDO setting!
2025-04-18 15:01:10,312 ERROR [default] Error: there is no ErrorCode in TxPDO mapping under this motor type, please check PDO setting!
2025-04-18 15:01:10,312 ERROR [default] Error: there is no ErrorCode in TxPDO mapping under this motor type, please check PDO setting!
2025-04-18 15:01:10,312 ERROR [default] Error: there is no ErrorCode in TxPDO mapping under this motor type, please check PDO setting!
2025-04-18 15:01:10,312 ERROR [default] Error: there is no ErrorCode in TxPDO mapping under this motor type, please check PDO setting!
2025-04-18 15:01:10,312 ERROR [default] Error: there is no ErrorCode in TxPDO mapping under this motor type, please check PDO setting!
2025-04-18 15:01:10,312 ERROR [default] Error: there is no ErrorCode in TxPDO mapping under this motor type, please check PDO setting!
2025-04-18 15:01:10,312 ERROR [default] Error: there is no ErrorCode in TxPDO mapping under this motor type, please check PDO setting!
2025-04-18 15:01:10,315 ERROR [default] Error: there is no ErrorCode in TxPDO mapping under this motor type, please check PDO setting!
2025-04-18 15:01:10,315 ERROR [default] Error: there is no ErrorCode in TxPDO mapping under this motor type, please check PDO setting!
2025-04-18 15:01:10,315 ERROR [default] Error: there is no ErrorCode in TxPDO mapping under this motor type, please check PDO setting!
2025-04-18 15:01:10,315 ERROR [default] Error: there is no ErrorCode in TxPDO mapping under this motor type, please check PDO setting!
2025-04-18 15:01:10,315 ERROR [default] Error: there is no ErrorCode in TxPDO mapping under this motor type, please check PDO setting!
2025-04-18 15:01:10,315 ERROR [default] Error: there is no ErrorCode in TxPDO mapping under this motor type, please check PDO setting!
2025-04-18 15:01:10,315 ERROR [default] Error: there is no ErrorCode in TxPDO mapping under this motor type, please check PDO setting!
2025-04-18 15:01:10,315 ERROR [default] Error: there is no ErrorCode in TxPDO mapping under this motor type, please check PDO setting!
2025-04-18 15:01:10,319 ERROR [default] Error: there is no ErrorCode in TxPDO mapping under this motor type, please check PDO setting!
2025-04-18 15:01:10,319 ERROR [default] Error: there is no ErrorCode in TxPDO mapping under this motor type, please check PDO setting!
2025-04-18 15:01:10,319 ERROR [default] Error: there is no ErrorCode in TxPDO mapping under this motor type, please check PDO setting!
2025-04-18 15:01:10,319 ERROR [default] Error: there is no ErrorCode in TxPDO mapping under this motor type, please check PDO setting!
2025-04-18 15:01:10,319 ERROR [default] Error: there is no ErrorCode in TxPDO mapping under this motor type, please check PDO setting!
2025-04-18 15:01:10,319 ERROR [default] Error: there is no ErrorCode in TxPDO mapping under this motor type, please check PDO setting!
2025-04-18 15:01:10,320 ERROR [default] Error: there is no ErrorCode in TxPDO mapping under this motor type, please check PDO setting!
2025-04-18 15:01:10,320 ERROR [default] Error: there is no ErrorCode in TxPDO mapping under this motor type, please check PDO setting!
2025-04-18 15:01:10,323 ERROR [default] Error: there is no ErrorCode in TxPDO mapping under this motor type, please check PDO setting!
2025-04-18 15:01:10,323 ERROR [default] Error: there is no ErrorCode in TxPDO mapping under this motor type, please check PDO setting!
2025-04-18 15:01:10,324 ERROR [default] Error: there is no ErrorCode in TxPDO mapping under this motor type, please check PDO setting!
2025-04-18 15:01:10,324 ERROR [default] Error: there is no ErrorCode in TxPDO mapping under this motor type, please check PDO setting!
2025-04-18 15:01:10,324 ERROR [default] Error: there is no ErrorCode in TxPDO mapping under this motor type, please check PDO setting!
2025-04-18 15:01:10,324 ERROR [default] Error: there is no ErrorCode in TxPDO mapping under this motor type, please check PDO setting!
2025-04-18 15:01:10,324 ERROR [default] Error: there is no ErrorCode in TxPDO mapping under this motor type, please check PDO setting!
2025-04-18 15:01:10,324 ERROR [default] Error: there is no ErrorCode in TxPDO mapping under this motor type, please check PDO setting!
2025-04-18 15:01:10,327 ERROR [default] Error: there is no ErrorCode in TxPDO mapping under this motor type, please check PDO setting!
2025-04-18 15:01:10,327 ERROR [default] Error: there is no ErrorCode in TxPDO mapping under this motor type, please check PDO setting!
2025-04-18 15:01:10,327 ERROR [default] Error: there is no ErrorCode in TxPDO mapping under this motor type, please check PDO setting!
2025-04-18 15:01:10,327 ERROR [default] Error: there is no ErrorCode in TxPDO mapping under this motor type, please check PDO setting!
2025-04-18 15:01:10,327 ERROR [default] Error: there is no ErrorCode in TxPDO mapping under this motor type, please check PDO setting!
2025-04-18 15:01:10,327 ERROR [default] Error: there is no ErrorCode in TxPDO mapping under this motor type, please check PDO setting!
2025-04-18 15:01:10,327 ERROR [default] Error: there is no ErrorCode in TxPDO mapping under this motor type, please check PDO setting!
2025-04-18 15:01:10,327 ERROR [default] Error: there is no ErrorCode in TxPDO mapping under this motor type, please check PDO setting!
2025-04-18 15:01:10,331 ERROR [default] Error: there is no ErrorCode in TxPDO mapping under this motor type, please check PDO setting!
2025-04-18 15:01:10,331 ERROR [default] Error: there is no ErrorCode in TxPDO mapping under this motor type, please check PDO setting!
2025-04-18 15:01:10,331 ERROR [default] Error: there is no ErrorCode in TxPDO mapping under this motor type, please check PDO setting!
2025-04-18 15:01:10,331 ERROR [default] Error: there is no ErrorCode in TxPDO mapping under this motor type, please check PDO setting!
2025-04-18 15:01:10,332 ERROR [default] Error: there is no ErrorCode in TxPDO mapping under this motor type, please check PDO setting!
2025-04-18 15:01:10,332 ERROR [default] Error: there is no ErrorCode in TxPDO mapping under this motor type, please check PDO setting!
2025-04-18 15:01:10,332 ERROR [default] Error: there is no ErrorCode in TxPDO mapping under this motor type, please check PDO setting!
2025-04-18 15:01:10,332 ERROR [default] Error: there is no ErrorCode in TxPDO mapping under this motor type, please check PDO setting!
2025-04-18 15:01:10,336 ERROR [default] Error: there is no ErrorCode in TxPDO mapping under this motor type, please check PDO setting!
2025-04-18 15:01:10,336 ERROR [default] Error: there is no ErrorCode in TxPDO mapping under this motor type, please check PDO setting!
2025-04-18 15:01:10,336 ERROR [default] Error: there is no ErrorCode in TxPDO mapping under this motor type, please check PDO setting!
2025-04-18 15:01:10,336 ERROR [default] Error: there is no ErrorCode in TxPDO mapping under this motor type, please check PDO setting!
2025-04-18 15:01:10,336 ERROR [default] Error: there is no ErrorCode in TxPDO mapping under this motor type, please check PDO setting!
2025-04-18 15:01:10,336 ERROR [default] Error: there is no ErrorCode in TxPDO mapping under this motor type, please check PDO setting!
2025-04-18 15:01:10,336 ERROR [default] Error: there is no ErrorCode in TxPDO mapping under this motor type, please check PDO setting!
2025-04-18 15:01:10,336 ERROR [default] Error: there is no ErrorCode in TxPDO mapping under this motor type, please check PDO setting!
2025-04-18 15:01:10,339 ERROR [default] Error: there is no ErrorCode in TxPDO mapping under this motor type, please check PDO setting!
2025-04-18 15:01:10,340 ERROR [default] Error: there is no ErrorCode in TxPDO mapping under this motor type, please check PDO setting!
2025-04-18 15:01:10,340 ERROR [default] Error: there is no ErrorCode in TxPDO mapping under this motor type, please check PDO setting!
2025-04-18 15:01:10,340 ERROR [default] Error: there is no ErrorCode in TxPDO mapping under this motor type, please check PDO setting!
2025-04-18 15:01:10,340 ERROR [default] Error: there is no ErrorCode in TxPDO mapping under this motor type, please check PDO setting!
2025-04-18 15:01:10,340 ERROR [default] Error: there is no ErrorCode in TxPDO mapping under this motor type, please check PDO setting!
2025-04-18 15:01:10,340 ERROR [default] Error: there is no ErrorCode in TxPDO mapping under this motor type, please check PDO setting!
2025-04-18 15:01:10,340 ERROR [default] Error: there is no ErrorCode in TxPDO mapping under this motor type, please check PDO setting!
2025-04-18 15:01:10,344 ERROR [default] Error: there is no ErrorCode in TxPDO mapping under this motor type, please check PDO setting!
2025-04-18 15:01:10,344 ERROR [default] Error: there is no ErrorCode in TxPDO mapping under this motor type, please check PDO setting!
2025-04-18 15:01:10,344 ERROR [default] Error: there is no ErrorCode in TxPDO mapping under this motor type, please check PDO setting!
2025-04-18 15:01:10,344 ERROR [default] Error: there is no ErrorCode in TxPDO mapping under this motor type, please check PDO setting!
2025-04-18 15:01:10,344 ERROR [default] Error: there is no ErrorCode in TxPDO mapping under this motor type, please check PDO setting!
2025-04-18 15:01:10,344 ERROR [default] Error: there is no ErrorCode in TxPDO mapping under this motor type, please check PDO setting!
2025-04-18 15:01:10,344 ERROR [default] Error: there is no ErrorCode in TxPDO mapping under this motor type, please check PDO setting!
2025-04-18 15:01:10,344 ERROR [default] Error: there is no ErrorCode in TxPDO mapping under this motor type, please check PDO setting!
2025-04-18 15:01:10,347 ERROR [default] Error: there is no ErrorCode in TxPDO mapping under this motor type, please check PDO setting!
2025-04-18 15:01:10,348 ERROR [default] Error: there is no ErrorCode in TxPDO mapping under this motor type, please check PDO setting!
2025-04-18 15:01:10,348 ERROR [default] Error: there is no ErrorCode in TxPDO mapping under this motor type, please check PDO setting!
2025-04-18 15:01:10,348 ERROR [default] Error: there is no ErrorCode in TxPDO mapping under this motor type, please check PDO setting!
2025-04-18 15:01:10,348 ERROR [default] Error: there is no ErrorCode in TxPDO mapping under this motor type, please check PDO setting!
2025-04-18 15:01:10,348 ERROR [default] Error: there is no ErrorCode in TxPDO mapping under this motor type, please check PDO setting!
2025-04-18 15:01:10,348 ERROR [default] Error: there is no ErrorCode in TxPDO mapping under this motor type, please check PDO setting!
2025-04-18 15:01:10,348 ERROR [default] Error: there is no ErrorCode in TxPDO mapping under this motor type, please check PDO setting!
2025-04-18 15:01:10,351 ERROR [default] Error: there is no ErrorCode in TxPDO mapping under this motor type, please check PDO setting!
2025-04-18 15:01:10,351 ERROR [default] Error: there is no ErrorCode in TxPDO mapping under this motor type, please check PDO setting!
2025-04-18 15:01:10,351 ERROR [default] Error: there is no ErrorCode in TxPDO mapping under this motor type, please check PDO setting!
2025-04-18 15:01:10,351 ERROR [default] Error: there is no ErrorCode in TxPDO mapping under this motor type, please check PDO setting!
2025-04-18 15:01:10,351 ERROR [default] Error: there is no ErrorCode in TxPDO mapping under this motor type, please check PDO setting!
2025-04-18 15:01:10,352 ERROR [default] Error: there is no ErrorCode in TxPDO mapping under this motor type, please check PDO setting!
2025-04-18 15:01:10,352 ERROR [default] Error: there is no ErrorCode in TxPDO mapping under this motor type, please check PDO setting!
2025-04-18 15:01:10,352 ERROR [default] Error: there is no ErrorCode in TxPDO mapping under this motor type, please check PDO setting!
2025-04-18 15:01:10,356 ERROR [default] Error: there is no ErrorCode in TxPDO mapping under this motor type, please check PDO setting!
2025-04-18 15:01:10,356 ERROR [default] Error: there is no ErrorCode in TxPDO mapping under this motor type, please check PDO setting!
2025-04-18 15:01:10,356 ERROR [default] Error: there is no ErrorCode in TxPDO mapping under this motor type, please check PDO setting!
2025-04-18 15:01:10,356 ERROR [default] Error: there is no ErrorCode in TxPDO mapping under this motor type, please check PDO setting!
2025-04-18 15:01:10,356 ERROR [default] Error: there is no ErrorCode in TxPDO mapping under this motor type, please check PDO setting!
2025-04-18 15:01:10,356 ERROR [default] Error: there is no ErrorCode in TxPDO mapping under this motor type, please check PDO setting!
2025-04-18 15:01:10,356 ERROR [default] Error: there is no ErrorCode in TxPDO mapping under this motor type, please check PDO setting!
2025-04-18 15:01:10,356 ERROR [default] Error: there is no ErrorCode in TxPDO mapping under this motor type, please check PDO setting!
2025-04-18 15:01:10,359 ERROR [default] Error: there is no ErrorCode in TxPDO mapping under this motor type, please check PDO setting!
2025-04-18 15:01:10,359 ERROR [default] Error: there is no ErrorCode in TxPDO mapping under this motor type, please check PDO setting!
2025-04-18 15:01:10,359 ERROR [default] Error: there is no ErrorCode in TxPDO mapping under this motor type, please check PDO setting!
2025-04-18 15:01:10,359 ERROR [default] Error: there is no ErrorCode in TxPDO mapping under this motor type, please check PDO setting!
2025-04-18 15:01:10,359 ERROR [default] Error: there is no ErrorCode in TxPDO mapping under this motor type, please check PDO setting!
2025-04-18 15:01:10,359 ERROR [default] Error: there is no ErrorCode in TxPDO mapping under this motor type, please check PDO setting!
2025-04-18 15:01:10,360 ERROR [default] Error: there is no ErrorCode in TxPDO mapping under this motor type, please check PDO setting!
2025-04-18 15:01:10,360 ERROR [default] Error: there is no ErrorCode in TxPDO mapping under this motor type, please check PDO setting!
2025-04-18 15:01:10,363 ERROR [default] Error: there is no ErrorCode in TxPDO mapping under this motor type, please check PDO setting!
2025-04-18 15:01:10,363 ERROR [default] Error: there is no ErrorCode in TxPDO mapping under this motor type, please check PDO setting!
2025-04-18 15:01:10,364 ERROR [default] Error: there is no ErrorCode in TxPDO mapping under this motor type, please check PDO setting!
2025-04-18 15:01:10,364 ERROR [default] Error: there is no ErrorCode in TxPDO mapping under this motor type, please check PDO setting!
2025-04-18 15:01:10,364 ERROR [default] Error: there is no ErrorCode in TxPDO mapping under this motor type, please check PDO setting!
2025-04-18 15:01:10,364 ERROR [default] Error: there is no ErrorCode in TxPDO mapping under this motor type, please check PDO setting!
2025-04-18 15:01:10,364 ERROR [default] Error: there is no ErrorCode in TxPDO mapping under this motor type, please check PDO setting!
2025-04-18 15:01:10,364 ERROR [default] Error: there is no ErrorCode in TxPDO mapping under this motor type, please check PDO setting!
2025-04-18 15:01:10,367 ERROR [default] Error: there is no ErrorCode in TxPDO mapping under this motor type, please check PDO setting!
2025-04-18 15:01:10,367 ERROR [default] Error: there is no ErrorCode in TxPDO mapping under this motor type, please check PDO setting!
2025-04-18 15:01:10,367 ERROR [default] Error: there is no ErrorCode in TxPDO mapping under this motor type, please check PDO setting!
2025-04-18 15:01:10,367 ERROR [default] Error: there is no ErrorCode in TxPDO mapping under this motor type, please check PDO setting!
2025-04-18 15:01:10,367 ERROR [default] Error: there is no ErrorCode in TxPDO mapping under this motor type, please check PDO setting!
2025-04-18 15:01:10,367 ERROR [default] Error: there is no ErrorCode in TxPDO mapping under this motor type, please check PDO setting!
2025-04-18 15:01:10,367 ERROR [default] Error: there is no ErrorCode in TxPDO mapping under this motor type, please check PDO setting!
2025-04-18 15:01:10,368 ERROR [default] Error: there is no ErrorCode in TxPDO mapping under this motor type, please check PDO setting!
2025-04-18 15:01:10,372 ERROR [default] Error: there is no ErrorCode in TxPDO mapping under this motor type, please check PDO setting!
2025-04-18 15:01:10,372 ERROR [default] Error: there is no ErrorCode in TxPDO mapping under this motor type, please check PDO setting!
2025-04-18 15:01:10,372 ERROR [default] Error: there is no ErrorCode in TxPDO mapping under this motor type, please check PDO setting!
2025-04-18 15:01:10,372 ERROR [default] Error: there is no ErrorCode in TxPDO mapping under this motor type, please check PDO setting!
2025-04-18 15:01:10,372 ERROR [default] Error: there is no ErrorCode in TxPDO mapping under this motor type, please check PDO setting!
2025-04-18 15:01:10,372 ERROR [default] Error: there is no ErrorCode in TxPDO mapping under this motor type, please check PDO setting!
2025-04-18 15:01:10,372 ERROR [default] Error: there is no ErrorCode in TxPDO mapping under this motor type, please check PDO setting!
2025-04-18 15:01:10,372 ERROR [default] Error: there is no ErrorCode in TxPDO mapping under this motor type, please check PDO setting!
2025-04-18 15:01:10,376 ERROR [default] Error: there is no ErrorCode in TxPDO mapping under this motor type, please check PDO setting!
2025-04-18 15:01:10,376 ERROR [default] Error: there is no ErrorCode in TxPDO mapping under this motor type, please check PDO setting!
2025-04-18 15:01:10,376 ERROR [default] Error: there is no ErrorCode in TxPDO mapping under this motor type, please check PDO setting!
2025-04-18 15:01:10,376 ERROR [default] Error: there is no ErrorCode in TxPDO mapping under this motor type, please check PDO setting!
2025-04-18 15:01:10,376 ERROR [default] Error: there is no ErrorCode in TxPDO mapping under this motor type, please check PDO setting!
2025-04-18 15:01:10,376 ERROR [default] Error: there is no ErrorCode in TxPDO mapping under this motor type, please check PDO setting!
2025-04-18 15:01:10,376 ERROR [default] Error: there is no ErrorCode in TxPDO mapping under this motor type, please check PDO setting!
2025-04-18 15:01:10,376 ERROR [default] Error: there is no ErrorCode in TxPDO mapping under this motor type, please check PDO setting!
2025-04-18 15:01:10,379 ERROR [default] Error: there is no ErrorCode in TxPDO mapping under this motor type, please check PDO setting!
2025-04-18 15:01:10,379 ERROR [default] Error: there is no ErrorCode in TxPDO mapping under this motor type, please check PDO setting!
2025-04-18 15:01:10,379 ERROR [default] Error: there is no ErrorCode in TxPDO mapping under this motor type, please check PDO setting!
2025-04-18 15:01:10,379 ERROR [default] Error: there is no ErrorCode in TxPDO mapping under this motor type, please check PDO setting!
2025-04-18 15:01:10,379 ERROR [default] Error: there is no ErrorCode in TxPDO mapping under this motor type, please check PDO setting!
2025-04-18 15:01:10,379 ERROR [default] Error: there is no ErrorCode in TxPDO mapping under this motor type, please check PDO setting!
2025-04-18 15:01:10,380 ERROR [default] Error: there is no ErrorCode in TxPDO mapping under this motor type, please check PDO setting!
2025-04-18 15:01:10,380 ERROR [default] Error: there is no ErrorCode in TxPDO mapping under this motor type, please check PDO setting!
2025-04-18 15:01:10,384 ERROR [default] Error: there is no ErrorCode in TxPDO mapping under this motor type, please check PDO setting!
2025-04-18 15:01:10,384 ERROR [default] Error: there is no ErrorCode in TxPDO mapping under this motor type, please check PDO setting!
2025-04-18 15:01:10,384 ERROR [default] Error: there is no ErrorCode in TxPDO mapping under this motor type, please check PDO setting!
2025-04-18 15:01:10,384 ERROR [default] Error: there is no ErrorCode in TxPDO mapping under this motor type, please check PDO setting!
2025-04-18 15:01:10,384 ERROR [default] Error: there is no ErrorCode in TxPDO mapping under this motor type, please check PDO setting!
2025-04-18 15:01:10,384 ERROR [default] Error: there is no ErrorCode in TxPDO mapping under this motor type, please check PDO setting!
2025-04-18 15:01:10,384 ERROR [default] Error: there is no ErrorCode in TxPDO mapping under this motor type, please check PDO setting!
2025-04-18 15:01:10,384 ERROR [default] Error: there is no ErrorCode in TxPDO mapping under this motor type, please check PDO setting!
2025-04-18 15:01:10,387 ERROR [default] Error: there is no ErrorCode in TxPDO mapping under this motor type, please check PDO setting!
2025-04-18 15:01:10,387 ERROR [default] Error: there is no ErrorCode in TxPDO mapping under this motor type, please check PDO setting!
2025-04-18 15:01:10,388 ERROR [default] Error: there is no ErrorCode in TxPDO mapping under this motor type, please check PDO setting!
2025-04-18 15:01:10,388 ERROR [default] Error: there is no ErrorCode in TxPDO mapping under this motor type, please check PDO setting!
2025-04-18 15:01:10,388 ERROR [default] Error: there is no ErrorCode in TxPDO mapping under this motor type, please check PDO setting!
2025-04-18 15:01:10,388 ERROR [default] Error: there is no ErrorCode in TxPDO mapping under this motor type, please check PDO setting!
2025-04-18 15:01:10,388 ERROR [default] Error: there is no ErrorCode in TxPDO mapping under this motor type, please check PDO setting!
2025-04-18 15:01:10,388 ERROR [default] Error: there is no ErrorCode in TxPDO mapping under this motor type, please check PDO setting!
2025-04-18 15:01:10,391 ERROR [default] Error: there is no ErrorCode in TxPDO mapping under this motor type, please check PDO setting!
2025-04-18 15:01:10,391 ERROR [default] Error: there is no ErrorCode in TxPDO mapping under this motor type, please check PDO setting!
2025-04-18 15:01:10,391 ERROR [default] Error: there is no ErrorCode in TxPDO mapping under this motor type, please check PDO setting!
2025-04-18 15:01:10,391 ERROR [default] Error: there is no ErrorCode in TxPDO mapping under this motor type, please check PDO setting!
2025-04-18 15:01:10,391 ERROR [default] Error: there is no ErrorCode in TxPDO mapping under this motor type, please check PDO setting!
2025-04-18 15:01:10,392 ERROR [default] Error: there is no ErrorCode in TxPDO mapping under this motor type, please check PDO setting!
2025-04-18 15:01:10,392 ERROR [default] Error: there is no ErrorCode in TxPDO mapping under this motor type, please check PDO setting!
2025-04-18 15:01:10,392 ERROR [default] Error: there is no ErrorCode in TxPDO mapping under this motor type, please check PDO setting!
2025-04-18 15:01:10,395 ERROR [default] Error: there is no ErrorCode in TxPDO mapping under this motor type, please check PDO setting!
2025-04-18 15:01:10,395 ERROR [default] Error: there is no ErrorCode in TxPDO mapping under this motor type, please check PDO setting!
2025-04-18 15:01:10,395 ERROR [default] Error: there is no ErrorCode in TxPDO mapping under this motor type, please check PDO setting!
2025-04-18 15:01:10,395 ERROR [default] Error: there is no ErrorCode in TxPDO mapping under this motor type, please check PDO setting!
2025-04-18 15:01:10,395 ERROR [default] Error: there is no ErrorCode in TxPDO mapping under this motor type, please check PDO setting!
2025-04-18 15:01:10,395 ERROR [default] Error: there is no ErrorCode in TxPDO mapping under this motor type, please check PDO setting!
2025-04-18 15:01:10,396 ERROR [default] Error: there is no ErrorCode in TxPDO mapping under this motor type, please check PDO setting!
2025-04-18 15:01:10,396 ERROR [default] Error: there is no ErrorCode in TxPDO mapping under this motor type, please check PDO setting!
2025-04-18 15:01:10,399 ERROR [default] Error: there is no ErrorCode in TxPDO mapping under this motor type, please check PDO setting!
2025-04-18 15:01:10,400 ERROR [default] Error: there is no ErrorCode in TxPDO mapping under this motor type, please check PDO setting!
2025-04-18 15:01:10,400 ERROR [default] Error: there is no ErrorCode in TxPDO mapping under this motor type, please check PDO setting!
2025-04-18 15:01:10,400 ERROR [default] Error: there is no ErrorCode in TxPDO mapping under this motor type, please check PDO setting!
2025-04-18 15:01:10,400 ERROR [default] Error: there is no ErrorCode in TxPDO mapping under this motor type, please check PDO setting!
2025-04-18 15:01:10,400 ERROR [default] Error: there is no ErrorCode in TxPDO mapping under this motor type, please check PDO setting!
2025-04-18 15:01:10,400 ERROR [default] Error: there is no ErrorCode in TxPDO mapping under this motor type, please check PDO setting!
2025-04-18 15:01:10,400 ERROR [default] Error: there is no ErrorCode in TxPDO mapping under this motor type, please check PDO setting!
2025-04-18 15:01:10,404 ERROR [default] Error: there is no ErrorCode in TxPDO mapping under this motor type, please check PDO setting!
2025-04-18 15:01:10,404 ERROR [default] Error: there is no ErrorCode in TxPDO mapping under this motor type, please check PDO setting!
2025-04-18 15:01:10,404 ERROR [default] Error: there is no ErrorCode in TxPDO mapping under this motor type, please check PDO setting!
2025-04-18 15:01:10,404 ERROR [default] Error: there is no ErrorCode in TxPDO mapping under this motor type, please check PDO setting!
2025-04-18 15:01:10,404 ERROR [default] Error: there is no ErrorCode in TxPDO mapping under this motor type, please check PDO setting!
2025-04-18 15:01:10,404 ERROR [default] Error: there is no ErrorCode in TxPDO mapping under this motor type, please check PDO setting!
2025-04-18 15:01:10,404 ERROR [default] Error: there is no ErrorCode in TxPDO mapping under this motor type, please check PDO setting!
2025-04-18 15:01:10,404 ERROR [default] Error: there is no ErrorCode in TxPDO mapping under this motor type, please check PDO setting!
2025-04-18 15:01:10,407 ERROR [default] Error: there is no ErrorCode in TxPDO mapping under this motor type, please check PDO setting!
2025-04-18 15:01:10,407 ERROR [default] Error: there is no ErrorCode in TxPDO mapping under this motor type, please check PDO setting!
2025-04-18 15:01:10,407 ERROR [default] Error: there is no ErrorCode in TxPDO mapping under this motor type, please check PDO setting!
2025-04-18 15:01:10,407 ERROR [default] Error: there is no ErrorCode in TxPDO mapping under this motor type, please check PDO setting!
2025-04-18 15:01:10,407 ERROR [default] Error: there is no ErrorCode in TxPDO mapping under this motor type, please check PDO setting!
2025-04-18 15:01:10,408 ERROR [default] Error: there is no ErrorCode in TxPDO mapping under this motor type, please check PDO setting!
2025-04-18 15:01:10,408 ERROR [default] Error: there is no ErrorCode in TxPDO mapping under this motor type, please check PDO setting!
2025-04-18 15:01:10,408 ERROR [default] Error: there is no ErrorCode in TxPDO mapping under this motor type, please check PDO setting!
2025-04-18 15:01:10,411 ERROR [default] Error: there is no ErrorCode in TxPDO mapping under this motor type, please check PDO setting!
2025-04-18 15:01:10,412 ERROR [default] Error: there is no ErrorCode in TxPDO mapping under this motor type, please check PDO setting!
2025-04-18 15:01:10,412 ERROR [default] Error: there is no ErrorCode in TxPDO mapping under this motor type, please check PDO setting!
2025-04-18 15:01:10,412 ERROR [default] Error: there is no ErrorCode in TxPDO mapping under this motor type, please check PDO setting!
2025-04-18 15:01:10,412 ERROR [default] Error: there is no ErrorCode in TxPDO mapping under this motor type, please check PDO setting!
2025-04-18 15:01:10,412 ERROR [default] Error: there is no ErrorCode in TxPDO mapping under this motor type, please check PDO setting!
2025-04-18 15:01:10,412 ERROR [default] Error: there is no ErrorCode in TxPDO mapping under this motor type, please check PDO setting!
2025-04-18 15:01:10,412 ERROR [default] Error: there is no ErrorCode in TxPDO mapping under this motor type, please check PDO setting!
2025-04-18 15:01:10,416 ERROR [default] Error: there is no ErrorCode in TxPDO mapping under this motor type, please check PDO setting!
2025-04-18 15:01:10,416 ERROR [default] Error: there is no ErrorCode in TxPDO mapping under this motor type, please check PDO setting!
2025-04-18 15:01:10,416 ERROR [default] Error: there is no ErrorCode in TxPDO mapping under this motor type, please check PDO setting!
2025-04-18 15:01:10,416 ERROR [default] Error: there is no ErrorCode in TxPDO mapping under this motor type, please check PDO setting!
2025-04-18 15:01:10,416 ERROR [default] Error: there is no ErrorCode in TxPDO mapping under this motor type, please check PDO setting!
2025-04-18 15:01:10,416 ERROR [default] Error: there is no ErrorCode in TxPDO mapping under this motor type, please check PDO setting!
2025-04-18 15:01:10,416 ERROR [default] Error: there is no ErrorCode in TxPDO mapping under this motor type, please check PDO setting!
2025-04-18 15:01:10,416 ERROR [default] Error: there is no ErrorCode in TxPDO mapping under this motor type, please check PDO setting!
2025-04-18 15:01:10,419 ERROR [default] Error: there is no ErrorCode in TxPDO mapping under this motor type, please check PDO setting!
2025-04-18 15:01:10,419 ERROR [default] Error: there is no ErrorCode in TxPDO mapping under this motor type, please check PDO setting!
2025-04-18 15:01:10,419 ERROR [default] Error: there is no ErrorCode in TxPDO mapping under this motor type, please check PDO setting!
2025-04-18 15:01:10,419 ERROR [default] Error: there is no ErrorCode in TxPDO mapping under this motor type, please check PDO setting!
2025-04-18 15:01:10,420 ERROR [default] Error: there is no ErrorCode in TxPDO mapping under this motor type, please check PDO setting!
2025-04-18 15:01:10,420 ERROR [default] Error: there is no ErrorCode in TxPDO mapping under this motor type, please check PDO setting!
2025-04-18 15:01:10,420 ERROR [default] Error: there is no ErrorCode in TxPDO mapping under this motor type, please check PDO setting!
2025-04-18 15:01:10,420 ERROR [default] Error: there is no ErrorCode in TxPDO mapping under this motor type, please check PDO setting!
2025-04-18 15:01:10,423 ERROR [default] Error: there is no ErrorCode in TxPDO mapping under this motor type, please check PDO setting!
2025-04-18 15:01:10,423 ERROR [default] Error: there is no ErrorCode in TxPDO mapping under this motor type, please check PDO setting!
2025-04-18 15:01:10,423 ERROR [default] Error: there is no ErrorCode in TxPDO mapping under this motor type, please check PDO setting!
2025-04-18 15:01:10,423 ERROR [default] Error: there is no ErrorCode in TxPDO mapping under this motor type, please check PDO setting!
2025-04-18 15:01:10,423 ERROR [default] Error: there is no ErrorCode in TxPDO mapping under this motor type, please check PDO setting!
2025-04-18 15:01:10,423 ERROR [default] Error: there is no ErrorCode in TxPDO mapping under this motor type, please check PDO setting!
2025-04-18 15:01:10,423 ERROR [default] Error: there is no ErrorCode in TxPDO mapping under this motor type, please check PDO setting!
2025-04-18 15:01:10,424 ERROR [default] Error: there is no ErrorCode in TxPDO mapping under this motor type, please check PDO setting!
2025-04-18 15:01:10,427 ERROR [default] Error: there is no ErrorCode in TxPDO mapping under this motor type, please check PDO setting!
2025-04-18 15:01:10,427 ERROR [default] Error: there is no ErrorCode in TxPDO mapping under this motor type, please check PDO setting!
2025-04-18 15:01:10,428 ERROR [default] Error: there is no ErrorCode in TxPDO mapping under this motor type, please check PDO setting!
2025-04-18 15:01:10,428 ERROR [default] Error: there is no ErrorCode in TxPDO mapping under this motor type, please check PDO setting!
2025-04-18 15:01:10,428 ERROR [default] Error: there is no ErrorCode in TxPDO mapping under this motor type, please check PDO setting!
2025-04-18 15:01:10,428 ERROR [default] Error: there is no ErrorCode in TxPDO mapping under this motor type, please check PDO setting!
2025-04-18 15:01:10,428 ERROR [default] Error: there is no ErrorCode in TxPDO mapping under this motor type, please check PDO setting!
2025-04-18 15:01:10,428 ERROR [default] Error: there is no ErrorCode in TxPDO mapping under this motor type, please check PDO setting!
2025-04-18 15:01:10,431 ERROR [default] Error: there is no ErrorCode in TxPDO mapping under this motor type, please check PDO setting!
2025-04-18 15:01:10,431 ERROR [default] Error: there is no ErrorCode in TxPDO mapping under this motor type, please check PDO setting!
2025-04-18 15:01:10,431 ERROR [default] Error: there is no ErrorCode in TxPDO mapping under this motor type, please check PDO setting!
2025-04-18 15:01:10,431 ERROR [default] Error: there is no ErrorCode in TxPDO mapping under this motor type, please check PDO setting!
2025-04-18 15:01:10,432 ERROR [default] Error: there is no ErrorCode in TxPDO mapping under this motor type, please check PDO setting!
2025-04-18 15:01:10,432 ERROR [default] Error: there is no ErrorCode in TxPDO mapping under this motor type, please check PDO setting!
2025-04-18 15:01:10,432 ERROR [default] Error: there is no ErrorCode in TxPDO mapping under this motor type, please check PDO setting!
2025-04-18 15:01:10,432 ERROR [default] Error: there is no ErrorCode in TxPDO mapping under this motor type, please check PDO setting!
2025-04-18 15:01:10,435 ERROR [default] Error: there is no ErrorCode in TxPDO mapping under this motor type, please check PDO setting!
2025-04-18 15:01:10,435 ERROR [default] Error: there is no ErrorCode in TxPDO mapping under this motor type, please check PDO setting!
2025-04-18 15:01:10,435 ERROR [default] Error: there is no ErrorCode in TxPDO mapping under this motor type, please check PDO setting!
2025-04-18 15:01:10,435 ERROR [default] Error: there is no ErrorCode in TxPDO mapping under this motor type, please check PDO setting!
2025-04-18 15:01:10,436 ERROR [default] Error: there is no ErrorCode in TxPDO mapping under this motor type, please check PDO setting!
2025-04-18 15:01:10,436 ERROR [default] Error: there is no ErrorCode in TxPDO mapping under this motor type, please check PDO setting!
2025-04-18 15:01:10,436 ERROR [default] Error: there is no ErrorCode in TxPDO mapping under this motor type, please check PDO setting!
2025-04-18 15:01:10,436 ERROR [default] Error: there is no ErrorCode in TxPDO mapping under this motor type, please check PDO setting!
2025-04-18 15:01:10,439 ERROR [default] Error: there is no ErrorCode in TxPDO mapping under this motor type, please check PDO setting!
2025-04-18 15:01:10,439 ERROR [default] Error: there is no ErrorCode in TxPDO mapping under this motor type, please check PDO setting!
2025-04-18 15:01:10,439 ERROR [default] Error: there is no ErrorCode in TxPDO mapping under this motor type, please check PDO setting!
2025-04-18 15:01:10,439 ERROR [default] Error: there is no ErrorCode in TxPDO mapping under this motor type, please check PDO setting!
2025-04-18 15:01:10,439 ERROR [default] Error: there is no ErrorCode in TxPDO mapping under this motor type, please check PDO setting!
2025-04-18 15:01:10,440 ERROR [default] Error: there is no ErrorCode in TxPDO mapping under this motor type, please check PDO setting!
2025-04-18 15:01:10,440 ERROR [default] Error: there is no ErrorCode in TxPDO mapping under this motor type, please check PDO setting!
2025-04-18 15:01:10,440 ERROR [default] Error: there is no ErrorCode in TxPDO mapping under this motor type, please check PDO setting!
2025-04-18 15:01:10,443 ERROR [default] Error: there is no ErrorCode in TxPDO mapping under this motor type, please check PDO setting!
2025-04-18 15:01:10,444 ERROR [default] Error: there is no ErrorCode in TxPDO mapping under this motor type, please check PDO setting!
2025-04-18 15:01:10,444 ERROR [default] Error: there is no ErrorCode in TxPDO mapping under this motor type, please check PDO setting!
2025-04-18 15:01:10,444 ERROR [default] Error: there is no ErrorCode in TxPDO mapping under this motor type, please check PDO setting!
2025-04-18 15:01:10,444 ERROR [default] Error: there is no ErrorCode in TxPDO mapping under this motor type, please check PDO setting!
2025-04-18 15:01:10,444 ERROR [default] Error: there is no ErrorCode in TxPDO mapping under this motor type, please check PDO setting!
2025-04-18 15:01:10,444 ERROR [default] Error: there is no ErrorCode in TxPDO mapping under this motor type, please check PDO setting!
2025-04-18 15:01:10,444 ERROR [default] Error: there is no ErrorCode in TxPDO mapping under this motor type, please check PDO setting!
2025-04-18 15:01:10,447 ERROR [default] Error: there is no ErrorCode in TxPDO mapping under this motor type, please check PDO setting!
2025-04-18 15:01:10,447 ERROR [default] Error: there is no ErrorCode in TxPDO mapping under this motor type, please check PDO setting!
2025-04-18 15:01:10,447 ERROR [default] Error: there is no ErrorCode in TxPDO mapping under this motor type, please check PDO setting!
2025-04-18 15:01:10,447 ERROR [default] Error: there is no ErrorCode in TxPDO mapping under this motor type, please check PDO setting!
2025-04-18 15:01:10,447 ERROR [default] Error: there is no ErrorCode in TxPDO mapping under this motor type, please check PDO setting!
2025-04-18 15:01:10,447 ERROR [default] Error: there is no ErrorCode in TxPDO mapping under this motor type, please check PDO setting!
2025-04-18 15:01:10,447 ERROR [default] Error: there is no ErrorCode in TxPDO mapping under this motor type, please check PDO setting!
2025-04-18 15:01:10,447 ERROR [default] Error: there is no ErrorCode in TxPDO mapping under this motor type, please check PDO setting!
2025-04-18 15:01:10,451 ERROR [default] Error: there is no ErrorCode in TxPDO mapping under this motor type, please check PDO setting!
2025-04-18 15:01:10,451 ERROR [default] Error: there is no ErrorCode in TxPDO mapping under this motor type, please check PDO setting!
2025-04-18 15:01:10,451 ERROR [default] Error: there is no ErrorCode in TxPDO mapping under this motor type, please check PDO setting!
2025-04-18 15:01:10,451 ERROR [default] Error: there is no ErrorCode in TxPDO mapping under this motor type, please check PDO setting!
2025-04-18 15:01:10,451 ERROR [default] Error: there is no ErrorCode in TxPDO mapping under this motor type, please check PDO setting!
2025-04-18 15:01:10,452 ERROR [default] Error: there is no ErrorCode in TxPDO mapping under this motor type, please check PDO setting!
2025-04-18 15:01:10,452 ERROR [default] Error: there is no ErrorCode in TxPDO mapping under this motor type, please check PDO setting!
2025-04-18 15:01:10,452 ERROR [default] Error: there is no ErrorCode in TxPDO mapping under this motor type, please check PDO setting!
2025-04-18 15:01:10,456 ERROR [default] Error: there is no ErrorCode in TxPDO mapping under this motor type, please check PDO setting!
2025-04-18 15:01:10,456 ERROR [default] Error: there is no ErrorCode in TxPDO mapping under this motor type, please check PDO setting!
2025-04-18 15:01:10,456 ERROR [default] Error: there is no ErrorCode in TxPDO mapping under this motor type, please check PDO setting!
2025-04-18 15:01:10,456 ERROR [default] Error: there is no ErrorCode in TxPDO mapping under this motor type, please check PDO setting!
2025-04-18 15:01:10,456 ERROR [default] Error: there is no ErrorCode in TxPDO mapping under this motor type, please check PDO setting!
2025-04-18 15:01:10,456 ERROR [default] Error: there is no ErrorCode in TxPDO mapping under this motor type, please check PDO setting!
2025-04-18 15:01:10,456 ERROR [default] Error: there is no ErrorCode in TxPDO mapping under this motor type, please check PDO setting!
2025-04-18 15:01:10,456 ERROR [default] Error: there is no ErrorCode in TxPDO mapping under this motor type, please check PDO setting!
2025-04-18 15:01:10,459 ERROR [default] Error: there is no ErrorCode in TxPDO mapping under this motor type, please check PDO setting!
2025-04-18 15:01:10,459 ERROR [default] Error: there is no ErrorCode in TxPDO mapping under this motor type, please check PDO setting!
2025-04-18 15:01:10,459 ERROR [default] Error: there is no ErrorCode in TxPDO mapping under this motor type, please check PDO setting!
2025-04-18 15:01:10,459 ERROR [default] Error: there is no ErrorCode in TxPDO mapping under this motor type, please check PDO setting!
2025-04-18 15:01:10,459 ERROR [default] Error: there is no ErrorCode in TxPDO mapping under this motor type, please check PDO setting!
2025-04-18 15:01:10,459 ERROR [default] Error: there is no ErrorCode in TxPDO mapping under this motor type, please check PDO setting!
2025-04-18 15:01:10,460 ERROR [default] Error: there is no ErrorCode in TxPDO mapping under this motor type, please check PDO setting!
2025-04-18 15:01:10,460 ERROR [default] Error: there is no ErrorCode in TxPDO mapping under this motor type, please check PDO setting!
2025-04-18 15:01:10,463 ERROR [default] Error: there is no ErrorCode in TxPDO mapping under this motor type, please check PDO setting!
2025-04-18 15:01:10,463 ERROR [default] Error: there is no ErrorCode in TxPDO mapping under this motor type, please check PDO setting!
2025-04-18 15:01:10,464 ERROR [default] Error: there is no ErrorCode in TxPDO mapping under this motor type, please check PDO setting!
2025-04-18 15:01:10,464 ERROR [default] Error: there is no ErrorCode in TxPDO mapping under this motor type, please check PDO setting!
2025-04-18 15:01:10,464 ERROR [default] Error: there is no ErrorCode in TxPDO mapping under this motor type, please check PDO setting!
2025-04-18 15:01:10,464 ERROR [default] Error: there is no ErrorCode in TxPDO mapping under this motor type, please check PDO setting!
2025-04-18 15:01:10,464 ERROR [default] Error: there is no ErrorCode in TxPDO mapping under this motor type, please check PDO setting!
2025-04-18 15:01:10,464 ERROR [default] Error: there is no ErrorCode in TxPDO mapping under this motor type, please check PDO setting!
2025-04-18 15:01:10,467 ERROR [default] Error: there is no ErrorCode in TxPDO mapping under this motor type, please check PDO setting!
2025-04-18 15:01:10,467 ERROR [default] Error: there is no ErrorCode in TxPDO mapping under this motor type, please check PDO setting!
2025-04-18 15:01:10,468 ERROR [default] Error: there is no ErrorCode in TxPDO mapping under this motor type, please check PDO setting!
2025-04-18 15:01:10,468 ERROR [default] Error: there is no ErrorCode in TxPDO mapping under this motor type, please check PDO setting!
2025-04-18 15:01:10,468 ERROR [default] Error: there is no ErrorCode in TxPDO mapping under this motor type, please check PDO setting!
2025-04-18 15:01:10,468 ERROR [default] Error: there is no ErrorCode in TxPDO mapping under this motor type, please check PDO setting!
2025-04-18 15:01:10,468 ERROR [default] Error: there is no ErrorCode in TxPDO mapping under this motor type, please check PDO setting!
2025-04-18 15:01:10,468 ERROR [default] Error: there is no ErrorCode in TxPDO mapping under this motor type, please check PDO setting!
2025-04-18 15:01:10,471 ERROR [default] Error: there is no ErrorCode in TxPDO mapping under this motor type, please check PDO setting!
2025-04-18 15:01:10,472 ERROR [default] Error: there is no ErrorCode in TxPDO mapping under this motor type, please check PDO setting!
2025-04-18 15:01:10,472 ERROR [default] Error: there is no ErrorCode in TxPDO mapping under this motor type, please check PDO setting!
2025-04-18 15:01:10,472 ERROR [default] Error: there is no ErrorCode in TxPDO mapping under this motor type, please check PDO setting!
2025-04-18 15:01:10,472 ERROR [default] Error: there is no ErrorCode in TxPDO mapping under this motor type, please check PDO setting!
2025-04-18 15:01:10,472 ERROR [default] Error: there is no ErrorCode in TxPDO mapping under this motor type, please check PDO setting!
2025-04-18 15:01:10,472 ERROR [default] Error: there is no ErrorCode in TxPDO mapping under this motor type, please check PDO setting!
2025-04-18 15:01:10,472 ERROR [default] Error: there is no ErrorCode in TxPDO mapping under this motor type, please check PDO setting!
2025-04-18 15:01:10,476 ERROR [default] Error: there is no ErrorCode in TxPDO mapping under this motor type, please check PDO setting!
2025-04-18 15:01:10,476 ERROR [default] Error: there is no ErrorCode in TxPDO mapping under this motor type, please check PDO setting!
2025-04-18 15:01:10,476 ERROR [default] Error: there is no ErrorCode in TxPDO mapping under this motor type, please check PDO setting!
2025-04-18 15:01:10,476 ERROR [default] Error: there is no ErrorCode in TxPDO mapping under this motor type, please check PDO setting!
2025-04-18 15:01:10,476 ERROR [default] Error: there is no ErrorCode in TxPDO mapping under this motor type, please check PDO setting!
2025-04-18 15:01:10,476 ERROR [default] Error: there is no ErrorCode in TxPDO mapping under this motor type, please check PDO setting!
2025-04-18 15:01:10,476 ERROR [default] Error: there is no ErrorCode in TxPDO mapping under this motor type, please check PDO setting!
2025-04-18 15:01:10,476 ERROR [default] Error: there is no ErrorCode in TxPDO mapping under this motor type, please check PDO setting!
2025-04-18 15:01:10,479 ERROR [default] Error: there is no ErrorCode in TxPDO mapping under this motor type, please check PDO setting!
2025-04-18 15:01:10,479 ERROR [default] Error: there is no ErrorCode in TxPDO mapping under this motor type, please check PDO setting!
2025-04-18 15:01:10,479 ERROR [default] Error: there is no ErrorCode in TxPDO mapping under this motor type, please check PDO setting!
2025-04-18 15:01:10,479 ERROR [default] Error: there is no ErrorCode in TxPDO mapping under this motor type, please check PDO setting!
2025-04-18 15:01:10,479 ERROR [default] Error: there is no ErrorCode in TxPDO mapping under this motor type, please check PDO setting!
2025-04-18 15:01:10,479 ERROR [default] Error: there is no ErrorCode in TxPDO mapping under this motor type, please check PDO setting!
2025-04-18 15:01:10,479 ERROR [default] Error: there is no ErrorCode in TxPDO mapping under this motor type, please check PDO setting!
2025-04-18 15:01:10,480 ERROR [default] Error: there is no ErrorCode in TxPDO mapping under this motor type, please check PDO setting!
2025-04-18 15:01:10,483 ERROR [default] Error: there is no ErrorCode in TxPDO mapping under this motor type, please check PDO setting!
2025-04-18 15:01:10,483 ERROR [default] Error: there is no ErrorCode in TxPDO mapping under this motor type, please check PDO setting!
2025-04-18 15:01:10,484 ERROR [default] Error: there is no ErrorCode in TxPDO mapping under this motor type, please check PDO setting!
2025-04-18 15:01:10,484 ERROR [default] Error: there is no ErrorCode in TxPDO mapping under this motor type, please check PDO setting!
2025-04-18 15:01:10,484 ERROR [default] Error: there is no ErrorCode in TxPDO mapping under this motor type, please check PDO setting!
2025-04-18 15:01:10,484 ERROR [default] Error: there is no ErrorCode in TxPDO mapping under this motor type, please check PDO setting!
2025-04-18 15:01:10,484 ERROR [default] Error: there is no ErrorCode in TxPDO mapping under this motor type, please check PDO setting!
2025-04-18 15:01:10,484 ERROR [default] Error: there is no ErrorCode in TxPDO mapping under this motor type, please check PDO setting!
2025-04-18 15:01:10,487 ERROR [default] Error: there is no ErrorCode in TxPDO mapping under this motor type, please check PDO setting!
2025-04-18 15:01:10,487 ERROR [default] Error: there is no ErrorCode in TxPDO mapping under this motor type, please check PDO setting!
2025-04-18 15:01:10,487 ERROR [default] Error: there is no ErrorCode in TxPDO mapping under this motor type, please check PDO setting!
2025-04-18 15:01:10,487 ERROR [default] Error: there is no ErrorCode in TxPDO mapping under this motor type, please check PDO setting!
2025-04-18 15:01:10,487 ERROR [default] Error: there is no ErrorCode in TxPDO mapping under this motor type, please check PDO setting!
2025-04-18 15:01:10,487 ERROR [default] Error: there is no ErrorCode in TxPDO mapping under this motor type, please check PDO setting!
2025-04-18 15:01:10,488 ERROR [default] Error: there is no ErrorCode in TxPDO mapping under this motor type, please check PDO setting!
2025-04-18 15:01:10,488 ERROR [default] Error: there is no ErrorCode in TxPDO mapping under this motor type, please check PDO setting!
2025-04-18 15:01:10,491 ERROR [default] Error: there is no ErrorCode in TxPDO mapping under this motor type, please check PDO setting!
2025-04-18 15:01:10,492 ERROR [default] Error: there is no ErrorCode in TxPDO mapping under this motor type, please check PDO setting!
2025-04-18 15:01:10,492 ERROR [default] Error: there is no ErrorCode in TxPDO mapping under this motor type, please check PDO setting!
2025-04-18 15:01:10,492 ERROR [default] Error: there is no ErrorCode in TxPDO mapping under this motor type, please check PDO setting!
2025-04-18 15:01:10,492 ERROR [default] Error: there is no ErrorCode in TxPDO mapping under this motor type, please check PDO setting!
2025-04-18 15:01:10,492 ERROR [default] Error: there is no ErrorCode in TxPDO mapping under this motor type, please check PDO setting!
2025-04-18 15:01:10,492 ERROR [default] Error: there is no ErrorCode in TxPDO mapping under this motor type, please check PDO setting!
2025-04-18 15:01:10,492 ERROR [default] Error: there is no ErrorCode in TxPDO mapping under this motor type, please check PDO setting!
2025-04-18 15:01:10,496 ERROR [default] Error: there is no ErrorCode in TxPDO mapping under this motor type, please check PDO setting!
2025-04-18 15:01:10,496 ERROR [default] Error: there is no ErrorCode in TxPDO mapping under this motor type, please check PDO setting!
2025-04-18 15:01:10,496 ERROR [default] Error: there is no ErrorCode in TxPDO mapping under this motor type, please check PDO setting!
2025-04-18 15:01:10,496 ERROR [default] Error: there is no ErrorCode in TxPDO mapping under this motor type, please check PDO setting!
2025-04-18 15:01:10,496 ERROR [default] Error: there is no ErrorCode in TxPDO mapping under this motor type, please check PDO setting!
2025-04-18 15:01:10,496 ERROR [default] Error: there is no ErrorCode in TxPDO mapping under this motor type, please check PDO setting!
2025-04-18 15:01:10,496 ERROR [default] Error: there is no ErrorCode in TxPDO mapping under this motor type, please check PDO setting!
2025-04-18 15:01:10,496 ERROR [default] Error: there is no ErrorCode in TxPDO mapping under this motor type, please check PDO setting!
2025-04-18 15:01:10,499 ERROR [default] Error: there is no ErrorCode in TxPDO mapping under this motor type, please check PDO setting!
2025-04-18 15:01:10,499 ERROR [default] Error: there is no ErrorCode in TxPDO mapping under this motor type, please check PDO setting!
2025-04-18 15:01:10,499 ERROR [default] Error: there is no ErrorCode in TxPDO mapping under this motor type, please check PDO setting!
2025-04-18 15:01:10,500 ERROR [default] Error: there is no ErrorCode in TxPDO mapping under this motor type, please check PDO setting!
2025-04-18 15:01:10,500 ERROR [default] Error: there is no ErrorCode in TxPDO mapping under this motor type, please check PDO setting!
2025-04-18 15:01:10,500 ERROR [default] Error: there is no ErrorCode in TxPDO mapping under this motor type, please check PDO setting!
2025-04-18 15:01:10,500 ERROR [default] Error: there is no ErrorCode in TxPDO mapping under this motor type, please check PDO setting!
2025-04-18 15:01:10,500 ERROR [default] Error: there is no ErrorCode in TxPDO mapping under this motor type, please check PDO setting!
2025-04-18 15:01:10,503 ERROR [default] Error: there is no ErrorCode in TxPDO mapping under this motor type, please check PDO setting!
2025-04-18 15:01:10,503 ERROR [default] Error: there is no ErrorCode in TxPDO mapping under this motor type, please check PDO setting!
2025-04-18 15:01:10,504 ERROR [default] Error: there is no ErrorCode in TxPDO mapping under this motor type, please check PDO setting!
2025-04-18 15:01:10,504 ERROR [default] Error: there is no ErrorCode in TxPDO mapping under this motor type, please check PDO setting!
2025-04-18 15:01:10,504 ERROR [default] Error: there is no ErrorCode in TxPDO mapping under this motor type, please check PDO setting!
2025-04-18 15:01:10,504 ERROR [default] Error: there is no ErrorCode in TxPDO mapping under this motor type, please check PDO setting!
2025-04-18 15:01:10,504 ERROR [default] Error: there is no ErrorCode in TxPDO mapping under this motor type, please check PDO setting!
2025-04-18 15:01:10,504 ERROR [default] Error: there is no ErrorCode in TxPDO mapping under this motor type, please check PDO setting!
2025-04-18 15:01:10,507 ERROR [default] Error: there is no ErrorCode in TxPDO mapping under this motor type, please check PDO setting!
2025-04-18 15:01:10,507 ERROR [default] Error: there is no ErrorCode in TxPDO mapping under this motor type, please check PDO setting!
2025-04-18 15:01:10,508 ERROR [default] Error: there is no ErrorCode in TxPDO mapping under this motor type, please check PDO setting!
2025-04-18 15:01:10,508 ERROR [default] Error: there is no ErrorCode in TxPDO mapping under this motor type, please check PDO setting!
2025-04-18 15:01:10,508 ERROR [default] Error: there is no ErrorCode in TxPDO mapping under this motor type, please check PDO setting!
2025-04-18 15:01:10,508 ERROR [default] Error: there is no ErrorCode in TxPDO mapping under this motor type, please check PDO setting!
2025-04-18 15:01:10,508 ERROR [default] Error: there is no ErrorCode in TxPDO mapping under this motor type, please check PDO setting!
2025-04-18 15:01:10,508 ERROR [default] Error: there is no ErrorCode in TxPDO mapping under this motor type, please check PDO setting!
2025-04-18 15:01:10,511 ERROR [default] Error: there is no ErrorCode in TxPDO mapping under this motor type, please check PDO setting!
2025-04-18 15:01:10,511 ERROR [default] Error: there is no ErrorCode in TxPDO mapping under this motor type, please check PDO setting!
2025-04-18 15:01:10,511 ERROR [default] Error: there is no ErrorCode in TxPDO mapping under this motor type, please check PDO setting!
2025-04-18 15:01:10,512 ERROR [default] Error: there is no ErrorCode in TxPDO mapping under this motor type, please check PDO setting!
2025-04-18 15:01:10,512 ERROR [default] Error: there is no ErrorCode in TxPDO mapping under this motor type, please check PDO setting!
2025-04-18 15:01:10,512 ERROR [default] Error: there is no ErrorCode in TxPDO mapping under this motor type, please check PDO setting!
2025-04-18 15:01:10,512 ERROR [default] Error: there is no ErrorCode in TxPDO mapping under this motor type, please check PDO setting!
2025-04-18 15:01:10,512 ERROR [default] Error: there is no ErrorCode in TxPDO mapping under this motor type, please check PDO setting!
2025-04-18 15:01:10,516 ERROR [default] Error: there is no ErrorCode in TxPDO mapping under this motor type, please check PDO setting!
2025-04-18 15:01:10,516 ERROR [default] Error: there is no ErrorCode in TxPDO mapping under this motor type, please check PDO setting!
2025-04-18 15:01:10,516 ERROR [default] Error: there is no ErrorCode in TxPDO mapping under this motor type, please check PDO setting!
2025-04-18 15:01:10,516 ERROR [default] Error: there is no ErrorCode in TxPDO mapping under this motor type, please check PDO setting!
2025-04-18 15:01:10,516 ERROR [default] Error: there is no ErrorCode in TxPDO mapping under this motor type, please check PDO setting!
2025-04-18 15:01:10,516 ERROR [default] Error: there is no ErrorCode in TxPDO mapping under this motor type, please check PDO setting!
2025-04-18 15:01:10,516 ERROR [default] Error: there is no ErrorCode in TxPDO mapping under this motor type, please check PDO setting!
2025-04-18 15:01:10,516 ERROR [default] Error: there is no ErrorCode in TxPDO mapping under this motor type, please check PDO setting!
2025-04-18 15:01:10,519 ERROR [default] Error: there is no ErrorCode in TxPDO mapping under this motor type, please check PDO setting!
2025-04-18 15:01:10,519 ERROR [default] Error: there is no ErrorCode in TxPDO mapping under this motor type, please check PDO setting!
2025-04-18 15:01:10,519 ERROR [default] Error: there is no ErrorCode in TxPDO mapping under this motor type, please check PDO setting!
2025-04-18 15:01:10,519 ERROR [default] Error: there is no ErrorCode in TxPDO mapping under this motor type, please check PDO setting!
2025-04-18 15:01:10,520 ERROR [default] Error: there is no ErrorCode in TxPDO mapping under this motor type, please check PDO setting!
2025-04-18 15:01:10,520 ERROR [default] Error: there is no ErrorCode in TxPDO mapping under this motor type, please check PDO setting!
2025-04-18 15:01:10,520 ERROR [default] Error: there is no ErrorCode in TxPDO mapping under this motor type, please check PDO setting!
2025-04-18 15:01:10,520 ERROR [default] Error: there is no ErrorCode in TxPDO mapping under this motor type, please check PDO setting!
2025-04-18 15:01:10,523 ERROR [default] Error: there is no ErrorCode in TxPDO mapping under this motor type, please check PDO setting!
2025-04-18 15:01:10,523 ERROR [default] Error: there is no ErrorCode in TxPDO mapping under this motor type, please check PDO setting!
2025-04-18 15:01:10,523 ERROR [default] Error: there is no ErrorCode in TxPDO mapping under this motor type, please check PDO setting!
2025-04-18 15:01:10,523 ERROR [default] Error: there is no ErrorCode in TxPDO mapping under this motor type, please check PDO setting!
2025-04-18 15:01:10,523 ERROR [default] Error: there is no ErrorCode in TxPDO mapping under this motor type, please check PDO setting!
2025-04-18 15:01:10,524 ERROR [default] Error: there is no ErrorCode in TxPDO mapping under this motor type, please check PDO setting!
2025-04-18 15:01:10,524 ERROR [default] Error: there is no ErrorCode in TxPDO mapping under this motor type, please check PDO setting!
2025-04-18 15:01:10,524 ERROR [default] Error: there is no ErrorCode in TxPDO mapping under this motor type, please check PDO setting!
2025-04-18 15:01:10,527 ERROR [default] Error: there is no ErrorCode in TxPDO mapping under this motor type, please check PDO setting!
2025-04-18 15:01:10,528 ERROR [default] Error: there is no ErrorCode in TxPDO mapping under this motor type, please check PDO setting!
2025-04-18 15:01:10,528 ERROR [default] Error: there is no ErrorCode in TxPDO mapping under this motor type, please check PDO setting!
2025-04-18 15:01:10,528 ERROR [default] Error: there is no ErrorCode in TxPDO mapping under this motor type, please check PDO setting!
2025-04-18 15:01:10,528 ERROR [default] Error: there is no ErrorCode in TxPDO mapping under this motor type, please check PDO setting!
2025-04-18 15:01:10,528 ERROR [default] Error: there is no ErrorCode in TxPDO mapping under this motor type, please check PDO setting!
2025-04-18 15:01:10,528 ERROR [default] Error: there is no ErrorCode in TxPDO mapping under this motor type, please check PDO setting!
2025-04-18 15:01:10,528 ERROR [default] Error: there is no ErrorCode in TxPDO mapping under this motor type, please check PDO setting!
2025-04-18 15:01:10,531 ERROR [default] Error: there is no ErrorCode in TxPDO mapping under this motor type, please check PDO setting!
2025-04-18 15:01:10,532 ERROR [default] Error: there is no ErrorCode in TxPDO mapping under this motor type, please check PDO setting!
2025-04-18 15:01:10,532 ERROR [default] Error: there is no ErrorCode in TxPDO mapping under this motor type, please check PDO setting!
2025-04-18 15:01:10,532 ERROR [default] Error: there is no ErrorCode in TxPDO mapping under this motor type, please check PDO setting!
2025-04-18 15:01:10,532 ERROR [default] Error: there is no ErrorCode in TxPDO mapping under this motor type, please check PDO setting!
2025-04-18 15:01:10,532 ERROR [default] Error: there is no ErrorCode in TxPDO mapping under this motor type, please check PDO setting!
2025-04-18 15:01:10,532 ERROR [default] Error: there is no ErrorCode in TxPDO mapping under this motor type, please check PDO setting!
2025-04-18 15:01:10,532 ERROR [default] Error: there is no ErrorCode in TxPDO mapping under this motor type, please check PDO setting!
2025-04-18 15:01:10,536 ERROR [default] Error: there is no ErrorCode in TxPDO mapping under this motor type, please check PDO setting!
2025-04-18 15:01:10,536 ERROR [default] Error: there is no ErrorCode in TxPDO mapping under this motor type, please check PDO setting!
2025-04-18 15:01:10,536 ERROR [default] Error: there is no ErrorCode in TxPDO mapping under this motor type, please check PDO setting!
2025-04-18 15:01:10,536 ERROR [default] Error: there is no ErrorCode in TxPDO mapping under this motor type, please check PDO setting!
2025-04-18 15:01:10,536 ERROR [default] Error: there is no ErrorCode in TxPDO mapping under this motor type, please check PDO setting!
2025-04-18 15:01:10,536 ERROR [default] Error: there is no ErrorCode in TxPDO mapping under this motor type, please check PDO setting!
2025-04-18 15:01:10,536 ERROR [default] Error: there is no ErrorCode in TxPDO mapping under this motor type, please check PDO setting!
2025-04-18 15:01:10,536 ERROR [default] Error: there is no ErrorCode in TxPDO mapping under this motor type, please check PDO setting!
2025-04-18 15:01:10,539 ERROR [default] Error: there is no ErrorCode in TxPDO mapping under this motor type, please check PDO setting!
2025-04-18 15:01:10,539 ERROR [default] Error: there is no ErrorCode in TxPDO mapping under this motor type, please check PDO setting!
2025-04-18 15:01:10,539 ERROR [default] Error: there is no ErrorCode in TxPDO mapping under this motor type, please check PDO setting!
2025-04-18 15:01:10,539 ERROR [default] Error: there is no ErrorCode in TxPDO mapping under this motor type, please check PDO setting!
2025-04-18 15:01:10,539 ERROR [default] Error: there is no ErrorCode in TxPDO mapping under this motor type, please check PDO setting!
2025-04-18 15:01:10,539 ERROR [default] Error: there is no ErrorCode in TxPDO mapping under this motor type, please check PDO setting!
2025-04-18 15:01:10,539 ERROR [default] Error: there is no ErrorCode in TxPDO mapping under this motor type, please check PDO setting!
2025-04-18 15:01:10,540 ERROR [default] Error: there is no ErrorCode in TxPDO mapping under this motor type, please check PDO setting!
2025-04-18 15:01:10,543 ERROR [default] Error: there is no ErrorCode in TxPDO mapping under this motor type, please check PDO setting!
2025-04-18 15:01:10,543 ERROR [default] Error: there is no ErrorCode in TxPDO mapping under this motor type, please check PDO setting!
2025-04-18 15:01:10,543 ERROR [default] Error: there is no ErrorCode in TxPDO mapping under this motor type, please check PDO setting!
2025-04-18 15:01:10,543 ERROR [default] Error: there is no ErrorCode in TxPDO mapping under this motor type, please check PDO setting!
2025-04-18 15:01:10,544 ERROR [default] Error: there is no ErrorCode in TxPDO mapping under this motor type, please check PDO setting!
2025-04-18 15:01:10,544 ERROR [default] Error: there is no ErrorCode in TxPDO mapping under this motor type, please check PDO setting!
2025-04-18 15:01:10,544 ERROR [default] Error: there is no ErrorCode in TxPDO mapping under this motor type, please check PDO setting!
2025-04-18 15:01:10,544 ERROR [default] Error: there is no ErrorCode in TxPDO mapping under this motor type, please check PDO setting!
2025-04-18 15:01:10,547 ERROR [default] Error: there is no ErrorCode in TxPDO mapping under this motor type, please check PDO setting!
2025-04-18 15:01:10,547 ERROR [default] Error: there is no ErrorCode in TxPDO mapping under this motor type, please check PDO setting!
2025-04-18 15:01:10,547 ERROR [default] Error: there is no ErrorCode in TxPDO mapping under this motor type, please check PDO setting!
2025-04-18 15:01:10,547 ERROR [default] Error: there is no ErrorCode in TxPDO mapping under this motor type, please check PDO setting!
2025-04-18 15:01:10,547 ERROR [default] Error: there is no ErrorCode in TxPDO mapping under this motor type, please check PDO setting!
2025-04-18 15:01:10,547 ERROR [default] Error: there is no ErrorCode in TxPDO mapping under this motor type, please check PDO setting!
2025-04-18 15:01:10,547 ERROR [default] Error: there is no ErrorCode in TxPDO mapping under this motor type, please check PDO setting!
2025-04-18 15:01:10,548 ERROR [default] Error: there is no ErrorCode in TxPDO mapping under this motor type, please check PDO setting!
2025-04-18 15:01:10,551 ERROR [default] Error: there is no ErrorCode in TxPDO mapping under this motor type, please check PDO setting!
2025-04-18 15:01:10,551 ERROR [default] Error: there is no ErrorCode in TxPDO mapping under this motor type, please check PDO setting!
2025-04-18 15:01:10,552 ERROR [default] Error: there is no ErrorCode in TxPDO mapping under this motor type, please check PDO setting!
2025-04-18 15:01:10,552 ERROR [default] Error: there is no ErrorCode in TxPDO mapping under this motor type, please check PDO setting!
2025-04-18 15:01:10,552 ERROR [default] Error: there is no ErrorCode in TxPDO mapping under this motor type, please check PDO setting!
2025-04-18 15:01:10,552 ERROR [default] Error: there is no ErrorCode in TxPDO mapping under this motor type, please check PDO setting!
2025-04-18 15:01:10,552 ERROR [default] Error: there is no ErrorCode in TxPDO mapping under this motor type, please check PDO setting!
2025-04-18 15:01:10,552 ERROR [default] Error: there is no ErrorCode in TxPDO mapping under this motor type, please check PDO setting!
2025-04-18 15:01:10,556 ERROR [default] Error: there is no ErrorCode in TxPDO mapping under this motor type, please check PDO setting!
2025-04-18 15:01:10,556 ERROR [default] Error: there is no ErrorCode in TxPDO mapping under this motor type, please check PDO setting!
2025-04-18 15:01:10,556 ERROR [default] Error: there is no ErrorCode in TxPDO mapping under this motor type, please check PDO setting!
2025-04-18 15:01:10,556 ERROR [default] Error: there is no ErrorCode in TxPDO mapping under this motor type, please check PDO setting!
2025-04-18 15:01:10,556 ERROR [default] Error: there is no ErrorCode in TxPDO mapping under this motor type, please check PDO setting!
2025-04-18 15:01:10,556 ERROR [default] Error: there is no ErrorCode in TxPDO mapping under this motor type, please check PDO setting!
2025-04-18 15:01:10,556 ERROR [default] Error: there is no ErrorCode in TxPDO mapping under this motor type, please check PDO setting!
2025-04-18 15:01:10,556 ERROR [default] Error: there is no ErrorCode in TxPDO mapping under this motor type, please check PDO setting!
2025-04-18 15:01:10,559 ERROR [default] Error: there is no ErrorCode in TxPDO mapping under this motor type, please check PDO setting!
2025-04-18 15:01:10,559 ERROR [default] Error: there is no ErrorCode in TxPDO mapping under this motor type, please check PDO setting!
2025-04-18 15:01:10,559 ERROR [default] Error: there is no ErrorCode in TxPDO mapping under this motor type, please check PDO setting!
2025-04-18 15:01:10,559 ERROR [default] Error: there is no ErrorCode in TxPDO mapping under this motor type, please check PDO setting!
2025-04-18 15:01:10,559 ERROR [default] Error: there is no ErrorCode in TxPDO mapping under this motor type, please check PDO setting!
2025-04-18 15:01:10,559 ERROR [default] Error: there is no ErrorCode in TxPDO mapping under this motor type, please check PDO setting!
2025-04-18 15:01:10,559 ERROR [default] Error: there is no ErrorCode in TxPDO mapping under this motor type, please check PDO setting!
2025-04-18 15:01:10,559 ERROR [default] Error: there is no ErrorCode in TxPDO mapping under this motor type, please check PDO setting!
2025-04-18 15:01:10,563 ERROR [default] Error: there is no ErrorCode in TxPDO mapping under this motor type, please check PDO setting!
2025-04-18 15:01:10,563 ERROR [default] Error: there is no ErrorCode in TxPDO mapping under this motor type, please check PDO setting!
2025-04-18 15:01:10,563 ERROR [default] Error: there is no ErrorCode in TxPDO mapping under this motor type, please check PDO setting!
2025-04-18 15:01:10,563 ERROR [default] Error: there is no ErrorCode in TxPDO mapping under this motor type, please check PDO setting!
2025-04-18 15:01:10,563 ERROR [default] Error: there is no ErrorCode in TxPDO mapping under this motor type, please check PDO setting!
2025-04-18 15:01:10,564 ERROR [default] Error: there is no ErrorCode in TxPDO mapping under this motor type, please check PDO setting!
2025-04-18 15:01:10,564 ERROR [default] Error: there is no ErrorCode in TxPDO mapping under this motor type, please check PDO setting!
2025-04-18 15:01:10,564 ERROR [default] Error: there is no ErrorCode in TxPDO mapping under this motor type, please check PDO setting!
2025-04-18 15:01:10,567 ERROR [default] Error: there is no ErrorCode in TxPDO mapping under this motor type, please check PDO setting!
2025-04-18 15:01:10,567 ERROR [default] Error: there is no ErrorCode in TxPDO mapping under this motor type, please check PDO setting!
2025-04-18 15:01:10,567 ERROR [default] Error: there is no ErrorCode in TxPDO mapping under this motor type, please check PDO setting!
2025-04-18 15:01:10,567 ERROR [default] Error: there is no ErrorCode in TxPDO mapping under this motor type, please check PDO setting!
2025-04-18 15:01:10,567 ERROR [default] Error: there is no ErrorCode in TxPDO mapping under this motor type, please check PDO setting!
2025-04-18 15:01:10,567 ERROR [default] Error: there is no ErrorCode in TxPDO mapping under this motor type, please check PDO setting!
2025-04-18 15:01:10,567 ERROR [default] Error: there is no ErrorCode in TxPDO mapping under this motor type, please check PDO setting!
2025-04-18 15:01:10,567 ERROR [default] Error: there is no ErrorCode in TxPDO mapping under this motor type, please check PDO setting!
2025-04-18 15:01:10,571 ERROR [default] Error: there is no ErrorCode in TxPDO mapping under this motor type, please check PDO setting!
2025-04-18 15:01:10,571 ERROR [default] Error: there is no ErrorCode in TxPDO mapping under this motor type, please check PDO setting!
2025-04-18 15:01:10,571 ERROR [default] Error: there is no ErrorCode in TxPDO mapping under this motor type, please check PDO setting!
2025-04-18 15:01:10,572 ERROR [default] Error: there is no ErrorCode in TxPDO mapping under this motor type, please check PDO setting!
2025-04-18 15:01:10,572 ERROR [default] Error: there is no ErrorCode in TxPDO mapping under this motor type, please check PDO setting!
2025-04-18 15:01:10,572 ERROR [default] Error: there is no ErrorCode in TxPDO mapping under this motor type, please check PDO setting!
2025-04-18 15:01:10,572 ERROR [default] Error: there is no ErrorCode in TxPDO mapping under this motor type, please check PDO setting!
2025-04-18 15:01:10,572 ERROR [default] Error: there is no ErrorCode in TxPDO mapping under this motor type, please check PDO setting!
2025-04-18 15:01:10,576 ERROR [default] Error: there is no ErrorCode in TxPDO mapping under this motor type, please check PDO setting!
2025-04-18 15:01:10,576 ERROR [default] Error: there is no ErrorCode in TxPDO mapping under this motor type, please check PDO setting!
2025-04-18 15:01:10,576 ERROR [default] Error: there is no ErrorCode in TxPDO mapping under this motor type, please check PDO setting!
2025-04-18 15:01:10,576 ERROR [default] Error: there is no ErrorCode in TxPDO mapping under this motor type, please check PDO setting!
2025-04-18 15:01:10,576 ERROR [default] Error: there is no ErrorCode in TxPDO mapping under this motor type, please check PDO setting!
2025-04-18 15:01:10,576 ERROR [default] Error: there is no ErrorCode in TxPDO mapping under this motor type, please check PDO setting!
2025-04-18 15:01:10,576 ERROR [default] Error: there is no ErrorCode in TxPDO mapping under this motor type, please check PDO setting!
2025-04-18 15:01:10,576 ERROR [default] Error: there is no ErrorCode in TxPDO mapping under this motor type, please check PDO setting!
2025-04-18 15:01:10,579 ERROR [default] Error: there is no ErrorCode in TxPDO mapping under this motor type, please check PDO setting!
2025-04-18 15:01:10,579 ERROR [default] Error: there is no ErrorCode in TxPDO mapping under this motor type, please check PDO setting!
2025-04-18 15:01:10,579 ERROR [default] Error: there is no ErrorCode in TxPDO mapping under this motor type, please check PDO setting!
2025-04-18 15:01:10,579 ERROR [default] Error: there is no ErrorCode in TxPDO mapping under this motor type, please check PDO setting!
2025-04-18 15:01:10,579 ERROR [default] Error: there is no ErrorCode in TxPDO mapping under this motor type, please check PDO setting!
2025-04-18 15:01:10,579 ERROR [default] Error: there is no ErrorCode in TxPDO mapping under this motor type, please check PDO setting!
2025-04-18 15:01:10,579 ERROR [default] Error: there is no ErrorCode in TxPDO mapping under this motor type, please check PDO setting!
2025-04-18 15:01:10,579 ERROR [default] Error: there is no ErrorCode in TxPDO mapping under this motor type, please check PDO setting!
2025-04-18 15:01:10,583 ERROR [default] Error: there is no ErrorCode in TxPDO mapping under this motor type, please check PDO setting!
2025-04-18 15:01:10,583 ERROR [default] Error: there is no ErrorCode in TxPDO mapping under this motor type, please check PDO setting!
2025-04-18 15:01:10,583 ERROR [default] Error: there is no ErrorCode in TxPDO mapping under this motor type, please check PDO setting!
2025-04-18 15:01:10,584 ERROR [default] Error: there is no ErrorCode in TxPDO mapping under this motor type, please check PDO setting!
2025-04-18 15:01:10,584 ERROR [default] Error: there is no ErrorCode in TxPDO mapping under this motor type, please check PDO setting!
2025-04-18 15:01:10,584 ERROR [default] Error: there is no ErrorCode in TxPDO mapping under this motor type, please check PDO setting!
2025-04-18 15:01:10,584 ERROR [default] Error: there is no ErrorCode in TxPDO mapping under this motor type, please check PDO setting!
2025-04-18 15:01:10,584 ERROR [default] Error: there is no ErrorCode in TxPDO mapping under this motor type, please check PDO setting!
2025-04-18 15:01:10,587 ERROR [default] Error: there is no ErrorCode in TxPDO mapping under this motor type, please check PDO setting!
2025-04-18 15:01:10,587 ERROR [default] Error: there is no ErrorCode in TxPDO mapping under this motor type, please check PDO setting!
2025-04-18 15:01:10,587 ERROR [default] Error: there is no ErrorCode in TxPDO mapping under this motor type, please check PDO setting!
2025-04-18 15:01:10,588 ERROR [default] Error: there is no ErrorCode in TxPDO mapping under this motor type, please check PDO setting!
2025-04-18 15:01:10,588 ERROR [default] Error: there is no ErrorCode in TxPDO mapping under this motor type, please check PDO setting!
2025-04-18 15:01:10,588 ERROR [default] Error: there is no ErrorCode in TxPDO mapping under this motor type, please check PDO setting!
2025-04-18 15:01:10,588 ERROR [default] Error: there is no ErrorCode in TxPDO mapping under this motor type, please check PDO setting!
2025-04-18 15:01:10,588 ERROR [default] Error: there is no ErrorCode in TxPDO mapping under this motor type, please check PDO setting!
2025-04-18 15:01:10,591 ERROR [default] Error: there is no ErrorCode in TxPDO mapping under this motor type, please check PDO setting!
2025-04-18 15:01:10,591 ERROR [default] Error: there is no ErrorCode in TxPDO mapping under this motor type, please check PDO setting!
2025-04-18 15:01:10,591 ERROR [default] Error: there is no ErrorCode in TxPDO mapping under this motor type, please check PDO setting!
2025-04-18 15:01:10,591 ERROR [default] Error: there is no ErrorCode in TxPDO mapping under this motor type, please check PDO setting!
2025-04-18 15:01:10,592 ERROR [default] Error: there is no ErrorCode in TxPDO mapping under this motor type, please check PDO setting!
2025-04-18 15:01:10,592 ERROR [default] Error: there is no ErrorCode in TxPDO mapping under this motor type, please check PDO setting!
2025-04-18 15:01:10,592 ERROR [default] Error: there is no ErrorCode in TxPDO mapping under this motor type, please check PDO setting!
2025-04-18 15:01:10,592 ERROR [default] Error: there is no ErrorCode in TxPDO mapping under this motor type, please check PDO setting!
2025-04-18 15:01:10,595 ERROR [default] Error: there is no ErrorCode in TxPDO mapping under this motor type, please check PDO setting!
2025-04-18 15:01:10,595 ERROR [default] Error: there is no ErrorCode in TxPDO mapping under this motor type, please check PDO setting!
2025-04-18 15:01:10,595 ERROR [default] Error: there is no ErrorCode in TxPDO mapping under this motor type, please check PDO setting!
2025-04-18 15:01:10,595 ERROR [default] Error: there is no ErrorCode in TxPDO mapping under this motor type, please check PDO setting!
2025-04-18 15:01:10,595 ERROR [default] Error: there is no ErrorCode in TxPDO mapping under this motor type, please check PDO setting!
2025-04-18 15:01:10,596 ERROR [default] Error: there is no ErrorCode in TxPDO mapping under this motor type, please check PDO setting!
2025-04-18 15:01:10,596 ERROR [default] Error: there is no ErrorCode in TxPDO mapping under this motor type, please check PDO setting!
2025-04-18 15:01:10,596 ERROR [default] Error: there is no ErrorCode in TxPDO mapping under this motor type, please check PDO setting!
2025-04-18 15:01:10,599 ERROR [default] Error: there is no ErrorCode in TxPDO mapping under this motor type, please check PDO setting!
2025-04-18 15:01:10,599 ERROR [default] Error: there is no ErrorCode in TxPDO mapping under this motor type, please check PDO setting!
2025-04-18 15:01:10,599 ERROR [default] Error: there is no ErrorCode in TxPDO mapping under this motor type, please check PDO setting!
2025-04-18 15:01:10,599 ERROR [default] Error: there is no ErrorCode in TxPDO mapping under this motor type, please check PDO setting!
2025-04-18 15:01:10,599 ERROR [default] Error: there is no ErrorCode in TxPDO mapping under this motor type, please check PDO setting!
2025-04-18 15:01:10,599 ERROR [default] Error: there is no ErrorCode in TxPDO mapping under this motor type, please check PDO setting!
2025-04-18 15:01:10,600 ERROR [default] Error: there is no ErrorCode in TxPDO mapping under this motor type, please check PDO setting!
2025-04-18 15:01:10,600 ERROR [default] Error: there is no ErrorCode in TxPDO mapping under this motor type, please check PDO setting!
2025-04-18 15:01:10,603 ERROR [default] Error: there is no ErrorCode in TxPDO mapping under this motor type, please check PDO setting!
2025-04-18 15:01:10,603 ERROR [default] Error: there is no ErrorCode in TxPDO mapping under this motor type, please check PDO setting!
2025-04-18 15:01:10,603 ERROR [default] Error: there is no ErrorCode in TxPDO mapping under this motor type, please check PDO setting!
2025-04-18 15:01:10,603 ERROR [default] Error: there is no ErrorCode in TxPDO mapping under this motor type, please check PDO setting!
2025-04-18 15:01:10,603 ERROR [default] Error: there is no ErrorCode in TxPDO mapping under this motor type, please check PDO setting!
2025-04-18 15:01:10,603 ERROR [default] Error: there is no ErrorCode in TxPDO mapping under this motor type, please check PDO setting!
2025-04-18 15:01:10,603 ERROR [default] Error: there is no ErrorCode in TxPDO mapping under this motor type, please check PDO setting!
2025-04-18 15:01:10,603 ERROR [default] Error: there is no ErrorCode in TxPDO mapping under this motor type, please check PDO setting!
2025-04-18 15:01:10,607 ERROR [default] Error: there is no ErrorCode in TxPDO mapping under this motor type, please check PDO setting!
2025-04-18 15:01:10,607 ERROR [default] Error: there is no ErrorCode in TxPDO mapping under this motor type, please check PDO setting!
2025-04-18 15:01:10,607 ERROR [default] Error: there is no ErrorCode in TxPDO mapping under this motor type, please check PDO setting!
2025-04-18 15:01:10,607 ERROR [default] Error: there is no ErrorCode in TxPDO mapping under this motor type, please check PDO setting!
2025-04-18 15:01:10,607 ERROR [default] Error: there is no ErrorCode in TxPDO mapping under this motor type, please check PDO setting!
2025-04-18 15:01:10,607 ERROR [default] Error: there is no ErrorCode in TxPDO mapping under this motor type, please check PDO setting!
2025-04-18 15:01:10,608 ERROR [default] Error: there is no ErrorCode in TxPDO mapping under this motor type, please check PDO setting!
2025-04-18 15:01:10,608 ERROR [default] Error: there is no ErrorCode in TxPDO mapping under this motor type, please check PDO setting!
2025-04-18 15:01:10,611 ERROR [default] Error: there is no ErrorCode in TxPDO mapping under this motor type, please check PDO setting!
2025-04-18 15:01:10,611 ERROR [default] Error: there is no ErrorCode in TxPDO mapping under this motor type, please check PDO setting!
2025-04-18 15:01:10,611 ERROR [default] Error: there is no ErrorCode in TxPDO mapping under this motor type, please check PDO setting!
2025-04-18 15:01:10,611 ERROR [default] Error: there is no ErrorCode in TxPDO mapping under this motor type, please check PDO setting!
2025-04-18 15:01:10,612 ERROR [default] Error: there is no ErrorCode in TxPDO mapping under this motor type, please check PDO setting!
2025-04-18 15:01:10,612 ERROR [default] Error: there is no ErrorCode in TxPDO mapping under this motor type, please check PDO setting!
2025-04-18 15:01:10,612 ERROR [default] Error: there is no ErrorCode in TxPDO mapping under this motor type, please check PDO setting!
2025-04-18 15:01:10,612 ERROR [default] Error: there is no ErrorCode in TxPDO mapping under this motor type, please check PDO setting!
2025-04-18 15:01:10,615 ERROR [default] Error: there is no ErrorCode in TxPDO mapping under this motor type, please check PDO setting!
2025-04-18 15:01:10,615 ERROR [default] Error: there is no ErrorCode in TxPDO mapping under this motor type, please check PDO setting!
2025-04-18 15:01:10,615 ERROR [default] Error: there is no ErrorCode in TxPDO mapping under this motor type, please check PDO setting!
2025-04-18 15:01:10,615 ERROR [default] Error: there is no ErrorCode in TxPDO mapping under this motor type, please check PDO setting!
2025-04-18 15:01:10,615 ERROR [default] Error: there is no ErrorCode in TxPDO mapping under this motor type, please check PDO setting!
2025-04-18 15:01:10,615 ERROR [default] Error: there is no ErrorCode in TxPDO mapping under this motor type, please check PDO setting!
2025-04-18 15:01:10,615 ERROR [default] Error: there is no ErrorCode in TxPDO mapping under this motor type, please check PDO setting!
2025-04-18 15:01:10,615 ERROR [default] Error: there is no ErrorCode in TxPDO mapping under this motor type, please check PDO setting!
2025-04-18 15:01:10,619 ERROR [default] Error: there is no ErrorCode in TxPDO mapping under this motor type, please check PDO setting!
2025-04-18 15:01:10,619 ERROR [default] Error: there is no ErrorCode in TxPDO mapping under this motor type, please check PDO setting!
2025-04-18 15:01:10,619 ERROR [default] Error: there is no ErrorCode in TxPDO mapping under this motor type, please check PDO setting!
2025-04-18 15:01:10,619 ERROR [default] Error: there is no ErrorCode in TxPDO mapping under this motor type, please check PDO setting!
2025-04-18 15:01:10,620 ERROR [default] Error: there is no ErrorCode in TxPDO mapping under this motor type, please check PDO setting!
2025-04-18 15:01:10,620 ERROR [default] Error: there is no ErrorCode in TxPDO mapping under this motor type, please check PDO setting!
2025-04-18 15:01:10,620 ERROR [default] Error: there is no ErrorCode in TxPDO mapping under this motor type, please check PDO setting!
2025-04-18 15:01:10,620 ERROR [default] Error: there is no ErrorCode in TxPDO mapping under this motor type, please check PDO setting!
2025-04-18 15:01:10,623 ERROR [default] Error: there is no ErrorCode in TxPDO mapping under this motor type, please check PDO setting!
2025-04-18 15:01:10,623 ERROR [default] Error: there is no ErrorCode in TxPDO mapping under this motor type, please check PDO setting!
2025-04-18 15:01:10,623 ERROR [default] Error: there is no ErrorCode in TxPDO mapping under this motor type, please check PDO setting!
2025-04-18 15:01:10,623 ERROR [default] Error: there is no ErrorCode in TxPDO mapping under this motor type, please check PDO setting!
2025-04-18 15:01:10,623 ERROR [default] Error: there is no ErrorCode in TxPDO mapping under this motor type, please check PDO setting!
2025-04-18 15:01:10,624 ERROR [default] Error: there is no ErrorCode in TxPDO mapping under this motor type, please check PDO setting!
2025-04-18 15:01:10,624 ERROR [default] Error: there is no ErrorCode in TxPDO mapping under this motor type, please check PDO setting!
2025-04-18 15:01:10,624 ERROR [default] Error: there is no ErrorCode in TxPDO mapping under this motor type, please check PDO setting!
2025-04-18 15:01:10,627 ERROR [default] Error: there is no ErrorCode in TxPDO mapping under this motor type, please check PDO setting!
2025-04-18 15:01:10,627 ERROR [default] Error: there is no ErrorCode in TxPDO mapping under this motor type, please check PDO setting!
2025-04-18 15:01:10,628 ERROR [default] Error: there is no ErrorCode in TxPDO mapping under this motor type, please check PDO setting!
2025-04-18 15:01:10,628 ERROR [default] Error: there is no ErrorCode in TxPDO mapping under this motor type, please check PDO setting!
2025-04-18 15:01:10,628 ERROR [default] Error: there is no ErrorCode in TxPDO mapping under this motor type, please check PDO setting!
2025-04-18 15:01:10,628 ERROR [default] Error: there is no ErrorCode in TxPDO mapping under this motor type, please check PDO setting!
2025-04-18 15:01:10,628 ERROR [default] Error: there is no ErrorCode in TxPDO mapping under this motor type, please check PDO setting!
2025-04-18 15:01:10,628 ERROR [default] Error: there is no ErrorCode in TxPDO mapping under this motor type, please check PDO setting!
2025-04-18 15:01:10,631 ERROR [default] Error: there is no ErrorCode in TxPDO mapping under this motor type, please check PDO setting!
2025-04-18 15:01:10,631 ERROR [default] Error: there is no ErrorCode in TxPDO mapping under this motor type, please check PDO setting!
2025-04-18 15:01:10,631 ERROR [default] Error: there is no ErrorCode in TxPDO mapping under this motor type, please check PDO setting!
2025-04-18 15:01:10,631 ERROR [default] Error: there is no ErrorCode in TxPDO mapping under this motor type, please check PDO setting!
2025-04-18 15:01:10,631 ERROR [default] Error: there is no ErrorCode in TxPDO mapping under this motor type, please check PDO setting!
2025-04-18 15:01:10,631 ERROR [default] Error: there is no ErrorCode in TxPDO mapping under this motor type, please check PDO setting!
2025-04-18 15:01:10,631 ERROR [default] Error: there is no ErrorCode in TxPDO mapping under this motor type, please check PDO setting!
2025-04-18 15:01:10,631 ERROR [default] Error: there is no ErrorCode in TxPDO mapping under this motor type, please check PDO setting!
2025-04-18 15:01:10,636 ERROR [default] Error: there is no ErrorCode in TxPDO mapping under this motor type, please check PDO setting!
2025-04-18 15:01:10,636 ERROR [default] Error: there is no ErrorCode in TxPDO mapping under this motor type, please check PDO setting!
2025-04-18 15:01:10,636 ERROR [default] Error: there is no ErrorCode in TxPDO mapping under this motor type, please check PDO setting!
2025-04-18 15:01:10,636 ERROR [default] Error: there is no ErrorCode in TxPDO mapping under this motor type, please check PDO setting!
2025-04-18 15:01:10,636 ERROR [default] Error: there is no ErrorCode in TxPDO mapping under this motor type, please check PDO setting!
2025-04-18 15:01:10,636 ERROR [default] Error: there is no ErrorCode in TxPDO mapping under this motor type, please check PDO setting!
2025-04-18 15:01:10,636 ERROR [default] Error: there is no ErrorCode in TxPDO mapping under this motor type, please check PDO setting!
2025-04-18 15:01:10,636 ERROR [default] Error: there is no ErrorCode in TxPDO mapping under this motor type, please check PDO setting!
2025-04-18 15:01:10,639 ERROR [default] Error: there is no ErrorCode in TxPDO mapping under this motor type, please check PDO setting!
2025-04-18 15:01:10,639 ERROR [default] Error: there is no ErrorCode in TxPDO mapping under this motor type, please check PDO setting!
2025-04-18 15:01:10,640 ERROR [default] Error: there is no ErrorCode in TxPDO mapping under this motor type, please check PDO setting!
2025-04-18 15:01:10,640 ERROR [default] Error: there is no ErrorCode in TxPDO mapping under this motor type, please check PDO setting!
2025-04-18 15:01:10,640 ERROR [default] Error: there is no ErrorCode in TxPDO mapping under this motor type, please check PDO setting!
2025-04-18 15:01:10,640 ERROR [default] Error: there is no ErrorCode in TxPDO mapping under this motor type, please check PDO setting!
2025-04-18 15:01:10,640 ERROR [default] Error: there is no ErrorCode in TxPDO mapping under this motor type, please check PDO setting!
2025-04-18 15:01:10,640 ERROR [default] Error: there is no ErrorCode in TxPDO mapping under this motor type, please check PDO setting!
2025-04-18 15:01:10,643 ERROR [default] Error: there is no ErrorCode in TxPDO mapping under this motor type, please check PDO setting!
2025-04-18 15:01:10,643 ERROR [default] Error: there is no ErrorCode in TxPDO mapping under this motor type, please check PDO setting!
2025-04-18 15:01:10,643 ERROR [default] Error: there is no ErrorCode in TxPDO mapping under this motor type, please check PDO setting!
2025-04-18 15:01:10,643 ERROR [default] Error: there is no ErrorCode in TxPDO mapping under this motor type, please check PDO setting!
2025-04-18 15:01:10,643 ERROR [default] Error: there is no ErrorCode in TxPDO mapping under this motor type, please check PDO setting!
2025-04-18 15:01:10,643 ERROR [default] Error: there is no ErrorCode in TxPDO mapping under this motor type, please check PDO setting!
2025-04-18 15:01:10,643 ERROR [default] Error: there is no ErrorCode in TxPDO mapping under this motor type, please check PDO setting!
2025-04-18 15:01:10,643 ERROR [default] Error: there is no ErrorCode in TxPDO mapping under this motor type, please check PDO setting!
2025-04-18 15:01:10,647 ERROR [default] Error: there is no ErrorCode in TxPDO mapping under this motor type, please check PDO setting!
2025-04-18 15:01:10,647 ERROR [default] Error: there is no ErrorCode in TxPDO mapping under this motor type, please check PDO setting!
2025-04-18 15:01:10,647 ERROR [default] Error: there is no ErrorCode in TxPDO mapping under this motor type, please check PDO setting!
2025-04-18 15:01:10,647 ERROR [default] Error: there is no ErrorCode in TxPDO mapping under this motor type, please check PDO setting!
2025-04-18 15:01:10,648 ERROR [default] Error: there is no ErrorCode in TxPDO mapping under this motor type, please check PDO setting!
2025-04-18 15:01:10,648 ERROR [default] Error: there is no ErrorCode in TxPDO mapping under this motor type, please check PDO setting!
2025-04-18 15:01:10,648 ERROR [default] Error: there is no ErrorCode in TxPDO mapping under this motor type, please check PDO setting!
2025-04-18 15:01:10,648 ERROR [default] Error: there is no ErrorCode in TxPDO mapping under this motor type, please check PDO setting!
2025-04-18 15:01:10,651 ERROR [default] Error: there is no ErrorCode in TxPDO mapping under this motor type, please check PDO setting!
2025-04-18 15:01:10,651 ERROR [default] Error: there is no ErrorCode in TxPDO mapping under this motor type, please check PDO setting!
2025-04-18 15:01:10,651 ERROR [default] Error: there is no ErrorCode in TxPDO mapping under this motor type, please check PDO setting!
2025-04-18 15:01:10,651 ERROR [default] Error: there is no ErrorCode in TxPDO mapping under this motor type, please check PDO setting!
2025-04-18 15:01:10,651 ERROR [default] Error: there is no ErrorCode in TxPDO mapping under this motor type, please check PDO setting!
2025-04-18 15:01:10,651 ERROR [default] Error: there is no ErrorCode in TxPDO mapping under this motor type, please check PDO setting!
2025-04-18 15:01:10,651 ERROR [default] Error: there is no ErrorCode in TxPDO mapping under this motor type, please check PDO setting!
2025-04-18 15:01:10,651 ERROR [default] Error: there is no ErrorCode in TxPDO mapping under this motor type, please check PDO setting!
2025-04-18 15:01:10,656 ERROR [default] Error: there is no ErrorCode in TxPDO mapping under this motor type, please check PDO setting!
2025-04-18 15:01:10,656 ERROR [default] Error: there is no ErrorCode in TxPDO mapping under this motor type, please check PDO setting!
2025-04-18 15:01:10,656 ERROR [default] Error: there is no ErrorCode in TxPDO mapping under this motor type, please check PDO setting!
2025-04-18 15:01:10,656 ERROR [default] Error: there is no ErrorCode in TxPDO mapping under this motor type, please check PDO setting!
2025-04-18 15:01:10,656 ERROR [default] Error: there is no ErrorCode in TxPDO mapping under this motor type, please check PDO setting!
2025-04-18 15:01:10,656 ERROR [default] Error: there is no ErrorCode in TxPDO mapping under this motor type, please check PDO setting!
2025-04-18 15:01:10,656 ERROR [default] Error: there is no ErrorCode in TxPDO mapping under this motor type, please check PDO setting!
2025-04-18 15:01:10,656 ERROR [default] Error: there is no ErrorCode in TxPDO mapping under this motor type, please check PDO setting!
2025-04-18 15:01:10,659 ERROR [default] Error: there is no ErrorCode in TxPDO mapping under this motor type, please check PDO setting!
2025-04-18 15:01:10,659 ERROR [default] Error: there is no ErrorCode in TxPDO mapping under this motor type, please check PDO setting!
2025-04-18 15:01:10,659 ERROR [default] Error: there is no ErrorCode in TxPDO mapping under this motor type, please check PDO setting!
2025-04-18 15:01:10,660 ERROR [default] Error: there is no ErrorCode in TxPDO mapping under this motor type, please check PDO setting!
2025-04-18 15:01:10,660 ERROR [default] Error: there is no ErrorCode in TxPDO mapping under this motor type, please check PDO setting!
2025-04-18 15:01:10,660 ERROR [default] Error: there is no ErrorCode in TxPDO mapping under this motor type, please check PDO setting!
2025-04-18 15:01:10,660 ERROR [default] Error: there is no ErrorCode in TxPDO mapping under this motor type, please check PDO setting!
2025-04-18 15:01:10,660 ERROR [default] Error: there is no ErrorCode in TxPDO mapping under this motor type, please check PDO setting!
2025-04-18 15:01:10,663 ERROR [default] Error: there is no ErrorCode in TxPDO mapping under this motor type, please check PDO setting!
2025-04-18 15:01:10,663 ERROR [default] Error: there is no ErrorCode in TxPDO mapping under this motor type, please check PDO setting!
2025-04-18 15:01:10,663 ERROR [default] Error: there is no ErrorCode in TxPDO mapping under this motor type, please check PDO setting!
2025-04-18 15:01:10,664 ERROR [default] Error: there is no ErrorCode in TxPDO mapping under this motor type, please check PDO setting!
2025-04-18 15:01:10,664 ERROR [default] Error: there is no ErrorCode in TxPDO mapping under this motor type, please check PDO setting!
2025-04-18 15:01:10,664 ERROR [default] Error: there is no ErrorCode in TxPDO mapping under this motor type, please check PDO setting!
2025-04-18 15:01:10,664 ERROR [default] Error: there is no ErrorCode in TxPDO mapping under this motor type, please check PDO setting!
2025-04-18 15:01:10,664 ERROR [default] Error: there is no ErrorCode in TxPDO mapping under this motor type, please check PDO setting!
2025-04-18 15:01:10,667 ERROR [default] Error: there is no ErrorCode in TxPDO mapping under this motor type, please check PDO setting!
2025-04-18 15:01:10,667 ERROR [default] Error: there is no ErrorCode in TxPDO mapping under this motor type, please check PDO setting!
2025-04-18 15:01:10,668 ERROR [default] Error: there is no ErrorCode in TxPDO mapping under this motor type, please check PDO setting!
2025-04-18 15:01:10,668 ERROR [default] Error: there is no ErrorCode in TxPDO mapping under this motor type, please check PDO setting!
2025-04-18 15:01:10,668 ERROR [default] Error: there is no ErrorCode in TxPDO mapping under this motor type, please check PDO setting!
2025-04-18 15:01:10,668 ERROR [default] Error: there is no ErrorCode in TxPDO mapping under this motor type, please check PDO setting!
2025-04-18 15:01:10,668 ERROR [default] Error: there is no ErrorCode in TxPDO mapping under this motor type, please check PDO setting!
2025-04-18 15:01:10,668 ERROR [default] Error: there is no ErrorCode in TxPDO mapping under this motor type, please check PDO setting!
2025-04-18 15:01:10,671 ERROR [default] Error: there is no ErrorCode in TxPDO mapping under this motor type, please check PDO setting!
2025-04-18 15:01:10,672 ERROR [default] Error: there is no ErrorCode in TxPDO mapping under this motor type, please check PDO setting!
2025-04-18 15:01:10,672 ERROR [default] Error: there is no ErrorCode in TxPDO mapping under this motor type, please check PDO setting!
2025-04-18 15:01:10,672 ERROR [default] Error: there is no ErrorCode in TxPDO mapping under this motor type, please check PDO setting!
2025-04-18 15:01:10,672 ERROR [default] Error: there is no ErrorCode in TxPDO mapping under this motor type, please check PDO setting!
2025-04-18 15:01:10,672 ERROR [default] Error: there is no ErrorCode in TxPDO mapping under this motor type, please check PDO setting!
2025-04-18 15:01:10,672 ERROR [default] Error: there is no ErrorCode in TxPDO mapping under this motor type, please check PDO setting!
2025-04-18 15:01:10,672 ERROR [default] Error: there is no ErrorCode in TxPDO mapping under this motor type, please check PDO setting!
2025-04-18 15:01:10,676 ERROR [default] Error: there is no ErrorCode in TxPDO mapping under this motor type, please check PDO setting!
2025-04-18 15:01:10,676 ERROR [default] Error: there is no ErrorCode in TxPDO mapping under this motor type, please check PDO setting!
2025-04-18 15:01:10,676 ERROR [default] Error: there is no ErrorCode in TxPDO mapping under this motor type, please check PDO setting!
2025-04-18 15:01:10,676 ERROR [default] Error: there is no ErrorCode in TxPDO mapping under this motor type, please check PDO setting!
2025-04-18 15:01:10,676 ERROR [default] Error: there is no ErrorCode in TxPDO mapping under this motor type, please check PDO setting!
2025-04-18 15:01:10,676 ERROR [default] Error: there is no ErrorCode in TxPDO mapping under this motor type, please check PDO setting!
2025-04-18 15:01:10,676 ERROR [default] Error: there is no ErrorCode in TxPDO mapping under this motor type, please check PDO setting!
2025-04-18 15:01:10,676 ERROR [default] Error: there is no ErrorCode in TxPDO mapping under this motor type, please check PDO setting!
2025-04-18 15:01:10,679 ERROR [default] Error: there is no ErrorCode in TxPDO mapping under this motor type, please check PDO setting!
2025-04-18 15:01:10,679 ERROR [default] Error: there is no ErrorCode in TxPDO mapping under this motor type, please check PDO setting!
2025-04-18 15:01:10,679 ERROR [default] Error: there is no ErrorCode in TxPDO mapping under this motor type, please check PDO setting!
2025-04-18 15:01:10,679 ERROR [default] Error: there is no ErrorCode in TxPDO mapping under this motor type, please check PDO setting!
2025-04-18 15:01:10,679 ERROR [default] Error: there is no ErrorCode in TxPDO mapping under this motor type, please check PDO setting!
2025-04-18 15:01:10,679 ERROR [default] Error: there is no ErrorCode in TxPDO mapping under this motor type, please check PDO setting!
2025-04-18 15:01:10,679 ERROR [default] Error: there is no ErrorCode in TxPDO mapping under this motor type, please check PDO setting!
2025-04-18 15:01:10,679 ERROR [default] Error: there is no ErrorCode in TxPDO mapping under this motor type, please check PDO setting!
2025-04-18 15:01:10,683 ERROR [default] Error: there is no ErrorCode in TxPDO mapping under this motor type, please check PDO setting!
2025-04-18 15:01:10,683 ERROR [default] Error: there is no ErrorCode in TxPDO mapping under this motor type, please check PDO setting!
2025-04-18 15:01:10,683 ERROR [default] Error: there is no ErrorCode in TxPDO mapping under this motor type, please check PDO setting!
2025-04-18 15:01:10,683 ERROR [default] Error: there is no ErrorCode in TxPDO mapping under this motor type, please check PDO setting!
2025-04-18 15:01:10,683 ERROR [default] Error: there is no ErrorCode in TxPDO mapping under this motor type, please check PDO setting!
2025-04-18 15:01:10,684 ERROR [default] Error: there is no ErrorCode in TxPDO mapping under this motor type, please check PDO setting!
2025-04-18 15:01:10,684 ERROR [default] Error: there is no ErrorCode in TxPDO mapping under this motor type, please check PDO setting!
2025-04-18 15:01:10,684 ERROR [default] Error: there is no ErrorCode in TxPDO mapping under this motor type, please check PDO setting!
2025-04-18 15:01:10,687 ERROR [default] Error: there is no ErrorCode in TxPDO mapping under this motor type, please check PDO setting!
2025-04-18 15:01:10,687 ERROR [default] Error: there is no ErrorCode in TxPDO mapping under this motor type, please check PDO setting!
2025-04-18 15:01:10,688 ERROR [default] Error: there is no ErrorCode in TxPDO mapping under this motor type, please check PDO setting!
2025-04-18 15:01:10,688 ERROR [default] Error: there is no ErrorCode in TxPDO mapping under this motor type, please check PDO setting!
2025-04-18 15:01:10,688 ERROR [default] Error: there is no ErrorCode in TxPDO mapping under this motor type, please check PDO setting!
2025-04-18 15:01:10,688 ERROR [default] Error: there is no ErrorCode in TxPDO mapping under this motor type, please check PDO setting!
2025-04-18 15:01:10,688 ERROR [default] Error: there is no ErrorCode in TxPDO mapping under this motor type, please check PDO setting!
2025-04-18 15:01:10,688 ERROR [default] Error: there is no ErrorCode in TxPDO mapping under this motor type, please check PDO setting!
2025-04-18 15:01:10,691 ERROR [default] Error: there is no ErrorCode in TxPDO mapping under this motor type, please check PDO setting!
2025-04-18 15:01:10,691 ERROR [default] Error: there is no ErrorCode in TxPDO mapping under this motor type, please check PDO setting!
2025-04-18 15:01:10,691 ERROR [default] Error: there is no ErrorCode in TxPDO mapping under this motor type, please check PDO setting!
2025-04-18 15:01:10,691 ERROR [default] Error: there is no ErrorCode in TxPDO mapping under this motor type, please check PDO setting!
2025-04-18 15:01:10,691 ERROR [default] Error: there is no ErrorCode in TxPDO mapping under this motor type, please check PDO setting!
2025-04-18 15:01:10,692 ERROR [default] Error: there is no ErrorCode in TxPDO mapping under this motor type, please check PDO setting!
2025-04-18 15:01:10,692 ERROR [default] Error: there is no ErrorCode in TxPDO mapping under this motor type, please check PDO setting!
2025-04-18 15:01:10,692 ERROR [default] Error: there is no ErrorCode in TxPDO mapping under this motor type, please check PDO setting!
2025-04-18 15:01:10,695 ERROR [default] Error: there is no ErrorCode in TxPDO mapping under this motor type, please check PDO setting!
2025-04-18 15:01:10,695 ERROR [default] Error: there is no ErrorCode in TxPDO mapping under this motor type, please check PDO setting!
2025-04-18 15:01:10,695 ERROR [default] Error: there is no ErrorCode in TxPDO mapping under this motor type, please check PDO setting!
2025-04-18 15:01:10,695 ERROR [default] Error: there is no ErrorCode in TxPDO mapping under this motor type, please check PDO setting!
2025-04-18 15:01:10,695 ERROR [default] Error: there is no ErrorCode in TxPDO mapping under this motor type, please check PDO setting!
2025-04-18 15:01:10,695 ERROR [default] Error: there is no ErrorCode in TxPDO mapping under this motor type, please check PDO setting!
2025-04-18 15:01:10,695 ERROR [default] Error: there is no ErrorCode in TxPDO mapping under this motor type, please check PDO setting!
2025-04-18 15:01:10,695 ERROR [default] Error: there is no ErrorCode in TxPDO mapping under this motor type, please check PDO setting!
2025-04-18 15:01:10,699 ERROR [default] Error: there is no ErrorCode in TxPDO mapping under this motor type, please check PDO setting!
2025-04-18 15:01:10,699 ERROR [default] Error: there is no ErrorCode in TxPDO mapping under this motor type, please check PDO setting!
2025-04-18 15:01:10,699 ERROR [default] Error: there is no ErrorCode in TxPDO mapping under this motor type, please check PDO setting!
2025-04-18 15:01:10,699 ERROR [default] Error: there is no ErrorCode in TxPDO mapping under this motor type, please check PDO setting!
2025-04-18 15:01:10,699 ERROR [default] Error: there is no ErrorCode in TxPDO mapping under this motor type, please check PDO setting!
2025-04-18 15:01:10,699 ERROR [default] Error: there is no ErrorCode in TxPDO mapping under this motor type, please check PDO setting!
2025-04-18 15:01:10,700 ERROR [default] Error: there is no ErrorCode in TxPDO mapping under this motor type, please check PDO setting!
2025-04-18 15:01:10,700 ERROR [default] Error: there is no ErrorCode in TxPDO mapping under this motor type, please check PDO setting!
2025-04-18 15:01:10,703 ERROR [default] Error: there is no ErrorCode in TxPDO mapping under this motor type, please check PDO setting!
2025-04-18 15:01:10,703 ERROR [default] Error: there is no ErrorCode in TxPDO mapping under this motor type, please check PDO setting!
2025-04-18 15:01:10,703 ERROR [default] Error: there is no ErrorCode in TxPDO mapping under this motor type, please check PDO setting!
2025-04-18 15:01:10,704 ERROR [default] Error: there is no ErrorCode in TxPDO mapping under this motor type, please check PDO setting!
2025-04-18 15:01:10,704 ERROR [default] Error: there is no ErrorCode in TxPDO mapping under this motor type, please check PDO setting!
2025-04-18 15:01:10,704 ERROR [default] Error: there is no ErrorCode in TxPDO mapping under this motor type, please check PDO setting!
2025-04-18 15:01:10,704 ERROR [default] Error: there is no ErrorCode in TxPDO mapping under this motor type, please check PDO setting!
2025-04-18 15:01:10,704 ERROR [default] Error: there is no ErrorCode in TxPDO mapping under this motor type, please check PDO setting!
2025-04-18 15:01:10,707 ERROR [default] Error: there is no ErrorCode in TxPDO mapping under this motor type, please check PDO setting!
2025-04-18 15:01:10,707 ERROR [default] Error: there is no ErrorCode in TxPDO mapping under this motor type, please check PDO setting!
2025-04-18 15:01:10,707 ERROR [default] Error: there is no ErrorCode in TxPDO mapping under this motor type, please check PDO setting!
2025-04-18 15:01:10,707 ERROR [default] Error: there is no ErrorCode in TxPDO mapping under this motor type, please check PDO setting!
2025-04-18 15:01:10,707 ERROR [default] Error: there is no ErrorCode in TxPDO mapping under this motor type, please check PDO setting!
2025-04-18 15:01:10,707 ERROR [default] Error: there is no ErrorCode in TxPDO mapping under this motor type, please check PDO setting!
2025-04-18 15:01:10,707 ERROR [default] Error: there is no ErrorCode in TxPDO mapping under this motor type, please check PDO setting!
2025-04-18 15:01:10,708 ERROR [default] Error: there is no ErrorCode in TxPDO mapping under this motor type, please check PDO setting!
2025-04-18 15:01:10,711 ERROR [default] Error: there is no ErrorCode in TxPDO mapping under this motor type, please check PDO setting!
2025-04-18 15:01:10,711 ERROR [default] Error: there is no ErrorCode in TxPDO mapping under this motor type, please check PDO setting!
2025-04-18 15:01:10,711 ERROR [default] Error: there is no ErrorCode in TxPDO mapping under this motor type, please check PDO setting!
2025-04-18 15:01:10,712 ERROR [default] Error: there is no ErrorCode in TxPDO mapping under this motor type, please check PDO setting!
2025-04-18 15:01:10,712 ERROR [default] Error: there is no ErrorCode in TxPDO mapping under this motor type, please check PDO setting!
2025-04-18 15:01:10,712 ERROR [default] Error: there is no ErrorCode in TxPDO mapping under this motor type, please check PDO setting!
2025-04-18 15:01:10,712 ERROR [default] Error: there is no ErrorCode in TxPDO mapping under this motor type, please check PDO setting!
2025-04-18 15:01:10,712 ERROR [default] Error: there is no ErrorCode in TxPDO mapping under this motor type, please check PDO setting!
2025-04-18 15:01:10,715 ERROR [default] Error: there is no ErrorCode in TxPDO mapping under this motor type, please check PDO setting!
2025-04-18 15:01:10,715 ERROR [default] Error: there is no ErrorCode in TxPDO mapping under this motor type, please check PDO setting!
2025-04-18 15:01:10,715 ERROR [default] Error: there is no ErrorCode in TxPDO mapping under this motor type, please check PDO setting!
2025-04-18 15:01:10,715 ERROR [default] Error: there is no ErrorCode in TxPDO mapping under this motor type, please check PDO setting!
2025-04-18 15:01:10,715 ERROR [default] Error: there is no ErrorCode in TxPDO mapping under this motor type, please check PDO setting!
2025-04-18 15:01:10,715 ERROR [default] Error: there is no ErrorCode in TxPDO mapping under this motor type, please check PDO setting!
2025-04-18 15:01:10,715 ERROR [default] Error: there is no ErrorCode in TxPDO mapping under this motor type, please check PDO setting!
2025-04-18 15:01:10,715 ERROR [default] Error: there is no ErrorCode in TxPDO mapping under this motor type, please check PDO setting!
2025-04-18 15:01:10,719 ERROR [default] Error: there is no ErrorCode in TxPDO mapping under this motor type, please check PDO setting!
2025-04-18 15:01:10,719 ERROR [default] Error: there is no ErrorCode in TxPDO mapping under this motor type, please check PDO setting!
2025-04-18 15:01:10,719 ERROR [default] Error: there is no ErrorCode in TxPDO mapping under this motor type, please check PDO setting!
2025-04-18 15:01:10,720 ERROR [default] Error: there is no ErrorCode in TxPDO mapping under this motor type, please check PDO setting!
2025-04-18 15:01:10,720 ERROR [default] Error: there is no ErrorCode in TxPDO mapping under this motor type, please check PDO setting!
2025-04-18 15:01:10,720 ERROR [default] Error: there is no ErrorCode in TxPDO mapping under this motor type, please check PDO setting!
2025-04-18 15:01:10,720 ERROR [default] Error: there is no ErrorCode in TxPDO mapping under this motor type, please check PDO setting!
2025-04-18 15:01:10,720 ERROR [default] Error: there is no ErrorCode in TxPDO mapping under this motor type, please check PDO setting!
2025-04-18 15:01:10,723 ERROR [default] Error: there is no ErrorCode in TxPDO mapping under this motor type, please check PDO setting!
2025-04-18 15:01:10,724 ERROR [default] Error: there is no ErrorCode in TxPDO mapping under this motor type, please check PDO setting!
2025-04-18 15:01:10,724 ERROR [default] Error: there is no ErrorCode in TxPDO mapping under this motor type, please check PDO setting!
2025-04-18 15:01:10,724 ERROR [default] Error: there is no ErrorCode in TxPDO mapping under this motor type, please check PDO setting!
2025-04-18 15:01:10,724 ERROR [default] Error: there is no ErrorCode in TxPDO mapping under this motor type, please check PDO setting!
2025-04-18 15:01:10,724 ERROR [default] Error: there is no ErrorCode in TxPDO mapping under this motor type, please check PDO setting!
2025-04-18 15:01:10,724 ERROR [default] Error: there is no ErrorCode in TxPDO mapping under this motor type, please check PDO setting!
2025-04-18 15:01:10,724 ERROR [default] Error: there is no ErrorCode in TxPDO mapping under this motor type, please check PDO setting!
2025-04-18 15:01:10,727 ERROR [default] Error: there is no ErrorCode in TxPDO mapping under this motor type, please check PDO setting!
2025-04-18 15:01:10,727 ERROR [default] Error: there is no ErrorCode in TxPDO mapping under this motor type, please check PDO setting!
2025-04-18 15:01:10,727 ERROR [default] Error: there is no ErrorCode in TxPDO mapping under this motor type, please check PDO setting!
2025-04-18 15:01:10,727 ERROR [default] Error: there is no ErrorCode in TxPDO mapping under this motor type, please check PDO setting!
2025-04-18 15:01:10,727 ERROR [default] Error: there is no ErrorCode in TxPDO mapping under this motor type, please check PDO setting!
2025-04-18 15:01:10,727 ERROR [default] Error: there is no ErrorCode in TxPDO mapping under this motor type, please check PDO setting!
2025-04-18 15:01:10,727 ERROR [default] Error: there is no ErrorCode in TxPDO mapping under this motor type, please check PDO setting!
2025-04-18 15:01:10,727 ERROR [default] Error: there is no ErrorCode in TxPDO mapping under this motor type, please check PDO setting!
2025-04-18 15:01:10,731 ERROR [default] Error: there is no ErrorCode in TxPDO mapping under this motor type, please check PDO setting!
2025-04-18 15:01:10,731 ERROR [default] Error: there is no ErrorCode in TxPDO mapping under this motor type, please check PDO setting!
2025-04-18 15:01:10,731 ERROR [default] Error: there is no ErrorCode in TxPDO mapping under this motor type, please check PDO setting!
2025-04-18 15:01:10,731 ERROR [default] Error: there is no ErrorCode in TxPDO mapping under this motor type, please check PDO setting!
2025-04-18 15:01:10,731 ERROR [default] Error: there is no ErrorCode in TxPDO mapping under this motor type, please check PDO setting!
2025-04-18 15:01:10,732 ERROR [default] Error: there is no ErrorCode in TxPDO mapping under this motor type, please check PDO setting!
2025-04-18 15:01:10,732 ERROR [default] Error: there is no ErrorCode in TxPDO mapping under this motor type, please check PDO setting!
2025-04-18 15:01:10,732 ERROR [default] Error: there is no ErrorCode in TxPDO mapping under this motor type, please check PDO setting!
2025-04-18 15:01:10,736 ERROR [default] Error: there is no ErrorCode in TxPDO mapping under this motor type, please check PDO setting!
2025-04-18 15:01:10,736 ERROR [default] Error: there is no ErrorCode in TxPDO mapping under this motor type, please check PDO setting!
2025-04-18 15:01:10,736 ERROR [default] Error: there is no ErrorCode in TxPDO mapping under this motor type, please check PDO setting!
2025-04-18 15:01:10,736 ERROR [default] Error: there is no ErrorCode in TxPDO mapping under this motor type, please check PDO setting!
2025-04-18 15:01:10,736 ERROR [default] Error: there is no ErrorCode in TxPDO mapping under this motor type, please check PDO setting!
2025-04-18 15:01:10,736 ERROR [default] Error: there is no ErrorCode in TxPDO mapping under this motor type, please check PDO setting!
2025-04-18 15:01:10,736 ERROR [default] Error: there is no ErrorCode in TxPDO mapping under this motor type, please check PDO setting!
2025-04-18 15:01:10,736 ERROR [default] Error: there is no ErrorCode in TxPDO mapping under this motor type, please check PDO setting!
2025-04-18 15:01:10,739 ERROR [default] Error: there is no ErrorCode in TxPDO mapping under this motor type, please check PDO setting!
2025-04-18 15:01:10,739 ERROR [default] Error: there is no ErrorCode in TxPDO mapping under this motor type, please check PDO setting!
2025-04-18 15:01:10,739 ERROR [default] Error: there is no ErrorCode in TxPDO mapping under this motor type, please check PDO setting!
2025-04-18 15:01:10,739 ERROR [default] Error: there is no ErrorCode in TxPDO mapping under this motor type, please check PDO setting!
2025-04-18 15:01:10,739 ERROR [default] Error: there is no ErrorCode in TxPDO mapping under this motor type, please check PDO setting!
2025-04-18 15:01:10,739 ERROR [default] Error: there is no ErrorCode in TxPDO mapping under this motor type, please check PDO setting!
2025-04-18 15:01:10,739 ERROR [default] Error: there is no ErrorCode in TxPDO mapping under this motor type, please check PDO setting!
2025-04-18 15:01:10,739 ERROR [default] Error: there is no ErrorCode in TxPDO mapping under this motor type, please check PDO setting!
2025-04-18 15:01:10,743 ERROR [default] Error: there is no ErrorCode in TxPDO mapping under this motor type, please check PDO setting!
2025-04-18 15:01:10,744 ERROR [default] Error: there is no ErrorCode in TxPDO mapping under this motor type, please check PDO setting!
2025-04-18 15:01:10,744 ERROR [default] Error: there is no ErrorCode in TxPDO mapping under this motor type, please check PDO setting!
2025-04-18 15:01:10,744 ERROR [default] Error: there is no ErrorCode in TxPDO mapping under this motor type, please check PDO setting!
2025-04-18 15:01:10,744 ERROR [default] Error: there is no ErrorCode in TxPDO mapping under this motor type, please check PDO setting!
2025-04-18 15:01:10,744 ERROR [default] Error: there is no ErrorCode in TxPDO mapping under this motor type, please check PDO setting!
2025-04-18 15:01:10,744 ERROR [default] Error: there is no ErrorCode in TxPDO mapping under this motor type, please check PDO setting!
2025-04-18 15:01:10,744 ERROR [default] Error: there is no ErrorCode in TxPDO mapping under this motor type, please check PDO setting!
2025-04-18 15:01:10,747 ERROR [default] Error: there is no ErrorCode in TxPDO mapping under this motor type, please check PDO setting!
2025-04-18 15:01:10,747 ERROR [default] Error: there is no ErrorCode in TxPDO mapping under this motor type, please check PDO setting!
2025-04-18 15:01:10,747 ERROR [default] Error: there is no ErrorCode in TxPDO mapping under this motor type, please check PDO setting!
2025-04-18 15:01:10,747 ERROR [default] Error: there is no ErrorCode in TxPDO mapping under this motor type, please check PDO setting!
2025-04-18 15:01:10,747 ERROR [default] Error: there is no ErrorCode in TxPDO mapping under this motor type, please check PDO setting!
2025-04-18 15:01:10,747 ERROR [default] Error: there is no ErrorCode in TxPDO mapping under this motor type, please check PDO setting!
2025-04-18 15:01:10,747 ERROR [default] Error: there is no ErrorCode in TxPDO mapping under this motor type, please check PDO setting!
2025-04-18 15:01:10,748 ERROR [default] Error: there is no ErrorCode in TxPDO mapping under this motor type, please check PDO setting!
2025-04-18 15:01:10,751 ERROR [default] Error: there is no ErrorCode in TxPDO mapping under this motor type, please check PDO setting!
2025-04-18 15:01:10,751 ERROR [default] Error: there is no ErrorCode in TxPDO mapping under this motor type, please check PDO setting!
2025-04-18 15:01:10,751 ERROR [default] Error: there is no ErrorCode in TxPDO mapping under this motor type, please check PDO setting!
2025-04-18 15:01:10,752 ERROR [default] Error: there is no ErrorCode in TxPDO mapping under this motor type, please check PDO setting!
2025-04-18 15:01:10,752 ERROR [default] Error: there is no ErrorCode in TxPDO mapping under this motor type, please check PDO setting!
2025-04-18 15:01:10,752 ERROR [default] Error: there is no ErrorCode in TxPDO mapping under this motor type, please check PDO setting!
2025-04-18 15:01:10,752 ERROR [default] Error: there is no ErrorCode in TxPDO mapping under this motor type, please check PDO setting!
2025-04-18 15:01:10,752 ERROR [default] Error: there is no ErrorCode in TxPDO mapping under this motor type, please check PDO setting!
2025-04-18 15:01:10,755 ERROR [default] Error: there is no ErrorCode in TxPDO mapping under this motor type, please check PDO setting!
2025-04-18 15:01:10,755 ERROR [default] Error: there is no ErrorCode in TxPDO mapping under this motor type, please check PDO setting!
2025-04-18 15:01:10,755 ERROR [default] Error: there is no ErrorCode in TxPDO mapping under this motor type, please check PDO setting!
2025-04-18 15:01:10,755 ERROR [default] Error: there is no ErrorCode in TxPDO mapping under this motor type, please check PDO setting!
2025-04-18 15:01:10,755 ERROR [default] Error: there is no ErrorCode in TxPDO mapping under this motor type, please check PDO setting!
2025-04-18 15:01:10,755 ERROR [default] Error: there is no ErrorCode in TxPDO mapping under this motor type, please check PDO setting!
2025-04-18 15:01:10,755 ERROR [default] Error: there is no ErrorCode in TxPDO mapping under this motor type, please check PDO setting!
2025-04-18 15:01:10,755 ERROR [default] Error: there is no ErrorCode in TxPDO mapping under this motor type, please check PDO setting!
2025-04-18 15:01:10,759 ERROR [default] Error: there is no ErrorCode in TxPDO mapping under this motor type, please check PDO setting!
2025-04-18 15:01:10,759 ERROR [default] Error: there is no ErrorCode in TxPDO mapping under this motor type, please check PDO setting!
2025-04-18 15:01:10,759 ERROR [default] Error: there is no ErrorCode in TxPDO mapping under this motor type, please check PDO setting!
2025-04-18 15:01:10,759 ERROR [default] Error: there is no ErrorCode in TxPDO mapping under this motor type, please check PDO setting!
2025-04-18 15:01:10,759 ERROR [default] Error: there is no ErrorCode in TxPDO mapping under this motor type, please check PDO setting!
2025-04-18 15:01:10,759 ERROR [default] Error: there is no ErrorCode in TxPDO mapping under this motor type, please check PDO setting!
2025-04-18 15:01:10,760 ERROR [default] Error: there is no ErrorCode in TxPDO mapping under this motor type, please check PDO setting!
2025-04-18 15:01:10,760 ERROR [default] Error: there is no ErrorCode in TxPDO mapping under this motor type, please check PDO setting!
2025-04-18 15:01:10,763 ERROR [default] Error: there is no ErrorCode in TxPDO mapping under this motor type, please check PDO setting!
2025-04-18 15:01:10,763 ERROR [default] Error: there is no ErrorCode in TxPDO mapping under this motor type, please check PDO setting!
2025-04-18 15:01:10,763 ERROR [default] Error: there is no ErrorCode in TxPDO mapping under this motor type, please check PDO setting!
2025-04-18 15:01:10,764 ERROR [default] Error: there is no ErrorCode in TxPDO mapping under this motor type, please check PDO setting!
2025-04-18 15:01:10,764 ERROR [default] Error: there is no ErrorCode in TxPDO mapping under this motor type, please check PDO setting!
2025-04-18 15:01:10,764 ERROR [default] Error: there is no ErrorCode in TxPDO mapping under this motor type, please check PDO setting!
2025-04-18 15:01:10,764 ERROR [default] Error: there is no ErrorCode in TxPDO mapping under this motor type, please check PDO setting!
2025-04-18 15:01:10,764 ERROR [default] Error: there is no ErrorCode in TxPDO mapping under this motor type, please check PDO setting!
2025-04-18 15:01:10,767 ERROR [default] Error: there is no ErrorCode in TxPDO mapping under this motor type, please check PDO setting!
2025-04-18 15:01:10,767 ERROR [default] Error: there is no ErrorCode in TxPDO mapping under this motor type, please check PDO setting!
2025-04-18 15:01:10,767 ERROR [default] Error: there is no ErrorCode in TxPDO mapping under this motor type, please check PDO setting!
2025-04-18 15:01:10,767 ERROR [default] Error: there is no ErrorCode in TxPDO mapping under this motor type, please check PDO setting!
2025-04-18 15:01:10,767 ERROR [default] Error: there is no ErrorCode in TxPDO mapping under this motor type, please check PDO setting!
2025-04-18 15:01:10,767 ERROR [default] Error: there is no ErrorCode in TxPDO mapping under this motor type, please check PDO setting!
2025-04-18 15:01:10,767 ERROR [default] Error: there is no ErrorCode in TxPDO mapping under this motor type, please check PDO setting!
2025-04-18 15:01:10,767 ERROR [default] Error: there is no ErrorCode in TxPDO mapping under this motor type, please check PDO setting!
2025-04-18 15:01:10,771 ERROR [default] Error: there is no ErrorCode in TxPDO mapping under this motor type, please check PDO setting!
2025-04-18 15:01:10,771 ERROR [default] Error: there is no ErrorCode in TxPDO mapping under this motor type, please check PDO setting!
2025-04-18 15:01:10,771 ERROR [default] Error: there is no ErrorCode in TxPDO mapping under this motor type, please check PDO setting!
2025-04-18 15:01:10,771 ERROR [default] Error: there is no ErrorCode in TxPDO mapping under this motor type, please check PDO setting!
2025-04-18 15:01:10,771 ERROR [default] Error: there is no ErrorCode in TxPDO mapping under this motor type, please check PDO setting!
2025-04-18 15:01:10,771 ERROR [default] Error: there is no ErrorCode in TxPDO mapping under this motor type, please check PDO setting!
2025-04-18 15:01:10,772 ERROR [default] Error: there is no ErrorCode in TxPDO mapping under this motor type, please check PDO setting!
2025-04-18 15:01:10,772 ERROR [default] Error: there is no ErrorCode in TxPDO mapping under this motor type, please check PDO setting!
2025-04-18 15:01:10,776 ERROR [default] Error: there is no ErrorCode in TxPDO mapping under this motor type, please check PDO setting!
2025-04-18 15:01:10,776 ERROR [default] Error: there is no ErrorCode in TxPDO mapping under this motor type, please check PDO setting!
2025-04-18 15:01:10,776 ERROR [default] Error: there is no ErrorCode in TxPDO mapping under this motor type, please check PDO setting!
2025-04-18 15:01:10,776 ERROR [default] Error: there is no ErrorCode in TxPDO mapping under this motor type, please check PDO setting!
2025-04-18 15:01:10,776 ERROR [default] Error: there is no ErrorCode in TxPDO mapping under this motor type, please check PDO setting!
2025-04-18 15:01:10,776 ERROR [default] Error: there is no ErrorCode in TxPDO mapping under this motor type, please check PDO setting!
2025-04-18 15:01:10,776 ERROR [default] Error: there is no ErrorCode in TxPDO mapping under this motor type, please check PDO setting!
2025-04-18 15:01:10,776 ERROR [default] Error: there is no ErrorCode in TxPDO mapping under this motor type, please check PDO setting!
2025-04-18 15:01:10,779 ERROR [default] Error: there is no ErrorCode in TxPDO mapping under this motor type, please check PDO setting!
2025-04-18 15:01:10,779 ERROR [default] Error: there is no ErrorCode in TxPDO mapping under this motor type, please check PDO setting!
2025-04-18 15:01:10,779 ERROR [default] Error: there is no ErrorCode in TxPDO mapping under this motor type, please check PDO setting!
2025-04-18 15:01:10,779 ERROR [default] Error: there is no ErrorCode in TxPDO mapping under this motor type, please check PDO setting!
2025-04-18 15:01:10,779 ERROR [default] Error: there is no ErrorCode in TxPDO mapping under this motor type, please check PDO setting!
2025-04-18 15:01:10,779 ERROR [default] Error: there is no ErrorCode in TxPDO mapping under this motor type, please check PDO setting!
2025-04-18 15:01:10,779 ERROR [default] Error: there is no ErrorCode in TxPDO mapping under this motor type, please check PDO setting!
2025-04-18 15:01:10,780 ERROR [default] Error: there is no ErrorCode in TxPDO mapping under this motor type, please check PDO setting!
2025-04-18 15:01:10,783 ERROR [default] Error: there is no ErrorCode in TxPDO mapping under this motor type, please check PDO setting!
2025-04-18 15:01:10,783 ERROR [default] Error: there is no ErrorCode in TxPDO mapping under this motor type, please check PDO setting!
2025-04-18 15:01:10,783 ERROR [default] Error: there is no ErrorCode in TxPDO mapping under this motor type, please check PDO setting!
2025-04-18 15:01:10,783 ERROR [default] Error: there is no ErrorCode in TxPDO mapping under this motor type, please check PDO setting!
2025-04-18 15:01:10,783 ERROR [default] Error: there is no ErrorCode in TxPDO mapping under this motor type, please check PDO setting!
2025-04-18 15:01:10,784 ERROR [default] Error: there is no ErrorCode in TxPDO mapping under this motor type, please check PDO setting!
2025-04-18 15:01:10,784 ERROR [default] Error: there is no ErrorCode in TxPDO mapping under this motor type, please check PDO setting!
2025-04-18 15:01:10,784 ERROR [default] Error: there is no ErrorCode in TxPDO mapping under this motor type, please check PDO setting!
2025-04-18 15:01:10,787 ERROR [default] Error: there is no ErrorCode in TxPDO mapping under this motor type, please check PDO setting!
2025-04-18 15:01:10,787 ERROR [default] Error: there is no ErrorCode in TxPDO mapping under this motor type, please check PDO setting!
2025-04-18 15:01:10,787 ERROR [default] Error: there is no ErrorCode in TxPDO mapping under this motor type, please check PDO setting!
2025-04-18 15:01:10,787 ERROR [default] Error: there is no ErrorCode in TxPDO mapping under this motor type, please check PDO setting!
2025-04-18 15:01:10,787 ERROR [default] Error: there is no ErrorCode in TxPDO mapping under this motor type, please check PDO setting!
2025-04-18 15:01:10,787 ERROR [default] Error: there is no ErrorCode in TxPDO mapping under this motor type, please check PDO setting!
2025-04-18 15:01:10,787 ERROR [default] Error: there is no ErrorCode in TxPDO mapping under this motor type, please check PDO setting!
2025-04-18 15:01:10,787 ERROR [default] Error: there is no ErrorCode in TxPDO mapping under this motor type, please check PDO setting!
2025-04-18 15:01:10,791 ERROR [default] Error: there is no ErrorCode in TxPDO mapping under this motor type, please check PDO setting!
2025-04-18 15:01:10,791 ERROR [default] Error: there is no ErrorCode in TxPDO mapping under this motor type, please check PDO setting!
2025-04-18 15:01:10,791 ERROR [default] Error: there is no ErrorCode in TxPDO mapping under this motor type, please check PDO setting!
2025-04-18 15:01:10,791 ERROR [default] Error: there is no ErrorCode in TxPDO mapping under this motor type, please check PDO setting!
2025-04-18 15:01:10,791 ERROR [default] Error: there is no ErrorCode in TxPDO mapping under this motor type, please check PDO setting!
2025-04-18 15:01:10,791 ERROR [default] Error: there is no ErrorCode in TxPDO mapping under this motor type, please check PDO setting!
2025-04-18 15:01:10,792 ERROR [default] Error: there is no ErrorCode in TxPDO mapping under this motor type, please check PDO setting!
2025-04-18 15:01:10,792 ERROR [default] Error: there is no ErrorCode in TxPDO mapping under this motor type, please check PDO setting!
2025-04-18 15:01:10,796 ERROR [default] Error: there is no ErrorCode in TxPDO mapping under this motor type, please check PDO setting!
2025-04-18 15:01:10,796 ERROR [default] Error: there is no ErrorCode in TxPDO mapping under this motor type, please check PDO setting!
2025-04-18 15:01:10,796 ERROR [default] Error: there is no ErrorCode in TxPDO mapping under this motor type, please check PDO setting!
2025-04-18 15:01:10,796 ERROR [default] Error: there is no ErrorCode in TxPDO mapping under this motor type, please check PDO setting!
2025-04-18 15:01:10,796 ERROR [default] Error: there is no ErrorCode in TxPDO mapping under this motor type, please check PDO setting!
2025-04-18 15:01:10,796 ERROR [default] Error: there is no ErrorCode in TxPDO mapping under this motor type, please check PDO setting!
2025-04-18 15:01:10,796 ERROR [default] Error: there is no ErrorCode in TxPDO mapping under this motor type, please check PDO setting!
2025-04-18 15:01:10,796 ERROR [default] Error: there is no ErrorCode in TxPDO mapping under this motor type, please check PDO setting!
2025-04-18 15:01:10,799 ERROR [default] Error: there is no ErrorCode in TxPDO mapping under this motor type, please check PDO setting!
2025-04-18 15:01:10,799 ERROR [default] Error: there is no ErrorCode in TxPDO mapping under this motor type, please check PDO setting!
2025-04-18 15:01:10,799 ERROR [default] Error: there is no ErrorCode in TxPDO mapping under this motor type, please check PDO setting!
2025-04-18 15:01:10,799 ERROR [default] Error: there is no ErrorCode in TxPDO mapping under this motor type, please check PDO setting!
2025-04-18 15:01:10,799 ERROR [default] Error: there is no ErrorCode in TxPDO mapping under this motor type, please check PDO setting!
2025-04-18 15:01:10,799 ERROR [default] Error: there is no ErrorCode in TxPDO mapping under this motor type, please check PDO setting!
2025-04-18 15:01:10,799 ERROR [default] Error: there is no ErrorCode in TxPDO mapping under this motor type, please check PDO setting!
2025-04-18 15:01:10,799 ERROR [default] Error: there is no ErrorCode in TxPDO mapping under this motor type, please check PDO setting!
2025-04-18 15:01:10,803 ERROR [default] Error: there is no ErrorCode in TxPDO mapping under this motor type, please check PDO setting!
2025-04-18 15:01:10,803 ERROR [default] Error: there is no ErrorCode in TxPDO mapping under this motor type, please check PDO setting!
2025-04-18 15:01:10,804 ERROR [default] Error: there is no ErrorCode in TxPDO mapping under this motor type, please check PDO setting!
2025-04-18 15:01:10,804 ERROR [default] Error: there is no ErrorCode in TxPDO mapping under this motor type, please check PDO setting!
2025-04-18 15:01:10,804 ERROR [default] Error: there is no ErrorCode in TxPDO mapping under this motor type, please check PDO setting!
2025-04-18 15:01:10,804 ERROR [default] Error: there is no ErrorCode in TxPDO mapping under this motor type, please check PDO setting!
2025-04-18 15:01:10,804 ERROR [default] Error: there is no ErrorCode in TxPDO mapping under this motor type, please check PDO setting!
2025-04-18 15:01:10,804 ERROR [default] Error: there is no ErrorCode in TxPDO mapping under this motor type, please check PDO setting!
2025-04-18 15:01:10,807 ERROR [default] Error: there is no ErrorCode in TxPDO mapping under this motor type, please check PDO setting!
2025-04-18 15:01:10,807 ERROR [default] Error: there is no ErrorCode in TxPDO mapping under this motor type, please check PDO setting!
2025-04-18 15:01:10,807 ERROR [default] Error: there is no ErrorCode in TxPDO mapping under this motor type, please check PDO setting!
2025-04-18 15:01:10,808 ERROR [default] Error: there is no ErrorCode in TxPDO mapping under this motor type, please check PDO setting!
2025-04-18 15:01:10,808 ERROR [default] Error: there is no ErrorCode in TxPDO mapping under this motor type, please check PDO setting!
2025-04-18 15:01:10,808 ERROR [default] Error: there is no ErrorCode in TxPDO mapping under this motor type, please check PDO setting!
2025-04-18 15:01:10,808 ERROR [default] Error: there is no ErrorCode in TxPDO mapping under this motor type, please check PDO setting!
2025-04-18 15:01:10,808 ERROR [default] Error: there is no ErrorCode in TxPDO mapping under this motor type, please check PDO setting!
2025-04-18 15:01:10,811 ERROR [default] Error: there is no ErrorCode in TxPDO mapping under this motor type, please check PDO setting!
2025-04-18 15:01:10,811 ERROR [default] Error: there is no ErrorCode in TxPDO mapping under this motor type, please check PDO setting!
2025-04-18 15:01:10,811 ERROR [default] Error: there is no ErrorCode in TxPDO mapping under this motor type, please check PDO setting!
2025-04-18 15:01:10,811 ERROR [default] Error: there is no ErrorCode in TxPDO mapping under this motor type, please check PDO setting!
2025-04-18 15:01:10,811 ERROR [default] Error: there is no ErrorCode in TxPDO mapping under this motor type, please check PDO setting!
2025-04-18 15:01:10,811 ERROR [default] Error: there is no ErrorCode in TxPDO mapping under this motor type, please check PDO setting!
2025-04-18 15:01:10,811 ERROR [default] Error: there is no ErrorCode in TxPDO mapping under this motor type, please check PDO setting!
2025-04-18 15:01:10,812 ERROR [default] Error: there is no ErrorCode in TxPDO mapping under this motor type, please check PDO setting!
2025-04-18 15:01:10,816 ERROR [default] Error: there is no ErrorCode in TxPDO mapping under this motor type, please check PDO setting!
2025-04-18 15:01:10,816 ERROR [default] Error: there is no ErrorCode in TxPDO mapping under this motor type, please check PDO setting!
2025-04-18 15:01:10,816 ERROR [default] Error: there is no ErrorCode in TxPDO mapping under this motor type, please check PDO setting!
2025-04-18 15:01:10,816 ERROR [default] Error: there is no ErrorCode in TxPDO mapping under this motor type, please check PDO setting!
2025-04-18 15:01:10,816 ERROR [default] Error: there is no ErrorCode in TxPDO mapping under this motor type, please check PDO setting!
2025-04-18 15:01:10,816 ERROR [default] Error: there is no ErrorCode in TxPDO mapping under this motor type, please check PDO setting!
2025-04-18 15:01:10,816 ERROR [default] Error: there is no ErrorCode in TxPDO mapping under this motor type, please check PDO setting!
2025-04-18 15:01:10,816 ERROR [default] Error: there is no ErrorCode in TxPDO mapping under this motor type, please check PDO setting!
2025-04-18 15:01:10,819 ERROR [default] Error: there is no ErrorCode in TxPDO mapping under this motor type, please check PDO setting!
2025-04-18 15:01:10,819 ERROR [default] Error: there is no ErrorCode in TxPDO mapping under this motor type, please check PDO setting!
2025-04-18 15:01:10,819 ERROR [default] Error: there is no ErrorCode in TxPDO mapping under this motor type, please check PDO setting!
2025-04-18 15:01:10,819 ERROR [default] Error: there is no ErrorCode in TxPDO mapping under this motor type, please check PDO setting!
2025-04-18 15:01:10,819 ERROR [default] Error: there is no ErrorCode in TxPDO mapping under this motor type, please check PDO setting!
2025-04-18 15:01:10,819 ERROR [default] Error: there is no ErrorCode in TxPDO mapping under this motor type, please check PDO setting!
2025-04-18 15:01:10,819 ERROR [default] Error: there is no ErrorCode in TxPDO mapping under this motor type, please check PDO setting!
2025-04-18 15:01:10,819 ERROR [default] Error: there is no ErrorCode in TxPDO mapping under this motor type, please check PDO setting!
2025-04-18 15:01:10,823 ERROR [default] Error: there is no ErrorCode in TxPDO mapping under this motor type, please check PDO setting!
2025-04-18 15:01:10,823 ERROR [default] Error: there is no ErrorCode in TxPDO mapping under this motor type, please check PDO setting!
2025-04-18 15:01:10,823 ERROR [default] Error: there is no ErrorCode in TxPDO mapping under this motor type, please check PDO setting!
2025-04-18 15:01:10,823 ERROR [default] Error: there is no ErrorCode in TxPDO mapping under this motor type, please check PDO setting!
2025-04-18 15:01:10,823 ERROR [default] Error: there is no ErrorCode in TxPDO mapping under this motor type, please check PDO setting!
2025-04-18 15:01:10,823 ERROR [default] Error: there is no ErrorCode in TxPDO mapping under this motor type, please check PDO setting!
2025-04-18 15:01:10,823 ERROR [default] Error: there is no ErrorCode in TxPDO mapping under this motor type, please check PDO setting!
2025-04-18 15:01:10,824 ERROR [default] Error: there is no ErrorCode in TxPDO mapping under this motor type, please check PDO setting!
2025-04-18 15:01:10,827 ERROR [default] Error: there is no ErrorCode in TxPDO mapping under this motor type, please check PDO setting!
2025-04-18 15:01:10,827 ERROR [default] Error: there is no ErrorCode in TxPDO mapping under this motor type, please check PDO setting!
2025-04-18 15:01:10,827 ERROR [default] Error: there is no ErrorCode in TxPDO mapping under this motor type, please check PDO setting!
2025-04-18 15:01:10,827 ERROR [default] Error: there is no ErrorCode in TxPDO mapping under this motor type, please check PDO setting!
2025-04-18 15:01:10,828 ERROR [default] Error: there is no ErrorCode in TxPDO mapping under this motor type, please check PDO setting!
2025-04-18 15:01:10,828 ERROR [default] Error: there is no ErrorCode in TxPDO mapping under this motor type, please check PDO setting!
2025-04-18 15:01:10,828 ERROR [default] Error: there is no ErrorCode in TxPDO mapping under this motor type, please check PDO setting!
2025-04-18 15:01:10,828 ERROR [default] Error: there is no ErrorCode in TxPDO mapping under this motor type, please check PDO setting!
2025-04-18 15:01:10,831 ERROR [default] Error: there is no ErrorCode in TxPDO mapping under this motor type, please check PDO setting!
2025-04-18 15:01:10,831 ERROR [default] Error: there is no ErrorCode in TxPDO mapping under this motor type, please check PDO setting!
2025-04-18 15:01:10,831 ERROR [default] Error: there is no ErrorCode in TxPDO mapping under this motor type, please check PDO setting!
2025-04-18 15:01:10,831 ERROR [default] Error: there is no ErrorCode in TxPDO mapping under this motor type, please check PDO setting!
2025-04-18 15:01:10,831 ERROR [default] Error: there is no ErrorCode in TxPDO mapping under this motor type, please check PDO setting!
2025-04-18 15:01:10,831 ERROR [default] Error: there is no ErrorCode in TxPDO mapping under this motor type, please check PDO setting!
2025-04-18 15:01:10,831 ERROR [default] Error: there is no ErrorCode in TxPDO mapping under this motor type, please check PDO setting!
2025-04-18 15:01:10,831 ERROR [default] Error: there is no ErrorCode in TxPDO mapping under this motor type, please check PDO setting!
2025-04-18 15:01:10,836 ERROR [default] Error: there is no ErrorCode in TxPDO mapping under this motor type, please check PDO setting!
2025-04-18 15:01:10,836 ERROR [default] Error: there is no ErrorCode in TxPDO mapping under this motor type, please check PDO setting!
2025-04-18 15:01:10,836 ERROR [default] Error: there is no ErrorCode in TxPDO mapping under this motor type, please check PDO setting!
2025-04-18 15:01:10,836 ERROR [default] Error: there is no ErrorCode in TxPDO mapping under this motor type, please check PDO setting!
2025-04-18 15:01:10,836 ERROR [default] Error: there is no ErrorCode in TxPDO mapping under this motor type, please check PDO setting!
2025-04-18 15:01:10,836 ERROR [default] Error: there is no ErrorCode in TxPDO mapping under this motor type, please check PDO setting!
2025-04-18 15:01:10,836 ERROR [default] Error: there is no ErrorCode in TxPDO mapping under this motor type, please check PDO setting!
2025-04-18 15:01:10,836 ERROR [default] Error: there is no ErrorCode in TxPDO mapping under this motor type, please check PDO setting!
2025-04-18 15:01:10,839 ERROR [default] Error: there is no ErrorCode in TxPDO mapping under this motor type, please check PDO setting!
2025-04-18 15:01:10,839 ERROR [default] Error: there is no ErrorCode in TxPDO mapping under this motor type, please check PDO setting!
2025-04-18 15:01:10,839 ERROR [default] Error: there is no ErrorCode in TxPDO mapping under this motor type, please check PDO setting!
2025-04-18 15:01:10,839 ERROR [default] Error: there is no ErrorCode in TxPDO mapping under this motor type, please check PDO setting!
2025-04-18 15:01:10,840 ERROR [default] Error: there is no ErrorCode in TxPDO mapping under this motor type, please check PDO setting!
2025-04-18 15:01:10,840 ERROR [default] Error: there is no ErrorCode in TxPDO mapping under this motor type, please check PDO setting!
2025-04-18 15:01:10,840 ERROR [default] Error: there is no ErrorCode in TxPDO mapping under this motor type, please check PDO setting!
2025-04-18 15:01:10,840 ERROR [default] Error: there is no ErrorCode in TxPDO mapping under this motor type, please check PDO setting!
2025-04-18 15:01:10,843 ERROR [default] Error: there is no ErrorCode in TxPDO mapping under this motor type, please check PDO setting!
2025-04-18 15:01:10,843 ERROR [default] Error: there is no ErrorCode in TxPDO mapping under this motor type, please check PDO setting!
2025-04-18 15:01:10,843 ERROR [default] Error: there is no ErrorCode in TxPDO mapping under this motor type, please check PDO setting!
2025-04-18 15:01:10,843 ERROR [default] Error: there is no ErrorCode in TxPDO mapping under this motor type, please check PDO setting!
2025-04-18 15:01:10,843 ERROR [default] Error: there is no ErrorCode in TxPDO mapping under this motor type, please check PDO setting!
2025-04-18 15:01:10,843 ERROR [default] Error: there is no ErrorCode in TxPDO mapping under this motor type, please check PDO setting!
2025-04-18 15:01:10,843 ERROR [default] Error: there is no ErrorCode in TxPDO mapping under this motor type, please check PDO setting!
2025-04-18 15:01:10,843 ERROR [default] Error: there is no ErrorCode in TxPDO mapping under this motor type, please check PDO setting!
2025-04-18 15:01:10,847 ERROR [default] Error: there is no ErrorCode in TxPDO mapping under this motor type, please check PDO setting!
2025-04-18 15:01:10,847 ERROR [default] Error: there is no ErrorCode in TxPDO mapping under this motor type, please check PDO setting!
2025-04-18 15:01:10,847 ERROR [default] Error: there is no ErrorCode in TxPDO mapping under this motor type, please check PDO setting!
2025-04-18 15:01:10,847 ERROR [default] Error: there is no ErrorCode in TxPDO mapping under this motor type, please check PDO setting!
2025-04-18 15:01:10,847 ERROR [default] Error: there is no ErrorCode in TxPDO mapping under this motor type, please check PDO setting!
2025-04-18 15:01:10,848 ERROR [default] Error: there is no ErrorCode in TxPDO mapping under this motor type, please check PDO setting!
2025-04-18 15:01:10,848 ERROR [default] Error: there is no ErrorCode in TxPDO mapping under this motor type, please check PDO setting!
2025-04-18 15:01:10,848 ERROR [default] Error: there is no ErrorCode in TxPDO mapping under this motor type, please check PDO setting!
2025-04-18 15:01:10,851 ERROR [default] Error: there is no ErrorCode in TxPDO mapping under this motor type, please check PDO setting!
2025-04-18 15:01:10,851 ERROR [default] Error: there is no ErrorCode in TxPDO mapping under this motor type, please check PDO setting!
2025-04-18 15:01:10,851 ERROR [default] Error: there is no ErrorCode in TxPDO mapping under this motor type, please check PDO setting!
2025-04-18 15:01:10,851 ERROR [default] Error: there is no ErrorCode in TxPDO mapping under this motor type, please check PDO setting!
2025-04-18 15:01:10,851 ERROR [default] Error: there is no ErrorCode in TxPDO mapping under this motor type, please check PDO setting!
2025-04-18 15:01:10,851 ERROR [default] Error: there is no ErrorCode in TxPDO mapping under this motor type, please check PDO setting!
2025-04-18 15:01:10,851 ERROR [default] Error: there is no ErrorCode in TxPDO mapping under this motor type, please check PDO setting!
2025-04-18 15:01:10,851 ERROR [default] Error: there is no ErrorCode in TxPDO mapping under this motor type, please check PDO setting!
2025-04-18 15:01:10,856 ERROR [default] Error: there is no ErrorCode in TxPDO mapping under this motor type, please check PDO setting!
2025-04-18 15:01:10,856 ERROR [default] Error: there is no ErrorCode in TxPDO mapping under this motor type, please check PDO setting!
2025-04-18 15:01:10,856 ERROR [default] Error: there is no ErrorCode in TxPDO mapping under this motor type, please check PDO setting!
2025-04-18 15:01:10,856 ERROR [default] Error: there is no ErrorCode in TxPDO mapping under this motor type, please check PDO setting!
2025-04-18 15:01:10,856 ERROR [default] Error: there is no ErrorCode in TxPDO mapping under this motor type, please check PDO setting!
2025-04-18 15:01:10,856 ERROR [default] Error: there is no ErrorCode in TxPDO mapping under this motor type, please check PDO setting!
2025-04-18 15:01:10,856 ERROR [default] Error: there is no ErrorCode in TxPDO mapping under this motor type, please check PDO setting!
2025-04-18 15:01:10,856 ERROR [default] Error: there is no ErrorCode in TxPDO mapping under this motor type, please check PDO setting!
2025-04-18 15:01:10,859 ERROR [default] Error: there is no ErrorCode in TxPDO mapping under this motor type, please check PDO setting!
2025-04-18 15:01:10,859 ERROR [default] Error: there is no ErrorCode in TxPDO mapping under this motor type, please check PDO setting!
2025-04-18 15:01:10,859 ERROR [default] Error: there is no ErrorCode in TxPDO mapping under this motor type, please check PDO setting!
2025-04-18 15:01:10,859 ERROR [default] Error: there is no ErrorCode in TxPDO mapping under this motor type, please check PDO setting!
2025-04-18 15:01:10,859 ERROR [default] Error: there is no ErrorCode in TxPDO mapping under this motor type, please check PDO setting!
2025-04-18 15:01:10,859 ERROR [default] Error: there is no ErrorCode in TxPDO mapping under this motor type, please check PDO setting!
2025-04-18 15:01:10,859 ERROR [default] Error: there is no ErrorCode in TxPDO mapping under this motor type, please check PDO setting!
2025-04-18 15:01:10,859 ERROR [default] Error: there is no ErrorCode in TxPDO mapping under this motor type, please check PDO setting!
2025-04-18 15:01:10,863 ERROR [default] Error: there is no ErrorCode in TxPDO mapping under this motor type, please check PDO setting!
2025-04-18 15:01:10,863 ERROR [default] Error: there is no ErrorCode in TxPDO mapping under this motor type, please check PDO setting!
2025-04-18 15:01:10,863 ERROR [default] Error: there is no ErrorCode in TxPDO mapping under this motor type, please check PDO setting!
2025-04-18 15:01:10,863 ERROR [default] Error: there is no ErrorCode in TxPDO mapping under this motor type, please check PDO setting!
2025-04-18 15:01:10,864 ERROR [default] Error: there is no ErrorCode in TxPDO mapping under this motor type, please check PDO setting!
2025-04-18 15:01:10,864 ERROR [default] Error: there is no ErrorCode in TxPDO mapping under this motor type, please check PDO setting!
2025-04-18 15:01:10,864 ERROR [default] Error: there is no ErrorCode in TxPDO mapping under this motor type, please check PDO setting!
2025-04-18 15:01:10,864 ERROR [default] Error: there is no ErrorCode in TxPDO mapping under this motor type, please check PDO setting!
2025-04-18 15:01:10,867 ERROR [default] Error: there is no ErrorCode in TxPDO mapping under this motor type, please check PDO setting!
2025-04-18 15:01:10,867 ERROR [default] Error: there is no ErrorCode in TxPDO mapping under this motor type, please check PDO setting!
2025-04-18 15:01:10,867 ERROR [default] Error: there is no ErrorCode in TxPDO mapping under this motor type, please check PDO setting!
2025-04-18 15:01:10,867 ERROR [default] Error: there is no ErrorCode in TxPDO mapping under this motor type, please check PDO setting!
2025-04-18 15:01:10,867 ERROR [default] Error: there is no ErrorCode in TxPDO mapping under this motor type, please check PDO setting!
2025-04-18 15:01:10,867 ERROR [default] Error: there is no ErrorCode in TxPDO mapping under this motor type, please check PDO setting!
2025-04-18 15:01:10,867 ERROR [default] Error: there is no ErrorCode in TxPDO mapping under this motor type, please check PDO setting!
2025-04-18 15:01:10,867 ERROR [default] Error: there is no ErrorCode in TxPDO mapping under this motor type, please check PDO setting!
2025-04-18 15:01:10,871 ERROR [default] Error: there is no ErrorCode in TxPDO mapping under this motor type, please check PDO setting!
2025-04-18 15:01:10,871 ERROR [default] Error: there is no ErrorCode in TxPDO mapping under this motor type, please check PDO setting!
2025-04-18 15:01:10,871 ERROR [default] Error: there is no ErrorCode in TxPDO mapping under this motor type, please check PDO setting!
2025-04-18 15:01:10,871 ERROR [default] Error: there is no ErrorCode in TxPDO mapping under this motor type, please check PDO setting!
2025-04-18 15:01:10,871 ERROR [default] Error: there is no ErrorCode in TxPDO mapping under this motor type, please check PDO setting!
2025-04-18 15:01:10,871 ERROR [default] Error: there is no ErrorCode in TxPDO mapping under this motor type, please check PDO setting!
2025-04-18 15:01:10,871 ERROR [default] Error: there is no ErrorCode in TxPDO mapping under this motor type, please check PDO setting!
2025-04-18 15:01:10,872 ERROR [default] Error: there is no ErrorCode in TxPDO mapping under this motor type, please check PDO setting!
2025-04-18 15:01:10,876 ERROR [default] Error: there is no ErrorCode in TxPDO mapping under this motor type, please check PDO setting!
2025-04-18 15:01:10,876 ERROR [default] Error: there is no ErrorCode in TxPDO mapping under this motor type, please check PDO setting!
2025-04-18 15:01:10,876 ERROR [default] Error: there is no ErrorCode in TxPDO mapping under this motor type, please check PDO setting!
2025-04-18 15:01:10,876 ERROR [default] Error: there is no ErrorCode in TxPDO mapping under this motor type, please check PDO setting!
2025-04-18 15:01:10,876 ERROR [default] Error: there is no ErrorCode in TxPDO mapping under this motor type, please check PDO setting!
2025-04-18 15:01:10,876 ERROR [default] Error: there is no ErrorCode in TxPDO mapping under this motor type, please check PDO setting!
2025-04-18 15:01:10,876 ERROR [default] Error: there is no ErrorCode in TxPDO mapping under this motor type, please check PDO setting!
2025-04-18 15:01:10,876 ERROR [default] Error: there is no ErrorCode in TxPDO mapping under this motor type, please check PDO setting!
2025-04-18 15:01:10,879 ERROR [default] Error: there is no ErrorCode in TxPDO mapping under this motor type, please check PDO setting!
2025-04-18 15:01:10,879 ERROR [default] Error: there is no ErrorCode in TxPDO mapping under this motor type, please check PDO setting!
2025-04-18 15:01:10,879 ERROR [default] Error: there is no ErrorCode in TxPDO mapping under this motor type, please check PDO setting!
2025-04-18 15:01:10,879 ERROR [default] Error: there is no ErrorCode in TxPDO mapping under this motor type, please check PDO setting!
2025-04-18 15:01:10,879 ERROR [default] Error: there is no ErrorCode in TxPDO mapping under this motor type, please check PDO setting!
2025-04-18 15:01:10,879 ERROR [default] Error: there is no ErrorCode in TxPDO mapping under this motor type, please check PDO setting!
2025-04-18 15:01:10,879 ERROR [default] Error: there is no ErrorCode in TxPDO mapping under this motor type, please check PDO setting!
2025-04-18 15:01:10,880 ERROR [default] Error: there is no ErrorCode in TxPDO mapping under this motor type, please check PDO setting!
2025-04-18 15:01:10,883 ERROR [default] Error: there is no ErrorCode in TxPDO mapping under this motor type, please check PDO setting!
2025-04-18 15:01:10,883 ERROR [default] Error: there is no ErrorCode in TxPDO mapping under this motor type, please check PDO setting!
2025-04-18 15:01:10,883 ERROR [default] Error: there is no ErrorCode in TxPDO mapping under this motor type, please check PDO setting!
2025-04-18 15:01:10,884 ERROR [default] Error: there is no ErrorCode in TxPDO mapping under this motor type, please check PDO setting!
2025-04-18 15:01:10,884 ERROR [default] Error: there is no ErrorCode in TxPDO mapping under this motor type, please check PDO setting!
2025-04-18 15:01:10,884 ERROR [default] Error: there is no ErrorCode in TxPDO mapping under this motor type, please check PDO setting!
2025-04-18 15:01:10,884 ERROR [default] Error: there is no ErrorCode in TxPDO mapping under this motor type, please check PDO setting!
2025-04-18 15:01:10,884 ERROR [default] Error: there is no ErrorCode in TxPDO mapping under this motor type, please check PDO setting!
2025-04-18 15:01:10,887 ERROR [default] Error: there is no ErrorCode in TxPDO mapping under this motor type, please check PDO setting!
2025-04-18 15:01:10,887 ERROR [default] Error: there is no ErrorCode in TxPDO mapping under this motor type, please check PDO setting!
2025-04-18 15:01:10,887 ERROR [default] Error: there is no ErrorCode in TxPDO mapping under this motor type, please check PDO setting!
2025-04-18 15:01:10,887 ERROR [default] Error: there is no ErrorCode in TxPDO mapping under this motor type, please check PDO setting!
2025-04-18 15:01:10,887 ERROR [default] Error: there is no ErrorCode in TxPDO mapping under this motor type, please check PDO setting!
2025-04-18 15:01:10,887 ERROR [default] Error: there is no ErrorCode in TxPDO mapping under this motor type, please check PDO setting!
2025-04-18 15:01:10,887 ERROR [default] Error: there is no ErrorCode in TxPDO mapping under this motor type, please check PDO setting!
2025-04-18 15:01:10,887 ERROR [default] Error: there is no ErrorCode in TxPDO mapping under this motor type, please check PDO setting!
2025-04-18 15:01:10,891 ERROR [default] Error: there is no ErrorCode in TxPDO mapping under this motor type, please check PDO setting!
2025-04-18 15:01:10,891 ERROR [default] Error: there is no ErrorCode in TxPDO mapping under this motor type, please check PDO setting!
2025-04-18 15:01:10,891 ERROR [default] Error: there is no ErrorCode in TxPDO mapping under this motor type, please check PDO setting!
2025-04-18 15:01:10,891 ERROR [default] Error: there is no ErrorCode in TxPDO mapping under this motor type, please check PDO setting!
2025-04-18 15:01:10,892 ERROR [default] Error: there is no ErrorCode in TxPDO mapping under this motor type, please check PDO setting!
2025-04-18 15:01:10,892 ERROR [default] Error: there is no ErrorCode in TxPDO mapping under this motor type, please check PDO setting!
2025-04-18 15:01:10,892 ERROR [default] Error: there is no ErrorCode in TxPDO mapping under this motor type, please check PDO setting!
2025-04-18 15:01:10,892 ERROR [default] Error: there is no ErrorCode in TxPDO mapping under this motor type, please check PDO setting!
2025-04-18 15:01:10,895 ERROR [default] Error: there is no ErrorCode in TxPDO mapping under this motor type, please check PDO setting!
2025-04-18 15:01:10,895 ERROR [default] Error: there is no ErrorCode in TxPDO mapping under this motor type, please check PDO setting!
2025-04-18 15:01:10,895 ERROR [default] Error: there is no ErrorCode in TxPDO mapping under this motor type, please check PDO setting!
2025-04-18 15:01:10,895 ERROR [default] Error: there is no ErrorCode in TxPDO mapping under this motor type, please check PDO setting!
2025-04-18 15:01:10,895 ERROR [default] Error: there is no ErrorCode in TxPDO mapping under this motor type, please check PDO setting!
2025-04-18 15:01:10,895 ERROR [default] Error: there is no ErrorCode in TxPDO mapping under this motor type, please check PDO setting!
2025-04-18 15:01:10,895 ERROR [default] Error: there is no ErrorCode in TxPDO mapping under this motor type, please check PDO setting!
2025-04-18 15:01:10,895 ERROR [default] Error: there is no ErrorCode in TxPDO mapping under this motor type, please check PDO setting!
2025-04-18 15:01:10,899 ERROR [default] Error: there is no ErrorCode in TxPDO mapping under this motor type, please check PDO setting!
2025-04-18 15:01:10,899 ERROR [default] Error: there is no ErrorCode in TxPDO mapping under this motor type, please check PDO setting!
2025-04-18 15:01:10,899 ERROR [default] Error: there is no ErrorCode in TxPDO mapping under this motor type, please check PDO setting!
2025-04-18 15:01:10,899 ERROR [default] Error: there is no ErrorCode in TxPDO mapping under this motor type, please check PDO setting!
2025-04-18 15:01:10,899 ERROR [default] Error: there is no ErrorCode in TxPDO mapping under this motor type, please check PDO setting!
2025-04-18 15:01:10,899 ERROR [default] Error: there is no ErrorCode in TxPDO mapping under this motor type, please check PDO setting!
2025-04-18 15:01:10,899 ERROR [default] Error: there is no ErrorCode in TxPDO mapping under this motor type, please check PDO setting!
2025-04-18 15:01:10,899 ERROR [default] Error: there is no ErrorCode in TxPDO mapping under this motor type, please check PDO setting!
2025-04-18 15:01:10,903 ERROR [default] Error: there is no ErrorCode in TxPDO mapping under this motor type, please check PDO setting!
2025-04-18 15:01:10,904 ERROR [default] Error: there is no ErrorCode in TxPDO mapping under this motor type, please check PDO setting!
2025-04-18 15:01:10,904 ERROR [default] Error: there is no ErrorCode in TxPDO mapping under this motor type, please check PDO setting!
2025-04-18 15:01:10,904 ERROR [default] Error: there is no ErrorCode in TxPDO mapping under this motor type, please check PDO setting!
2025-04-18 15:01:10,904 ERROR [default] Error: there is no ErrorCode in TxPDO mapping under this motor type, please check PDO setting!
2025-04-18 15:01:10,904 ERROR [default] Error: there is no ErrorCode in TxPDO mapping under this motor type, please check PDO setting!
2025-04-18 15:01:10,904 ERROR [default] Error: there is no ErrorCode in TxPDO mapping under this motor type, please check PDO setting!
2025-04-18 15:01:10,904 ERROR [default] Error: there is no ErrorCode in TxPDO mapping under this motor type, please check PDO setting!
2025-04-18 15:01:10,907 ERROR [default] Error: there is no ErrorCode in TxPDO mapping under this motor type, please check PDO setting!
2025-04-18 15:01:10,907 ERROR [default] Error: there is no ErrorCode in TxPDO mapping under this motor type, please check PDO setting!
2025-04-18 15:01:10,907 ERROR [default] Error: there is no ErrorCode in TxPDO mapping under this motor type, please check PDO setting!
2025-04-18 15:01:10,907 ERROR [default] Error: there is no ErrorCode in TxPDO mapping under this motor type, please check PDO setting!
2025-04-18 15:01:10,907 ERROR [default] Error: there is no ErrorCode in TxPDO mapping under this motor type, please check PDO setting!
2025-04-18 15:01:10,908 ERROR [default] Error: there is no ErrorCode in TxPDO mapping under this motor type, please check PDO setting!
2025-04-18 15:01:10,908 ERROR [default] Error: there is no ErrorCode in TxPDO mapping under this motor type, please check PDO setting!
2025-04-18 15:01:10,908 ERROR [default] Error: there is no ErrorCode in TxPDO mapping under this motor type, please check PDO setting!
2025-04-18 15:01:10,911 ERROR [default] Error: there is no ErrorCode in TxPDO mapping under this motor type, please check PDO setting!
2025-04-18 15:01:10,911 ERROR [default] Error: there is no ErrorCode in TxPDO mapping under this motor type, please check PDO setting!
2025-04-18 15:01:10,911 ERROR [default] Error: there is no ErrorCode in TxPDO mapping under this motor type, please check PDO setting!
2025-04-18 15:01:10,911 ERROR [default] Error: there is no ErrorCode in TxPDO mapping under this motor type, please check PDO setting!
2025-04-18 15:01:10,911 ERROR [default] Error: there is no ErrorCode in TxPDO mapping under this motor type, please check PDO setting!
2025-04-18 15:01:10,911 ERROR [default] Error: there is no ErrorCode in TxPDO mapping under this motor type, please check PDO setting!
2025-04-18 15:01:10,911 ERROR [default] Error: there is no ErrorCode in TxPDO mapping under this motor type, please check PDO setting!
2025-04-18 15:01:10,911 ERROR [default] Error: there is no ErrorCode in TxPDO mapping under this motor type, please check PDO setting!
2025-04-18 15:01:10,916 ERROR [default] Error: there is no ErrorCode in TxPDO mapping under this motor type, please check PDO setting!
2025-04-18 15:01:10,916 ERROR [default] Error: there is no ErrorCode in TxPDO mapping under this motor type, please check PDO setting!
2025-04-18 15:01:10,916 ERROR [default] Error: there is no ErrorCode in TxPDO mapping under this motor type, please check PDO setting!
2025-04-18 15:01:10,916 ERROR [default] Error: there is no ErrorCode in TxPDO mapping under this motor type, please check PDO setting!
2025-04-18 15:01:10,916 ERROR [default] Error: there is no ErrorCode in TxPDO mapping under this motor type, please check PDO setting!
2025-04-18 15:01:10,916 ERROR [default] Error: there is no ErrorCode in TxPDO mapping under this motor type, please check PDO setting!
2025-04-18 15:01:10,916 ERROR [default] Error: there is no ErrorCode in TxPDO mapping under this motor type, please check PDO setting!
2025-04-18 15:01:10,916 ERROR [default] Error: there is no ErrorCode in TxPDO mapping under this motor type, please check PDO setting!
2025-04-18 15:01:10,919 ERROR [default] Error: there is no ErrorCode in TxPDO mapping under this motor type, please check PDO setting!
2025-04-18 15:01:10,919 ERROR [default] Error: there is no ErrorCode in TxPDO mapping under this motor type, please check PDO setting!
2025-04-18 15:01:10,919 ERROR [default] Error: there is no ErrorCode in TxPDO mapping under this motor type, please check PDO setting!
2025-04-18 15:01:10,919 ERROR [default] Error: there is no ErrorCode in TxPDO mapping under this motor type, please check PDO setting!
2025-04-18 15:01:10,919 ERROR [default] Error: there is no ErrorCode in TxPDO mapping under this motor type, please check PDO setting!
2025-04-18 15:01:10,919 ERROR [default] Error: there is no ErrorCode in TxPDO mapping under this motor type, please check PDO setting!
2025-04-18 15:01:10,919 ERROR [default] Error: there is no ErrorCode in TxPDO mapping under this motor type, please check PDO setting!
2025-04-18 15:01:10,919 ERROR [default] Error: there is no ErrorCode in TxPDO mapping under this motor type, please check PDO setting!
2025-04-18 15:01:10,923 ERROR [default] Error: there is no ErrorCode in TxPDO mapping under this motor type, please check PDO setting!
2025-04-18 15:01:10,923 ERROR [default] Error: there is no ErrorCode in TxPDO mapping under this motor type, please check PDO setting!
2025-04-18 15:01:10,923 ERROR [default] Error: there is no ErrorCode in TxPDO mapping under this motor type, please check PDO setting!
2025-04-18 15:01:10,923 ERROR [default] Error: there is no ErrorCode in TxPDO mapping under this motor type, please check PDO setting!
2025-04-18 15:01:10,924 ERROR [default] Error: there is no ErrorCode in TxPDO mapping under this motor type, please check PDO setting!
2025-04-18 15:01:10,924 ERROR [default] Error: there is no ErrorCode in TxPDO mapping under this motor type, please check PDO setting!
2025-04-18 15:01:10,924 ERROR [default] Error: there is no ErrorCode in TxPDO mapping under this motor type, please check PDO setting!
2025-04-18 15:01:10,924 ERROR [default] Error: there is no ErrorCode in TxPDO mapping under this motor type, please check PDO setting!
2025-04-18 15:01:10,927 ERROR [default] Error: there is no ErrorCode in TxPDO mapping under this motor type, please check PDO setting!
2025-04-18 15:01:10,927 ERROR [default] Error: there is no ErrorCode in TxPDO mapping under this motor type, please check PDO setting!
2025-04-18 15:01:10,927 ERROR [default] Error: there is no ErrorCode in TxPDO mapping under this motor type, please check PDO setting!
2025-04-18 15:01:10,927 ERROR [default] Error: there is no ErrorCode in TxPDO mapping under this motor type, please check PDO setting!
2025-04-18 15:01:10,927 ERROR [default] Error: there is no ErrorCode in TxPDO mapping under this motor type, please check PDO setting!
2025-04-18 15:01:10,928 ERROR [default] Error: there is no ErrorCode in TxPDO mapping under this motor type, please check PDO setting!
2025-04-18 15:01:10,928 ERROR [default] Error: there is no ErrorCode in TxPDO mapping under this motor type, please check PDO setting!
2025-04-18 15:01:10,928 ERROR [default] Error: there is no ErrorCode in TxPDO mapping under this motor type, please check PDO setting!
2025-04-18 15:01:10,931 ERROR [default] Error: there is no ErrorCode in TxPDO mapping under this motor type, please check PDO setting!
2025-04-18 15:01:10,931 ERROR [default] Error: there is no ErrorCode in TxPDO mapping under this motor type, please check PDO setting!
2025-04-18 15:01:10,931 ERROR [default] Error: there is no ErrorCode in TxPDO mapping under this motor type, please check PDO setting!
2025-04-18 15:01:10,931 ERROR [default] Error: there is no ErrorCode in TxPDO mapping under this motor type, please check PDO setting!
2025-04-18 15:01:10,931 ERROR [default] Error: there is no ErrorCode in TxPDO mapping under this motor type, please check PDO setting!
2025-04-18 15:01:10,931 ERROR [default] Error: there is no ErrorCode in TxPDO mapping under this motor type, please check PDO setting!
2025-04-18 15:01:10,931 ERROR [default] Error: there is no ErrorCode in TxPDO mapping under this motor type, please check PDO setting!
2025-04-18 15:01:10,932 ERROR [default] Error: there is no ErrorCode in TxPDO mapping under this motor type, please check PDO setting!
2025-04-18 15:01:10,935 ERROR [default] Error: there is no ErrorCode in TxPDO mapping under this motor type, please check PDO setting!
2025-04-18 15:01:10,935 ERROR [default] Error: there is no ErrorCode in TxPDO mapping under this motor type, please check PDO setting!
2025-04-18 15:01:10,935 ERROR [default] Error: there is no ErrorCode in TxPDO mapping under this motor type, please check PDO setting!
2025-04-18 15:01:10,935 ERROR [default] Error: there is no ErrorCode in TxPDO mapping under this motor type, please check PDO setting!
2025-04-18 15:01:10,935 ERROR [default] Error: there is no ErrorCode in TxPDO mapping under this motor type, please check PDO setting!
2025-04-18 15:01:10,935 ERROR [default] Error: there is no ErrorCode in TxPDO mapping under this motor type, please check PDO setting!
2025-04-18 15:01:10,935 ERROR [default] Error: there is no ErrorCode in TxPDO mapping under this motor type, please check PDO setting!
2025-04-18 15:01:10,936 ERROR [default] Error: there is no ErrorCode in TxPDO mapping under this motor type, please check PDO setting!
2025-04-18 15:01:10,939 ERROR [default] Error: there is no ErrorCode in TxPDO mapping under this motor type, please check PDO setting!
2025-04-18 15:01:10,939 ERROR [default] Error: there is no ErrorCode in TxPDO mapping under this motor type, please check PDO setting!
2025-04-18 15:01:10,939 ERROR [default] Error: there is no ErrorCode in TxPDO mapping under this motor type, please check PDO setting!
2025-04-18 15:01:10,939 ERROR [default] Error: there is no ErrorCode in TxPDO mapping under this motor type, please check PDO setting!
2025-04-18 15:01:10,939 ERROR [default] Error: there is no ErrorCode in TxPDO mapping under this motor type, please check PDO setting!
2025-04-18 15:01:10,940 ERROR [default] Error: there is no ErrorCode in TxPDO mapping under this motor type, please check PDO setting!
2025-04-18 15:01:10,940 ERROR [default] Error: there is no ErrorCode in TxPDO mapping under this motor type, please check PDO setting!
2025-04-18 15:01:10,940 ERROR [default] Error: there is no ErrorCode in TxPDO mapping under this motor type, please check PDO setting!
2025-04-18 15:01:10,943 ERROR [default] Error: there is no ErrorCode in TxPDO mapping under this motor type, please check PDO setting!
2025-04-18 15:01:10,943 ERROR [default] Error: there is no ErrorCode in TxPDO mapping under this motor type, please check PDO setting!
2025-04-18 15:01:10,943 ERROR [default] Error: there is no ErrorCode in TxPDO mapping under this motor type, please check PDO setting!
2025-04-18 15:01:10,943 ERROR [default] Error: there is no ErrorCode in TxPDO mapping under this motor type, please check PDO setting!
2025-04-18 15:01:10,943 ERROR [default] Error: there is no ErrorCode in TxPDO mapping under this motor type, please check PDO setting!
2025-04-18 15:01:10,943 ERROR [default] Error: there is no ErrorCode in TxPDO mapping under this motor type, please check PDO setting!
2025-04-18 15:01:10,944 ERROR [default] Error: there is no ErrorCode in TxPDO mapping under this motor type, please check PDO setting!
2025-04-18 15:01:10,944 ERROR [default] Error: there is no ErrorCode in TxPDO mapping under this motor type, please check PDO setting!
2025-04-18 15:01:10,947 ERROR [default] Error: there is no ErrorCode in TxPDO mapping under this motor type, please check PDO setting!
2025-04-18 15:01:10,947 ERROR [default] Error: there is no ErrorCode in TxPDO mapping under this motor type, please check PDO setting!
2025-04-18 15:01:10,947 ERROR [default] Error: there is no ErrorCode in TxPDO mapping under this motor type, please check PDO setting!
2025-04-18 15:01:10,947 ERROR [default] Error: there is no ErrorCode in TxPDO mapping under this motor type, please check PDO setting!
2025-04-18 15:01:10,947 ERROR [default] Error: there is no ErrorCode in TxPDO mapping under this motor type, please check PDO setting!
2025-04-18 15:01:10,947 ERROR [default] Error: there is no ErrorCode in TxPDO mapping under this motor type, please check PDO setting!
2025-04-18 15:01:10,947 ERROR [default] Error: there is no ErrorCode in TxPDO mapping under this motor type, please check PDO setting!
2025-04-18 15:01:10,948 ERROR [default] Error: there is no ErrorCode in TxPDO mapping under this motor type, please check PDO setting!
2025-04-18 15:01:10,951 ERROR [default] Error: there is no ErrorCode in TxPDO mapping under this motor type, please check PDO setting!
2025-04-18 15:01:10,951 ERROR [default] Error: there is no ErrorCode in TxPDO mapping under this motor type, please check PDO setting!
2025-04-18 15:01:10,952 ERROR [default] Error: there is no ErrorCode in TxPDO mapping under this motor type, please check PDO setting!
2025-04-18 15:01:10,952 ERROR [default] Error: there is no ErrorCode in TxPDO mapping under this motor type, please check PDO setting!
2025-04-18 15:01:10,952 ERROR [default] Error: there is no ErrorCode in TxPDO mapping under this motor type, please check PDO setting!
2025-04-18 15:01:10,952 ERROR [default] Error: there is no ErrorCode in TxPDO mapping under this motor type, please check PDO setting!
2025-04-18 15:01:10,952 ERROR [default] Error: there is no ErrorCode in TxPDO mapping under this motor type, please check PDO setting!
2025-04-18 15:01:10,952 ERROR [default] Error: there is no ErrorCode in TxPDO mapping under this motor type, please check PDO setting!
2025-04-18 15:01:10,956 ERROR [default] Error: there is no ErrorCode in TxPDO mapping under this motor type, please check PDO setting!
2025-04-18 15:01:10,956 ERROR [default] Error: there is no ErrorCode in TxPDO mapping under this motor type, please check PDO setting!
2025-04-18 15:01:10,956 ERROR [default] Error: there is no ErrorCode in TxPDO mapping under this motor type, please check PDO setting!
2025-04-18 15:01:10,956 ERROR [default] Error: there is no ErrorCode in TxPDO mapping under this motor type, please check PDO setting!
2025-04-18 15:01:10,956 ERROR [default] Error: there is no ErrorCode in TxPDO mapping under this motor type, please check PDO setting!
2025-04-18 15:01:10,956 ERROR [default] Error: there is no ErrorCode in TxPDO mapping under this motor type, please check PDO setting!
2025-04-18 15:01:10,956 ERROR [default] Error: there is no ErrorCode in TxPDO mapping under this motor type, please check PDO setting!
2025-04-18 15:01:10,956 ERROR [default] Error: there is no ErrorCode in TxPDO mapping under this motor type, please check PDO setting!
2025-04-18 15:01:10,959 ERROR [default] Error: there is no ErrorCode in TxPDO mapping under this motor type, please check PDO setting!
2025-04-18 15:01:10,959 ERROR [default] Error: there is no ErrorCode in TxPDO mapping under this motor type, please check PDO setting!
2025-04-18 15:01:10,959 ERROR [default] Error: there is no ErrorCode in TxPDO mapping under this motor type, please check PDO setting!
2025-04-18 15:01:10,959 ERROR [default] Error: there is no ErrorCode in TxPDO mapping under this motor type, please check PDO setting!
2025-04-18 15:01:10,960 ERROR [default] Error: there is no ErrorCode in TxPDO mapping under this motor type, please check PDO setting!
2025-04-18 15:01:10,960 ERROR [default] Error: there is no ErrorCode in TxPDO mapping under this motor type, please check PDO setting!
2025-04-18 15:01:10,960 ERROR [default] Error: there is no ErrorCode in TxPDO mapping under this motor type, please check PDO setting!
2025-04-18 15:01:10,960 ERROR [default] Error: there is no ErrorCode in TxPDO mapping under this motor type, please check PDO setting!
2025-04-18 15:01:10,963 ERROR [default] Error: there is no ErrorCode in TxPDO mapping under this motor type, please check PDO setting!
2025-04-18 15:01:10,963 ERROR [default] Error: there is no ErrorCode in TxPDO mapping under this motor type, please check PDO setting!
2025-04-18 15:01:10,963 ERROR [default] Error: there is no ErrorCode in TxPDO mapping under this motor type, please check PDO setting!
2025-04-18 15:01:10,963 ERROR [default] Error: there is no ErrorCode in TxPDO mapping under this motor type, please check PDO setting!
2025-04-18 15:01:10,963 ERROR [default] Error: there is no ErrorCode in TxPDO mapping under this motor type, please check PDO setting!
2025-04-18 15:01:10,964 ERROR [default] Error: there is no ErrorCode in TxPDO mapping under this motor type, please check PDO setting!
2025-04-18 15:01:10,964 ERROR [default] Error: there is no ErrorCode in TxPDO mapping under this motor type, please check PDO setting!
2025-04-18 15:01:10,964 ERROR [default] Error: there is no ErrorCode in TxPDO mapping under this motor type, please check PDO setting!
2025-04-18 15:01:10,967 ERROR [default] Error: there is no ErrorCode in TxPDO mapping under this motor type, please check PDO setting!
2025-04-18 15:01:10,967 ERROR [default] Error: there is no ErrorCode in TxPDO mapping under this motor type, please check PDO setting!
2025-04-18 15:01:10,967 ERROR [default] Error: there is no ErrorCode in TxPDO mapping under this motor type, please check PDO setting!
2025-04-18 15:01:10,967 ERROR [default] Error: there is no ErrorCode in TxPDO mapping under this motor type, please check PDO setting!
2025-04-18 15:01:10,967 ERROR [default] Error: there is no ErrorCode in TxPDO mapping under this motor type, please check PDO setting!
2025-04-18 15:01:10,967 ERROR [default] Error: there is no ErrorCode in TxPDO mapping under this motor type, please check PDO setting!
2025-04-18 15:01:10,968 ERROR [default] Error: there is no ErrorCode in TxPDO mapping under this motor type, please check PDO setting!
2025-04-18 15:01:10,968 ERROR [default] Error: there is no ErrorCode in TxPDO mapping under this motor type, please check PDO setting!
2025-04-18 15:01:10,971 ERROR [default] Error: there is no ErrorCode in TxPDO mapping under this motor type, please check PDO setting!
2025-04-18 15:01:10,971 ERROR [default] Error: there is no ErrorCode in TxPDO mapping under this motor type, please check PDO setting!
2025-04-18 15:01:10,971 ERROR [default] Error: there is no ErrorCode in TxPDO mapping under this motor type, please check PDO setting!
2025-04-18 15:01:10,971 ERROR [default] Error: there is no ErrorCode in TxPDO mapping under this motor type, please check PDO setting!
2025-04-18 15:01:10,971 ERROR [default] Error: there is no ErrorCode in TxPDO mapping under this motor type, please check PDO setting!
2025-04-18 15:01:10,972 ERROR [default] Error: there is no ErrorCode in TxPDO mapping under this motor type, please check PDO setting!
2025-04-18 15:01:10,972 ERROR [default] Error: there is no ErrorCode in TxPDO mapping under this motor type, please check PDO setting!
2025-04-18 15:01:10,972 ERROR [default] Error: there is no ErrorCode in TxPDO mapping under this motor type, please check PDO setting!
2025-04-18 15:01:10,975 ERROR [default] Error: there is no ErrorCode in TxPDO mapping under this motor type, please check PDO setting!
2025-04-18 15:01:10,975 ERROR [default] Error: there is no ErrorCode in TxPDO mapping under this motor type, please check PDO setting!
2025-04-18 15:01:10,975 ERROR [default] Error: there is no ErrorCode in TxPDO mapping under this motor type, please check PDO setting!
2025-04-18 15:01:10,975 ERROR [default] Error: there is no ErrorCode in TxPDO mapping under this motor type, please check PDO setting!
2025-04-18 15:01:10,975 ERROR [default] Error: there is no ErrorCode in TxPDO mapping under this motor type, please check PDO setting!
2025-04-18 15:01:10,975 ERROR [default] Error: there is no ErrorCode in TxPDO mapping under this motor type, please check PDO setting!
2025-04-18 15:01:10,975 ERROR [default] Error: there is no ErrorCode in TxPDO mapping under this motor type, please check PDO setting!
2025-04-18 15:01:10,975 ERROR [default] Error: there is no ErrorCode in TxPDO mapping under this motor type, please check PDO setting!
2025-04-18 15:01:10,979 ERROR [default] Error: there is no ErrorCode in TxPDO mapping under this motor type, please check PDO setting!
2025-04-18 15:01:10,979 ERROR [default] Error: there is no ErrorCode in TxPDO mapping under this motor type, please check PDO setting!
2025-04-18 15:01:10,979 ERROR [default] Error: there is no ErrorCode in TxPDO mapping under this motor type, please check PDO setting!
2025-04-18 15:01:10,979 ERROR [default] Error: there is no ErrorCode in TxPDO mapping under this motor type, please check PDO setting!
2025-04-18 15:01:10,979 ERROR [default] Error: there is no ErrorCode in TxPDO mapping under this motor type, please check PDO setting!
2025-04-18 15:01:10,979 ERROR [default] Error: there is no ErrorCode in TxPDO mapping under this motor type, please check PDO setting!
2025-04-18 15:01:10,979 ERROR [default] Error: there is no ErrorCode in TxPDO mapping under this motor type, please check PDO setting!
2025-04-18 15:01:10,979 ERROR [default] Error: there is no ErrorCode in TxPDO mapping under this motor type, please check PDO setting!
2025-04-18 15:01:10,983 ERROR [default] Error: there is no ErrorCode in TxPDO mapping under this motor type, please check PDO setting!
2025-04-18 15:01:10,983 ERROR [default] Error: there is no ErrorCode in TxPDO mapping under this motor type, please check PDO setting!
2025-04-18 15:01:10,983 ERROR [default] Error: there is no ErrorCode in TxPDO mapping under this motor type, please check PDO setting!
2025-04-18 15:01:10,983 ERROR [default] Error: there is no ErrorCode in TxPDO mapping under this motor type, please check PDO setting!
2025-04-18 15:01:10,983 ERROR [default] Error: there is no ErrorCode in TxPDO mapping under this motor type, please check PDO setting!
2025-04-18 15:01:10,984 ERROR [default] Error: there is no ErrorCode in TxPDO mapping under this motor type, please check PDO setting!
2025-04-18 15:01:10,984 ERROR [default] Error: there is no ErrorCode in TxPDO mapping under this motor type, please check PDO setting!
2025-04-18 15:01:10,984 ERROR [default] Error: there is no ErrorCode in TxPDO mapping under this motor type, please check PDO setting!
2025-04-18 15:01:10,987 ERROR [default] Error: there is no ErrorCode in TxPDO mapping under this motor type, please check PDO setting!
2025-04-18 15:01:10,987 ERROR [default] Error: there is no ErrorCode in TxPDO mapping under this motor type, please check PDO setting!
2025-04-18 15:01:10,987 ERROR [default] Error: there is no ErrorCode in TxPDO mapping under this motor type, please check PDO setting!
2025-04-18 15:01:10,987 ERROR [default] Error: there is no ErrorCode in TxPDO mapping under this motor type, please check PDO setting!
2025-04-18 15:01:10,987 ERROR [default] Error: there is no ErrorCode in TxPDO mapping under this motor type, please check PDO setting!
2025-04-18 15:01:10,987 ERROR [default] Error: there is no ErrorCode in TxPDO mapping under this motor type, please check PDO setting!
2025-04-18 15:01:10,987 ERROR [default] Error: there is no ErrorCode in TxPDO mapping under this motor type, please check PDO setting!
2025-04-18 15:01:10,987 ERROR [default] Error: there is no ErrorCode in TxPDO mapping under this motor type, please check PDO setting!
2025-04-18 15:01:10,991 ERROR [default] Error: there is no ErrorCode in TxPDO mapping under this motor type, please check PDO setting!
2025-04-18 15:01:10,991 ERROR [default] Error: there is no ErrorCode in TxPDO mapping under this motor type, please check PDO setting!
2025-04-18 15:01:10,991 ERROR [default] Error: there is no ErrorCode in TxPDO mapping under this motor type, please check PDO setting!
2025-04-18 15:01:10,992 ERROR [default] Error: there is no ErrorCode in TxPDO mapping under this motor type, please check PDO setting!
2025-04-18 15:01:10,992 ERROR [default] Error: there is no ErrorCode in TxPDO mapping under this motor type, please check PDO setting!
2025-04-18 15:01:10,992 ERROR [default] Error: there is no ErrorCode in TxPDO mapping under this motor type, please check PDO setting!
2025-04-18 15:01:10,992 ERROR [default] Error: there is no ErrorCode in TxPDO mapping under this motor type, please check PDO setting!
2025-04-18 15:01:10,992 ERROR [default] Error: there is no ErrorCode in TxPDO mapping under this motor type, please check PDO setting!
2025-04-18 15:01:10,996 ERROR [default] Error: there is no ErrorCode in TxPDO mapping under this motor type, please check PDO setting!
2025-04-18 15:01:10,996 ERROR [default] Error: there is no ErrorCode in TxPDO mapping under this motor type, please check PDO setting!
2025-04-18 15:01:10,996 ERROR [default] Error: there is no ErrorCode in TxPDO mapping under this motor type, please check PDO setting!
2025-04-18 15:01:10,996 ERROR [default] Error: there is no ErrorCode in TxPDO mapping under this motor type, please check PDO setting!
2025-04-18 15:01:10,996 ERROR [default] Error: there is no ErrorCode in TxPDO mapping under this motor type, please check PDO setting!
2025-04-18 15:01:10,996 ERROR [default] Error: there is no ErrorCode in TxPDO mapping under this motor type, please check PDO setting!
2025-04-18 15:01:10,996 ERROR [default] Error: there is no ErrorCode in TxPDO mapping under this motor type, please check PDO setting!
2025-04-18 15:01:10,996 ERROR [default] Error: there is no ErrorCode in TxPDO mapping under this motor type, please check PDO setting!
2025-04-18 15:01:10,999 ERROR [default] Error: there is no ErrorCode in TxPDO mapping under this motor type, please check PDO setting!
2025-04-18 15:01:10,999 ERROR [default] Error: there is no ErrorCode in TxPDO mapping under this motor type, please check PDO setting!
2025-04-18 15:01:10,999 ERROR [default] Error: there is no ErrorCode in TxPDO mapping under this motor type, please check PDO setting!
2025-04-18 15:01:10,999 ERROR [default] Error: there is no ErrorCode in TxPDO mapping under this motor type, please check PDO setting!
2025-04-18 15:01:10,999 ERROR [default] Error: there is no ErrorCode in TxPDO mapping under this motor type, please check PDO setting!
2025-04-18 15:01:10,999 ERROR [default] Error: there is no ErrorCode in TxPDO mapping under this motor type, please check PDO setting!
2025-04-18 15:01:10,999 ERROR [default] Error: there is no ErrorCode in TxPDO mapping under this motor type, please check PDO setting!
2025-04-18 15:01:10,999 ERROR [default] Error: there is no ErrorCode in TxPDO mapping under this motor type, please check PDO setting!
2025-04-18 15:01:11,003 ERROR [default] Error: there is no ErrorCode in TxPDO mapping under this motor type, please check PDO setting!
2025-04-18 15:01:11,003 ERROR [default] Error: there is no ErrorCode in TxPDO mapping under this motor type, please check PDO setting!
2025-04-18 15:01:11,003 ERROR [default] Error: there is no ErrorCode in TxPDO mapping under this motor type, please check PDO setting!
2025-04-18 15:01:11,003 ERROR [default] Error: there is no ErrorCode in TxPDO mapping under this motor type, please check PDO setting!
2025-04-18 15:01:11,003 ERROR [default] Error: there is no ErrorCode in TxPDO mapping under this motor type, please check PDO setting!
2025-04-18 15:01:11,003 ERROR [default] Error: there is no ErrorCode in TxPDO mapping under this motor type, please check PDO setting!
2025-04-18 15:01:11,004 ERROR [default] Error: there is no ErrorCode in TxPDO mapping under this motor type, please check PDO setting!
2025-04-18 15:01:11,004 ERROR [default] Error: there is no ErrorCode in TxPDO mapping under this motor type, please check PDO setting!
2025-04-18 15:01:11,007 ERROR [default] Error: there is no ErrorCode in TxPDO mapping under this motor type, please check PDO setting!
2025-04-18 15:01:11,007 ERROR [default] Error: there is no ErrorCode in TxPDO mapping under this motor type, please check PDO setting!
2025-04-18 15:01:11,007 ERROR [default] Error: there is no ErrorCode in TxPDO mapping under this motor type, please check PDO setting!
2025-04-18 15:01:11,007 ERROR [default] Error: there is no ErrorCode in TxPDO mapping under this motor type, please check PDO setting!
2025-04-18 15:01:11,007 ERROR [default] Error: there is no ErrorCode in TxPDO mapping under this motor type, please check PDO setting!
2025-04-18 15:01:11,007 ERROR [default] Error: there is no ErrorCode in TxPDO mapping under this motor type, please check PDO setting!
2025-04-18 15:01:11,007 ERROR [default] Error: there is no ErrorCode in TxPDO mapping under this motor type, please check PDO setting!
2025-04-18 15:01:11,007 ERROR [default] Error: there is no ErrorCode in TxPDO mapping under this motor type, please check PDO setting!
2025-04-18 15:01:11,011 ERROR [default] Error: there is no ErrorCode in TxPDO mapping under this motor type, please check PDO setting!
2025-04-18 15:01:11,011 ERROR [default] Error: there is no ErrorCode in TxPDO mapping under this motor type, please check PDO setting!
2025-04-18 15:01:11,011 ERROR [default] Error: there is no ErrorCode in TxPDO mapping under this motor type, please check PDO setting!
2025-04-18 15:01:11,011 ERROR [default] Error: there is no ErrorCode in TxPDO mapping under this motor type, please check PDO setting!
2025-04-18 15:01:11,011 ERROR [default] Error: there is no ErrorCode in TxPDO mapping under this motor type, please check PDO setting!
2025-04-18 15:01:11,011 ERROR [default] Error: there is no ErrorCode in TxPDO mapping under this motor type, please check PDO setting!
2025-04-18 15:01:11,011 ERROR [default] Error: there is no ErrorCode in TxPDO mapping under this motor type, please check PDO setting!
2025-04-18 15:01:11,011 ERROR [default] Error: there is no ErrorCode in TxPDO mapping under this motor type, please check PDO setting!
2025-04-18 15:01:11,016 ERROR [default] Error: there is no ErrorCode in TxPDO mapping under this motor type, please check PDO setting!
2025-04-18 15:01:11,016 ERROR [default] Error: there is no ErrorCode in TxPDO mapping under this motor type, please check PDO setting!
2025-04-18 15:01:11,016 ERROR [default] Error: there is no ErrorCode in TxPDO mapping under this motor type, please check PDO setting!
2025-04-18 15:01:11,016 ERROR [default] Error: there is no ErrorCode in TxPDO mapping under this motor type, please check PDO setting!
2025-04-18 15:01:11,016 ERROR [default] Error: there is no ErrorCode in TxPDO mapping under this motor type, please check PDO setting!
2025-04-18 15:01:11,016 ERROR [default] Error: there is no ErrorCode in TxPDO mapping under this motor type, please check PDO setting!
2025-04-18 15:01:11,016 ERROR [default] Error: there is no ErrorCode in TxPDO mapping under this motor type, please check PDO setting!
2025-04-18 15:01:11,016 ERROR [default] Error: there is no ErrorCode in TxPDO mapping under this motor type, please check PDO setting!
2025-04-18 15:01:11,019 ERROR [default] Error: there is no ErrorCode in TxPDO mapping under this motor type, please check PDO setting!
2025-04-18 15:01:11,019 ERROR [default] Error: there is no ErrorCode in TxPDO mapping under this motor type, please check PDO setting!
2025-04-18 15:01:11,019 ERROR [default] Error: there is no ErrorCode in TxPDO mapping under this motor type, please check PDO setting!
2025-04-18 15:01:11,019 ERROR [default] Error: there is no ErrorCode in TxPDO mapping under this motor type, please check PDO setting!
2025-04-18 15:01:11,019 ERROR [default] Error: there is no ErrorCode in TxPDO mapping under this motor type, please check PDO setting!
2025-04-18 15:01:11,019 ERROR [default] Error: there is no ErrorCode in TxPDO mapping under this motor type, please check PDO setting!
2025-04-18 15:01:11,019 ERROR [default] Error: there is no ErrorCode in TxPDO mapping under this motor type, please check PDO setting!
2025-04-18 15:01:11,019 ERROR [default] Error: there is no ErrorCode in TxPDO mapping under this motor type, please check PDO setting!
2025-04-18 15:01:11,023 ERROR [default] Error: there is no ErrorCode in TxPDO mapping under this motor type, please check PDO setting!
2025-04-18 15:01:11,023 ERROR [default] Error: there is no ErrorCode in TxPDO mapping under this motor type, please check PDO setting!
2025-04-18 15:01:11,023 ERROR [default] Error: there is no ErrorCode in TxPDO mapping under this motor type, please check PDO setting!
2025-04-18 15:01:11,023 ERROR [default] Error: there is no ErrorCode in TxPDO mapping under this motor type, please check PDO setting!
2025-04-18 15:01:11,024 ERROR [default] Error: there is no ErrorCode in TxPDO mapping under this motor type, please check PDO setting!
2025-04-18 15:01:11,024 ERROR [default] Error: there is no ErrorCode in TxPDO mapping under this motor type, please check PDO setting!
2025-04-18 15:01:11,024 ERROR [default] Error: there is no ErrorCode in TxPDO mapping under this motor type, please check PDO setting!
2025-04-18 15:01:11,024 ERROR [default] Error: there is no ErrorCode in TxPDO mapping under this motor type, please check PDO setting!
2025-04-18 15:01:11,027 ERROR [default] Error: there is no ErrorCode in TxPDO mapping under this motor type, please check PDO setting!
2025-04-18 15:01:11,027 ERROR [default] Error: there is no ErrorCode in TxPDO mapping under this motor type, please check PDO setting!
2025-04-18 15:01:11,027 ERROR [default] Error: there is no ErrorCode in TxPDO mapping under this motor type, please check PDO setting!
2025-04-18 15:01:11,027 ERROR [default] Error: there is no ErrorCode in TxPDO mapping under this motor type, please check PDO setting!
2025-04-18 15:01:11,027 ERROR [default] Error: there is no ErrorCode in TxPDO mapping under this motor type, please check PDO setting!
2025-04-18 15:01:11,027 ERROR [default] Error: there is no ErrorCode in TxPDO mapping under this motor type, please check PDO setting!
2025-04-18 15:01:11,027 ERROR [default] Error: there is no ErrorCode in TxPDO mapping under this motor type, please check PDO setting!
2025-04-18 15:01:11,028 ERROR [default] Error: there is no ErrorCode in TxPDO mapping under this motor type, please check PDO setting!
2025-04-18 15:01:11,031 ERROR [default] Error: there is no ErrorCode in TxPDO mapping under this motor type, please check PDO setting!
2025-04-18 15:01:11,031 ERROR [default] Error: there is no ErrorCode in TxPDO mapping under this motor type, please check PDO setting!
2025-04-18 15:01:11,031 ERROR [default] Error: there is no ErrorCode in TxPDO mapping under this motor type, please check PDO setting!
2025-04-18 15:01:11,031 ERROR [default] Error: there is no ErrorCode in TxPDO mapping under this motor type, please check PDO setting!
2025-04-18 15:01:11,031 ERROR [default] Error: there is no ErrorCode in TxPDO mapping under this motor type, please check PDO setting!
2025-04-18 15:01:11,031 ERROR [default] Error: there is no ErrorCode in TxPDO mapping under this motor type, please check PDO setting!
2025-04-18 15:01:11,031 ERROR [default] Error: there is no ErrorCode in TxPDO mapping under this motor type, please check PDO setting!
2025-04-18 15:01:11,031 ERROR [default] Error: there is no ErrorCode in TxPDO mapping under this motor type, please check PDO setting!
2025-04-18 15:01:11,035 ERROR [default] Error: there is no ErrorCode in TxPDO mapping under this motor type, please check PDO setting!
2025-04-18 15:01:11,036 ERROR [default] Error: there is no ErrorCode in TxPDO mapping under this motor type, please check PDO setting!
2025-04-18 15:01:11,036 ERROR [default] Error: there is no ErrorCode in TxPDO mapping under this motor type, please check PDO setting!
2025-04-18 15:01:11,036 ERROR [default] Error: there is no ErrorCode in TxPDO mapping under this motor type, please check PDO setting!
2025-04-18 15:01:11,036 ERROR [default] Error: there is no ErrorCode in TxPDO mapping under this motor type, please check PDO setting!
2025-04-18 15:01:11,036 ERROR [default] Error: there is no ErrorCode in TxPDO mapping under this motor type, please check PDO setting!
2025-04-18 15:01:11,036 ERROR [default] Error: there is no ErrorCode in TxPDO mapping under this motor type, please check PDO setting!
2025-04-18 15:01:11,036 ERROR [default] Error: there is no ErrorCode in TxPDO mapping under this motor type, please check PDO setting!
2025-04-18 15:01:11,039 ERROR [default] Error: there is no ErrorCode in TxPDO mapping under this motor type, please check PDO setting!
2025-04-18 15:01:11,039 ERROR [default] Error: there is no ErrorCode in TxPDO mapping under this motor type, please check PDO setting!
2025-04-18 15:01:11,039 ERROR [default] Error: there is no ErrorCode in TxPDO mapping under this motor type, please check PDO setting!
2025-04-18 15:01:11,039 ERROR [default] Error: there is no ErrorCode in TxPDO mapping under this motor type, please check PDO setting!
2025-04-18 15:01:11,039 ERROR [default] Error: there is no ErrorCode in TxPDO mapping under this motor type, please check PDO setting!
2025-04-18 15:01:11,039 ERROR [default] Error: there is no ErrorCode in TxPDO mapping under this motor type, please check PDO setting!
2025-04-18 15:01:11,040 ERROR [default] Error: there is no ErrorCode in TxPDO mapping under this motor type, please check PDO setting!
2025-04-18 15:01:11,040 ERROR [default] Error: there is no ErrorCode in TxPDO mapping under this motor type, please check PDO setting!
2025-04-18 15:01:11,043 ERROR [default] Error: there is no ErrorCode in TxPDO mapping under this motor type, please check PDO setting!
2025-04-18 15:01:11,043 ERROR [default] Error: there is no ErrorCode in TxPDO mapping under this motor type, please check PDO setting!
2025-04-18 15:01:11,043 ERROR [default] Error: there is no ErrorCode in TxPDO mapping under this motor type, please check PDO setting!
2025-04-18 15:01:11,043 ERROR [default] Error: there is no ErrorCode in TxPDO mapping under this motor type, please check PDO setting!
2025-04-18 15:01:11,043 ERROR [default] Error: there is no ErrorCode in TxPDO mapping under this motor type, please check PDO setting!
2025-04-18 15:01:11,043 ERROR [default] Error: there is no ErrorCode in TxPDO mapping under this motor type, please check PDO setting!
2025-04-18 15:01:11,043 ERROR [default] Error: there is no ErrorCode in TxPDO mapping under this motor type, please check PDO setting!
2025-04-18 15:01:11,043 ERROR [default] Error: there is no ErrorCode in TxPDO mapping under this motor type, please check PDO setting!
2025-04-18 15:01:11,047 ERROR [default] Error: there is no ErrorCode in TxPDO mapping under this motor type, please check PDO setting!
2025-04-18 15:01:11,047 ERROR [default] Error: there is no ErrorCode in TxPDO mapping under this motor type, please check PDO setting!
2025-04-18 15:01:11,047 ERROR [default] Error: there is no ErrorCode in TxPDO mapping under this motor type, please check PDO setting!
2025-04-18 15:01:11,047 ERROR [default] Error: there is no ErrorCode in TxPDO mapping under this motor type, please check PDO setting!
2025-04-18 15:01:11,047 ERROR [default] Error: there is no ErrorCode in TxPDO mapping under this motor type, please check PDO setting!
2025-04-18 15:01:11,047 ERROR [default] Error: there is no ErrorCode in TxPDO mapping under this motor type, please check PDO setting!
2025-04-18 15:01:11,048 ERROR [default] Error: there is no ErrorCode in TxPDO mapping under this motor type, please check PDO setting!
2025-04-18 15:01:11,048 ERROR [default] Error: there is no ErrorCode in TxPDO mapping under this motor type, please check PDO setting!
2025-04-18 15:01:11,051 ERROR [default] Error: there is no ErrorCode in TxPDO mapping under this motor type, please check PDO setting!
2025-04-18 15:01:11,051 ERROR [default] Error: there is no ErrorCode in TxPDO mapping under this motor type, please check PDO setting!
2025-04-18 15:01:11,051 ERROR [default] Error: there is no ErrorCode in TxPDO mapping under this motor type, please check PDO setting!
2025-04-18 15:01:11,051 ERROR [default] Error: there is no ErrorCode in TxPDO mapping under this motor type, please check PDO setting!
2025-04-18 15:01:11,051 ERROR [default] Error: there is no ErrorCode in TxPDO mapping under this motor type, please check PDO setting!
2025-04-18 15:01:11,051 ERROR [default] Error: there is no ErrorCode in TxPDO mapping under this motor type, please check PDO setting!
2025-04-18 15:01:11,051 ERROR [default] Error: there is no ErrorCode in TxPDO mapping under this motor type, please check PDO setting!
2025-04-18 15:01:11,051 ERROR [default] Error: there is no ErrorCode in TxPDO mapping under this motor type, please check PDO setting!
2025-04-18 15:01:11,056 ERROR [default] Error: there is no ErrorCode in TxPDO mapping under this motor type, please check PDO setting!
2025-04-18 15:01:11,056 ERROR [default] Error: there is no ErrorCode in TxPDO mapping under this motor type, please check PDO setting!
2025-04-18 15:01:11,056 ERROR [default] Error: there is no ErrorCode in TxPDO mapping under this motor type, please check PDO setting!
2025-04-18 15:01:11,056 ERROR [default] Error: there is no ErrorCode in TxPDO mapping under this motor type, please check PDO setting!
2025-04-18 15:01:11,056 ERROR [default] Error: there is no ErrorCode in TxPDO mapping under this motor type, please check PDO setting!
2025-04-18 15:01:11,056 ERROR [default] Error: there is no ErrorCode in TxPDO mapping under this motor type, please check PDO setting!
2025-04-18 15:01:11,056 ERROR [default] Error: there is no ErrorCode in TxPDO mapping under this motor type, please check PDO setting!
2025-04-18 15:01:11,056 ERROR [default] Error: there is no ErrorCode in TxPDO mapping under this motor type, please check PDO setting!
2025-04-18 15:01:11,059 ERROR [default] Error: there is no ErrorCode in TxPDO mapping under this motor type, please check PDO setting!
2025-04-18 15:01:11,059 ERROR [default] Error: there is no ErrorCode in TxPDO mapping under this motor type, please check PDO setting!
2025-04-18 15:01:11,059 ERROR [default] Error: there is no ErrorCode in TxPDO mapping under this motor type, please check PDO setting!
2025-04-18 15:01:11,059 ERROR [default] Error: there is no ErrorCode in TxPDO mapping under this motor type, please check PDO setting!
2025-04-18 15:01:11,059 ERROR [default] Error: there is no ErrorCode in TxPDO mapping under this motor type, please check PDO setting!
2025-04-18 15:01:11,059 ERROR [default] Error: there is no ErrorCode in TxPDO mapping under this motor type, please check PDO setting!
2025-04-18 15:01:11,060 ERROR [default] Error: there is no ErrorCode in TxPDO mapping under this motor type, please check PDO setting!
2025-04-18 15:01:11,060 ERROR [default] Error: there is no ErrorCode in TxPDO mapping under this motor type, please check PDO setting!
2025-04-18 15:01:11,063 ERROR [default] Error: there is no ErrorCode in TxPDO mapping under this motor type, please check PDO setting!
2025-04-18 15:01:11,063 ERROR [default] Error: there is no ErrorCode in TxPDO mapping under this motor type, please check PDO setting!
2025-04-18 15:01:11,063 ERROR [default] Error: there is no ErrorCode in TxPDO mapping under this motor type, please check PDO setting!
2025-04-18 15:01:11,063 ERROR [default] Error: there is no ErrorCode in TxPDO mapping under this motor type, please check PDO setting!
2025-04-18 15:01:11,063 ERROR [default] Error: there is no ErrorCode in TxPDO mapping under this motor type, please check PDO setting!
2025-04-18 15:01:11,063 ERROR [default] Error: there is no ErrorCode in TxPDO mapping under this motor type, please check PDO setting!
2025-04-18 15:01:11,063 ERROR [default] Error: there is no ErrorCode in TxPDO mapping under this motor type, please check PDO setting!
2025-04-18 15:01:11,063 ERROR [default] Error: there is no ErrorCode in TxPDO mapping under this motor type, please check PDO setting!
2025-04-18 15:01:11,067 ERROR [default] Error: there is no ErrorCode in TxPDO mapping under this motor type, please check PDO setting!
2025-04-18 15:01:11,067 ERROR [default] Error: there is no ErrorCode in TxPDO mapping under this motor type, please check PDO setting!
2025-04-18 15:01:11,067 ERROR [default] Error: there is no ErrorCode in TxPDO mapping under this motor type, please check PDO setting!
2025-04-18 15:01:11,067 ERROR [default] Error: there is no ErrorCode in TxPDO mapping under this motor type, please check PDO setting!
2025-04-18 15:01:11,067 ERROR [default] Error: there is no ErrorCode in TxPDO mapping under this motor type, please check PDO setting!
2025-04-18 15:01:11,067 ERROR [default] Error: there is no ErrorCode in TxPDO mapping under this motor type, please check PDO setting!
2025-04-18 15:01:11,068 ERROR [default] Error: there is no ErrorCode in TxPDO mapping under this motor type, please check PDO setting!
2025-04-18 15:01:11,068 ERROR [default] Error: there is no ErrorCode in TxPDO mapping under this motor type, please check PDO setting!
2025-04-18 15:01:11,071 ERROR [default] Error: there is no ErrorCode in TxPDO mapping under this motor type, please check PDO setting!
2025-04-18 15:01:11,071 ERROR [default] Error: there is no ErrorCode in TxPDO mapping under this motor type, please check PDO setting!
2025-04-18 15:01:11,071 ERROR [default] Error: there is no ErrorCode in TxPDO mapping under this motor type, please check PDO setting!
2025-04-18 15:01:11,071 ERROR [default] Error: there is no ErrorCode in TxPDO mapping under this motor type, please check PDO setting!
2025-04-18 15:01:11,071 ERROR [default] Error: there is no ErrorCode in TxPDO mapping under this motor type, please check PDO setting!
2025-04-18 15:01:11,071 ERROR [default] Error: there is no ErrorCode in TxPDO mapping under this motor type, please check PDO setting!
2025-04-18 15:01:11,071 ERROR [default] Error: there is no ErrorCode in TxPDO mapping under this motor type, please check PDO setting!
2025-04-18 15:01:11,072 ERROR [default] Error: there is no ErrorCode in TxPDO mapping under this motor type, please check PDO setting!
2025-04-18 15:01:11,075 ERROR [default] Error: there is no ErrorCode in TxPDO mapping under this motor type, please check PDO setting!
2025-04-18 15:01:11,075 ERROR [default] Error: there is no ErrorCode in TxPDO mapping under this motor type, please check PDO setting!
2025-04-18 15:01:11,075 ERROR [default] Error: there is no ErrorCode in TxPDO mapping under this motor type, please check PDO setting!
2025-04-18 15:01:11,075 ERROR [default] Error: there is no ErrorCode in TxPDO mapping under this motor type, please check PDO setting!
2025-04-18 15:01:11,075 ERROR [default] Error: there is no ErrorCode in TxPDO mapping under this motor type, please check PDO setting!
2025-04-18 15:01:11,075 ERROR [default] Error: there is no ErrorCode in TxPDO mapping under this motor type, please check PDO setting!
2025-04-18 15:01:11,075 ERROR [default] Error: there is no ErrorCode in TxPDO mapping under this motor type, please check PDO setting!
2025-04-18 15:01:11,075 ERROR [default] Error: there is no ErrorCode in TxPDO mapping under this motor type, please check PDO setting!
2025-04-18 15:01:11,079 ERROR [default] Error: there is no ErrorCode in TxPDO mapping under this motor type, please check PDO setting!
2025-04-18 15:01:11,079 ERROR [default] Error: there is no ErrorCode in TxPDO mapping under this motor type, please check PDO setting!
2025-04-18 15:01:11,079 ERROR [default] Error: there is no ErrorCode in TxPDO mapping under this motor type, please check PDO setting!
2025-04-18 15:01:11,079 ERROR [default] Error: there is no ErrorCode in TxPDO mapping under this motor type, please check PDO setting!
2025-04-18 15:01:11,080 ERROR [default] Error: there is no ErrorCode in TxPDO mapping under this motor type, please check PDO setting!
2025-04-18 15:01:11,080 ERROR [default] Error: there is no ErrorCode in TxPDO mapping under this motor type, please check PDO setting!
2025-04-18 15:01:11,080 ERROR [default] Error: there is no ErrorCode in TxPDO mapping under this motor type, please check PDO setting!
2025-04-18 15:01:11,080 ERROR [default] Error: there is no ErrorCode in TxPDO mapping under this motor type, please check PDO setting!
2025-04-18 15:01:11,083 ERROR [default] Error: there is no ErrorCode in TxPDO mapping under this motor type, please check PDO setting!
2025-04-18 15:01:11,083 ERROR [default] Error: there is no ErrorCode in TxPDO mapping under this motor type, please check PDO setting!
2025-04-18 15:01:11,083 ERROR [default] Error: there is no ErrorCode in TxPDO mapping under this motor type, please check PDO setting!
2025-04-18 15:01:11,083 ERROR [default] Error: there is no ErrorCode in TxPDO mapping under this motor type, please check PDO setting!
2025-04-18 15:01:11,083 ERROR [default] Error: there is no ErrorCode in TxPDO mapping under this motor type, please check PDO setting!
2025-04-18 15:01:11,083 ERROR [default] Error: there is no ErrorCode in TxPDO mapping under this motor type, please check PDO setting!
2025-04-18 15:01:11,084 ERROR [default] Error: there is no ErrorCode in TxPDO mapping under this motor type, please check PDO setting!
2025-04-18 15:01:11,084 ERROR [default] Error: there is no ErrorCode in TxPDO mapping under this motor type, please check PDO setting!
2025-04-18 15:01:11,087 ERROR [default] Error: there is no ErrorCode in TxPDO mapping under this motor type, please check PDO setting!
2025-04-18 15:01:11,087 ERROR [default] Error: there is no ErrorCode in TxPDO mapping under this motor type, please check PDO setting!
2025-04-18 15:01:11,087 ERROR [default] Error: there is no ErrorCode in TxPDO mapping under this motor type, please check PDO setting!
2025-04-18 15:01:11,087 ERROR [default] Error: there is no ErrorCode in TxPDO mapping under this motor type, please check PDO setting!
2025-04-18 15:01:11,087 ERROR [default] Error: there is no ErrorCode in TxPDO mapping under this motor type, please check PDO setting!
2025-04-18 15:01:11,087 ERROR [default] Error: there is no ErrorCode in TxPDO mapping under this motor type, please check PDO setting!
2025-04-18 15:01:11,088 ERROR [default] Error: there is no ErrorCode in TxPDO mapping under this motor type, please check PDO setting!
2025-04-18 15:01:11,088 ERROR [default] Error: there is no ErrorCode in TxPDO mapping under this motor type, please check PDO setting!
2025-04-18 15:01:11,091 ERROR [default] Error: there is no ErrorCode in TxPDO mapping under this motor type, please check PDO setting!
2025-04-18 15:01:11,091 ERROR [default] Error: there is no ErrorCode in TxPDO mapping under this motor type, please check PDO setting!
2025-04-18 15:01:11,091 ERROR [default] Error: there is no ErrorCode in TxPDO mapping under this motor type, please check PDO setting!
2025-04-18 15:01:11,091 ERROR [default] Error: there is no ErrorCode in TxPDO mapping under this motor type, please check PDO setting!
2025-04-18 15:01:11,091 ERROR [default] Error: there is no ErrorCode in TxPDO mapping under this motor type, please check PDO setting!
2025-04-18 15:01:11,092 ERROR [default] Error: there is no ErrorCode in TxPDO mapping under this motor type, please check PDO setting!
2025-04-18 15:01:11,092 ERROR [default] Error: there is no ErrorCode in TxPDO mapping under this motor type, please check PDO setting!
2025-04-18 15:01:11,092 ERROR [default] Error: there is no ErrorCode in TxPDO mapping under this motor type, please check PDO setting!
2025-04-18 15:01:11,096 ERROR [default] Error: there is no ErrorCode in TxPDO mapping under this motor type, please check PDO setting!
2025-04-18 15:01:11,096 ERROR [default] Error: there is no ErrorCode in TxPDO mapping under this motor type, please check PDO setting!
2025-04-18 15:01:11,096 ERROR [default] Error: there is no ErrorCode in TxPDO mapping under this motor type, please check PDO setting!
2025-04-18 15:01:11,096 ERROR [default] Error: there is no ErrorCode in TxPDO mapping under this motor type, please check PDO setting!
2025-04-18 15:01:11,096 ERROR [default] Error: there is no ErrorCode in TxPDO mapping under this motor type, please check PDO setting!
2025-04-18 15:01:11,096 ERROR [default] Error: there is no ErrorCode in TxPDO mapping under this motor type, please check PDO setting!
2025-04-18 15:01:11,096 ERROR [default] Error: there is no ErrorCode in TxPDO mapping under this motor type, please check PDO setting!
2025-04-18 15:01:11,096 ERROR [default] Error: there is no ErrorCode in TxPDO mapping under this motor type, please check PDO setting!
2025-04-18 15:01:11,099 ERROR [default] Error: there is no ErrorCode in TxPDO mapping under this motor type, please check PDO setting!
2025-04-18 15:01:11,099 ERROR [default] Error: there is no ErrorCode in TxPDO mapping under this motor type, please check PDO setting!
2025-04-18 15:01:11,099 ERROR [default] Error: there is no ErrorCode in TxPDO mapping under this motor type, please check PDO setting!
2025-04-18 15:01:11,099 ERROR [default] Error: there is no ErrorCode in TxPDO mapping under this motor type, please check PDO setting!
2025-04-18 15:01:11,099 ERROR [default] Error: there is no ErrorCode in TxPDO mapping under this motor type, please check PDO setting!
2025-04-18 15:01:11,100 ERROR [default] Error: there is no ErrorCode in TxPDO mapping under this motor type, please check PDO setting!
2025-04-18 15:01:11,100 ERROR [default] Error: there is no ErrorCode in TxPDO mapping under this motor type, please check PDO setting!
2025-04-18 15:01:11,100 ERROR [default] Error: there is no ErrorCode in TxPDO mapping under this motor type, please check PDO setting!
2025-04-18 15:01:11,103 ERROR [default] Error: there is no ErrorCode in TxPDO mapping under this motor type, please check PDO setting!
2025-04-18 15:01:11,103 ERROR [default] Error: there is no ErrorCode in TxPDO mapping under this motor type, please check PDO setting!
2025-04-18 15:01:11,103 ERROR [default] Error: there is no ErrorCode in TxPDO mapping under this motor type, please check PDO setting!
2025-04-18 15:01:11,103 ERROR [default] Error: there is no ErrorCode in TxPDO mapping under this motor type, please check PDO setting!
2025-04-18 15:01:11,103 ERROR [default] Error: there is no ErrorCode in TxPDO mapping under this motor type, please check PDO setting!
2025-04-18 15:01:11,103 ERROR [default] Error: there is no ErrorCode in TxPDO mapping under this motor type, please check PDO setting!
2025-04-18 15:01:11,103 ERROR [default] Error: there is no ErrorCode in TxPDO mapping under this motor type, please check PDO setting!
2025-04-18 15:01:11,103 ERROR [default] Error: there is no ErrorCode in TxPDO mapping under this motor type, please check PDO setting!
2025-04-18 15:01:11,107 ERROR [default] Error: there is no ErrorCode in TxPDO mapping under this motor type, please check PDO setting!
2025-04-18 15:01:11,107 ERROR [default] Error: there is no ErrorCode in TxPDO mapping under this motor type, please check PDO setting!
2025-04-18 15:01:11,107 ERROR [default] Error: there is no ErrorCode in TxPDO mapping under this motor type, please check PDO setting!
2025-04-18 15:01:11,107 ERROR [default] Error: there is no ErrorCode in TxPDO mapping under this motor type, please check PDO setting!
2025-04-18 15:01:11,107 ERROR [default] Error: there is no ErrorCode in TxPDO mapping under this motor type, please check PDO setting!
2025-04-18 15:01:11,107 ERROR [default] Error: there is no ErrorCode in TxPDO mapping under this motor type, please check PDO setting!
2025-04-18 15:01:11,107 ERROR [default] Error: there is no ErrorCode in TxPDO mapping under this motor type, please check PDO setting!
2025-04-18 15:01:11,108 ERROR [default] Error: there is no ErrorCode in TxPDO mapping under this motor type, please check PDO setting!
2025-04-18 15:01:11,111 ERROR [default] Error: there is no ErrorCode in TxPDO mapping under this motor type, please check PDO setting!
2025-04-18 15:01:11,111 ERROR [default] Error: there is no ErrorCode in TxPDO mapping under this motor type, please check PDO setting!
2025-04-18 15:01:11,111 ERROR [default] Error: there is no ErrorCode in TxPDO mapping under this motor type, please check PDO setting!
2025-04-18 15:01:11,111 ERROR [default] Error: there is no ErrorCode in TxPDO mapping under this motor type, please check PDO setting!
2025-04-18 15:01:11,111 ERROR [default] Error: there is no ErrorCode in TxPDO mapping under this motor type, please check PDO setting!
2025-04-18 15:01:11,111 ERROR [default] Error: there is no ErrorCode in TxPDO mapping under this motor type, please check PDO setting!
2025-04-18 15:01:11,111 ERROR [default] Error: there is no ErrorCode in TxPDO mapping under this motor type, please check PDO setting!
2025-04-18 15:01:11,111 ERROR [default] Error: there is no ErrorCode in TxPDO mapping under this motor type, please check PDO setting!
2025-04-18 15:01:11,115 ERROR [default] Error: there is no ErrorCode in TxPDO mapping under this motor type, please check PDO setting!
2025-04-18 15:01:11,115 ERROR [default] Error: there is no ErrorCode in TxPDO mapping under this motor type, please check PDO setting!
2025-04-18 15:01:11,115 ERROR [default] Error: there is no ErrorCode in TxPDO mapping under this motor type, please check PDO setting!
2025-04-18 15:01:11,115 ERROR [default] Error: there is no ErrorCode in TxPDO mapping under this motor type, please check PDO setting!
2025-04-18 15:01:11,115 ERROR [default] Error: there is no ErrorCode in TxPDO mapping under this motor type, please check PDO setting!
2025-04-18 15:01:11,115 ERROR [default] Error: there is no ErrorCode in TxPDO mapping under this motor type, please check PDO setting!
2025-04-18 15:01:11,115 ERROR [default] Error: there is no ErrorCode in TxPDO mapping under this motor type, please check PDO setting!
2025-04-18 15:01:11,115 ERROR [default] Error: there is no ErrorCode in TxPDO mapping under this motor type, please check PDO setting!
2025-04-18 15:01:11,119 ERROR [default] Error: there is no ErrorCode in TxPDO mapping under this motor type, please check PDO setting!
2025-04-18 15:01:11,119 ERROR [default] Error: there is no ErrorCode in TxPDO mapping under this motor type, please check PDO setting!
2025-04-18 15:01:11,119 ERROR [default] Error: there is no ErrorCode in TxPDO mapping under this motor type, please check PDO setting!
2025-04-18 15:01:11,119 ERROR [default] Error: there is no ErrorCode in TxPDO mapping under this motor type, please check PDO setting!
2025-04-18 15:01:11,119 ERROR [default] Error: there is no ErrorCode in TxPDO mapping under this motor type, please check PDO setting!
2025-04-18 15:01:11,120 ERROR [default] Error: there is no ErrorCode in TxPDO mapping under this motor type, please check PDO setting!
2025-04-18 15:01:11,120 ERROR [default] Error: there is no ErrorCode in TxPDO mapping under this motor type, please check PDO setting!
2025-04-18 15:01:11,120 ERROR [default] Error: there is no ErrorCode in TxPDO mapping under this motor type, please check PDO setting!
2025-04-18 15:01:11,123 ERROR [default] Error: there is no ErrorCode in TxPDO mapping under this motor type, please check PDO setting!
2025-04-18 15:01:11,123 ERROR [default] Error: there is no ErrorCode in TxPDO mapping under this motor type, please check PDO setting!
2025-04-18 15:01:11,123 ERROR [default] Error: there is no ErrorCode in TxPDO mapping under this motor type, please check PDO setting!
2025-04-18 15:01:11,123 ERROR [default] Error: there is no ErrorCode in TxPDO mapping under this motor type, please check PDO setting!
2025-04-18 15:01:11,123 ERROR [default] Error: there is no ErrorCode in TxPDO mapping under this motor type, please check PDO setting!
2025-04-18 15:01:11,123 ERROR [default] Error: there is no ErrorCode in TxPDO mapping under this motor type, please check PDO setting!
2025-04-18 15:01:11,124 ERROR [default] Error: there is no ErrorCode in TxPDO mapping under this motor type, please check PDO setting!
2025-04-18 15:01:11,124 ERROR [default] Error: there is no ErrorCode in TxPDO mapping under this motor type, please check PDO setting!
2025-04-18 15:01:11,127 ERROR [default] Error: there is no ErrorCode in TxPDO mapping under this motor type, please check PDO setting!
2025-04-18 15:01:11,127 ERROR [default] Error: there is no ErrorCode in TxPDO mapping under this motor type, please check PDO setting!
2025-04-18 15:01:11,127 ERROR [default] Error: there is no ErrorCode in TxPDO mapping under this motor type, please check PDO setting!
2025-04-18 15:01:11,127 ERROR [default] Error: there is no ErrorCode in TxPDO mapping under this motor type, please check PDO setting!
2025-04-18 15:01:11,127 ERROR [default] Error: there is no ErrorCode in TxPDO mapping under this motor type, please check PDO setting!
2025-04-18 15:01:11,127 ERROR [default] Error: there is no ErrorCode in TxPDO mapping under this motor type, please check PDO setting!
2025-04-18 15:01:11,127 ERROR [default] Error: there is no ErrorCode in TxPDO mapping under this motor type, please check PDO setting!
2025-04-18 15:01:11,127 ERROR [default] Error: there is no ErrorCode in TxPDO mapping under this motor type, please check PDO setting!
2025-04-18 15:01:11,131 ERROR [default] Error: there is no ErrorCode in TxPDO mapping under this motor type, please check PDO setting!
2025-04-18 15:01:11,131 ERROR [default] Error: there is no ErrorCode in TxPDO mapping under this motor type, please check PDO setting!
2025-04-18 15:01:11,131 ERROR [default] Error: there is no ErrorCode in TxPDO mapping under this motor type, please check PDO setting!
2025-04-18 15:01:11,131 ERROR [default] Error: there is no ErrorCode in TxPDO mapping under this motor type, please check PDO setting!
2025-04-18 15:01:11,131 ERROR [default] Error: there is no ErrorCode in TxPDO mapping under this motor type, please check PDO setting!
2025-04-18 15:01:11,131 ERROR [default] Error: there is no ErrorCode in TxPDO mapping under this motor type, please check PDO setting!
2025-04-18 15:01:11,131 ERROR [default] Error: there is no ErrorCode in TxPDO mapping under this motor type, please check PDO setting!
2025-04-18 15:01:11,131 ERROR [default] Error: there is no ErrorCode in TxPDO mapping under this motor type, please check PDO setting!
2025-04-18 15:01:11,136 ERROR [default] Error: there is no ErrorCode in TxPDO mapping under this motor type, please check PDO setting!
2025-04-18 15:01:11,136 ERROR [default] Error: there is no ErrorCode in TxPDO mapping under this motor type, please check PDO setting!
2025-04-18 15:01:11,136 ERROR [default] Error: there is no ErrorCode in TxPDO mapping under this motor type, please check PDO setting!
2025-04-18 15:01:11,136 ERROR [default] Error: there is no ErrorCode in TxPDO mapping under this motor type, please check PDO setting!
2025-04-18 15:01:11,136 ERROR [default] Error: there is no ErrorCode in TxPDO mapping under this motor type, please check PDO setting!
2025-04-18 15:01:11,136 ERROR [default] Error: there is no ErrorCode in TxPDO mapping under this motor type, please check PDO setting!
2025-04-18 15:01:11,136 ERROR [default] Error: there is no ErrorCode in TxPDO mapping under this motor type, please check PDO setting!
2025-04-18 15:01:11,136 ERROR [default] Error: there is no ErrorCode in TxPDO mapping under this motor type, please check PDO setting!
2025-04-18 15:01:11,139 ERROR [default] Error: there is no ErrorCode in TxPDO mapping under this motor type, please check PDO setting!
2025-04-18 15:01:11,139 ERROR [default] Error: there is no ErrorCode in TxPDO mapping under this motor type, please check PDO setting!
2025-04-18 15:01:11,139 ERROR [default] Error: there is no ErrorCode in TxPDO mapping under this motor type, please check PDO setting!
2025-04-18 15:01:11,139 ERROR [default] Error: there is no ErrorCode in TxPDO mapping under this motor type, please check PDO setting!
2025-04-18 15:01:11,139 ERROR [default] Error: there is no ErrorCode in TxPDO mapping under this motor type, please check PDO setting!
2025-04-18 15:01:11,139 ERROR [default] Error: there is no ErrorCode in TxPDO mapping under this motor type, please check PDO setting!
2025-04-18 15:01:11,139 ERROR [default] Error: there is no ErrorCode in TxPDO mapping under this motor type, please check PDO setting!
2025-04-18 15:01:11,139 ERROR [default] Error: there is no ErrorCode in TxPDO mapping under this motor type, please check PDO setting!
2025-04-18 15:01:11,143 ERROR [default] Error: there is no ErrorCode in TxPDO mapping under this motor type, please check PDO setting!
2025-04-18 15:01:11,143 ERROR [default] Error: there is no ErrorCode in TxPDO mapping under this motor type, please check PDO setting!
2025-04-18 15:01:11,143 ERROR [default] Error: there is no ErrorCode in TxPDO mapping under this motor type, please check PDO setting!
2025-04-18 15:01:11,143 ERROR [default] Error: there is no ErrorCode in TxPDO mapping under this motor type, please check PDO setting!
2025-04-18 15:01:11,143 ERROR [default] Error: there is no ErrorCode in TxPDO mapping under this motor type, please check PDO setting!
2025-04-18 15:01:11,143 ERROR [default] Error: there is no ErrorCode in TxPDO mapping under this motor type, please check PDO setting!
2025-04-18 15:01:11,143 ERROR [default] Error: there is no ErrorCode in TxPDO mapping under this motor type, please check PDO setting!
2025-04-18 15:01:11,143 ERROR [default] Error: there is no ErrorCode in TxPDO mapping under this motor type, please check PDO setting!
2025-04-18 15:01:11,147 ERROR [default] Error: there is no ErrorCode in TxPDO mapping under this motor type, please check PDO setting!
2025-04-18 15:01:11,147 ERROR [default] Error: there is no ErrorCode in TxPDO mapping under this motor type, please check PDO setting!
2025-04-18 15:01:11,147 ERROR [default] Error: there is no ErrorCode in TxPDO mapping under this motor type, please check PDO setting!
2025-04-18 15:01:11,147 ERROR [default] Error: there is no ErrorCode in TxPDO mapping under this motor type, please check PDO setting!
2025-04-18 15:01:11,147 ERROR [default] Error: there is no ErrorCode in TxPDO mapping under this motor type, please check PDO setting!
2025-04-18 15:01:11,148 ERROR [default] Error: there is no ErrorCode in TxPDO mapping under this motor type, please check PDO setting!
2025-04-18 15:01:11,148 ERROR [default] Error: there is no ErrorCode in TxPDO mapping under this motor type, please check PDO setting!
2025-04-18 15:01:11,148 ERROR [default] Error: there is no ErrorCode in TxPDO mapping under this motor type, please check PDO setting!
2025-04-18 15:01:11,151 ERROR [default] Error: there is no ErrorCode in TxPDO mapping under this motor type, please check PDO setting!
2025-04-18 15:01:11,151 ERROR [default] Error: there is no ErrorCode in TxPDO mapping under this motor type, please check PDO setting!
2025-04-18 15:01:11,151 ERROR [default] Error: there is no ErrorCode in TxPDO mapping under this motor type, please check PDO setting!
2025-04-18 15:01:11,151 ERROR [default] Error: there is no ErrorCode in TxPDO mapping under this motor type, please check PDO setting!
2025-04-18 15:01:11,151 ERROR [default] Error: there is no ErrorCode in TxPDO mapping under this motor type, please check PDO setting!
2025-04-18 15:01:11,151 ERROR [default] Error: there is no ErrorCode in TxPDO mapping under this motor type, please check PDO setting!
2025-04-18 15:01:11,151 ERROR [default] Error: there is no ErrorCode in TxPDO mapping under this motor type, please check PDO setting!
2025-04-18 15:01:11,151 ERROR [default] Error: there is no ErrorCode in TxPDO mapping under this motor type, please check PDO setting!
2025-04-18 15:01:11,155 ERROR [default] Error: there is no ErrorCode in TxPDO mapping under this motor type, please check PDO setting!
2025-04-18 15:01:11,155 ERROR [default] Error: there is no ErrorCode in TxPDO mapping under this motor type, please check PDO setting!
2025-04-18 15:01:11,155 ERROR [default] Error: there is no ErrorCode in TxPDO mapping under this motor type, please check PDO setting!
2025-04-18 15:01:11,155 ERROR [default] Error: there is no ErrorCode in TxPDO mapping under this motor type, please check PDO setting!
2025-04-18 15:01:11,155 ERROR [default] Error: there is no ErrorCode in TxPDO mapping under this motor type, please check PDO setting!
2025-04-18 15:01:11,155 ERROR [default] Error: there is no ErrorCode in TxPDO mapping under this motor type, please check PDO setting!
2025-04-18 15:01:11,155 ERROR [default] Error: there is no ErrorCode in TxPDO mapping under this motor type, please check PDO setting!
2025-04-18 15:01:11,155 ERROR [default] Error: there is no ErrorCode in TxPDO mapping under this motor type, please check PDO setting!
2025-04-18 15:01:11,159 ERROR [default] Error: there is no ErrorCode in TxPDO mapping under this motor type, please check PDO setting!
2025-04-18 15:01:11,159 ERROR [default] Error: there is no ErrorCode in TxPDO mapping under this motor type, please check PDO setting!
2025-04-18 15:01:11,159 ERROR [default] Error: there is no ErrorCode in TxPDO mapping under this motor type, please check PDO setting!
2025-04-18 15:01:11,159 ERROR [default] Error: there is no ErrorCode in TxPDO mapping under this motor type, please check PDO setting!
2025-04-18 15:01:11,159 ERROR [default] Error: there is no ErrorCode in TxPDO mapping under this motor type, please check PDO setting!
2025-04-18 15:01:11,160 ERROR [default] Error: there is no ErrorCode in TxPDO mapping under this motor type, please check PDO setting!
2025-04-18 15:01:11,160 ERROR [default] Error: there is no ErrorCode in TxPDO mapping under this motor type, please check PDO setting!
2025-04-18 15:01:11,160 ERROR [default] Error: there is no ErrorCode in TxPDO mapping under this motor type, please check PDO setting!
2025-04-18 15:01:11,163 ERROR [default] Error: there is no ErrorCode in TxPDO mapping under this motor type, please check PDO setting!
2025-04-18 15:01:11,163 ERROR [default] Error: there is no ErrorCode in TxPDO mapping under this motor type, please check PDO setting!
2025-04-18 15:01:11,163 ERROR [default] Error: there is no ErrorCode in TxPDO mapping under this motor type, please check PDO setting!
2025-04-18 15:01:11,164 ERROR [default] Error: there is no ErrorCode in TxPDO mapping under this motor type, please check PDO setting!
2025-04-18 15:01:11,164 ERROR [default] Error: there is no ErrorCode in TxPDO mapping under this motor type, please check PDO setting!
2025-04-18 15:01:11,164 ERROR [default] Error: there is no ErrorCode in TxPDO mapping under this motor type, please check PDO setting!
2025-04-18 15:01:11,164 ERROR [default] Error: there is no ErrorCode in TxPDO mapping under this motor type, please check PDO setting!
2025-04-18 15:01:11,164 ERROR [default] Error: there is no ErrorCode in TxPDO mapping under this motor type, please check PDO setting!
2025-04-18 15:01:11,167 ERROR [default] Error: there is no ErrorCode in TxPDO mapping under this motor type, please check PDO setting!
2025-04-18 15:01:11,167 ERROR [default] Error: there is no ErrorCode in TxPDO mapping under this motor type, please check PDO setting!
2025-04-18 15:01:11,167 ERROR [default] Error: there is no ErrorCode in TxPDO mapping under this motor type, please check PDO setting!
2025-04-18 15:01:11,167 ERROR [default] Error: there is no ErrorCode in TxPDO mapping under this motor type, please check PDO setting!
2025-04-18 15:01:11,168 ERROR [default] Error: there is no ErrorCode in TxPDO mapping under this motor type, please check PDO setting!
2025-04-18 15:01:11,168 ERROR [default] Error: there is no ErrorCode in TxPDO mapping under this motor type, please check PDO setting!
2025-04-18 15:01:11,168 ERROR [default] Error: there is no ErrorCode in TxPDO mapping under this motor type, please check PDO setting!
2025-04-18 15:01:11,168 ERROR [default] Error: there is no ErrorCode in TxPDO mapping under this motor type, please check PDO setting!
2025-04-18 15:01:11,171 ERROR [default] Error: there is no ErrorCode in TxPDO mapping under this motor type, please check PDO setting!
2025-04-18 15:01:11,171 ERROR [default] Error: there is no ErrorCode in TxPDO mapping under this motor type, please check PDO setting!
2025-04-18 15:01:11,171 ERROR [default] Error: there is no ErrorCode in TxPDO mapping under this motor type, please check PDO setting!
2025-04-18 15:01:11,171 ERROR [default] Error: there is no ErrorCode in TxPDO mapping under this motor type, please check PDO setting!
2025-04-18 15:01:11,171 ERROR [default] Error: there is no ErrorCode in TxPDO mapping under this motor type, please check PDO setting!
2025-04-18 15:01:11,171 ERROR [default] Error: there is no ErrorCode in TxPDO mapping under this motor type, please check PDO setting!
2025-04-18 15:01:11,171 ERROR [default] Error: there is no ErrorCode in TxPDO mapping under this motor type, please check PDO setting!
2025-04-18 15:01:11,171 ERROR [default] Error: there is no ErrorCode in TxPDO mapping under this motor type, please check PDO setting!
2025-04-18 15:01:11,175 ERROR [default] Error: there is no ErrorCode in TxPDO mapping under this motor type, please check PDO setting!
2025-04-18 15:01:11,175 ERROR [default] Error: there is no ErrorCode in TxPDO mapping under this motor type, please check PDO setting!
2025-04-18 15:01:11,175 ERROR [default] Error: there is no ErrorCode in TxPDO mapping under this motor type, please check PDO setting!
2025-04-18 15:01:11,175 ERROR [default] Error: there is no ErrorCode in TxPDO mapping under this motor type, please check PDO setting!
2025-04-18 15:01:11,175 ERROR [default] Error: there is no ErrorCode in TxPDO mapping under this motor type, please check PDO setting!
2025-04-18 15:01:11,175 ERROR [default] Error: there is no ErrorCode in TxPDO mapping under this motor type, please check PDO setting!
2025-04-18 15:01:11,175 ERROR [default] Error: there is no ErrorCode in TxPDO mapping under this motor type, please check PDO setting!
2025-04-18 15:01:11,175 ERROR [default] Error: there is no ErrorCode in TxPDO mapping under this motor type, please check PDO setting!
2025-04-18 15:01:11,179 ERROR [default] Error: there is no ErrorCode in TxPDO mapping under this motor type, please check PDO setting!
2025-04-18 15:01:11,179 ERROR [default] Error: there is no ErrorCode in TxPDO mapping under this motor type, please check PDO setting!
2025-04-18 15:01:11,179 ERROR [default] Error: there is no ErrorCode in TxPDO mapping under this motor type, please check PDO setting!
2025-04-18 15:01:11,179 ERROR [default] Error: there is no ErrorCode in TxPDO mapping under this motor type, please check PDO setting!
2025-04-18 15:01:11,179 ERROR [default] Error: there is no ErrorCode in TxPDO mapping under this motor type, please check PDO setting!
2025-04-18 15:01:11,179 ERROR [default] Error: there is no ErrorCode in TxPDO mapping under this motor type, please check PDO setting!
2025-04-18 15:01:11,180 ERROR [default] Error: there is no ErrorCode in TxPDO mapping under this motor type, please check PDO setting!
2025-04-18 15:01:11,180 ERROR [default] Error: there is no ErrorCode in TxPDO mapping under this motor type, please check PDO setting!
2025-04-18 15:01:11,183 ERROR [default] Error: there is no ErrorCode in TxPDO mapping under this motor type, please check PDO setting!
2025-04-18 15:01:11,183 ERROR [default] Error: there is no ErrorCode in TxPDO mapping under this motor type, please check PDO setting!
2025-04-18 15:01:11,183 ERROR [default] Error: there is no ErrorCode in TxPDO mapping under this motor type, please check PDO setting!
2025-04-18 15:01:11,183 ERROR [default] Error: there is no ErrorCode in TxPDO mapping under this motor type, please check PDO setting!
2025-04-18 15:01:11,183 ERROR [default] Error: there is no ErrorCode in TxPDO mapping under this motor type, please check PDO setting!
2025-04-18 15:01:11,183 ERROR [default] Error: there is no ErrorCode in TxPDO mapping under this motor type, please check PDO setting!
2025-04-18 15:01:11,183 ERROR [default] Error: there is no ErrorCode in TxPDO mapping under this motor type, please check PDO setting!
2025-04-18 15:01:11,183 ERROR [default] Error: there is no ErrorCode in TxPDO mapping under this motor type, please check PDO setting!
2025-04-18 15:01:11,187 ERROR [default] Error: there is no ErrorCode in TxPDO mapping under this motor type, please check PDO setting!
2025-04-18 15:01:11,187 ERROR [default] Error: there is no ErrorCode in TxPDO mapping under this motor type, please check PDO setting!
2025-04-18 15:01:11,187 ERROR [default] Error: there is no ErrorCode in TxPDO mapping under this motor type, please check PDO setting!
2025-04-18 15:01:11,187 ERROR [default] Error: there is no ErrorCode in TxPDO mapping under this motor type, please check PDO setting!
2025-04-18 15:01:11,187 ERROR [default] Error: there is no ErrorCode in TxPDO mapping under this motor type, please check PDO setting!
2025-04-18 15:01:11,188 ERROR [default] Error: there is no ErrorCode in TxPDO mapping under this motor type, please check PDO setting!
2025-04-18 15:01:11,188 ERROR [default] Error: there is no ErrorCode in TxPDO mapping under this motor type, please check PDO setting!
2025-04-18 15:01:11,188 ERROR [default] Error: there is no ErrorCode in TxPDO mapping under this motor type, please check PDO setting!
2025-04-18 15:01:11,191 ERROR [default] Error: there is no ErrorCode in TxPDO mapping under this motor type, please check PDO setting!
2025-04-18 15:01:11,191 ERROR [default] Error: there is no ErrorCode in TxPDO mapping under this motor type, please check PDO setting!
2025-04-18 15:01:11,191 ERROR [default] Error: there is no ErrorCode in TxPDO mapping under this motor type, please check PDO setting!
2025-04-18 15:01:11,191 ERROR [default] Error: there is no ErrorCode in TxPDO mapping under this motor type, please check PDO setting!
2025-04-18 15:01:11,191 ERROR [default] Error: there is no ErrorCode in TxPDO mapping under this motor type, please check PDO setting!
2025-04-18 15:01:11,191 ERROR [default] Error: there is no ErrorCode in TxPDO mapping under this motor type, please check PDO setting!
2025-04-18 15:01:11,191 ERROR [default] Error: there is no ErrorCode in TxPDO mapping under this motor type, please check PDO setting!
2025-04-18 15:01:11,191 ERROR [default] Error: there is no ErrorCode in TxPDO mapping under this motor type, please check PDO setting!
2025-04-18 15:01:11,195 ERROR [default] Error: there is no ErrorCode in TxPDO mapping under this motor type, please check PDO setting!
2025-04-18 15:01:11,196 ERROR [default] Error: there is no ErrorCode in TxPDO mapping under this motor type, please check PDO setting!
2025-04-18 15:01:11,196 ERROR [default] Error: there is no ErrorCode in TxPDO mapping under this motor type, please check PDO setting!
2025-04-18 15:01:11,196 ERROR [default] Error: there is no ErrorCode in TxPDO mapping under this motor type, please check PDO setting!
2025-04-18 15:01:11,196 ERROR [default] Error: there is no ErrorCode in TxPDO mapping under this motor type, please check PDO setting!
2025-04-18 15:01:11,196 ERROR [default] Error: there is no ErrorCode in TxPDO mapping under this motor type, please check PDO setting!
2025-04-18 15:01:11,196 ERROR [default] Error: there is no ErrorCode in TxPDO mapping under this motor type, please check PDO setting!
2025-04-18 15:01:11,196 ERROR [default] Error: there is no ErrorCode in TxPDO mapping under this motor type, please check PDO setting!
2025-04-18 15:01:11,199 ERROR [default] Error: there is no ErrorCode in TxPDO mapping under this motor type, please check PDO setting!
2025-04-18 15:01:11,199 ERROR [default] Error: there is no ErrorCode in TxPDO mapping under this motor type, please check PDO setting!
2025-04-18 15:01:11,199 ERROR [default] Error: there is no ErrorCode in TxPDO mapping under this motor type, please check PDO setting!
2025-04-18 15:01:11,199 ERROR [default] Error: there is no ErrorCode in TxPDO mapping under this motor type, please check PDO setting!
2025-04-18 15:01:11,199 ERROR [default] Error: there is no ErrorCode in TxPDO mapping under this motor type, please check PDO setting!
2025-04-18 15:01:11,199 ERROR [default] Error: there is no ErrorCode in TxPDO mapping under this motor type, please check PDO setting!
2025-04-18 15:01:11,199 ERROR [default] Error: there is no ErrorCode in TxPDO mapping under this motor type, please check PDO setting!
2025-04-18 15:01:11,200 ERROR [default] Error: there is no ErrorCode in TxPDO mapping under this motor type, please check PDO setting!
2025-04-18 15:01:11,203 ERROR [default] Error: there is no ErrorCode in TxPDO mapping under this motor type, please check PDO setting!
2025-04-18 15:01:11,203 ERROR [default] Error: there is no ErrorCode in TxPDO mapping under this motor type, please check PDO setting!
2025-04-18 15:01:11,203 ERROR [default] Error: there is no ErrorCode in TxPDO mapping under this motor type, please check PDO setting!
2025-04-18 15:01:11,203 ERROR [default] Error: there is no ErrorCode in TxPDO mapping under this motor type, please check PDO setting!
2025-04-18 15:01:11,203 ERROR [default] Error: there is no ErrorCode in TxPDO mapping under this motor type, please check PDO setting!
2025-04-18 15:01:11,203 ERROR [default] Error: there is no ErrorCode in TxPDO mapping under this motor type, please check PDO setting!
2025-04-18 15:01:11,203 ERROR [default] Error: there is no ErrorCode in TxPDO mapping under this motor type, please check PDO setting!
2025-04-18 15:01:11,203 ERROR [default] Error: there is no ErrorCode in TxPDO mapping under this motor type, please check PDO setting!
2025-04-18 15:01:11,207 ERROR [default] Error: there is no ErrorCode in TxPDO mapping under this motor type, please check PDO setting!
2025-04-18 15:01:11,207 ERROR [default] Error: there is no ErrorCode in TxPDO mapping under this motor type, please check PDO setting!
2025-04-18 15:01:11,207 ERROR [default] Error: there is no ErrorCode in TxPDO mapping under this motor type, please check PDO setting!
2025-04-18 15:01:11,207 ERROR [default] Error: there is no ErrorCode in TxPDO mapping under this motor type, please check PDO setting!
2025-04-18 15:01:11,207 ERROR [default] Error: there is no ErrorCode in TxPDO mapping under this motor type, please check PDO setting!
2025-04-18 15:01:11,207 ERROR [default] Error: there is no ErrorCode in TxPDO mapping under this motor type, please check PDO setting!
2025-04-18 15:01:11,207 ERROR [default] Error: there is no ErrorCode in TxPDO mapping under this motor type, please check PDO setting!
2025-04-18 15:01:11,207 ERROR [default] Error: there is no ErrorCode in TxPDO mapping under this motor type, please check PDO setting!
2025-04-18 15:01:11,212 ERROR [default] Error: there is no ErrorCode in TxPDO mapping under this motor type, please check PDO setting!
2025-04-18 15:01:11,212 ERROR [default] Error: there is no ErrorCode in TxPDO mapping under this motor type, please check PDO setting!
2025-04-18 15:01:11,212 ERROR [default] Error: there is no ErrorCode in TxPDO mapping under this motor type, please check PDO setting!
2025-04-18 15:01:11,212 ERROR [default] Error: there is no ErrorCode in TxPDO mapping under this motor type, please check PDO setting!
2025-04-18 15:01:11,212 ERROR [default] Error: there is no ErrorCode in TxPDO mapping under this motor type, please check PDO setting!
2025-04-18 15:01:11,212 ERROR [default] Error: there is no ErrorCode in TxPDO mapping under this motor type, please check PDO setting!
2025-04-18 15:01:11,212 ERROR [default] Error: there is no ErrorCode in TxPDO mapping under this motor type, please check PDO setting!
2025-04-18 15:01:11,212 ERROR [default] Error: there is no ErrorCode in TxPDO mapping under this motor type, please check PDO setting!
2025-04-18 15:01:11,215 ERROR [default] Error: there is no ErrorCode in TxPDO mapping under this motor type, please check PDO setting!
2025-04-18 15:01:11,216 ERROR [default] Error: there is no ErrorCode in TxPDO mapping under this motor type, please check PDO setting!
2025-04-18 15:01:11,216 ERROR [default] Error: there is no ErrorCode in TxPDO mapping under this motor type, please check PDO setting!
2025-04-18 15:01:11,216 ERROR [default] Error: there is no ErrorCode in TxPDO mapping under this motor type, please check PDO setting!
2025-04-18 15:01:11,216 ERROR [default] Error: there is no ErrorCode in TxPDO mapping under this motor type, please check PDO setting!
2025-04-18 15:01:11,216 ERROR [default] Error: there is no ErrorCode in TxPDO mapping under this motor type, please check PDO setting!
2025-04-18 15:01:11,216 ERROR [default] Error: there is no ErrorCode in TxPDO mapping under this motor type, please check PDO setting!
2025-04-18 15:01:11,216 ERROR [default] Error: there is no ErrorCode in TxPDO mapping under this motor type, please check PDO setting!
2025-04-18 15:01:11,220 ERROR [default] Error: there is no ErrorCode in TxPDO mapping under this motor type, please check PDO setting!
2025-04-18 15:01:11,220 ERROR [default] Error: there is no ErrorCode in TxPDO mapping under this motor type, please check PDO setting!
2025-04-18 15:01:11,220 ERROR [default] Error: there is no ErrorCode in TxPDO mapping under this motor type, please check PDO setting!
2025-04-18 15:01:11,220 ERROR [default] Error: there is no ErrorCode in TxPDO mapping under this motor type, please check PDO setting!
2025-04-18 15:01:11,220 ERROR [default] Error: there is no ErrorCode in TxPDO mapping under this motor type, please check PDO setting!
2025-04-18 15:01:11,220 ERROR [default] Error: there is no ErrorCode in TxPDO mapping under this motor type, please check PDO setting!
2025-04-18 15:01:11,220 ERROR [default] Error: there is no ErrorCode in TxPDO mapping under this motor type, please check PDO setting!
2025-04-18 15:01:11,220 ERROR [default] Error: there is no ErrorCode in TxPDO mapping under this motor type, please check PDO setting!
2025-04-18 15:01:11,223 ERROR [default] Error: there is no ErrorCode in TxPDO mapping under this motor type, please check PDO setting!
2025-04-18 15:01:11,223 ERROR [default] Error: there is no ErrorCode in TxPDO mapping under this motor type, please check PDO setting!
2025-04-18 15:01:11,223 ERROR [default] Error: there is no ErrorCode in TxPDO mapping under this motor type, please check PDO setting!
2025-04-18 15:01:11,223 ERROR [default] Error: there is no ErrorCode in TxPDO mapping under this motor type, please check PDO setting!
2025-04-18 15:01:11,224 ERROR [default] Error: there is no ErrorCode in TxPDO mapping under this motor type, please check PDO setting!
2025-04-18 15:01:11,224 ERROR [default] Error: there is no ErrorCode in TxPDO mapping under this motor type, please check PDO setting!
2025-04-18 15:01:11,224 ERROR [default] Error: there is no ErrorCode in TxPDO mapping under this motor type, please check PDO setting!
2025-04-18 15:01:11,224 ERROR [default] Error: there is no ErrorCode in TxPDO mapping under this motor type, please check PDO setting!
2025-04-18 15:01:11,227 ERROR [default] Error: there is no ErrorCode in TxPDO mapping under this motor type, please check PDO setting!
2025-04-18 15:01:11,227 ERROR [default] Error: there is no ErrorCode in TxPDO mapping under this motor type, please check PDO setting!
2025-04-18 15:01:11,227 ERROR [default] Error: there is no ErrorCode in TxPDO mapping under this motor type, please check PDO setting!
2025-04-18 15:01:11,227 ERROR [default] Error: there is no ErrorCode in TxPDO mapping under this motor type, please check PDO setting!
2025-04-18 15:01:11,228 ERROR [default] Error: there is no ErrorCode in TxPDO mapping under this motor type, please check PDO setting!
2025-04-18 15:01:11,228 ERROR [default] Error: there is no ErrorCode in TxPDO mapping under this motor type, please check PDO setting!
2025-04-18 15:01:11,228 ERROR [default] Error: there is no ErrorCode in TxPDO mapping under this motor type, please check PDO setting!
2025-04-18 15:01:11,228 ERROR [default] Error: there is no ErrorCode in TxPDO mapping under this motor type, please check PDO setting!
2025-04-18 15:01:11,231 ERROR [default] Error: there is no ErrorCode in TxPDO mapping under this motor type, please check PDO setting!
2025-04-18 15:01:11,231 ERROR [default] Error: there is no ErrorCode in TxPDO mapping under this motor type, please check PDO setting!
2025-04-18 15:01:11,231 ERROR [default] Error: there is no ErrorCode in TxPDO mapping under this motor type, please check PDO setting!
2025-04-18 15:01:11,231 ERROR [default] Error: there is no ErrorCode in TxPDO mapping under this motor type, please check PDO setting!
2025-04-18 15:01:11,231 ERROR [default] Error: there is no ErrorCode in TxPDO mapping under this motor type, please check PDO setting!
2025-04-18 15:01:11,231 ERROR [default] Error: there is no ErrorCode in TxPDO mapping under this motor type, please check PDO setting!
2025-04-18 15:01:11,232 ERROR [default] Error: there is no ErrorCode in TxPDO mapping under this motor type, please check PDO setting!
2025-04-18 15:01:11,232 ERROR [default] Error: there is no ErrorCode in TxPDO mapping under this motor type, please check PDO setting!
2025-04-18 15:01:11,235 ERROR [default] Error: there is no ErrorCode in TxPDO mapping under this motor type, please check PDO setting!
2025-04-18 15:01:11,236 ERROR [default] Error: there is no ErrorCode in TxPDO mapping under this motor type, please check PDO setting!
2025-04-18 15:01:11,236 ERROR [default] Error: there is no ErrorCode in TxPDO mapping under this motor type, please check PDO setting!
2025-04-18 15:01:11,236 ERROR [default] Error: there is no ErrorCode in TxPDO mapping under this motor type, please check PDO setting!
2025-04-18 15:01:11,236 ERROR [default] Error: there is no ErrorCode in TxPDO mapping under this motor type, please check PDO setting!
2025-04-18 15:01:11,236 ERROR [default] Error: there is no ErrorCode in TxPDO mapping under this motor type, please check PDO setting!
2025-04-18 15:01:11,236 ERROR [default] Error: there is no ErrorCode in TxPDO mapping under this motor type, please check PDO setting!
2025-04-18 15:01:11,236 ERROR [default] Error: there is no ErrorCode in TxPDO mapping under this motor type, please check PDO setting!
2025-04-18 15:01:11,239 ERROR [default] Error: there is no ErrorCode in TxPDO mapping under this motor type, please check PDO setting!
2025-04-18 15:01:11,239 ERROR [default] Error: there is no ErrorCode in TxPDO mapping under this motor type, please check PDO setting!
2025-04-18 15:01:11,239 ERROR [default] Error: there is no ErrorCode in TxPDO mapping under this motor type, please check PDO setting!
2025-04-18 15:01:11,239 ERROR [default] Error: there is no ErrorCode in TxPDO mapping under this motor type, please check PDO setting!
2025-04-18 15:01:11,239 ERROR [default] Error: there is no ErrorCode in TxPDO mapping under this motor type, please check PDO setting!
2025-04-18 15:01:11,239 ERROR [default] Error: there is no ErrorCode in TxPDO mapping under this motor type, please check PDO setting!
2025-04-18 15:01:11,239 ERROR [default] Error: there is no ErrorCode in TxPDO mapping under this motor type, please check PDO setting!
2025-04-18 15:01:11,239 ERROR [default] Error: there is no ErrorCode in TxPDO mapping under this motor type, please check PDO setting!
2025-04-18 15:01:11,243 ERROR [default] Error: there is no ErrorCode in TxPDO mapping under this motor type, please check PDO setting!
2025-04-18 15:01:11,243 ERROR [default] Error: there is no ErrorCode in TxPDO mapping under this motor type, please check PDO setting!
2025-04-18 15:01:11,243 ERROR [default] Error: there is no ErrorCode in TxPDO mapping under this motor type, please check PDO setting!
2025-04-18 15:01:11,243 ERROR [default] Error: there is no ErrorCode in TxPDO mapping under this motor type, please check PDO setting!
2025-04-18 15:01:11,243 ERROR [default] Error: there is no ErrorCode in TxPDO mapping under this motor type, please check PDO setting!
2025-04-18 15:01:11,243 ERROR [default] Error: there is no ErrorCode in TxPDO mapping under this motor type, please check PDO setting!
2025-04-18 15:01:11,244 ERROR [default] Error: there is no ErrorCode in TxPDO mapping under this motor type, please check PDO setting!
2025-04-18 15:01:11,244 ERROR [default] Error: there is no ErrorCode in TxPDO mapping under this motor type, please check PDO setting!
2025-04-18 15:01:11,247 ERROR [default] Error: there is no ErrorCode in TxPDO mapping under this motor type, please check PDO setting!
2025-04-18 15:01:11,247 ERROR [default] Error: there is no ErrorCode in TxPDO mapping under this motor type, please check PDO setting!
2025-04-18 15:01:11,247 ERROR [default] Error: there is no ErrorCode in TxPDO mapping under this motor type, please check PDO setting!
2025-04-18 15:01:11,247 ERROR [default] Error: there is no ErrorCode in TxPDO mapping under this motor type, please check PDO setting!
2025-04-18 15:01:11,247 ERROR [default] Error: there is no ErrorCode in TxPDO mapping under this motor type, please check PDO setting!
2025-04-18 15:01:11,247 ERROR [default] Error: there is no ErrorCode in TxPDO mapping under this motor type, please check PDO setting!
2025-04-18 15:01:11,247 ERROR [default] Error: there is no ErrorCode in TxPDO mapping under this motor type, please check PDO setting!
2025-04-18 15:01:11,247 ERROR [default] Error: there is no ErrorCode in TxPDO mapping under this motor type, please check PDO setting!
2025-04-18 15:01:11,251 ERROR [default] Error: there is no ErrorCode in TxPDO mapping under this motor type, please check PDO setting!
2025-04-18 15:01:11,251 ERROR [default] Error: there is no ErrorCode in TxPDO mapping under this motor type, please check PDO setting!
2025-04-18 15:01:11,251 ERROR [default] Error: there is no ErrorCode in TxPDO mapping under this motor type, please check PDO setting!
2025-04-18 15:01:11,251 ERROR [default] Error: there is no ErrorCode in TxPDO mapping under this motor type, please check PDO setting!
2025-04-18 15:01:11,251 ERROR [default] Error: there is no ErrorCode in TxPDO mapping under this motor type, please check PDO setting!
2025-04-18 15:01:11,252 ERROR [default] Error: there is no ErrorCode in TxPDO mapping under this motor type, please check PDO setting!
2025-04-18 15:01:11,252 ERROR [default] Error: there is no ErrorCode in TxPDO mapping under this motor type, please check PDO setting!
2025-04-18 15:01:11,252 ERROR [default] Error: there is no ErrorCode in TxPDO mapping under this motor type, please check PDO setting!
2025-04-18 15:01:11,255 ERROR [default] Error: there is no ErrorCode in TxPDO mapping under this motor type, please check PDO setting!
2025-04-18 15:01:11,255 ERROR [default] Error: there is no ErrorCode in TxPDO mapping under this motor type, please check PDO setting!
2025-04-18 15:01:11,255 ERROR [default] Error: there is no ErrorCode in TxPDO mapping under this motor type, please check PDO setting!
2025-04-18 15:01:11,256 ERROR [default] Error: there is no ErrorCode in TxPDO mapping under this motor type, please check PDO setting!
2025-04-18 15:01:11,256 ERROR [default] Error: there is no ErrorCode in TxPDO mapping under this motor type, please check PDO setting!
2025-04-18 15:01:11,256 ERROR [default] Error: there is no ErrorCode in TxPDO mapping under this motor type, please check PDO setting!
2025-04-18 15:01:11,256 ERROR [default] Error: there is no ErrorCode in TxPDO mapping under this motor type, please check PDO setting!
2025-04-18 15:01:11,256 ERROR [default] Error: there is no ErrorCode in TxPDO mapping under this motor type, please check PDO setting!
2025-04-18 15:01:11,259 ERROR [default] Error: there is no ErrorCode in TxPDO mapping under this motor type, please check PDO setting!
2025-04-18 15:01:11,259 ERROR [default] Error: there is no ErrorCode in TxPDO mapping under this motor type, please check PDO setting!
2025-04-18 15:01:11,259 ERROR [default] Error: there is no ErrorCode in TxPDO mapping under this motor type, please check PDO setting!
2025-04-18 15:01:11,259 ERROR [default] Error: there is no ErrorCode in TxPDO mapping under this motor type, please check PDO setting!
2025-04-18 15:01:11,260 ERROR [default] Error: there is no ErrorCode in TxPDO mapping under this motor type, please check PDO setting!
2025-04-18 15:01:11,260 ERROR [default] Error: there is no ErrorCode in TxPDO mapping under this motor type, please check PDO setting!
2025-04-18 15:01:11,260 ERROR [default] Error: there is no ErrorCode in TxPDO mapping under this motor type, please check PDO setting!
2025-04-18 15:01:11,260 ERROR [default] Error: there is no ErrorCode in TxPDO mapping under this motor type, please check PDO setting!
2025-04-18 15:01:11,263 ERROR [default] Error: there is no ErrorCode in TxPDO mapping under this motor type, please check PDO setting!
2025-04-18 15:01:11,263 ERROR [default] Error: there is no ErrorCode in TxPDO mapping under this motor type, please check PDO setting!
2025-04-18 15:01:11,263 ERROR [default] Error: there is no ErrorCode in TxPDO mapping under this motor type, please check PDO setting!
2025-04-18 15:01:11,263 ERROR [default] Error: there is no ErrorCode in TxPDO mapping under this motor type, please check PDO setting!
2025-04-18 15:01:11,264 ERROR [default] Error: there is no ErrorCode in TxPDO mapping under this motor type, please check PDO setting!
2025-04-18 15:01:11,264 ERROR [default] Error: there is no ErrorCode in TxPDO mapping under this motor type, please check PDO setting!
2025-04-18 15:01:11,264 ERROR [default] Error: there is no ErrorCode in TxPDO mapping under this motor type, please check PDO setting!
2025-04-18 15:01:11,264 ERROR [default] Error: there is no ErrorCode in TxPDO mapping under this motor type, please check PDO setting!
2025-04-18 15:01:11,267 ERROR [default] Error: there is no ErrorCode in TxPDO mapping under this motor type, please check PDO setting!
2025-04-18 15:01:11,267 ERROR [default] Error: there is no ErrorCode in TxPDO mapping under this motor type, please check PDO setting!
2025-04-18 15:01:11,267 ERROR [default] Error: there is no ErrorCode in TxPDO mapping under this motor type, please check PDO setting!
2025-04-18 15:01:11,267 ERROR [default] Error: there is no ErrorCode in TxPDO mapping under this motor type, please check PDO setting!
2025-04-18 15:01:11,267 ERROR [default] Error: there is no ErrorCode in TxPDO mapping under this motor type, please check PDO setting!
2025-04-18 15:01:11,268 ERROR [default] Error: there is no ErrorCode in TxPDO mapping under this motor type, please check PDO setting!
2025-04-18 15:01:11,268 ERROR [default] Error: there is no ErrorCode in TxPDO mapping under this motor type, please check PDO setting!
2025-04-18 15:01:11,268 ERROR [default] Error: there is no ErrorCode in TxPDO mapping under this motor type, please check PDO setting!
2025-04-18 15:01:11,271 ERROR [default] Error: there is no ErrorCode in TxPDO mapping under this motor type, please check PDO setting!
2025-04-18 15:01:11,271 ERROR [default] Error: there is no ErrorCode in TxPDO mapping under this motor type, please check PDO setting!
2025-04-18 15:01:11,271 ERROR [default] Error: there is no ErrorCode in TxPDO mapping under this motor type, please check PDO setting!
2025-04-18 15:01:11,271 ERROR [default] Error: there is no ErrorCode in TxPDO mapping under this motor type, please check PDO setting!
2025-04-18 15:01:11,271 ERROR [default] Error: there is no ErrorCode in TxPDO mapping under this motor type, please check PDO setting!
2025-04-18 15:01:11,271 ERROR [default] Error: there is no ErrorCode in TxPDO mapping under this motor type, please check PDO setting!
2025-04-18 15:01:11,271 ERROR [default] Error: there is no ErrorCode in TxPDO mapping under this motor type, please check PDO setting!
2025-04-18 15:01:11,271 ERROR [default] Error: there is no ErrorCode in TxPDO mapping under this motor type, please check PDO setting!
2025-04-18 15:01:11,276 ERROR [default] Error: there is no ErrorCode in TxPDO mapping under this motor type, please check PDO setting!
2025-04-18 15:01:11,276 ERROR [default] Error: there is no ErrorCode in TxPDO mapping under this motor type, please check PDO setting!
2025-04-18 15:01:11,276 ERROR [default] Error: there is no ErrorCode in TxPDO mapping under this motor type, please check PDO setting!
2025-04-18 15:01:11,276 ERROR [default] Error: there is no ErrorCode in TxPDO mapping under this motor type, please check PDO setting!
2025-04-18 15:01:11,276 ERROR [default] Error: there is no ErrorCode in TxPDO mapping under this motor type, please check PDO setting!
2025-04-18 15:01:11,276 ERROR [default] Error: there is no ErrorCode in TxPDO mapping under this motor type, please check PDO setting!
2025-04-18 15:01:11,276 ERROR [default] Error: there is no ErrorCode in TxPDO mapping under this motor type, please check PDO setting!
2025-04-18 15:01:11,276 ERROR [default] Error: there is no ErrorCode in TxPDO mapping under this motor type, please check PDO setting!
2025-04-18 15:01:11,279 ERROR [default] Error: there is no ErrorCode in TxPDO mapping under this motor type, please check PDO setting!
2025-04-18 15:01:11,279 ERROR [default] Error: there is no ErrorCode in TxPDO mapping under this motor type, please check PDO setting!
2025-04-18 15:01:11,279 ERROR [default] Error: there is no ErrorCode in TxPDO mapping under this motor type, please check PDO setting!
2025-04-18 15:01:11,279 ERROR [default] Error: there is no ErrorCode in TxPDO mapping under this motor type, please check PDO setting!
2025-04-18 15:01:11,279 ERROR [default] Error: there is no ErrorCode in TxPDO mapping under this motor type, please check PDO setting!
2025-04-18 15:01:11,279 ERROR [default] Error: there is no ErrorCode in TxPDO mapping under this motor type, please check PDO setting!
2025-04-18 15:01:11,279 ERROR [default] Error: there is no ErrorCode in TxPDO mapping under this motor type, please check PDO setting!
2025-04-18 15:01:11,279 ERROR [default] Error: there is no ErrorCode in TxPDO mapping under this motor type, please check PDO setting!
2025-04-18 15:01:11,283 ERROR [default] Error: there is no ErrorCode in TxPDO mapping under this motor type, please check PDO setting!
2025-04-18 15:01:11,283 ERROR [default] Error: there is no ErrorCode in TxPDO mapping under this motor type, please check PDO setting!
2025-04-18 15:01:11,283 ERROR [default] Error: there is no ErrorCode in TxPDO mapping under this motor type, please check PDO setting!
2025-04-18 15:01:11,283 ERROR [default] Error: there is no ErrorCode in TxPDO mapping under this motor type, please check PDO setting!
2025-04-18 15:01:11,283 ERROR [default] Error: there is no ErrorCode in TxPDO mapping under this motor type, please check PDO setting!
2025-04-18 15:01:11,283 ERROR [default] Error: there is no ErrorCode in TxPDO mapping under this motor type, please check PDO setting!
2025-04-18 15:01:11,284 ERROR [default] Error: there is no ErrorCode in TxPDO mapping under this motor type, please check PDO setting!
2025-04-18 15:01:11,284 ERROR [default] Error: there is no ErrorCode in TxPDO mapping under this motor type, please check PDO setting!
2025-04-18 15:01:11,287 ERROR [default] Error: there is no ErrorCode in TxPDO mapping under this motor type, please check PDO setting!
2025-04-18 15:01:11,287 ERROR [default] Error: there is no ErrorCode in TxPDO mapping under this motor type, please check PDO setting!
2025-04-18 15:01:11,287 ERROR [default] Error: there is no ErrorCode in TxPDO mapping under this motor type, please check PDO setting!
2025-04-18 15:01:11,287 ERROR [default] Error: there is no ErrorCode in TxPDO mapping under this motor type, please check PDO setting!
2025-04-18 15:01:11,287 ERROR [default] Error: there is no ErrorCode in TxPDO mapping under this motor type, please check PDO setting!
2025-04-18 15:01:11,287 ERROR [default] Error: there is no ErrorCode in TxPDO mapping under this motor type, please check PDO setting!
2025-04-18 15:01:11,287 ERROR [default] Error: there is no ErrorCode in TxPDO mapping under this motor type, please check PDO setting!
2025-04-18 15:01:11,287 ERROR [default] Error: there is no ErrorCode in TxPDO mapping under this motor type, please check PDO setting!
2025-04-18 15:01:11,291 ERROR [default] Error: there is no ErrorCode in TxPDO mapping under this motor type, please check PDO setting!
2025-04-18 15:01:11,291 ERROR [default] Error: there is no ErrorCode in TxPDO mapping under this motor type, please check PDO setting!
2025-04-18 15:01:11,291 ERROR [default] Error: there is no ErrorCode in TxPDO mapping under this motor type, please check PDO setting!
2025-04-18 15:01:11,291 ERROR [default] Error: there is no ErrorCode in TxPDO mapping under this motor type, please check PDO setting!
2025-04-18 15:01:11,291 ERROR [default] Error: there is no ErrorCode in TxPDO mapping under this motor type, please check PDO setting!
2025-04-18 15:01:11,291 ERROR [default] Error: there is no ErrorCode in TxPDO mapping under this motor type, please check PDO setting!
2025-04-18 15:01:11,291 ERROR [default] Error: there is no ErrorCode in TxPDO mapping under this motor type, please check PDO setting!
2025-04-18 15:01:11,291 ERROR [default] Error: there is no ErrorCode in TxPDO mapping under this motor type, please check PDO setting!
2025-04-18 15:01:11,296 ERROR [default] Error: there is no ErrorCode in TxPDO mapping under this motor type, please check PDO setting!
2025-04-18 15:01:11,296 ERROR [default] Error: there is no ErrorCode in TxPDO mapping under this motor type, please check PDO setting!
2025-04-18 15:01:11,296 ERROR [default] Error: there is no ErrorCode in TxPDO mapping under this motor type, please check PDO setting!
2025-04-18 15:01:11,296 ERROR [default] Error: there is no ErrorCode in TxPDO mapping under this motor type, please check PDO setting!
2025-04-18 15:01:11,296 ERROR [default] Error: there is no ErrorCode in TxPDO mapping under this motor type, please check PDO setting!
2025-04-18 15:01:11,296 ERROR [default] Error: there is no ErrorCode in TxPDO mapping under this motor type, please check PDO setting!
2025-04-18 15:01:11,296 ERROR [default] Error: there is no ErrorCode in TxPDO mapping under this motor type, please check PDO setting!
2025-04-18 15:01:11,296 ERROR [default] Error: there is no ErrorCode in TxPDO mapping under this motor type, please check PDO setting!
2025-04-18 15:01:11,299 ERROR [default] Error: there is no ErrorCode in TxPDO mapping under this motor type, please check PDO setting!
2025-04-18 15:01:11,299 ERROR [default] Error: there is no ErrorCode in TxPDO mapping under this motor type, please check PDO setting!
2025-04-18 15:01:11,299 ERROR [default] Error: there is no ErrorCode in TxPDO mapping under this motor type, please check PDO setting!
2025-04-18 15:01:11,299 ERROR [default] Error: there is no ErrorCode in TxPDO mapping under this motor type, please check PDO setting!
2025-04-18 15:01:11,299 ERROR [default] Error: there is no ErrorCode in TxPDO mapping under this motor type, please check PDO setting!
2025-04-18 15:01:11,299 ERROR [default] Error: there is no ErrorCode in TxPDO mapping under this motor type, please check PDO setting!
2025-04-18 15:01:11,300 ERROR [default] Error: there is no ErrorCode in TxPDO mapping under this motor type, please check PDO setting!
2025-04-18 15:01:11,300 ERROR [default] Error: there is no ErrorCode in TxPDO mapping under this motor type, please check PDO setting!
2025-04-18 15:01:11,303 ERROR [default] Error: there is no ErrorCode in TxPDO mapping under this motor type, please check PDO setting!
2025-04-18 15:01:11,303 ERROR [default] Error: there is no ErrorCode in TxPDO mapping under this motor type, please check PDO setting!
2025-04-18 15:01:11,303 ERROR [default] Error: there is no ErrorCode in TxPDO mapping under this motor type, please check PDO setting!
2025-04-18 15:01:11,303 ERROR [default] Error: there is no ErrorCode in TxPDO mapping under this motor type, please check PDO setting!
2025-04-18 15:01:11,303 ERROR [default] Error: there is no ErrorCode in TxPDO mapping under this motor type, please check PDO setting!
2025-04-18 15:01:11,303 ERROR [default] Error: there is no ErrorCode in TxPDO mapping under this motor type, please check PDO setting!
2025-04-18 15:01:11,303 ERROR [default] Error: there is no ErrorCode in TxPDO mapping under this motor type, please check PDO setting!
2025-04-18 15:01:11,303 ERROR [default] Error: there is no ErrorCode in TxPDO mapping under this motor type, please check PDO setting!
2025-04-18 15:01:11,307 ERROR [default] Error: there is no ErrorCode in TxPDO mapping under this motor type, please check PDO setting!
2025-04-18 15:01:11,307 ERROR [default] Error: there is no ErrorCode in TxPDO mapping under this motor type, please check PDO setting!
2025-04-18 15:01:11,307 ERROR [default] Error: there is no ErrorCode in TxPDO mapping under this motor type, please check PDO setting!
2025-04-18 15:01:11,307 ERROR [default] Error: there is no ErrorCode in TxPDO mapping under this motor type, please check PDO setting!
2025-04-18 15:01:11,307 ERROR [default] Error: there is no ErrorCode in TxPDO mapping under this motor type, please check PDO setting!
2025-04-18 15:01:11,307 ERROR [default] Error: there is no ErrorCode in TxPDO mapping under this motor type, please check PDO setting!
2025-04-18 15:01:11,307 ERROR [default] Error: there is no ErrorCode in TxPDO mapping under this motor type, please check PDO setting!
2025-04-18 15:01:11,307 ERROR [default] Error: there is no ErrorCode in TxPDO mapping under this motor type, please check PDO setting!
2025-04-18 15:01:11,311 ERROR [default] Error: there is no ErrorCode in TxPDO mapping under this motor type, please check PDO setting!
2025-04-18 15:01:11,311 ERROR [default] Error: there is no ErrorCode in TxPDO mapping under this motor type, please check PDO setting!
2025-04-18 15:01:11,311 ERROR [default] Error: there is no ErrorCode in TxPDO mapping under this motor type, please check PDO setting!
2025-04-18 15:01:11,311 ERROR [default] Error: there is no ErrorCode in TxPDO mapping under this motor type, please check PDO setting!
2025-04-18 15:01:11,312 ERROR [default] Error: there is no ErrorCode in TxPDO mapping under this motor type, please check PDO setting!
2025-04-18 15:01:11,312 ERROR [default] Error: there is no ErrorCode in TxPDO mapping under this motor type, please check PDO setting!
2025-04-18 15:01:11,312 ERROR [default] Error: there is no ErrorCode in TxPDO mapping under this motor type, please check PDO setting!
2025-04-18 15:01:11,312 ERROR [default] Error: there is no ErrorCode in TxPDO mapping under this motor type, please check PDO setting!
2025-04-18 15:01:11,315 ERROR [default] Error: there is no ErrorCode in TxPDO mapping under this motor type, please check PDO setting!
2025-04-18 15:01:11,316 ERROR [default] Error: there is no ErrorCode in TxPDO mapping under this motor type, please check PDO setting!
2025-04-18 15:01:11,316 ERROR [default] Error: there is no ErrorCode in TxPDO mapping under this motor type, please check PDO setting!
2025-04-18 15:01:11,316 ERROR [default] Error: there is no ErrorCode in TxPDO mapping under this motor type, please check PDO setting!
2025-04-18 15:01:11,316 ERROR [default] Error: there is no ErrorCode in TxPDO mapping under this motor type, please check PDO setting!
2025-04-18 15:01:11,316 ERROR [default] Error: there is no ErrorCode in TxPDO mapping under this motor type, please check PDO setting!
2025-04-18 15:01:11,316 ERROR [default] Error: there is no ErrorCode in TxPDO mapping under this motor type, please check PDO setting!
2025-04-18 15:01:11,316 ERROR [default] Error: there is no ErrorCode in TxPDO mapping under this motor type, please check PDO setting!
2025-04-18 15:01:11,319 ERROR [default] Error: there is no ErrorCode in TxPDO mapping under this motor type, please check PDO setting!
2025-04-18 15:01:11,319 ERROR [default] Error: there is no ErrorCode in TxPDO mapping under this motor type, please check PDO setting!
2025-04-18 15:01:11,319 ERROR [default] Error: there is no ErrorCode in TxPDO mapping under this motor type, please check PDO setting!
2025-04-18 15:01:11,319 ERROR [default] Error: there is no ErrorCode in TxPDO mapping under this motor type, please check PDO setting!
2025-04-18 15:01:11,319 ERROR [default] Error: there is no ErrorCode in TxPDO mapping under this motor type, please check PDO setting!
2025-04-18 15:01:11,319 ERROR [default] Error: there is no ErrorCode in TxPDO mapping under this motor type, please check PDO setting!
2025-04-18 15:01:11,319 ERROR [default] Error: there is no ErrorCode in TxPDO mapping under this motor type, please check PDO setting!
2025-04-18 15:01:11,319 ERROR [default] Error: there is no ErrorCode in TxPDO mapping under this motor type, please check PDO setting!
2025-04-18 15:01:11,323 ERROR [default] Error: there is no ErrorCode in TxPDO mapping under this motor type, please check PDO setting!
2025-04-18 15:01:11,323 ERROR [default] Error: there is no ErrorCode in TxPDO mapping under this motor type, please check PDO setting!
2025-04-18 15:01:11,323 ERROR [default] Error: there is no ErrorCode in TxPDO mapping under this motor type, please check PDO setting!
2025-04-18 15:01:11,323 ERROR [default] Error: there is no ErrorCode in TxPDO mapping under this motor type, please check PDO setting!
2025-04-18 15:01:11,323 ERROR [default] Error: there is no ErrorCode in TxPDO mapping under this motor type, please check PDO setting!
2025-04-18 15:01:11,323 ERROR [default] Error: there is no ErrorCode in TxPDO mapping under this motor type, please check PDO setting!
2025-04-18 15:01:11,323 ERROR [default] Error: there is no ErrorCode in TxPDO mapping under this motor type, please check PDO setting!
2025-04-18 15:01:11,323 ERROR [default] Error: there is no ErrorCode in TxPDO mapping under this motor type, please check PDO setting!
2025-04-18 15:01:11,327 ERROR [default] Error: there is no ErrorCode in TxPDO mapping under this motor type, please check PDO setting!
2025-04-18 15:01:11,327 ERROR [default] Error: there is no ErrorCode in TxPDO mapping under this motor type, please check PDO setting!
2025-04-18 15:01:11,327 ERROR [default] Error: there is no ErrorCode in TxPDO mapping under this motor type, please check PDO setting!
2025-04-18 15:01:11,327 ERROR [default] Error: there is no ErrorCode in TxPDO mapping under this motor type, please check PDO setting!
2025-04-18 15:01:11,327 ERROR [default] Error: there is no ErrorCode in TxPDO mapping under this motor type, please check PDO setting!
2025-04-18 15:01:11,327 ERROR [default] Error: there is no ErrorCode in TxPDO mapping under this motor type, please check PDO setting!
2025-04-18 15:01:11,327 ERROR [default] Error: there is no ErrorCode in TxPDO mapping under this motor type, please check PDO setting!
2025-04-18 15:01:11,327 ERROR [default] Error: there is no ErrorCode in TxPDO mapping under this motor type, please check PDO setting!
2025-04-18 15:01:11,331 ERROR [default] Error: there is no ErrorCode in TxPDO mapping under this motor type, please check PDO setting!
2025-04-18 15:01:11,331 ERROR [default] Error: there is no ErrorCode in TxPDO mapping under this motor type, please check PDO setting!
2025-04-18 15:01:11,331 ERROR [default] Error: there is no ErrorCode in TxPDO mapping under this motor type, please check PDO setting!
2025-04-18 15:01:11,331 ERROR [default] Error: there is no ErrorCode in TxPDO mapping under this motor type, please check PDO setting!
2025-04-18 15:01:11,331 ERROR [default] Error: there is no ErrorCode in TxPDO mapping under this motor type, please check PDO setting!
2025-04-18 15:01:11,331 ERROR [default] Error: there is no ErrorCode in TxPDO mapping under this motor type, please check PDO setting!
2025-04-18 15:01:11,331 ERROR [default] Error: there is no ErrorCode in TxPDO mapping under this motor type, please check PDO setting!
2025-04-18 15:01:11,332 ERROR [default] Error: there is no ErrorCode in TxPDO mapping under this motor type, please check PDO setting!
2025-04-18 15:01:11,335 ERROR [default] Error: there is no ErrorCode in TxPDO mapping under this motor type, please check PDO setting!
2025-04-18 15:01:11,335 ERROR [default] Error: there is no ErrorCode in TxPDO mapping under this motor type, please check PDO setting!
2025-04-18 15:01:11,335 ERROR [default] Error: there is no ErrorCode in TxPDO mapping under this motor type, please check PDO setting!
2025-04-18 15:01:11,336 ERROR [default] Error: there is no ErrorCode in TxPDO mapping under this motor type, please check PDO setting!
2025-04-18 15:01:11,336 ERROR [default] Error: there is no ErrorCode in TxPDO mapping under this motor type, please check PDO setting!
2025-04-18 15:01:11,336 ERROR [default] Error: there is no ErrorCode in TxPDO mapping under this motor type, please check PDO setting!
2025-04-18 15:01:11,336 ERROR [default] Error: there is no ErrorCode in TxPDO mapping under this motor type, please check PDO setting!
2025-04-18 15:01:11,336 ERROR [default] Error: there is no ErrorCode in TxPDO mapping under this motor type, please check PDO setting!
2025-04-18 15:01:11,339 ERROR [default] Error: there is no ErrorCode in TxPDO mapping under this motor type, please check PDO setting!
2025-04-18 15:01:11,339 ERROR [default] Error: there is no ErrorCode in TxPDO mapping under this motor type, please check PDO setting!
2025-04-18 15:01:11,339 ERROR [default] Error: there is no ErrorCode in TxPDO mapping under this motor type, please check PDO setting!
2025-04-18 15:01:11,339 ERROR [default] Error: there is no ErrorCode in TxPDO mapping under this motor type, please check PDO setting!
2025-04-18 15:01:11,339 ERROR [default] Error: there is no ErrorCode in TxPDO mapping under this motor type, please check PDO setting!
2025-04-18 15:01:11,340 ERROR [default] Error: there is no ErrorCode in TxPDO mapping under this motor type, please check PDO setting!
2025-04-18 15:01:11,340 ERROR [default] Error: there is no ErrorCode in TxPDO mapping under this motor type, please check PDO setting!
2025-04-18 15:01:11,340 ERROR [default] Error: there is no ErrorCode in TxPDO mapping under this motor type, please check PDO setting!
2025-04-18 15:01:11,343 ERROR [default] Error: there is no ErrorCode in TxPDO mapping under this motor type, please check PDO setting!
2025-04-18 15:01:11,343 ERROR [default] Error: there is no ErrorCode in TxPDO mapping under this motor type, please check PDO setting!
2025-04-18 15:01:11,343 ERROR [default] Error: there is no ErrorCode in TxPDO mapping under this motor type, please check PDO setting!
2025-04-18 15:01:11,343 ERROR [default] Error: there is no ErrorCode in TxPDO mapping under this motor type, please check PDO setting!
2025-04-18 15:01:11,343 ERROR [default] Error: there is no ErrorCode in TxPDO mapping under this motor type, please check PDO setting!
2025-04-18 15:01:11,343 ERROR [default] Error: there is no ErrorCode in TxPDO mapping under this motor type, please check PDO setting!
2025-04-18 15:01:11,343 ERROR [default] Error: there is no ErrorCode in TxPDO mapping under this motor type, please check PDO setting!
2025-04-18 15:01:11,343 ERROR [default] Error: there is no ErrorCode in TxPDO mapping under this motor type, please check PDO setting!
2025-04-18 15:01:11,347 ERROR [default] Error: there is no ErrorCode in TxPDO mapping under this motor type, please check PDO setting!
2025-04-18 15:01:11,347 ERROR [default] Error: there is no ErrorCode in TxPDO mapping under this motor type, please check PDO setting!
2025-04-18 15:01:11,347 ERROR [default] Error: there is no ErrorCode in TxPDO mapping under this motor type, please check PDO setting!
2025-04-18 15:01:11,347 ERROR [default] Error: there is no ErrorCode in TxPDO mapping under this motor type, please check PDO setting!
2025-04-18 15:01:11,348 ERROR [default] Error: there is no ErrorCode in TxPDO mapping under this motor type, please check PDO setting!
2025-04-18 15:01:11,348 ERROR [default] Error: there is no ErrorCode in TxPDO mapping under this motor type, please check PDO setting!
2025-04-18 15:01:11,348 ERROR [default] Error: there is no ErrorCode in TxPDO mapping under this motor type, please check PDO setting!
2025-04-18 15:01:11,348 ERROR [default] Error: there is no ErrorCode in TxPDO mapping under this motor type, please check PDO setting!
2025-04-18 15:01:11,351 ERROR [default] Error: there is no ErrorCode in TxPDO mapping under this motor type, please check PDO setting!
2025-04-18 15:01:11,351 ERROR [default] Error: there is no ErrorCode in TxPDO mapping under this motor type, please check PDO setting!
2025-04-18 15:01:11,351 ERROR [default] Error: there is no ErrorCode in TxPDO mapping under this motor type, please check PDO setting!
2025-04-18 15:01:11,352 ERROR [default] Error: there is no ErrorCode in TxPDO mapping under this motor type, please check PDO setting!
2025-04-18 15:01:11,352 ERROR [default] Error: there is no ErrorCode in TxPDO mapping under this motor type, please check PDO setting!
2025-04-18 15:01:11,352 ERROR [default] Error: there is no ErrorCode in TxPDO mapping under this motor type, please check PDO setting!
2025-04-18 15:01:11,352 ERROR [default] Error: there is no ErrorCode in TxPDO mapping under this motor type, please check PDO setting!
2025-04-18 15:01:11,352 ERROR [default] Error: there is no ErrorCode in TxPDO mapping under this motor type, please check PDO setting!
2025-04-18 15:01:11,356 ERROR [default] Error: there is no ErrorCode in TxPDO mapping under this motor type, please check PDO setting!
2025-04-18 15:01:11,356 ERROR [default] Error: there is no ErrorCode in TxPDO mapping under this motor type, please check PDO setting!
2025-04-18 15:01:11,356 ERROR [default] Error: there is no ErrorCode in TxPDO mapping under this motor type, please check PDO setting!
2025-04-18 15:01:11,356 ERROR [default] Error: there is no ErrorCode in TxPDO mapping under this motor type, please check PDO setting!
2025-04-18 15:01:11,356 ERROR [default] Error: there is no ErrorCode in TxPDO mapping under this motor type, please check PDO setting!
2025-04-18 15:01:11,356 ERROR [default] Error: there is no ErrorCode in TxPDO mapping under this motor type, please check PDO setting!
2025-04-18 15:01:11,356 ERROR [default] Error: there is no ErrorCode in TxPDO mapping under this motor type, please check PDO setting!
2025-04-18 15:01:11,356 ERROR [default] Error: there is no ErrorCode in TxPDO mapping under this motor type, please check PDO setting!
2025-04-18 15:01:11,359 ERROR [default] Error: there is no ErrorCode in TxPDO mapping under this motor type, please check PDO setting!
2025-04-18 15:01:11,359 ERROR [default] Error: there is no ErrorCode in TxPDO mapping under this motor type, please check PDO setting!
2025-04-18 15:01:11,359 ERROR [default] Error: there is no ErrorCode in TxPDO mapping under this motor type, please check PDO setting!
2025-04-18 15:01:11,359 ERROR [default] Error: there is no ErrorCode in TxPDO mapping under this motor type, please check PDO setting!
2025-04-18 15:01:11,359 ERROR [default] Error: there is no ErrorCode in TxPDO mapping under this motor type, please check PDO setting!
2025-04-18 15:01:11,360 ERROR [default] Error: there is no ErrorCode in TxPDO mapping under this motor type, please check PDO setting!
2025-04-18 15:01:11,360 ERROR [default] Error: there is no ErrorCode in TxPDO mapping under this motor type, please check PDO setting!
2025-04-18 15:01:11,360 ERROR [default] Error: there is no ErrorCode in TxPDO mapping under this motor type, please check PDO setting!
2025-04-18 15:01:11,363 ERROR [default] Error: there is no ErrorCode in TxPDO mapping under this motor type, please check PDO setting!
2025-04-18 15:01:11,363 ERROR [default] Error: there is no ErrorCode in TxPDO mapping under this motor type, please check PDO setting!
2025-04-18 15:01:11,363 ERROR [default] Error: there is no ErrorCode in TxPDO mapping under this motor type, please check PDO setting!
2025-04-18 15:01:11,363 ERROR [default] Error: there is no ErrorCode in TxPDO mapping under this motor type, please check PDO setting!
2025-04-18 15:01:11,363 ERROR [default] Error: there is no ErrorCode in TxPDO mapping under this motor type, please check PDO setting!
2025-04-18 15:01:11,364 ERROR [default] Error: there is no ErrorCode in TxPDO mapping under this motor type, please check PDO setting!
2025-04-18 15:01:11,364 ERROR [default] Error: there is no ErrorCode in TxPDO mapping under this motor type, please check PDO setting!
2025-04-18 15:01:11,364 ERROR [default] Error: there is no ErrorCode in TxPDO mapping under this motor type, please check PDO setting!
2025-04-18 15:01:11,367 ERROR [default] Error: there is no ErrorCode in TxPDO mapping under this motor type, please check PDO setting!
2025-04-18 15:01:11,367 ERROR [default] Error: there is no ErrorCode in TxPDO mapping under this motor type, please check PDO setting!
2025-04-18 15:01:11,367 ERROR [default] Error: there is no ErrorCode in TxPDO mapping under this motor type, please check PDO setting!
2025-04-18 15:01:11,367 ERROR [default] Error: there is no ErrorCode in TxPDO mapping under this motor type, please check PDO setting!
2025-04-18 15:01:11,367 ERROR [default] Error: there is no ErrorCode in TxPDO mapping under this motor type, please check PDO setting!
2025-04-18 15:01:11,368 ERROR [default] Error: there is no ErrorCode in TxPDO mapping under this motor type, please check PDO setting!
2025-04-18 15:01:11,368 ERROR [default] Error: there is no ErrorCode in TxPDO mapping under this motor type, please check PDO setting!
2025-04-18 15:01:11,368 ERROR [default] Error: there is no ErrorCode in TxPDO mapping under this motor type, please check PDO setting!
2025-04-18 15:01:11,371 ERROR [default] Error: there is no ErrorCode in TxPDO mapping under this motor type, please check PDO setting!
2025-04-18 15:01:11,371 ERROR [default] Error: there is no ErrorCode in TxPDO mapping under this motor type, please check PDO setting!
2025-04-18 15:01:11,372 ERROR [default] Error: there is no ErrorCode in TxPDO mapping under this motor type, please check PDO setting!
2025-04-18 15:01:11,372 ERROR [default] Error: there is no ErrorCode in TxPDO mapping under this motor type, please check PDO setting!
2025-04-18 15:01:11,372 ERROR [default] Error: there is no ErrorCode in TxPDO mapping under this motor type, please check PDO setting!
2025-04-18 15:01:11,372 ERROR [default] Error: there is no ErrorCode in TxPDO mapping under this motor type, please check PDO setting!
2025-04-18 15:01:11,372 ERROR [default] Error: there is no ErrorCode in TxPDO mapping under this motor type, please check PDO setting!
2025-04-18 15:01:11,372 ERROR [default] Error: there is no ErrorCode in TxPDO mapping under this motor type, please check PDO setting!
2025-04-18 15:01:11,375 ERROR [default] Error: there is no ErrorCode in TxPDO mapping under this motor type, please check PDO setting!
2025-04-18 15:01:11,375 ERROR [default] Error: there is no ErrorCode in TxPDO mapping under this motor type, please check PDO setting!
2025-04-18 15:01:11,375 ERROR [default] Error: there is no ErrorCode in TxPDO mapping under this motor type, please check PDO setting!
2025-04-18 15:01:11,375 ERROR [default] Error: there is no ErrorCode in TxPDO mapping under this motor type, please check PDO setting!
2025-04-18 15:01:11,375 ERROR [default] Error: there is no ErrorCode in TxPDO mapping under this motor type, please check PDO setting!
2025-04-18 15:01:11,375 ERROR [default] Error: there is no ErrorCode in TxPDO mapping under this motor type, please check PDO setting!
2025-04-18 15:01:11,375 ERROR [default] Error: there is no ErrorCode in TxPDO mapping under this motor type, please check PDO setting!
2025-04-18 15:01:11,375 ERROR [default] Error: there is no ErrorCode in TxPDO mapping under this motor type, please check PDO setting!
2025-04-18 15:01:11,379 ERROR [default] Error: there is no ErrorCode in TxPDO mapping under this motor type, please check PDO setting!
2025-04-18 15:01:11,379 ERROR [default] Error: there is no ErrorCode in TxPDO mapping under this motor type, please check PDO setting!
2025-04-18 15:01:11,379 ERROR [default] Error: there is no ErrorCode in TxPDO mapping under this motor type, please check PDO setting!
2025-04-18 15:01:11,379 ERROR [default] Error: there is no ErrorCode in TxPDO mapping under this motor type, please check PDO setting!
2025-04-18 15:01:11,379 ERROR [default] Error: there is no ErrorCode in TxPDO mapping under this motor type, please check PDO setting!
2025-04-18 15:01:11,379 ERROR [default] Error: there is no ErrorCode in TxPDO mapping under this motor type, please check PDO setting!
2025-04-18 15:01:11,379 ERROR [default] Error: there is no ErrorCode in TxPDO mapping under this motor type, please check PDO setting!
2025-04-18 15:01:11,379 ERROR [default] Error: there is no ErrorCode in TxPDO mapping under this motor type, please check PDO setting!
2025-04-18 15:01:11,383 ERROR [default] Error: there is no ErrorCode in TxPDO mapping under this motor type, please check PDO setting!
2025-04-18 15:01:11,383 ERROR [default] Error: there is no ErrorCode in TxPDO mapping under this motor type, please check PDO setting!
2025-04-18 15:01:11,383 ERROR [default] Error: there is no ErrorCode in TxPDO mapping under this motor type, please check PDO setting!
2025-04-18 15:01:11,383 ERROR [default] Error: there is no ErrorCode in TxPDO mapping under this motor type, please check PDO setting!
2025-04-18 15:01:11,383 ERROR [default] Error: there is no ErrorCode in TxPDO mapping under this motor type, please check PDO setting!
2025-04-18 15:01:11,384 ERROR [default] Error: there is no ErrorCode in TxPDO mapping under this motor type, please check PDO setting!
2025-04-18 15:01:11,384 ERROR [default] Error: there is no ErrorCode in TxPDO mapping under this motor type, please check PDO setting!
2025-04-18 15:01:11,384 ERROR [default] Error: there is no ErrorCode in TxPDO mapping under this motor type, please check PDO setting!
2025-04-18 15:01:11,387 ERROR [default] Error: there is no ErrorCode in TxPDO mapping under this motor type, please check PDO setting!
2025-04-18 15:01:11,387 ERROR [default] Error: there is no ErrorCode in TxPDO mapping under this motor type, please check PDO setting!
2025-04-18 15:01:11,387 ERROR [default] Error: there is no ErrorCode in TxPDO mapping under this motor type, please check PDO setting!
2025-04-18 15:01:11,387 ERROR [default] Error: there is no ErrorCode in TxPDO mapping under this motor type, please check PDO setting!
2025-04-18 15:01:11,387 ERROR [default] Error: there is no ErrorCode in TxPDO mapping under this motor type, please check PDO setting!
2025-04-18 15:01:11,387 ERROR [default] Error: there is no ErrorCode in TxPDO mapping under this motor type, please check PDO setting!
2025-04-18 15:01:11,387 ERROR [default] Error: there is no ErrorCode in TxPDO mapping under this motor type, please check PDO setting!
2025-04-18 15:01:11,387 ERROR [default] Error: there is no ErrorCode in TxPDO mapping under this motor type, please check PDO setting!
2025-04-18 15:01:11,391 ERROR [default] Error: there is no ErrorCode in TxPDO mapping under this motor type, please check PDO setting!
2025-04-18 15:01:11,391 ERROR [default] Error: there is no ErrorCode in TxPDO mapping under this motor type, please check PDO setting!
2025-04-18 15:01:11,391 ERROR [default] Error: there is no ErrorCode in TxPDO mapping under this motor type, please check PDO setting!
2025-04-18 15:01:11,391 ERROR [default] Error: there is no ErrorCode in TxPDO mapping under this motor type, please check PDO setting!
2025-04-18 15:01:11,391 ERROR [default] Error: there is no ErrorCode in TxPDO mapping under this motor type, please check PDO setting!
2025-04-18 15:01:11,391 ERROR [default] Error: there is no ErrorCode in TxPDO mapping under this motor type, please check PDO setting!
2025-04-18 15:01:11,391 ERROR [default] Error: there is no ErrorCode in TxPDO mapping under this motor type, please check PDO setting!
2025-04-18 15:01:11,391 ERROR [default] Error: there is no ErrorCode in TxPDO mapping under this motor type, please check PDO setting!
2025-04-18 15:01:11,395 ERROR [default] Error: there is no ErrorCode in TxPDO mapping under this motor type, please check PDO setting!
2025-04-18 15:01:11,396 ERROR [default] Error: there is no ErrorCode in TxPDO mapping under this motor type, please check PDO setting!
2025-04-18 15:01:11,396 ERROR [default] Error: there is no ErrorCode in TxPDO mapping under this motor type, please check PDO setting!
2025-04-18 15:01:11,396 ERROR [default] Error: there is no ErrorCode in TxPDO mapping under this motor type, please check PDO setting!
2025-04-18 15:01:11,396 ERROR [default] Error: there is no ErrorCode in TxPDO mapping under this motor type, please check PDO setting!
2025-04-18 15:01:11,396 ERROR [default] Error: there is no ErrorCode in TxPDO mapping under this motor type, please check PDO setting!
2025-04-18 15:01:11,396 ERROR [default] Error: there is no ErrorCode in TxPDO mapping under this motor type, please check PDO setting!
2025-04-18 15:01:11,396 ERROR [default] Error: there is no ErrorCode in TxPDO mapping under this motor type, please check PDO setting!
2025-04-18 15:01:11,399 ERROR [default] Error: there is no ErrorCode in TxPDO mapping under this motor type, please check PDO setting!
2025-04-18 15:01:11,399 ERROR [default] Error: there is no ErrorCode in TxPDO mapping under this motor type, please check PDO setting!
2025-04-18 15:01:11,399 ERROR [default] Error: there is no ErrorCode in TxPDO mapping under this motor type, please check PDO setting!
2025-04-18 15:01:11,399 ERROR [default] Error: there is no ErrorCode in TxPDO mapping under this motor type, please check PDO setting!
2025-04-18 15:01:11,399 ERROR [default] Error: there is no ErrorCode in TxPDO mapping under this motor type, please check PDO setting!
2025-04-18 15:01:11,399 ERROR [default] Error: there is no ErrorCode in TxPDO mapping under this motor type, please check PDO setting!
2025-04-18 15:01:11,399 ERROR [default] Error: there is no ErrorCode in TxPDO mapping under this motor type, please check PDO setting!
2025-04-18 15:01:11,399 ERROR [default] Error: there is no ErrorCode in TxPDO mapping under this motor type, please check PDO setting!
2025-04-18 15:01:11,403 ERROR [default] Error: there is no ErrorCode in TxPDO mapping under this motor type, please check PDO setting!
2025-04-18 15:01:11,403 ERROR [default] Error: there is no ErrorCode in TxPDO mapping under this motor type, please check PDO setting!
2025-04-18 15:01:11,403 ERROR [default] Error: there is no ErrorCode in TxPDO mapping under this motor type, please check PDO setting!
2025-04-18 15:01:11,403 ERROR [default] Error: there is no ErrorCode in TxPDO mapping under this motor type, please check PDO setting!
2025-04-18 15:01:11,403 ERROR [default] Error: there is no ErrorCode in TxPDO mapping under this motor type, please check PDO setting!
2025-04-18 15:01:11,403 ERROR [default] Error: there is no ErrorCode in TxPDO mapping under this motor type, please check PDO setting!
2025-04-18 15:01:11,403 ERROR [default] Error: there is no ErrorCode in TxPDO mapping under this motor type, please check PDO setting!
2025-04-18 15:01:11,404 ERROR [default] Error: there is no ErrorCode in TxPDO mapping under this motor type, please check PDO setting!
2025-04-18 15:01:11,407 ERROR [default] Error: there is no ErrorCode in TxPDO mapping under this motor type, please check PDO setting!
2025-04-18 15:01:11,407 ERROR [default] Error: there is no ErrorCode in TxPDO mapping under this motor type, please check PDO setting!
2025-04-18 15:01:11,407 ERROR [default] Error: there is no ErrorCode in TxPDO mapping under this motor type, please check PDO setting!
2025-04-18 15:01:11,407 ERROR [default] Error: there is no ErrorCode in TxPDO mapping under this motor type, please check PDO setting!
2025-04-18 15:01:11,407 ERROR [default] Error: there is no ErrorCode in TxPDO mapping under this motor type, please check PDO setting!
2025-04-18 15:01:11,407 ERROR [default] Error: there is no ErrorCode in TxPDO mapping under this motor type, please check PDO setting!
2025-04-18 15:01:11,407 ERROR [default] Error: there is no ErrorCode in TxPDO mapping under this motor type, please check PDO setting!
2025-04-18 15:01:11,407 ERROR [default] Error: there is no ErrorCode in TxPDO mapping under this motor type, please check PDO setting!
2025-04-18 15:01:11,411 ERROR [default] Error: there is no ErrorCode in TxPDO mapping under this motor type, please check PDO setting!
2025-04-18 15:01:11,411 ERROR [default] Error: there is no ErrorCode in TxPDO mapping under this motor type, please check PDO setting!
2025-04-18 15:01:11,411 ERROR [default] Error: there is no ErrorCode in TxPDO mapping under this motor type, please check PDO setting!
2025-04-18 15:01:11,411 ERROR [default] Error: there is no ErrorCode in TxPDO mapping under this motor type, please check PDO setting!
2025-04-18 15:01:11,411 ERROR [default] Error: there is no ErrorCode in TxPDO mapping under this motor type, please check PDO setting!
2025-04-18 15:01:11,411 ERROR [default] Error: there is no ErrorCode in TxPDO mapping under this motor type, please check PDO setting!
2025-04-18 15:01:11,411 ERROR [default] Error: there is no ErrorCode in TxPDO mapping under this motor type, please check PDO setting!
2025-04-18 15:01:11,411 ERROR [default] Error: there is no ErrorCode in TxPDO mapping under this motor type, please check PDO setting!
2025-04-18 15:01:11,415 ERROR [default] Error: there is no ErrorCode in TxPDO mapping under this motor type, please check PDO setting!
2025-04-18 15:01:11,416 ERROR [default] Error: there is no ErrorCode in TxPDO mapping under this motor type, please check PDO setting!
2025-04-18 15:01:11,416 ERROR [default] Error: there is no ErrorCode in TxPDO mapping under this motor type, please check PDO setting!
2025-04-18 15:01:11,416 ERROR [default] Error: there is no ErrorCode in TxPDO mapping under this motor type, please check PDO setting!
2025-04-18 15:01:11,416 ERROR [default] Error: there is no ErrorCode in TxPDO mapping under this motor type, please check PDO setting!
2025-04-18 15:01:11,416 ERROR [default] Error: there is no ErrorCode in TxPDO mapping under this motor type, please check PDO setting!
2025-04-18 15:01:11,416 ERROR [default] Error: there is no ErrorCode in TxPDO mapping under this motor type, please check PDO setting!
2025-04-18 15:01:11,416 ERROR [default] Error: there is no ErrorCode in TxPDO mapping under this motor type, please check PDO setting!
2025-04-18 15:01:11,419 ERROR [default] Error: there is no ErrorCode in TxPDO mapping under this motor type, please check PDO setting!
2025-04-18 15:01:11,419 ERROR [default] Error: there is no ErrorCode in TxPDO mapping under this motor type, please check PDO setting!
2025-04-18 15:01:11,419 ERROR [default] Error: there is no ErrorCode in TxPDO mapping under this motor type, please check PDO setting!
2025-04-18 15:01:11,419 ERROR [default] Error: there is no ErrorCode in TxPDO mapping under this motor type, please check PDO setting!
2025-04-18 15:01:11,419 ERROR [default] Error: there is no ErrorCode in TxPDO mapping under this motor type, please check PDO setting!
2025-04-18 15:01:11,419 ERROR [default] Error: there is no ErrorCode in TxPDO mapping under this motor type, please check PDO setting!
2025-04-18 15:01:11,419 ERROR [default] Error: there is no ErrorCode in TxPDO mapping under this motor type, please check PDO setting!
2025-04-18 15:01:11,419 ERROR [default] Error: there is no ErrorCode in TxPDO mapping under this motor type, please check PDO setting!
2025-04-18 15:01:11,423 ERROR [default] Error: there is no ErrorCode in TxPDO mapping under this motor type, please check PDO setting!
2025-04-18 15:01:11,423 ERROR [default] Error: there is no ErrorCode in TxPDO mapping under this motor type, please check PDO setting!
2025-04-18 15:01:11,423 ERROR [default] Error: there is no ErrorCode in TxPDO mapping under this motor type, please check PDO setting!
2025-04-18 15:01:11,423 ERROR [default] Error: there is no ErrorCode in TxPDO mapping under this motor type, please check PDO setting!
2025-04-18 15:01:11,423 ERROR [default] Error: there is no ErrorCode in TxPDO mapping under this motor type, please check PDO setting!
2025-04-18 15:01:11,423 ERROR [default] Error: there is no ErrorCode in TxPDO mapping under this motor type, please check PDO setting!
2025-04-18 15:01:11,423 ERROR [default] Error: there is no ErrorCode in TxPDO mapping under this motor type, please check PDO setting!
2025-04-18 15:01:11,423 ERROR [default] Error: there is no ErrorCode in TxPDO mapping under this motor type, please check PDO setting!
2025-04-18 15:01:11,427 ERROR [default] Error: there is no ErrorCode in TxPDO mapping under this motor type, please check PDO setting!
2025-04-18 15:01:11,427 ERROR [default] Error: there is no ErrorCode in TxPDO mapping under this motor type, please check PDO setting!
2025-04-18 15:01:11,427 ERROR [default] Error: there is no ErrorCode in TxPDO mapping under this motor type, please check PDO setting!
2025-04-18 15:01:11,427 ERROR [default] Error: there is no ErrorCode in TxPDO mapping under this motor type, please check PDO setting!
2025-04-18 15:01:11,427 ERROR [default] Error: there is no ErrorCode in TxPDO mapping under this motor type, please check PDO setting!
2025-04-18 15:01:11,427 ERROR [default] Error: there is no ErrorCode in TxPDO mapping under this motor type, please check PDO setting!
2025-04-18 15:01:11,427 ERROR [default] Error: there is no ErrorCode in TxPDO mapping under this motor type, please check PDO setting!
2025-04-18 15:01:11,427 ERROR [default] Error: there is no ErrorCode in TxPDO mapping under this motor type, please check PDO setting!
2025-04-18 15:01:11,431 ERROR [default] Error: there is no ErrorCode in TxPDO mapping under this motor type, please check PDO setting!
2025-04-18 15:01:11,431 ERROR [default] Error: there is no ErrorCode in TxPDO mapping under this motor type, please check PDO setting!
2025-04-18 15:01:11,431 ERROR [default] Error: there is no ErrorCode in TxPDO mapping under this motor type, please check PDO setting!
2025-04-18 15:01:11,431 ERROR [default] Error: there is no ErrorCode in TxPDO mapping under this motor type, please check PDO setting!
2025-04-18 15:01:11,432 ERROR [default] Error: there is no ErrorCode in TxPDO mapping under this motor type, please check PDO setting!
2025-04-18 15:01:11,432 ERROR [default] Error: there is no ErrorCode in TxPDO mapping under this motor type, please check PDO setting!
2025-04-18 15:01:11,432 ERROR [default] Error: there is no ErrorCode in TxPDO mapping under this motor type, please check PDO setting!
2025-04-18 15:01:11,432 ERROR [default] Error: there is no ErrorCode in TxPDO mapping under this motor type, please check PDO setting!
2025-04-18 15:01:11,436 ERROR [default] Error: there is no ErrorCode in TxPDO mapping under this motor type, please check PDO setting!
2025-04-18 15:01:11,436 ERROR [default] Error: there is no ErrorCode in TxPDO mapping under this motor type, please check PDO setting!
2025-04-18 15:01:11,436 ERROR [default] Error: there is no ErrorCode in TxPDO mapping under this motor type, please check PDO setting!
2025-04-18 15:01:11,436 ERROR [default] Error: there is no ErrorCode in TxPDO mapping under this motor type, please check PDO setting!
2025-04-18 15:01:11,436 ERROR [default] Error: there is no ErrorCode in TxPDO mapping under this motor type, please check PDO setting!
2025-04-18 15:01:11,436 ERROR [default] Error: there is no ErrorCode in TxPDO mapping under this motor type, please check PDO setting!
2025-04-18 15:01:11,436 ERROR [default] Error: there is no ErrorCode in TxPDO mapping under this motor type, please check PDO setting!
2025-04-18 15:01:11,436 ERROR [default] Error: there is no ErrorCode in TxPDO mapping under this motor type, please check PDO setting!
2025-04-18 15:01:11,439 ERROR [default] Error: there is no ErrorCode in TxPDO mapping under this motor type, please check PDO setting!
2025-04-18 15:01:11,439 ERROR [default] Error: there is no ErrorCode in TxPDO mapping under this motor type, please check PDO setting!
2025-04-18 15:01:11,439 ERROR [default] Error: there is no ErrorCode in TxPDO mapping under this motor type, please check PDO setting!
2025-04-18 15:01:11,439 ERROR [default] Error: there is no ErrorCode in TxPDO mapping under this motor type, please check PDO setting!
2025-04-18 15:01:11,439 ERROR [default] Error: there is no ErrorCode in TxPDO mapping under this motor type, please check PDO setting!
2025-04-18 15:01:11,440 ERROR [default] Error: there is no ErrorCode in TxPDO mapping under this motor type, please check PDO setting!
2025-04-18 15:01:11,440 ERROR [default] Error: there is no ErrorCode in TxPDO mapping under this motor type, please check PDO setting!
2025-04-18 15:01:11,440 ERROR [default] Error: there is no ErrorCode in TxPDO mapping under this motor type, please check PDO setting!
2025-04-18 15:01:11,443 ERROR [default] Error: there is no ErrorCode in TxPDO mapping under this motor type, please check PDO setting!
2025-04-18 15:01:11,443 ERROR [default] Error: there is no ErrorCode in TxPDO mapping under this motor type, please check PDO setting!
2025-04-18 15:01:11,443 ERROR [default] Error: there is no ErrorCode in TxPDO mapping under this motor type, please check PDO setting!
2025-04-18 15:01:11,443 ERROR [default] Error: there is no ErrorCode in TxPDO mapping under this motor type, please check PDO setting!
2025-04-18 15:01:11,443 ERROR [default] Error: there is no ErrorCode in TxPDO mapping under this motor type, please check PDO setting!
2025-04-18 15:01:11,443 ERROR [default] Error: there is no ErrorCode in TxPDO mapping under this motor type, please check PDO setting!
2025-04-18 15:01:11,444 ERROR [default] Error: there is no ErrorCode in TxPDO mapping under this motor type, please check PDO setting!
2025-04-18 15:01:11,444 ERROR [default] Error: there is no ErrorCode in TxPDO mapping under this motor type, please check PDO setting!
2025-04-18 15:01:11,447 ERROR [default] Error: there is no ErrorCode in TxPDO mapping under this motor type, please check PDO setting!
2025-04-18 15:01:11,447 ERROR [default] Error: there is no ErrorCode in TxPDO mapping under this motor type, please check PDO setting!
2025-04-18 15:01:11,447 ERROR [default] Error: there is no ErrorCode in TxPDO mapping under this motor type, please check PDO setting!
2025-04-18 15:01:11,447 ERROR [default] Error: there is no ErrorCode in TxPDO mapping under this motor type, please check PDO setting!
2025-04-18 15:01:11,447 ERROR [default] Error: there is no ErrorCode in TxPDO mapping under this motor type, please check PDO setting!
2025-04-18 15:01:11,447 ERROR [default] Error: there is no ErrorCode in TxPDO mapping under this motor type, please check PDO setting!
2025-04-18 15:01:11,448 ERROR [default] Error: there is no ErrorCode in TxPDO mapping under this motor type, please check PDO setting!
2025-04-18 15:01:11,448 ERROR [default] Error: there is no ErrorCode in TxPDO mapping under this motor type, please check PDO setting!
2025-04-18 15:01:11,451 ERROR [default] Error: there is no ErrorCode in TxPDO mapping under this motor type, please check PDO setting!
2025-04-18 15:01:11,451 ERROR [default] Error: there is no ErrorCode in TxPDO mapping under this motor type, please check PDO setting!
2025-04-18 15:01:11,451 ERROR [default] Error: there is no ErrorCode in TxPDO mapping under this motor type, please check PDO setting!
2025-04-18 15:01:11,451 ERROR [default] Error: there is no ErrorCode in TxPDO mapping under this motor type, please check PDO setting!
2025-04-18 15:01:11,451 ERROR [default] Error: there is no ErrorCode in TxPDO mapping under this motor type, please check PDO setting!
2025-04-18 15:01:11,451 ERROR [default] Error: there is no ErrorCode in TxPDO mapping under this motor type, please check PDO setting!
2025-04-18 15:01:11,452 ERROR [default] Error: there is no ErrorCode in TxPDO mapping under this motor type, please check PDO setting!
2025-04-18 15:01:11,452 ERROR [default] Error: there is no ErrorCode in TxPDO mapping under this motor type, please check PDO setting!
2025-04-18 15:01:11,455 ERROR [default] Error: there is no ErrorCode in TxPDO mapping under this motor type, please check PDO setting!
2025-04-18 15:01:11,456 ERROR [default] Error: there is no ErrorCode in TxPDO mapping under this motor type, please check PDO setting!
2025-04-18 15:01:11,456 ERROR [default] Error: there is no ErrorCode in TxPDO mapping under this motor type, please check PDO setting!
2025-04-18 15:01:11,456 ERROR [default] Error: there is no ErrorCode in TxPDO mapping under this motor type, please check PDO setting!
2025-04-18 15:01:11,456 ERROR [default] Error: there is no ErrorCode in TxPDO mapping under this motor type, please check PDO setting!
2025-04-18 15:01:11,456 ERROR [default] Error: there is no ErrorCode in TxPDO mapping under this motor type, please check PDO setting!
2025-04-18 15:01:11,456 ERROR [default] Error: there is no ErrorCode in TxPDO mapping under this motor type, please check PDO setting!
2025-04-18 15:01:11,456 ERROR [default] Error: there is no ErrorCode in TxPDO mapping under this motor type, please check PDO setting!
2025-04-18 15:01:11,459 ERROR [default] Error: there is no ErrorCode in TxPDO mapping under this motor type, please check PDO setting!
2025-04-18 15:01:11,459 ERROR [default] Error: there is no ErrorCode in TxPDO mapping under this motor type, please check PDO setting!
2025-04-18 15:01:11,459 ERROR [default] Error: there is no ErrorCode in TxPDO mapping under this motor type, please check PDO setting!
2025-04-18 15:01:11,459 ERROR [default] Error: there is no ErrorCode in TxPDO mapping under this motor type, please check PDO setting!
2025-04-18 15:01:11,460 ERROR [default] Error: there is no ErrorCode in TxPDO mapping under this motor type, please check PDO setting!
2025-04-18 15:01:11,460 ERROR [default] Error: there is no ErrorCode in TxPDO mapping under this motor type, please check PDO setting!
2025-04-18 15:01:11,460 ERROR [default] Error: there is no ErrorCode in TxPDO mapping under this motor type, please check PDO setting!
2025-04-18 15:01:11,460 ERROR [default] Error: there is no ErrorCode in TxPDO mapping under this motor type, please check PDO setting!
2025-04-18 15:01:11,463 ERROR [default] Error: there is no ErrorCode in TxPDO mapping under this motor type, please check PDO setting!
2025-04-18 15:01:11,463 ERROR [default] Error: there is no ErrorCode in TxPDO mapping under this motor type, please check PDO setting!
2025-04-18 15:01:11,463 ERROR [default] Error: there is no ErrorCode in TxPDO mapping under this motor type, please check PDO setting!
2025-04-18 15:01:11,463 ERROR [default] Error: there is no ErrorCode in TxPDO mapping under this motor type, please check PDO setting!
2025-04-18 15:01:11,463 ERROR [default] Error: there is no ErrorCode in TxPDO mapping under this motor type, please check PDO setting!
2025-04-18 15:01:11,463 ERROR [default] Error: there is no ErrorCode in TxPDO mapping under this motor type, please check PDO setting!
2025-04-18 15:01:11,463 ERROR [default] Error: there is no ErrorCode in TxPDO mapping under this motor type, please check PDO setting!
2025-04-18 15:01:11,463 ERROR [default] Error: there is no ErrorCode in TxPDO mapping under this motor type, please check PDO setting!
2025-04-18 15:01:11,467 ERROR [default] Error: there is no ErrorCode in TxPDO mapping under this motor type, please check PDO setting!
2025-04-18 15:01:11,467 ERROR [default] Error: there is no ErrorCode in TxPDO mapping under this motor type, please check PDO setting!
2025-04-18 15:01:11,467 ERROR [default] Error: there is no ErrorCode in TxPDO mapping under this motor type, please check PDO setting!
2025-04-18 15:01:11,467 ERROR [default] Error: there is no ErrorCode in TxPDO mapping under this motor type, please check PDO setting!
2025-04-18 15:01:11,467 ERROR [default] Error: there is no ErrorCode in TxPDO mapping under this motor type, please check PDO setting!
2025-04-18 15:01:11,467 ERROR [default] Error: there is no ErrorCode in TxPDO mapping under this motor type, please check PDO setting!
2025-04-18 15:01:11,467 ERROR [default] Error: there is no ErrorCode in TxPDO mapping under this motor type, please check PDO setting!
2025-04-18 15:01:11,467 ERROR [default] Error: there is no ErrorCode in TxPDO mapping under this motor type, please check PDO setting!
2025-04-18 15:01:11,471 ERROR [default] Error: there is no ErrorCode in TxPDO mapping under this motor type, please check PDO setting!
2025-04-18 15:01:11,471 ERROR [default] Error: there is no ErrorCode in TxPDO mapping under this motor type, please check PDO setting!
2025-04-18 15:01:11,471 ERROR [default] Error: there is no ErrorCode in TxPDO mapping under this motor type, please check PDO setting!
2025-04-18 15:01:11,471 ERROR [default] Error: there is no ErrorCode in TxPDO mapping under this motor type, please check PDO setting!
2025-04-18 15:01:11,471 ERROR [default] Error: there is no ErrorCode in TxPDO mapping under this motor type, please check PDO setting!
2025-04-18 15:01:11,471 ERROR [default] Error: there is no ErrorCode in TxPDO mapping under this motor type, please check PDO setting!
2025-04-18 15:01:11,471 ERROR [default] Error: there is no ErrorCode in TxPDO mapping under this motor type, please check PDO setting!
2025-04-18 15:01:11,471 ERROR [default] Error: there is no ErrorCode in TxPDO mapping under this motor type, please check PDO setting!
2025-04-18 15:01:11,475 ERROR [default] Error: there is no ErrorCode in TxPDO mapping under this motor type, please check PDO setting!
2025-04-18 15:01:11,475 ERROR [default] Error: there is no ErrorCode in TxPDO mapping under this motor type, please check PDO setting!
2025-04-18 15:01:11,475 ERROR [default] Error: there is no ErrorCode in TxPDO mapping under this motor type, please check PDO setting!
2025-04-18 15:01:11,475 ERROR [default] Error: there is no ErrorCode in TxPDO mapping under this motor type, please check PDO setting!
2025-04-18 15:01:11,475 ERROR [default] Error: there is no ErrorCode in TxPDO mapping under this motor type, please check PDO setting!
2025-04-18 15:01:11,475 ERROR [default] Error: there is no ErrorCode in TxPDO mapping under this motor type, please check PDO setting!
2025-04-18 15:01:11,475 ERROR [default] Error: there is no ErrorCode in TxPDO mapping under this motor type, please check PDO setting!
2025-04-18 15:01:11,475 ERROR [default] Error: there is no ErrorCode in TxPDO mapping under this motor type, please check PDO setting!
2025-04-18 15:01:11,479 ERROR [default] Error: there is no ErrorCode in TxPDO mapping under this motor type, please check PDO setting!
2025-04-18 15:01:11,479 ERROR [default] Error: there is no ErrorCode in TxPDO mapping under this motor type, please check PDO setting!
2025-04-18 15:01:11,479 ERROR [default] Error: there is no ErrorCode in TxPDO mapping under this motor type, please check PDO setting!
2025-04-18 15:01:11,479 ERROR [default] Error: there is no ErrorCode in TxPDO mapping under this motor type, please check PDO setting!
2025-04-18 15:01:11,479 ERROR [default] Error: there is no ErrorCode in TxPDO mapping under this motor type, please check PDO setting!
2025-04-18 15:01:11,479 ERROR [default] Error: there is no ErrorCode in TxPDO mapping under this motor type, please check PDO setting!
2025-04-18 15:01:11,479 ERROR [default] Error: there is no ErrorCode in TxPDO mapping under this motor type, please check PDO setting!
2025-04-18 15:01:11,480 ERROR [default] Error: there is no ErrorCode in TxPDO mapping under this motor type, please check PDO setting!
2025-04-18 15:01:11,483 ERROR [default] Error: there is no ErrorCode in TxPDO mapping under this motor type, please check PDO setting!
2025-04-18 15:01:11,483 ERROR [default] Error: there is no ErrorCode in TxPDO mapping under this motor type, please check PDO setting!
2025-04-18 15:01:11,483 ERROR [default] Error: there is no ErrorCode in TxPDO mapping under this motor type, please check PDO setting!
2025-04-18 15:01:11,483 ERROR [default] Error: there is no ErrorCode in TxPDO mapping under this motor type, please check PDO setting!
2025-04-18 15:01:11,483 ERROR [default] Error: there is no ErrorCode in TxPDO mapping under this motor type, please check PDO setting!
2025-04-18 15:01:11,483 ERROR [default] Error: there is no ErrorCode in TxPDO mapping under this motor type, please check PDO setting!
2025-04-18 15:01:11,483 ERROR [default] Error: there is no ErrorCode in TxPDO mapping under this motor type, please check PDO setting!
2025-04-18 15:01:11,483 ERROR [default] Error: there is no ErrorCode in TxPDO mapping under this motor type, please check PDO setting!
2025-04-18 15:01:11,487 ERROR [default] Error: there is no ErrorCode in TxPDO mapping under this motor type, please check PDO setting!
2025-04-18 15:01:11,487 ERROR [default] Error: there is no ErrorCode in TxPDO mapping under this motor type, please check PDO setting!
2025-04-18 15:01:11,487 ERROR [default] Error: there is no ErrorCode in TxPDO mapping under this motor type, please check PDO setting!
2025-04-18 15:01:11,487 ERROR [default] Error: there is no ErrorCode in TxPDO mapping under this motor type, please check PDO setting!
2025-04-18 15:01:11,487 ERROR [default] Error: there is no ErrorCode in TxPDO mapping under this motor type, please check PDO setting!
2025-04-18 15:01:11,487 ERROR [default] Error: there is no ErrorCode in TxPDO mapping under this motor type, please check PDO setting!
2025-04-18 15:01:11,487 ERROR [default] Error: there is no ErrorCode in TxPDO mapping under this motor type, please check PDO setting!
2025-04-18 15:01:11,487 ERROR [default] Error: there is no ErrorCode in TxPDO mapping under this motor type, please check PDO setting!
2025-04-18 15:01:11,491 ERROR [default] Error: there is no ErrorCode in TxPDO mapping under this motor type, please check PDO setting!
2025-04-18 15:01:11,491 ERROR [default] Error: there is no ErrorCode in TxPDO mapping under this motor type, please check PDO setting!
2025-04-18 15:01:11,491 ERROR [default] Error: there is no ErrorCode in TxPDO mapping under this motor type, please check PDO setting!
2025-04-18 15:01:11,491 ERROR [default] Error: there is no ErrorCode in TxPDO mapping under this motor type, please check PDO setting!
2025-04-18 15:01:11,491 ERROR [default] Error: there is no ErrorCode in TxPDO mapping under this motor type, please check PDO setting!
2025-04-18 15:01:11,491 ERROR [default] Error: there is no ErrorCode in TxPDO mapping under this motor type, please check PDO setting!
2025-04-18 15:01:11,491 ERROR [default] Error: there is no ErrorCode in TxPDO mapping under this motor type, please check PDO setting!
2025-04-18 15:01:11,491 ERROR [default] Error: there is no ErrorCode in TxPDO mapping under this motor type, please check PDO setting!
2025-04-18 15:01:11,496 ERROR [default] Error: there is no ErrorCode in TxPDO mapping under this motor type, please check PDO setting!
2025-04-18 15:01:11,496 ERROR [default] Error: there is no ErrorCode in TxPDO mapping under this motor type, please check PDO setting!
2025-04-18 15:01:11,496 ERROR [default] Error: there is no ErrorCode in TxPDO mapping under this motor type, please check PDO setting!
2025-04-18 15:01:11,496 ERROR [default] Error: there is no ErrorCode in TxPDO mapping under this motor type, please check PDO setting!
2025-04-18 15:01:11,496 ERROR [default] Error: there is no ErrorCode in TxPDO mapping under this motor type, please check PDO setting!
2025-04-18 15:01:11,496 ERROR [default] Error: there is no ErrorCode in TxPDO mapping under this motor type, please check PDO setting!
2025-04-18 15:01:11,496 ERROR [default] Error: there is no ErrorCode in TxPDO mapping under this motor type, please check PDO setting!
2025-04-18 15:01:11,496 ERROR [default] Error: there is no ErrorCode in TxPDO mapping under this motor type, please check PDO setting!
2025-04-18 15:01:11,499 ERROR [default] Error: there is no ErrorCode in TxPDO mapping under this motor type, please check PDO setting!
2025-04-18 15:01:11,499 ERROR [default] Error: there is no ErrorCode in TxPDO mapping under this motor type, please check PDO setting!
2025-04-18 15:01:11,499 ERROR [default] Error: there is no ErrorCode in TxPDO mapping under this motor type, please check PDO setting!
2025-04-18 15:01:11,499 ERROR [default] Error: there is no ErrorCode in TxPDO mapping under this motor type, please check PDO setting!
2025-04-18 15:01:11,499 ERROR [default] Error: there is no ErrorCode in TxPDO mapping under this motor type, please check PDO setting!
2025-04-18 15:01:11,499 ERROR [default] Error: there is no ErrorCode in TxPDO mapping under this motor type, please check PDO setting!
2025-04-18 15:01:11,499 ERROR [default] Error: there is no ErrorCode in TxPDO mapping under this motor type, please check PDO setting!
2025-04-18 15:01:11,499 ERROR [default] Error: there is no ErrorCode in TxPDO mapping under this motor type, please check PDO setting!
2025-04-18 15:01:11,503 ERROR [default] Error: there is no ErrorCode in TxPDO mapping under this motor type, please check PDO setting!
2025-04-18 15:01:11,503 ERROR [default] Error: there is no ErrorCode in TxPDO mapping under this motor type, please check PDO setting!
2025-04-18 15:01:11,503 ERROR [default] Error: there is no ErrorCode in TxPDO mapping under this motor type, please check PDO setting!
2025-04-18 15:01:11,503 ERROR [default] Error: there is no ErrorCode in TxPDO mapping under this motor type, please check PDO setting!
2025-04-18 15:01:11,503 ERROR [default] Error: there is no ErrorCode in TxPDO mapping under this motor type, please check PDO setting!
2025-04-18 15:01:11,503 ERROR [default] Error: there is no ErrorCode in TxPDO mapping under this motor type, please check PDO setting!
2025-04-18 15:01:11,503 ERROR [default] Error: there is no ErrorCode in TxPDO mapping under this motor type, please check PDO setting!
2025-04-18 15:01:11,503 ERROR [default] Error: there is no ErrorCode in TxPDO mapping under this motor type, please check PDO setting!
2025-04-18 15:01:11,507 ERROR [default] Error: there is no ErrorCode in TxPDO mapping under this motor type, please check PDO setting!
2025-04-18 15:01:11,507 ERROR [default] Error: there is no ErrorCode in TxPDO mapping under this motor type, please check PDO setting!
2025-04-18 15:01:11,507 ERROR [default] Error: there is no ErrorCode in TxPDO mapping under this motor type, please check PDO setting!
2025-04-18 15:01:11,507 ERROR [default] Error: there is no ErrorCode in TxPDO mapping under this motor type, please check PDO setting!
2025-04-18 15:01:11,507 ERROR [default] Error: there is no ErrorCode in TxPDO mapping under this motor type, please check PDO setting!
2025-04-18 15:01:11,507 ERROR [default] Error: there is no ErrorCode in TxPDO mapping under this motor type, please check PDO setting!
2025-04-18 15:01:11,507 ERROR [default] Error: there is no ErrorCode in TxPDO mapping under this motor type, please check PDO setting!
2025-04-18 15:01:11,508 ERROR [default] Error: there is no ErrorCode in TxPDO mapping under this motor type, please check PDO setting!
2025-04-18 15:01:11,511 ERROR [default] Error: there is no ErrorCode in TxPDO mapping under this motor type, please check PDO setting!
2025-04-18 15:01:11,511 ERROR [default] Error: there is no ErrorCode in TxPDO mapping under this motor type, please check PDO setting!
2025-04-18 15:01:11,511 ERROR [default] Error: there is no ErrorCode in TxPDO mapping under this motor type, please check PDO setting!
2025-04-18 15:01:11,511 ERROR [default] Error: there is no ErrorCode in TxPDO mapping under this motor type, please check PDO setting!
2025-04-18 15:01:11,511 ERROR [default] Error: there is no ErrorCode in TxPDO mapping under this motor type, please check PDO setting!
2025-04-18 15:01:11,511 ERROR [default] Error: there is no ErrorCode in TxPDO mapping under this motor type, please check PDO setting!
2025-04-18 15:01:11,511 ERROR [default] Error: there is no ErrorCode in TxPDO mapping under this motor type, please check PDO setting!
2025-04-18 15:01:11,511 ERROR [default] Error: there is no ErrorCode in TxPDO mapping under this motor type, please check PDO setting!
2025-04-18 15:01:11,516 ERROR [default] Error: there is no ErrorCode in TxPDO mapping under this motor type, please check PDO setting!
2025-04-18 15:01:11,516 ERROR [default] Error: there is no ErrorCode in TxPDO mapping under this motor type, please check PDO setting!
2025-04-18 15:01:11,516 ERROR [default] Error: there is no ErrorCode in TxPDO mapping under this motor type, please check PDO setting!
2025-04-18 15:01:11,516 ERROR [default] Error: there is no ErrorCode in TxPDO mapping under this motor type, please check PDO setting!
2025-04-18 15:01:11,516 ERROR [default] Error: there is no ErrorCode in TxPDO mapping under this motor type, please check PDO setting!
2025-04-18 15:01:11,516 ERROR [default] Error: there is no ErrorCode in TxPDO mapping under this motor type, please check PDO setting!
2025-04-18 15:01:11,516 ERROR [default] Error: there is no ErrorCode in TxPDO mapping under this motor type, please check PDO setting!
2025-04-18 15:01:11,516 ERROR [default] Error: there is no ErrorCode in TxPDO mapping under this motor type, please check PDO setting!
2025-04-18 15:01:11,519 ERROR [default] Error: there is no ErrorCode in TxPDO mapping under this motor type, please check PDO setting!
2025-04-18 15:01:11,519 ERROR [default] Error: there is no ErrorCode in TxPDO mapping under this motor type, please check PDO setting!
2025-04-18 15:01:11,519 ERROR [default] Error: there is no ErrorCode in TxPDO mapping under this motor type, please check PDO setting!
2025-04-18 15:01:11,519 ERROR [default] Error: there is no ErrorCode in TxPDO mapping under this motor type, please check PDO setting!
2025-04-18 15:01:11,519 ERROR [default] Error: there is no ErrorCode in TxPDO mapping under this motor type, please check PDO setting!
2025-04-18 15:01:11,519 ERROR [default] Error: there is no ErrorCode in TxPDO mapping under this motor type, please check PDO setting!
2025-04-18 15:01:11,519 ERROR [default] Error: there is no ErrorCode in TxPDO mapping under this motor type, please check PDO setting!
2025-04-18 15:01:11,519 ERROR [default] Error: there is no ErrorCode in TxPDO mapping under this motor type, please check PDO setting!
2025-04-18 15:01:11,523 ERROR [default] Error: there is no ErrorCode in TxPDO mapping under this motor type, please check PDO setting!
2025-04-18 15:01:11,523 ERROR [default] Error: there is no ErrorCode in TxPDO mapping under this motor type, please check PDO setting!
2025-04-18 15:01:11,523 ERROR [default] Error: there is no ErrorCode in TxPDO mapping under this motor type, please check PDO setting!
2025-04-18 15:01:11,523 ERROR [default] Error: there is no ErrorCode in TxPDO mapping under this motor type, please check PDO setting!
2025-04-18 15:01:11,523 ERROR [default] Error: there is no ErrorCode in TxPDO mapping under this motor type, please check PDO setting!
2025-04-18 15:01:11,523 ERROR [default] Error: there is no ErrorCode in TxPDO mapping under this motor type, please check PDO setting!
2025-04-18 15:01:11,523 ERROR [default] Error: there is no ErrorCode in TxPDO mapping under this motor type, please check PDO setting!
2025-04-18 15:01:11,524 ERROR [default] Error: there is no ErrorCode in TxPDO mapping under this motor type, please check PDO setting!
2025-04-18 15:01:11,527 ERROR [default] Error: there is no ErrorCode in TxPDO mapping under this motor type, please check PDO setting!
2025-04-18 15:01:11,527 ERROR [default] Error: there is no ErrorCode in TxPDO mapping under this motor type, please check PDO setting!
2025-04-18 15:01:11,527 ERROR [default] Error: there is no ErrorCode in TxPDO mapping under this motor type, please check PDO setting!
2025-04-18 15:01:11,527 ERROR [default] Error: there is no ErrorCode in TxPDO mapping under this motor type, please check PDO setting!
2025-04-18 15:01:11,527 ERROR [default] Error: there is no ErrorCode in TxPDO mapping under this motor type, please check PDO setting!
2025-04-18 15:01:11,527 ERROR [default] Error: there is no ErrorCode in TxPDO mapping under this motor type, please check PDO setting!
2025-04-18 15:01:11,527 ERROR [default] Error: there is no ErrorCode in TxPDO mapping under this motor type, please check PDO setting!
2025-04-18 15:01:11,527 ERROR [default] Error: there is no ErrorCode in TxPDO mapping under this motor type, please check PDO setting!
2025-04-18 15:01:11,531 ERROR [default] Error: there is no ErrorCode in TxPDO mapping under this motor type, please check PDO setting!
2025-04-18 15:01:11,531 ERROR [default] Error: there is no ErrorCode in TxPDO mapping under this motor type, please check PDO setting!
2025-04-18 15:01:11,531 ERROR [default] Error: there is no ErrorCode in TxPDO mapping under this motor type, please check PDO setting!
2025-04-18 15:01:11,531 ERROR [default] Error: there is no ErrorCode in TxPDO mapping under this motor type, please check PDO setting!
2025-04-18 15:01:11,531 ERROR [default] Error: there is no ErrorCode in TxPDO mapping under this motor type, please check PDO setting!
2025-04-18 15:01:11,531 ERROR [default] Error: there is no ErrorCode in TxPDO mapping under this motor type, please check PDO setting!
2025-04-18 15:01:11,531 ERROR [default] Error: there is no ErrorCode in TxPDO mapping under this motor type, please check PDO setting!
2025-04-18 15:01:11,531 ERROR [default] Error: there is no ErrorCode in TxPDO mapping under this motor type, please check PDO setting!
2025-04-18 15:01:11,535 ERROR [default] Error: there is no ErrorCode in TxPDO mapping under this motor type, please check PDO setting!
2025-04-18 15:01:11,535 ERROR [default] Error: there is no ErrorCode in TxPDO mapping under this motor type, please check PDO setting!
2025-04-18 15:01:11,535 ERROR [default] Error: there is no ErrorCode in TxPDO mapping under this motor type, please check PDO setting!
2025-04-18 15:01:11,535 ERROR [default] Error: there is no ErrorCode in TxPDO mapping under this motor type, please check PDO setting!
2025-04-18 15:01:11,535 ERROR [default] Error: there is no ErrorCode in TxPDO mapping under this motor type, please check PDO setting!
2025-04-18 15:01:11,535 ERROR [default] Error: there is no ErrorCode in TxPDO mapping under this motor type, please check PDO setting!
2025-04-18 15:01:11,535 ERROR [default] Error: there is no ErrorCode in TxPDO mapping under this motor type, please check PDO setting!
2025-04-18 15:01:11,535 ERROR [default] Error: there is no ErrorCode in TxPDO mapping under this motor type, please check PDO setting!
2025-04-18 15:01:11,539 ERROR [default] Error: there is no ErrorCode in TxPDO mapping under this motor type, please check PDO setting!
2025-04-18 15:01:11,539 ERROR [default] Error: there is no ErrorCode in TxPDO mapping under this motor type, please check PDO setting!
2025-04-18 15:01:11,539 ERROR [default] Error: there is no ErrorCode in TxPDO mapping under this motor type, please check PDO setting!
2025-04-18 15:01:11,539 ERROR [default] Error: there is no ErrorCode in TxPDO mapping under this motor type, please check PDO setting!
2025-04-18 15:01:11,539 ERROR [default] Error: there is no ErrorCode in TxPDO mapping under this motor type, please check PDO setting!
2025-04-18 15:01:11,539 ERROR [default] Error: there is no ErrorCode in TxPDO mapping under this motor type, please check PDO setting!
2025-04-18 15:01:11,539 ERROR [default] Error: there is no ErrorCode in TxPDO mapping under this motor type, please check PDO setting!
2025-04-18 15:01:11,540 ERROR [default] Error: there is no ErrorCode in TxPDO mapping under this motor type, please check PDO setting!
2025-04-18 15:01:11,543 ERROR [default] Error: there is no ErrorCode in TxPDO mapping under this motor type, please check PDO setting!
2025-04-18 15:01:11,543 ERROR [default] Error: there is no ErrorCode in TxPDO mapping under this motor type, please check PDO setting!
2025-04-18 15:01:11,543 ERROR [default] Error: there is no ErrorCode in TxPDO mapping under this motor type, please check PDO setting!
2025-04-18 15:01:11,543 ERROR [default] Error: there is no ErrorCode in TxPDO mapping under this motor type, please check PDO setting!
2025-04-18 15:01:11,543 ERROR [default] Error: there is no ErrorCode in TxPDO mapping under this motor type, please check PDO setting!
2025-04-18 15:01:11,543 ERROR [default] Error: there is no ErrorCode in TxPDO mapping under this motor type, please check PDO setting!
2025-04-18 15:01:11,543 ERROR [default] Error: there is no ErrorCode in TxPDO mapping under this motor type, please check PDO setting!
2025-04-18 15:01:11,543 ERROR [default] Error: there is no ErrorCode in TxPDO mapping under this motor type, please check PDO setting!
2025-04-18 15:01:11,547 ERROR [default] Error: there is no ErrorCode in TxPDO mapping under this motor type, please check PDO setting!
2025-04-18 15:01:11,547 ERROR [default] Error: there is no ErrorCode in TxPDO mapping under this motor type, please check PDO setting!
2025-04-18 15:01:11,547 ERROR [default] Error: there is no ErrorCode in TxPDO mapping under this motor type, please check PDO setting!
2025-04-18 15:01:11,547 ERROR [default] Error: there is no ErrorCode in TxPDO mapping under this motor type, please check PDO setting!
2025-04-18 15:01:11,547 ERROR [default] Error: there is no ErrorCode in TxPDO mapping under this motor type, please check PDO setting!
2025-04-18 15:01:11,547 ERROR [default] Error: there is no ErrorCode in TxPDO mapping under this motor type, please check PDO setting!
2025-04-18 15:01:11,547 ERROR [default] Error: there is no ErrorCode in TxPDO mapping under this motor type, please check PDO setting!
2025-04-18 15:01:11,547 ERROR [default] Error: there is no ErrorCode in TxPDO mapping under this motor type, please check PDO setting!
2025-04-18 15:01:11,551 ERROR [default] Error: there is no ErrorCode in TxPDO mapping under this motor type, please check PDO setting!
2025-04-18 15:01:11,551 ERROR [default] Error: there is no ErrorCode in TxPDO mapping under this motor type, please check PDO setting!
2025-04-18 15:01:11,551 ERROR [default] Error: there is no ErrorCode in TxPDO mapping under this motor type, please check PDO setting!
2025-04-18 15:01:11,551 ERROR [default] Error: there is no ErrorCode in TxPDO mapping under this motor type, please check PDO setting!
2025-04-18 15:01:11,551 ERROR [default] Error: there is no ErrorCode in TxPDO mapping under this motor type, please check PDO setting!
2025-04-18 15:01:11,551 ERROR [default] Error: there is no ErrorCode in TxPDO mapping under this motor type, please check PDO setting!
2025-04-18 15:01:11,551 ERROR [default] Error: there is no ErrorCode in TxPDO mapping under this motor type, please check PDO setting!
2025-04-18 15:01:11,551 ERROR [default] Error: there is no ErrorCode in TxPDO mapping under this motor type, please check PDO setting!
2025-04-18 15:01:11,555 ERROR [default] Error: there is no ErrorCode in TxPDO mapping under this motor type, please check PDO setting!
2025-04-18 15:01:11,555 ERROR [default] Error: there is no ErrorCode in TxPDO mapping under this motor type, please check PDO setting!
2025-04-18 15:01:11,555 ERROR [default] Error: there is no ErrorCode in TxPDO mapping under this motor type, please check PDO setting!
2025-04-18 15:01:11,555 ERROR [default] Error: there is no ErrorCode in TxPDO mapping under this motor type, please check PDO setting!
2025-04-18 15:01:11,555 ERROR [default] Error: there is no ErrorCode in TxPDO mapping under this motor type, please check PDO setting!
2025-04-18 15:01:11,556 ERROR [default] Error: there is no ErrorCode in TxPDO mapping under this motor type, please check PDO setting!
2025-04-18 15:01:11,556 ERROR [default] Error: there is no ErrorCode in TxPDO mapping under this motor type, please check PDO setting!
2025-04-18 15:01:11,556 ERROR [default] Error: there is no ErrorCode in TxPDO mapping under this motor type, please check PDO setting!
2025-04-18 15:01:11,559 ERROR [default] Error: there is no ErrorCode in TxPDO mapping under this motor type, please check PDO setting!
2025-04-18 15:01:11,559 ERROR [default] Error: there is no ErrorCode in TxPDO mapping under this motor type, please check PDO setting!
2025-04-18 15:01:11,559 ERROR [default] Error: there is no ErrorCode in TxPDO mapping under this motor type, please check PDO setting!
2025-04-18 15:01:11,559 ERROR [default] Error: there is no ErrorCode in TxPDO mapping under this motor type, please check PDO setting!
2025-04-18 15:01:11,559 ERROR [default] Error: there is no ErrorCode in TxPDO mapping under this motor type, please check PDO setting!
2025-04-18 15:01:11,559 ERROR [default] Error: there is no ErrorCode in TxPDO mapping under this motor type, please check PDO setting!
2025-04-18 15:01:11,559 ERROR [default] Error: there is no ErrorCode in TxPDO mapping under this motor type, please check PDO setting!
2025-04-18 15:01:11,559 ERROR [default] Error: there is no ErrorCode in TxPDO mapping under this motor type, please check PDO setting!
2025-04-18 15:01:11,563 ERROR [default] Error: there is no ErrorCode in TxPDO mapping under this motor type, please check PDO setting!
2025-04-18 15:01:11,563 ERROR [default] Error: there is no ErrorCode in TxPDO mapping under this motor type, please check PDO setting!
2025-04-18 15:01:11,563 ERROR [default] Error: there is no ErrorCode in TxPDO mapping under this motor type, please check PDO setting!
2025-04-18 15:01:11,563 ERROR [default] Error: there is no ErrorCode in TxPDO mapping under this motor type, please check PDO setting!
2025-04-18 15:01:11,563 ERROR [default] Error: there is no ErrorCode in TxPDO mapping under this motor type, please check PDO setting!
2025-04-18 15:01:11,563 ERROR [default] Error: there is no ErrorCode in TxPDO mapping under this motor type, please check PDO setting!
2025-04-18 15:01:11,563 ERROR [default] Error: there is no ErrorCode in TxPDO mapping under this motor type, please check PDO setting!
2025-04-18 15:01:11,563 ERROR [default] Error: there is no ErrorCode in TxPDO mapping under this motor type, please check PDO setting!
2025-04-18 15:01:11,567 ERROR [default] Error: there is no ErrorCode in TxPDO mapping under this motor type, please check PDO setting!
2025-04-18 15:01:11,567 ERROR [default] Error: there is no ErrorCode in TxPDO mapping under this motor type, please check PDO setting!
2025-04-18 15:01:11,567 ERROR [default] Error: there is no ErrorCode in TxPDO mapping under this motor type, please check PDO setting!
2025-04-18 15:01:11,567 ERROR [default] Error: there is no ErrorCode in TxPDO mapping under this motor type, please check PDO setting!
2025-04-18 15:01:11,567 ERROR [default] Error: there is no ErrorCode in TxPDO mapping under this motor type, please check PDO setting!
2025-04-18 15:01:11,567 ERROR [default] Error: there is no ErrorCode in TxPDO mapping under this motor type, please check PDO setting!
2025-04-18 15:01:11,567 ERROR [default] Error: there is no ErrorCode in TxPDO mapping under this motor type, please check PDO setting!
2025-04-18 15:01:11,567 ERROR [default] Error: there is no ErrorCode in TxPDO mapping under this motor type, please check PDO setting!
2025-04-18 15:01:11,571 ERROR [default] Error: there is no ErrorCode in TxPDO mapping under this motor type, please check PDO setting!
2025-04-18 15:01:11,571 ERROR [default] Error: there is no ErrorCode in TxPDO mapping under this motor type, please check PDO setting!
2025-04-18 15:01:11,571 ERROR [default] Error: there is no ErrorCode in TxPDO mapping under this motor type, please check PDO setting!
2025-04-18 15:01:11,571 ERROR [default] Error: there is no ErrorCode in TxPDO mapping under this motor type, please check PDO setting!
2025-04-18 15:01:11,571 ERROR [default] Error: there is no ErrorCode in TxPDO mapping under this motor type, please check PDO setting!
2025-04-18 15:01:11,572 ERROR [default] Error: there is no ErrorCode in TxPDO mapping under this motor type, please check PDO setting!
2025-04-18 15:01:11,572 ERROR [default] Error: there is no ErrorCode in TxPDO mapping under this motor type, please check PDO setting!
2025-04-18 15:01:11,572 ERROR [default] Error: there is no ErrorCode in TxPDO mapping under this motor type, please check PDO setting!
2025-04-18 15:01:11,575 ERROR [default] Error: there is no ErrorCode in TxPDO mapping under this motor type, please check PDO setting!
2025-04-18 15:01:11,575 ERROR [default] Error: there is no ErrorCode in TxPDO mapping under this motor type, please check PDO setting!
2025-04-18 15:01:11,576 ERROR [default] Error: there is no ErrorCode in TxPDO mapping under this motor type, please check PDO setting!
2025-04-18 15:01:11,576 ERROR [default] Error: there is no ErrorCode in TxPDO mapping under this motor type, please check PDO setting!
2025-04-18 15:01:11,576 ERROR [default] Error: there is no ErrorCode in TxPDO mapping under this motor type, please check PDO setting!
2025-04-18 15:01:11,576 ERROR [default] Error: there is no ErrorCode in TxPDO mapping under this motor type, please check PDO setting!
2025-04-18 15:01:11,576 ERROR [default] Error: there is no ErrorCode in TxPDO mapping under this motor type, please check PDO setting!
2025-04-18 15:01:11,576 ERROR [default] Error: there is no ErrorCode in TxPDO mapping under this motor type, please check PDO setting!
2025-04-18 15:01:11,579 ERROR [default] Error: there is no ErrorCode in TxPDO mapping under this motor type, please check PDO setting!
2025-04-18 15:01:11,579 ERROR [default] Error: there is no ErrorCode in TxPDO mapping under this motor type, please check PDO setting!
2025-04-18 15:01:11,579 ERROR [default] Error: there is no ErrorCode in TxPDO mapping under this motor type, please check PDO setting!
2025-04-18 15:01:11,579 ERROR [default] Error: there is no ErrorCode in TxPDO mapping under this motor type, please check PDO setting!
2025-04-18 15:01:11,579 ERROR [default] Error: there is no ErrorCode in TxPDO mapping under this motor type, please check PDO setting!
2025-04-18 15:01:11,579 ERROR [default] Error: there is no ErrorCode in TxPDO mapping under this motor type, please check PDO setting!
2025-04-18 15:01:11,579 ERROR [default] Error: there is no ErrorCode in TxPDO mapping under this motor type, please check PDO setting!
2025-04-18 15:01:11,579 ERROR [default] Error: there is no ErrorCode in TxPDO mapping under this motor type, please check PDO setting!
2025-04-18 15:01:11,583 ERROR [default] Error: there is no ErrorCode in TxPDO mapping under this motor type, please check PDO setting!
2025-04-18 15:01:11,583 ERROR [default] Error: there is no ErrorCode in TxPDO mapping under this motor type, please check PDO setting!
2025-04-18 15:01:11,583 ERROR [default] Error: there is no ErrorCode in TxPDO mapping under this motor type, please check PDO setting!
2025-04-18 15:01:11,583 ERROR [default] Error: there is no ErrorCode in TxPDO mapping under this motor type, please check PDO setting!
2025-04-18 15:01:11,583 ERROR [default] Error: there is no ErrorCode in TxPDO mapping under this motor type, please check PDO setting!
2025-04-18 15:01:11,583 ERROR [default] Error: there is no ErrorCode in TxPDO mapping under this motor type, please check PDO setting!
2025-04-18 15:01:11,583 ERROR [default] Error: there is no ErrorCode in TxPDO mapping under this motor type, please check PDO setting!
2025-04-18 15:01:11,583 ERROR [default] Error: there is no ErrorCode in TxPDO mapping under this motor type, please check PDO setting!
2025-04-18 15:01:11,587 ERROR [default] Error: there is no ErrorCode in TxPDO mapping under this motor type, please check PDO setting!
2025-04-18 15:01:11,587 ERROR [default] Error: there is no ErrorCode in TxPDO mapping under this motor type, please check PDO setting!
2025-04-18 15:01:11,587 ERROR [default] Error: there is no ErrorCode in TxPDO mapping under this motor type, please check PDO setting!
2025-04-18 15:01:11,587 ERROR [default] Error: there is no ErrorCode in TxPDO mapping under this motor type, please check PDO setting!
2025-04-18 15:01:11,587 ERROR [default] Error: there is no ErrorCode in TxPDO mapping under this motor type, please check PDO setting!
2025-04-18 15:01:11,587 ERROR [default] Error: there is no ErrorCode in TxPDO mapping under this motor type, please check PDO setting!
2025-04-18 15:01:11,587 ERROR [default] Error: there is no ErrorCode in TxPDO mapping under this motor type, please check PDO setting!
2025-04-18 15:01:11,587 ERROR [default] Error: there is no ErrorCode in TxPDO mapping under this motor type, please check PDO setting!
2025-04-18 15:01:11,591 ERROR [default] Error: there is no ErrorCode in TxPDO mapping under this motor type, please check PDO setting!
2025-04-18 15:01:11,591 ERROR [default] Error: there is no ErrorCode in TxPDO mapping under this motor type, please check PDO setting!
2025-04-18 15:01:11,591 ERROR [default] Error: there is no ErrorCode in TxPDO mapping under this motor type, please check PDO setting!
2025-04-18 15:01:11,591 ERROR [default] Error: there is no ErrorCode in TxPDO mapping under this motor type, please check PDO setting!
2025-04-18 15:01:11,591 ERROR [default] Error: there is no ErrorCode in TxPDO mapping under this motor type, please check PDO setting!
2025-04-18 15:01:11,591 ERROR [default] Error: there is no ErrorCode in TxPDO mapping under this motor type, please check PDO setting!
2025-04-18 15:01:11,591 ERROR [default] Error: there is no ErrorCode in TxPDO mapping under this motor type, please check PDO setting!
2025-04-18 15:01:11,591 ERROR [default] Error: there is no ErrorCode in TxPDO mapping under this motor type, please check PDO setting!
2025-04-18 15:01:11,595 ERROR [default] Error: there is no ErrorCode in TxPDO mapping under this motor type, please check PDO setting!
2025-04-18 15:01:11,596 ERROR [default] Error: there is no ErrorCode in TxPDO mapping under this motor type, please check PDO setting!
2025-04-18 15:01:11,596 ERROR [default] Error: there is no ErrorCode in TxPDO mapping under this motor type, please check PDO setting!
2025-04-18 15:01:11,596 ERROR [default] Error: there is no ErrorCode in TxPDO mapping under this motor type, please check PDO setting!
2025-04-18 15:01:11,596 ERROR [default] Error: there is no ErrorCode in TxPDO mapping under this motor type, please check PDO setting!
2025-04-18 15:01:11,596 ERROR [default] Error: there is no ErrorCode in TxPDO mapping under this motor type, please check PDO setting!
2025-04-18 15:01:11,596 ERROR [default] Error: there is no ErrorCode in TxPDO mapping under this motor type, please check PDO setting!
2025-04-18 15:01:11,596 ERROR [default] Error: there is no ErrorCode in TxPDO mapping under this motor type, please check PDO setting!
2025-04-18 15:01:11,599 ERROR [default] Error: there is no ErrorCode in TxPDO mapping under this motor type, please check PDO setting!
2025-04-18 15:01:11,599 ERROR [default] Error: there is no ErrorCode in TxPDO mapping under this motor type, please check PDO setting!
2025-04-18 15:01:11,599 ERROR [default] Error: there is no ErrorCode in TxPDO mapping under this motor type, please check PDO setting!
2025-04-18 15:01:11,599 ERROR [default] Error: there is no ErrorCode in TxPDO mapping under this motor type, please check PDO setting!
2025-04-18 15:01:11,599 ERROR [default] Error: there is no ErrorCode in TxPDO mapping under this motor type, please check PDO setting!
2025-04-18 15:01:11,599 ERROR [default] Error: there is no ErrorCode in TxPDO mapping under this motor type, please check PDO setting!
2025-04-18 15:01:11,599 ERROR [default] Error: there is no ErrorCode in TxPDO mapping under this motor type, please check PDO setting!
2025-04-18 15:01:11,599 ERROR [default] Error: there is no ErrorCode in TxPDO mapping under this motor type, please check PDO setting!
2025-04-18 15:01:11,603 ERROR [default] Error: there is no ErrorCode in TxPDO mapping under this motor type, please check PDO setting!
2025-04-18 15:01:11,603 ERROR [default] Error: there is no ErrorCode in TxPDO mapping under this motor type, please check PDO setting!
2025-04-18 15:01:11,603 ERROR [default] Error: there is no ErrorCode in TxPDO mapping under this motor type, please check PDO setting!
2025-04-18 15:01:11,603 ERROR [default] Error: there is no ErrorCode in TxPDO mapping under this motor type, please check PDO setting!
2025-04-18 15:01:11,603 ERROR [default] Error: there is no ErrorCode in TxPDO mapping under this motor type, please check PDO setting!
2025-04-18 15:01:11,603 ERROR [default] Error: there is no ErrorCode in TxPDO mapping under this motor type, please check PDO setting!
2025-04-18 15:01:11,603 ERROR [default] Error: there is no ErrorCode in TxPDO mapping under this motor type, please check PDO setting!
2025-04-18 15:01:11,603 ERROR [default] Error: there is no ErrorCode in TxPDO mapping under this motor type, please check PDO setting!
2025-04-18 15:01:11,607 ERROR [default] Error: there is no ErrorCode in TxPDO mapping under this motor type, please check PDO setting!
2025-04-18 15:01:11,607 ERROR [default] Error: there is no ErrorCode in TxPDO mapping under this motor type, please check PDO setting!
2025-04-18 15:01:11,607 ERROR [default] Error: there is no ErrorCode in TxPDO mapping under this motor type, please check PDO setting!
2025-04-18 15:01:11,607 ERROR [default] Error: there is no ErrorCode in TxPDO mapping under this motor type, please check PDO setting!
2025-04-18 15:01:11,607 ERROR [default] Error: there is no ErrorCode in TxPDO mapping under this motor type, please check PDO setting!
2025-04-18 15:01:11,607 ERROR [default] Error: there is no ErrorCode in TxPDO mapping under this motor type, please check PDO setting!
2025-04-18 15:01:11,607 ERROR [default] Error: there is no ErrorCode in TxPDO mapping under this motor type, please check PDO setting!
2025-04-18 15:01:11,607 ERROR [default] Error: there is no ErrorCode in TxPDO mapping under this motor type, please check PDO setting!
2025-04-18 15:01:11,611 ERROR [default] Error: there is no ErrorCode in TxPDO mapping under this motor type, please check PDO setting!
2025-04-18 15:01:11,611 ERROR [default] Error: there is no ErrorCode in TxPDO mapping under this motor type, please check PDO setting!
2025-04-18 15:01:11,611 ERROR [default] Error: there is no ErrorCode in TxPDO mapping under this motor type, please check PDO setting!
2025-04-18 15:01:11,611 ERROR [default] Error: there is no ErrorCode in TxPDO mapping under this motor type, please check PDO setting!
2025-04-18 15:01:11,611 ERROR [default] Error: there is no ErrorCode in TxPDO mapping under this motor type, please check PDO setting!
2025-04-18 15:01:11,612 ERROR [default] Error: there is no ErrorCode in TxPDO mapping under this motor type, please check PDO setting!
2025-04-18 15:01:11,612 ERROR [default] Error: there is no ErrorCode in TxPDO mapping under this motor type, please check PDO setting!
2025-04-18 15:01:11,612 ERROR [default] Error: there is no ErrorCode in TxPDO mapping under this motor type, please check PDO setting!
2025-04-18 15:01:11,615 ERROR [default] Error: there is no ErrorCode in TxPDO mapping under this motor type, please check PDO setting!
2025-04-18 15:01:11,615 ERROR [default] Error: there is no ErrorCode in TxPDO mapping under this motor type, please check PDO setting!
2025-04-18 15:01:11,615 ERROR [default] Error: there is no ErrorCode in TxPDO mapping under this motor type, please check PDO setting!
2025-04-18 15:01:11,615 ERROR [default] Error: there is no ErrorCode in TxPDO mapping under this motor type, please check PDO setting!
2025-04-18 15:01:11,615 ERROR [default] Error: there is no ErrorCode in TxPDO mapping under this motor type, please check PDO setting!
2025-04-18 15:01:11,615 ERROR [default] Error: there is no ErrorCode in TxPDO mapping under this motor type, please check PDO setting!
2025-04-18 15:01:11,616 ERROR [default] Error: there is no ErrorCode in TxPDO mapping under this motor type, please check PDO setting!
2025-04-18 15:01:11,616 ERROR [default] Error: there is no ErrorCode in TxPDO mapping under this motor type, please check PDO setting!
2025-04-18 15:01:11,619 ERROR [default] Error: there is no ErrorCode in TxPDO mapping under this motor type, please check PDO setting!
2025-04-18 15:01:11,619 ERROR [default] Error: there is no ErrorCode in TxPDO mapping under this motor type, please check PDO setting!
2025-04-18 15:01:11,619 ERROR [default] Error: there is no ErrorCode in TxPDO mapping under this motor type, please check PDO setting!
2025-04-18 15:01:11,619 ERROR [default] Error: there is no ErrorCode in TxPDO mapping under this motor type, please check PDO setting!
2025-04-18 15:01:11,619 ERROR [default] Error: there is no ErrorCode in TxPDO mapping under this motor type, please check PDO setting!
2025-04-18 15:01:11,620 ERROR [default] Error: there is no ErrorCode in TxPDO mapping under this motor type, please check PDO setting!
2025-04-18 15:01:11,620 ERROR [default] Error: there is no ErrorCode in TxPDO mapping under this motor type, please check PDO setting!
2025-04-18 15:01:11,620 ERROR [default] Error: there is no ErrorCode in TxPDO mapping under this motor type, please check PDO setting!
2025-04-18 15:01:11,623 ERROR [default] Error: there is no ErrorCode in TxPDO mapping under this motor type, please check PDO setting!
2025-04-18 15:01:11,623 ERROR [default] Error: there is no ErrorCode in TxPDO mapping under this motor type, please check PDO setting!
2025-04-18 15:01:11,623 ERROR [default] Error: there is no ErrorCode in TxPDO mapping under this motor type, please check PDO setting!
2025-04-18 15:01:11,623 ERROR [default] Error: there is no ErrorCode in TxPDO mapping under this motor type, please check PDO setting!
2025-04-18 15:01:11,623 ERROR [default] Error: there is no ErrorCode in TxPDO mapping under this motor type, please check PDO setting!
2025-04-18 15:01:11,624 ERROR [default] Error: there is no ErrorCode in TxPDO mapping under this motor type, please check PDO setting!
2025-04-18 15:01:11,624 ERROR [default] Error: there is no ErrorCode in TxPDO mapping under this motor type, please check PDO setting!
2025-04-18 15:01:11,624 ERROR [default] Error: there is no ErrorCode in TxPDO mapping under this motor type, please check PDO setting!
2025-04-18 15:01:11,627 ERROR [default] Error: there is no ErrorCode in TxPDO mapping under this motor type, please check PDO setting!
2025-04-18 15:01:11,627 ERROR [default] Error: there is no ErrorCode in TxPDO mapping under this motor type, please check PDO setting!
2025-04-18 15:01:11,627 ERROR [default] Error: there is no ErrorCode in TxPDO mapping under this motor type, please check PDO setting!
2025-04-18 15:01:11,627 ERROR [default] Error: there is no ErrorCode in TxPDO mapping under this motor type, please check PDO setting!
2025-04-18 15:01:11,627 ERROR [default] Error: there is no ErrorCode in TxPDO mapping under this motor type, please check PDO setting!
2025-04-18 15:01:11,627 ERROR [default] Error: there is no ErrorCode in TxPDO mapping under this motor type, please check PDO setting!
2025-04-18 15:01:11,627 ERROR [default] Error: there is no ErrorCode in TxPDO mapping under this motor type, please check PDO setting!
2025-04-18 15:01:11,627 ERROR [default] Error: there is no ErrorCode in TxPDO mapping under this motor type, please check PDO setting!
2025-04-18 15:01:11,631 ERROR [default] Error: there is no ErrorCode in TxPDO mapping under this motor type, please check PDO setting!
2025-04-18 15:01:11,631 ERROR [default] Error: there is no ErrorCode in TxPDO mapping under this motor type, please check PDO setting!
2025-04-18 15:01:11,631 ERROR [default] Error: there is no ErrorCode in TxPDO mapping under this motor type, please check PDO setting!
2025-04-18 15:01:11,631 ERROR [default] Error: there is no ErrorCode in TxPDO mapping under this motor type, please check PDO setting!
2025-04-18 15:01:11,631 ERROR [default] Error: there is no ErrorCode in TxPDO mapping under this motor type, please check PDO setting!
2025-04-18 15:01:11,631 ERROR [default] Error: there is no ErrorCode in TxPDO mapping under this motor type, please check PDO setting!
2025-04-18 15:01:11,631 ERROR [default] Error: there is no ErrorCode in TxPDO mapping under this motor type, please check PDO setting!
2025-04-18 15:01:11,631 ERROR [default] Error: there is no ErrorCode in TxPDO mapping under this motor type, please check PDO setting!
2025-04-18 15:01:11,635 ERROR [default] Error: there is no ErrorCode in TxPDO mapping under this motor type, please check PDO setting!
2025-04-18 15:01:11,635 ERROR [default] Error: there is no ErrorCode in TxPDO mapping under this motor type, please check PDO setting!
2025-04-18 15:01:11,636 ERROR [default] Error: there is no ErrorCode in TxPDO mapping under this motor type, please check PDO setting!
2025-04-18 15:01:11,636 ERROR [default] Error: there is no ErrorCode in TxPDO mapping under this motor type, please check PDO setting!
2025-04-18 15:01:11,636 ERROR [default] Error: there is no ErrorCode in TxPDO mapping under this motor type, please check PDO setting!
2025-04-18 15:01:11,636 ERROR [default] Error: there is no ErrorCode in TxPDO mapping under this motor type, please check PDO setting!
2025-04-18 15:01:11,636 ERROR [default] Error: there is no ErrorCode in TxPDO mapping under this motor type, please check PDO setting!
2025-04-18 15:01:11,636 ERROR [default] Error: there is no ErrorCode in TxPDO mapping under this motor type, please check PDO setting!
2025-04-18 15:01:11,639 ERROR [default] Error: there is no ErrorCode in TxPDO mapping under this motor type, please check PDO setting!
2025-04-18 15:01:11,639 ERROR [default] Error: there is no ErrorCode in TxPDO mapping under this motor type, please check PDO setting!
2025-04-18 15:01:11,639 ERROR [default] Error: there is no ErrorCode in TxPDO mapping under this motor type, please check PDO setting!
2025-04-18 15:01:11,639 ERROR [default] Error: there is no ErrorCode in TxPDO mapping under this motor type, please check PDO setting!
2025-04-18 15:01:11,639 ERROR [default] Error: there is no ErrorCode in TxPDO mapping under this motor type, please check PDO setting!
2025-04-18 15:01:11,639 ERROR [default] Error: there is no ErrorCode in TxPDO mapping under this motor type, please check PDO setting!
2025-04-18 15:01:11,639 ERROR [default] Error: there is no ErrorCode in TxPDO mapping under this motor type, please check PDO setting!
2025-04-18 15:01:11,639 ERROR [default] Error: there is no ErrorCode in TxPDO mapping under this motor type, please check PDO setting!
2025-04-18 15:01:11,643 ERROR [default] Error: there is no ErrorCode in TxPDO mapping under this motor type, please check PDO setting!
2025-04-18 15:01:11,643 ERROR [default] Error: there is no ErrorCode in TxPDO mapping under this motor type, please check PDO setting!
2025-04-18 15:01:11,643 ERROR [default] Error: there is no ErrorCode in TxPDO mapping under this motor type, please check PDO setting!
2025-04-18 15:01:11,643 ERROR [default] Error: there is no ErrorCode in TxPDO mapping under this motor type, please check PDO setting!
2025-04-18 15:01:11,643 ERROR [default] Error: there is no ErrorCode in TxPDO mapping under this motor type, please check PDO setting!
2025-04-18 15:01:11,643 ERROR [default] Error: there is no ErrorCode in TxPDO mapping under this motor type, please check PDO setting!
2025-04-18 15:01:11,643 ERROR [default] Error: there is no ErrorCode in TxPDO mapping under this motor type, please check PDO setting!
2025-04-18 15:01:11,643 ERROR [default] Error: there is no ErrorCode in TxPDO mapping under this motor type, please check PDO setting!
2025-04-18 15:01:11,647 ERROR [default] Error: there is no ErrorCode in TxPDO mapping under this motor type, please check PDO setting!
2025-04-18 15:01:11,647 ERROR [default] Error: there is no ErrorCode in TxPDO mapping under this motor type, please check PDO setting!
2025-04-18 15:01:11,647 ERROR [default] Error: there is no ErrorCode in TxPDO mapping under this motor type, please check PDO setting!
2025-04-18 15:01:11,647 ERROR [default] Error: there is no ErrorCode in TxPDO mapping under this motor type, please check PDO setting!
2025-04-18 15:01:11,647 ERROR [default] Error: there is no ErrorCode in TxPDO mapping under this motor type, please check PDO setting!
2025-04-18 15:01:11,647 ERROR [default] Error: there is no ErrorCode in TxPDO mapping under this motor type, please check PDO setting!
2025-04-18 15:01:11,647 ERROR [default] Error: there is no ErrorCode in TxPDO mapping under this motor type, please check PDO setting!
2025-04-18 15:01:11,647 ERROR [default] Error: there is no ErrorCode in TxPDO mapping under this motor type, please check PDO setting!
2025-04-18 15:01:11,651 ERROR [default] Error: there is no ErrorCode in TxPDO mapping under this motor type, please check PDO setting!
2025-04-18 15:01:11,651 ERROR [default] Error: there is no ErrorCode in TxPDO mapping under this motor type, please check PDO setting!
2025-04-18 15:01:11,651 ERROR [default] Error: there is no ErrorCode in TxPDO mapping under this motor type, please check PDO setting!
2025-04-18 15:01:11,651 ERROR [default] Error: there is no ErrorCode in TxPDO mapping under this motor type, please check PDO setting!
2025-04-18 15:01:11,651 ERROR [default] Error: there is no ErrorCode in TxPDO mapping under this motor type, please check PDO setting!
2025-04-18 15:01:11,651 ERROR [default] Error: there is no ErrorCode in TxPDO mapping under this motor type, please check PDO setting!
2025-04-18 15:01:11,651 ERROR [default] Error: there is no ErrorCode in TxPDO mapping under this motor type, please check PDO setting!
2025-04-18 15:01:11,651 ERROR [default] Error: there is no ErrorCode in TxPDO mapping under this motor type, please check PDO setting!
2025-04-18 15:01:11,655 ERROR [default] Error: there is no ErrorCode in TxPDO mapping under this motor type, please check PDO setting!
2025-04-18 15:01:11,656 ERROR [default] Error: there is no ErrorCode in TxPDO mapping under this motor type, please check PDO setting!
2025-04-18 15:01:11,656 ERROR [default] Error: there is no ErrorCode in TxPDO mapping under this motor type, please check PDO setting!
2025-04-18 15:01:11,656 ERROR [default] Error: there is no ErrorCode in TxPDO mapping under this motor type, please check PDO setting!
2025-04-18 15:01:11,656 ERROR [default] Error: there is no ErrorCode in TxPDO mapping under this motor type, please check PDO setting!
2025-04-18 15:01:11,656 ERROR [default] Error: there is no ErrorCode in TxPDO mapping under this motor type, please check PDO setting!
2025-04-18 15:01:11,656 ERROR [default] Error: there is no ErrorCode in TxPDO mapping under this motor type, please check PDO setting!
2025-04-18 15:01:11,656 ERROR [default] Error: there is no ErrorCode in TxPDO mapping under this motor type, please check PDO setting!
2025-04-18 15:01:11,659 ERROR [default] Error: there is no ErrorCode in TxPDO mapping under this motor type, please check PDO setting!
2025-04-18 15:01:11,659 ERROR [default] Error: there is no ErrorCode in TxPDO mapping under this motor type, please check PDO setting!
2025-04-18 15:01:11,659 ERROR [default] Error: there is no ErrorCode in TxPDO mapping under this motor type, please check PDO setting!
2025-04-18 15:01:11,659 ERROR [default] Error: there is no ErrorCode in TxPDO mapping under this motor type, please check PDO setting!
2025-04-18 15:01:11,659 ERROR [default] Error: there is no ErrorCode in TxPDO mapping under this motor type, please check PDO setting!
2025-04-18 15:01:11,659 ERROR [default] Error: there is no ErrorCode in TxPDO mapping under this motor type, please check PDO setting!
2025-04-18 15:01:11,659 ERROR [default] Error: there is no ErrorCode in TxPDO mapping under this motor type, please check PDO setting!
2025-04-18 15:01:11,659 ERROR [default] Error: there is no ErrorCode in TxPDO mapping under this motor type, please check PDO setting!
2025-04-18 15:01:11,663 ERROR [default] Error: there is no ErrorCode in TxPDO mapping under this motor type, please check PDO setting!
2025-04-18 15:01:11,663 ERROR [default] Error: there is no ErrorCode in TxPDO mapping under this motor type, please check PDO setting!
2025-04-18 15:01:11,663 ERROR [default] Error: there is no ErrorCode in TxPDO mapping under this motor type, please check PDO setting!
2025-04-18 15:01:11,663 ERROR [default] Error: there is no ErrorCode in TxPDO mapping under this motor type, please check PDO setting!
2025-04-18 15:01:11,663 ERROR [default] Error: there is no ErrorCode in TxPDO mapping under this motor type, please check PDO setting!
2025-04-18 15:01:11,663 ERROR [default] Error: there is no ErrorCode in TxPDO mapping under this motor type, please check PDO setting!
2025-04-18 15:01:11,663 ERROR [default] Error: there is no ErrorCode in TxPDO mapping under this motor type, please check PDO setting!
2025-04-18 15:01:11,663 ERROR [default] Error: there is no ErrorCode in TxPDO mapping under this motor type, please check PDO setting!
2025-04-18 15:01:11,667 ERROR [default] Error: there is no ErrorCode in TxPDO mapping under this motor type, please check PDO setting!
2025-04-18 15:01:11,667 ERROR [default] Error: there is no ErrorCode in TxPDO mapping under this motor type, please check PDO setting!
2025-04-18 15:01:11,667 ERROR [default] Error: there is no ErrorCode in TxPDO mapping under this motor type, please check PDO setting!
2025-04-18 15:01:11,667 ERROR [default] Error: there is no ErrorCode in TxPDO mapping under this motor type, please check PDO setting!
2025-04-18 15:01:11,667 ERROR [default] Error: there is no ErrorCode in TxPDO mapping under this motor type, please check PDO setting!
2025-04-18 15:01:11,668 ERROR [default] Error: there is no ErrorCode in TxPDO mapping under this motor type, please check PDO setting!
2025-04-18 15:01:11,668 ERROR [default] Error: there is no ErrorCode in TxPDO mapping under this motor type, please check PDO setting!
2025-04-18 15:01:11,668 ERROR [default] Error: there is no ErrorCode in TxPDO mapping under this motor type, please check PDO setting!
2025-04-18 15:01:11,671 ERROR [default] Error: there is no ErrorCode in TxPDO mapping under this motor type, please check PDO setting!
2025-04-18 15:01:11,671 ERROR [default] Error: there is no ErrorCode in TxPDO mapping under this motor type, please check PDO setting!
2025-04-18 15:01:11,671 ERROR [default] Error: there is no ErrorCode in TxPDO mapping under this motor type, please check PDO setting!
2025-04-18 15:01:11,671 ERROR [default] Error: there is no ErrorCode in TxPDO mapping under this motor type, please check PDO setting!
2025-04-18 15:01:11,671 ERROR [default] Error: there is no ErrorCode in TxPDO mapping under this motor type, please check PDO setting!
2025-04-18 15:01:11,671 ERROR [default] Error: there is no ErrorCode in TxPDO mapping under this motor type, please check PDO setting!
2025-04-18 15:01:11,671 ERROR [default] Error: there is no ErrorCode in TxPDO mapping under this motor type, please check PDO setting!
2025-04-18 15:01:11,671 ERROR [default] Error: there is no ErrorCode in TxPDO mapping under this motor type, please check PDO setting!
2025-04-18 15:01:11,675 ERROR [default] Error: there is no ErrorCode in TxPDO mapping under this motor type, please check PDO setting!
2025-04-18 15:01:11,675 ERROR [default] Error: there is no ErrorCode in TxPDO mapping under this motor type, please check PDO setting!
2025-04-18 15:01:11,675 ERROR [default] Error: there is no ErrorCode in TxPDO mapping under this motor type, please check PDO setting!
2025-04-18 15:01:11,675 ERROR [default] Error: there is no ErrorCode in TxPDO mapping under this motor type, please check PDO setting!
2025-04-18 15:01:11,675 ERROR [default] Error: there is no ErrorCode in TxPDO mapping under this motor type, please check PDO setting!
2025-04-18 15:01:11,675 ERROR [default] Error: there is no ErrorCode in TxPDO mapping under this motor type, please check PDO setting!
2025-04-18 15:01:11,675 ERROR [default] Error: there is no ErrorCode in TxPDO mapping under this motor type, please check PDO setting!
2025-04-18 15:01:11,675 ERROR [default] Error: there is no ErrorCode in TxPDO mapping under this motor type, please check PDO setting!
2025-04-18 15:01:11,679 ERROR [default] Error: there is no ErrorCode in TxPDO mapping under this motor type, please check PDO setting!
2025-04-18 15:01:11,679 ERROR [default] Error: there is no ErrorCode in TxPDO mapping under this motor type, please check PDO setting!
2025-04-18 15:01:11,679 ERROR [default] Error: there is no ErrorCode in TxPDO mapping under this motor type, please check PDO setting!
2025-04-18 15:01:11,679 ERROR [default] Error: there is no ErrorCode in TxPDO mapping under this motor type, please check PDO setting!
2025-04-18 15:01:11,679 ERROR [default] Error: there is no ErrorCode in TxPDO mapping under this motor type, please check PDO setting!
2025-04-18 15:01:11,679 ERROR [default] Error: there is no ErrorCode in TxPDO mapping under this motor type, please check PDO setting!
2025-04-18 15:01:11,679 ERROR [default] Error: there is no ErrorCode in TxPDO mapping under this motor type, please check PDO setting!
2025-04-18 15:01:11,680 ERROR [default] Error: there is no ErrorCode in TxPDO mapping under this motor type, please check PDO setting!
2025-04-18 15:01:11,683 ERROR [default] Error: there is no ErrorCode in TxPDO mapping under this motor type, please check PDO setting!
2025-04-18 15:01:11,683 ERROR [default] Error: there is no ErrorCode in TxPDO mapping under this motor type, please check PDO setting!
2025-04-18 15:01:11,683 ERROR [default] Error: there is no ErrorCode in TxPDO mapping under this motor type, please check PDO setting!
2025-04-18 15:01:11,683 ERROR [default] Error: there is no ErrorCode in TxPDO mapping under this motor type, please check PDO setting!
2025-04-18 15:01:11,683 ERROR [default] Error: there is no ErrorCode in TxPDO mapping under this motor type, please check PDO setting!
2025-04-18 15:01:11,683 ERROR [default] Error: there is no ErrorCode in TxPDO mapping under this motor type, please check PDO setting!
2025-04-18 15:01:11,683 ERROR [default] Error: there is no ErrorCode in TxPDO mapping under this motor type, please check PDO setting!
2025-04-18 15:01:11,683 ERROR [default] Error: there is no ErrorCode in TxPDO mapping under this motor type, please check PDO setting!
2025-04-18 15:01:11,687 ERROR [default] Error: there is no ErrorCode in TxPDO mapping under this motor type, please check PDO setting!
2025-04-18 15:01:11,687 ERROR [default] Error: there is no ErrorCode in TxPDO mapping under this motor type, please check PDO setting!
2025-04-18 15:01:11,687 ERROR [default] Error: there is no ErrorCode in TxPDO mapping under this motor type, please check PDO setting!
2025-04-18 15:01:11,687 ERROR [default] Error: there is no ErrorCode in TxPDO mapping under this motor type, please check PDO setting!
2025-04-18 15:01:11,687 ERROR [default] Error: there is no ErrorCode in TxPDO mapping under this motor type, please check PDO setting!
2025-04-18 15:01:11,687 ERROR [default] Error: there is no ErrorCode in TxPDO mapping under this motor type, please check PDO setting!
2025-04-18 15:01:11,687 ERROR [default] Error: there is no ErrorCode in TxPDO mapping under this motor type, please check PDO setting!
2025-04-18 15:01:11,687 ERROR [default] Error: there is no ErrorCode in TxPDO mapping under this motor type, please check PDO setting!
2025-04-18 15:01:11,691 ERROR [default] Error: there is no ErrorCode in TxPDO mapping under this motor type, please check PDO setting!
2025-04-18 15:01:11,691 ERROR [default] Error: there is no ErrorCode in TxPDO mapping under this motor type, please check PDO setting!
2025-04-18 15:01:11,691 ERROR [default] Error: there is no ErrorCode in TxPDO mapping under this motor type, please check PDO setting!
2025-04-18 15:01:11,691 ERROR [default] Error: there is no ErrorCode in TxPDO mapping under this motor type, please check PDO setting!
2025-04-18 15:01:11,691 ERROR [default] Error: there is no ErrorCode in TxPDO mapping under this motor type, please check PDO setting!
2025-04-18 15:01:11,691 ERROR [default] Error: there is no ErrorCode in TxPDO mapping under this motor type, please check PDO setting!
2025-04-18 15:01:11,692 ERROR [default] Error: there is no ErrorCode in TxPDO mapping under this motor type, please check PDO setting!
2025-04-18 15:01:11,692 ERROR [default] Error: there is no ErrorCode in TxPDO mapping under this motor type, please check PDO setting!
2025-04-18 15:01:11,696 ERROR [default] Error: there is no ErrorCode in TxPDO mapping under this motor type, please check PDO setting!
2025-04-18 15:01:11,696 ERROR [default] Error: there is no ErrorCode in TxPDO mapping under this motor type, please check PDO setting!
2025-04-18 15:01:11,696 ERROR [default] Error: there is no ErrorCode in TxPDO mapping under this motor type, please check PDO setting!
2025-04-18 15:01:11,696 ERROR [default] Error: there is no ErrorCode in TxPDO mapping under this motor type, please check PDO setting!
2025-04-18 15:01:11,696 ERROR [default] Error: there is no ErrorCode in TxPDO mapping under this motor type, please check PDO setting!
2025-04-18 15:01:11,696 ERROR [default] Error: there is no ErrorCode in TxPDO mapping under this motor type, please check PDO setting!
2025-04-18 15:01:11,696 ERROR [default] Error: there is no ErrorCode in TxPDO mapping under this motor type, please check PDO setting!
2025-04-18 15:01:11,696 ERROR [default] Error: there is no ErrorCode in TxPDO mapping under this motor type, please check PDO setting!
2025-04-18 15:01:11,699 ERROR [default] Error: there is no ErrorCode in TxPDO mapping under this motor type, please check PDO setting!
2025-04-18 15:01:11,699 ERROR [default] Error: there is no ErrorCode in TxPDO mapping under this motor type, please check PDO setting!
2025-04-18 15:01:11,699 ERROR [default] Error: there is no ErrorCode in TxPDO mapping under this motor type, please check PDO setting!
2025-04-18 15:01:11,699 ERROR [default] Error: there is no ErrorCode in TxPDO mapping under this motor type, please check PDO setting!
2025-04-18 15:01:11,699 ERROR [default] Error: there is no ErrorCode in TxPDO mapping under this motor type, please check PDO setting!
2025-04-18 15:01:11,699 ERROR [default] Error: there is no ErrorCode in TxPDO mapping under this motor type, please check PDO setting!
2025-04-18 15:01:11,699 ERROR [default] Error: there is no ErrorCode in TxPDO mapping under this motor type, please check PDO setting!
2025-04-18 15:01:11,699 ERROR [default] Error: there is no ErrorCode in TxPDO mapping under this motor type, please check PDO setting!
2025-04-18 15:01:11,703 ERROR [default] Error: there is no ErrorCode in TxPDO mapping under this motor type, please check PDO setting!
2025-04-18 15:01:11,703 ERROR [default] Error: there is no ErrorCode in TxPDO mapping under this motor type, please check PDO setting!
2025-04-18 15:01:11,703 ERROR [default] Error: there is no ErrorCode in TxPDO mapping under this motor type, please check PDO setting!
2025-04-18 15:01:11,703 ERROR [default] Error: there is no ErrorCode in TxPDO mapping under this motor type, please check PDO setting!
2025-04-18 15:01:11,703 ERROR [default] Error: there is no ErrorCode in TxPDO mapping under this motor type, please check PDO setting!
2025-04-18 15:01:11,703 ERROR [default] Error: there is no ErrorCode in TxPDO mapping under this motor type, please check PDO setting!
2025-04-18 15:01:11,703 ERROR [default] Error: there is no ErrorCode in TxPDO mapping under this motor type, please check PDO setting!
2025-04-18 15:01:11,703 ERROR [default] Error: there is no ErrorCode in TxPDO mapping under this motor type, please check PDO setting!
2025-04-18 15:01:11,707 ERROR [default] Error: there is no ErrorCode in TxPDO mapping under this motor type, please check PDO setting!
2025-04-18 15:01:11,707 ERROR [default] Error: there is no ErrorCode in TxPDO mapping under this motor type, please check PDO setting!
2025-04-18 15:01:11,707 ERROR [default] Error: there is no ErrorCode in TxPDO mapping under this motor type, please check PDO setting!
2025-04-18 15:01:11,707 ERROR [default] Error: there is no ErrorCode in TxPDO mapping under this motor type, please check PDO setting!
2025-04-18 15:01:11,707 ERROR [default] Error: there is no ErrorCode in TxPDO mapping under this motor type, please check PDO setting!
2025-04-18 15:01:11,707 ERROR [default] Error: there is no ErrorCode in TxPDO mapping under this motor type, please check PDO setting!
2025-04-18 15:01:11,707 ERROR [default] Error: there is no ErrorCode in TxPDO mapping under this motor type, please check PDO setting!
2025-04-18 15:01:11,707 ERROR [default] Error: there is no ErrorCode in TxPDO mapping under this motor type, please check PDO setting!
2025-04-18 15:01:11,711 ERROR [default] Error: there is no ErrorCode in TxPDO mapping under this motor type, please check PDO setting!
2025-04-18 15:01:11,711 ERROR [default] Error: there is no ErrorCode in TxPDO mapping under this motor type, please check PDO setting!
2025-04-18 15:01:11,711 ERROR [default] Error: there is no ErrorCode in TxPDO mapping under this motor type, please check PDO setting!
2025-04-18 15:01:11,711 ERROR [default] Error: there is no ErrorCode in TxPDO mapping under this motor type, please check PDO setting!
2025-04-18 15:01:11,711 ERROR [default] Error: there is no ErrorCode in TxPDO mapping under this motor type, please check PDO setting!
2025-04-18 15:01:11,711 ERROR [default] Error: there is no ErrorCode in TxPDO mapping under this motor type, please check PDO setting!
2025-04-18 15:01:11,711 ERROR [default] Error: there is no ErrorCode in TxPDO mapping under this motor type, please check PDO setting!
2025-04-18 15:01:11,711 ERROR [default] Error: there is no ErrorCode in TxPDO mapping under this motor type, please check PDO setting!
2025-04-18 15:01:11,715 ERROR [default] Error: there is no ErrorCode in TxPDO mapping under this motor type, please check PDO setting!
2025-04-18 15:01:11,715 ERROR [default] Error: there is no ErrorCode in TxPDO mapping under this motor type, please check PDO setting!
2025-04-18 15:01:11,715 ERROR [default] Error: there is no ErrorCode in TxPDO mapping under this motor type, please check PDO setting!
2025-04-18 15:01:11,715 ERROR [default] Error: there is no ErrorCode in TxPDO mapping under this motor type, please check PDO setting!
2025-04-18 15:01:11,715 ERROR [default] Error: there is no ErrorCode in TxPDO mapping under this motor type, please check PDO setting!
2025-04-18 15:01:11,715 ERROR [default] Error: there is no ErrorCode in TxPDO mapping under this motor type, please check PDO setting!
2025-04-18 15:01:11,715 ERROR [default] Error: there is no ErrorCode in TxPDO mapping under this motor type, please check PDO setting!
2025-04-18 15:01:11,715 ERROR [default] Error: there is no ErrorCode in TxPDO mapping under this motor type, please check PDO setting!
2025-04-18 15:01:11,719 ERROR [default] Error: there is no ErrorCode in TxPDO mapping under this motor type, please check PDO setting!
2025-04-18 15:01:11,719 ERROR [default] Error: there is no ErrorCode in TxPDO mapping under this motor type, please check PDO setting!
2025-04-18 15:01:11,719 ERROR [default] Error: there is no ErrorCode in TxPDO mapping under this motor type, please check PDO setting!
2025-04-18 15:01:11,719 ERROR [default] Error: there is no ErrorCode in TxPDO mapping under this motor type, please check PDO setting!
2025-04-18 15:01:11,719 ERROR [default] Error: there is no ErrorCode in TxPDO mapping under this motor type, please check PDO setting!
2025-04-18 15:01:11,719 ERROR [default] Error: there is no ErrorCode in TxPDO mapping under this motor type, please check PDO setting!
2025-04-18 15:01:11,719 ERROR [default] Error: there is no ErrorCode in TxPDO mapping under this motor type, please check PDO setting!
2025-04-18 15:01:11,719 ERROR [default] Error: there is no ErrorCode in TxPDO mapping under this motor type, please check PDO setting!
2025-04-18 15:01:11,723 ERROR [default] Error: there is no ErrorCode in TxPDO mapping under this motor type, please check PDO setting!
2025-04-18 15:01:11,723 ERROR [default] Error: there is no ErrorCode in TxPDO mapping under this motor type, please check PDO setting!
2025-04-18 15:01:11,723 ERROR [default] Error: there is no ErrorCode in TxPDO mapping under this motor type, please check PDO setting!
2025-04-18 15:01:11,723 ERROR [default] Error: there is no ErrorCode in TxPDO mapping under this motor type, please check PDO setting!
2025-04-18 15:01:11,723 ERROR [default] Error: there is no ErrorCode in TxPDO mapping under this motor type, please check PDO setting!
2025-04-18 15:01:11,723 ERROR [default] Error: there is no ErrorCode in TxPDO mapping under this motor type, please check PDO setting!
2025-04-18 15:01:11,723 ERROR [default] Error: there is no ErrorCode in TxPDO mapping under this motor type, please check PDO setting!
2025-04-18 15:01:11,723 ERROR [default] Error: there is no ErrorCode in TxPDO mapping under this motor type, please check PDO setting!
2025-04-18 15:01:11,727 ERROR [default] Error: there is no ErrorCode in TxPDO mapping under this motor type, please check PDO setting!
2025-04-18 15:01:11,727 ERROR [default] Error: there is no ErrorCode in TxPDO mapping under this motor type, please check PDO setting!
2025-04-18 15:01:11,727 ERROR [default] Error: there is no ErrorCode in TxPDO mapping under this motor type, please check PDO setting!
2025-04-18 15:01:11,727 ERROR [default] Error: there is no ErrorCode in TxPDO mapping under this motor type, please check PDO setting!
2025-04-18 15:01:11,727 ERROR [default] Error: there is no ErrorCode in TxPDO mapping under this motor type, please check PDO setting!
2025-04-18 15:01:11,727 ERROR [default] Error: there is no ErrorCode in TxPDO mapping under this motor type, please check PDO setting!
2025-04-18 15:01:11,727 ERROR [default] Error: there is no ErrorCode in TxPDO mapping under this motor type, please check PDO setting!
2025-04-18 15:01:11,727 ERROR [default] Error: there is no ErrorCode in TxPDO mapping under this motor type, please check PDO setting!
2025-04-18 15:01:11,731 ERROR [default] Error: there is no ErrorCode in TxPDO mapping under this motor type, please check PDO setting!
2025-04-18 15:01:11,731 ERROR [default] Error: there is no ErrorCode in TxPDO mapping under this motor type, please check PDO setting!
2025-04-18 15:01:11,731 ERROR [default] Error: there is no ErrorCode in TxPDO mapping under this motor type, please check PDO setting!
2025-04-18 15:01:11,731 ERROR [default] Error: there is no ErrorCode in TxPDO mapping under this motor type, please check PDO setting!
2025-04-18 15:01:11,731 ERROR [default] Error: there is no ErrorCode in TxPDO mapping under this motor type, please check PDO setting!
2025-04-18 15:01:11,731 ERROR [default] Error: there is no ErrorCode in TxPDO mapping under this motor type, please check PDO setting!
2025-04-18 15:01:11,731 ERROR [default] Error: there is no ErrorCode in TxPDO mapping under this motor type, please check PDO setting!
2025-04-18 15:01:11,731 ERROR [default] Error: there is no ErrorCode in TxPDO mapping under this motor type, please check PDO setting!
2025-04-18 15:01:11,735 ERROR [default] Error: there is no ErrorCode in TxPDO mapping under this motor type, please check PDO setting!
2025-04-18 15:01:11,735 ERROR [default] Error: there is no ErrorCode in TxPDO mapping under this motor type, please check PDO setting!
2025-04-18 15:01:11,735 ERROR [default] Error: there is no ErrorCode in TxPDO mapping under this motor type, please check PDO setting!
2025-04-18 15:01:11,735 ERROR [default] Error: there is no ErrorCode in TxPDO mapping under this motor type, please check PDO setting!
2025-04-18 15:01:11,735 ERROR [default] Error: there is no ErrorCode in TxPDO mapping under this motor type, please check PDO setting!
2025-04-18 15:01:11,735 ERROR [default] Error: there is no ErrorCode in TxPDO mapping under this motor type, please check PDO setting!
2025-04-18 15:01:11,735 ERROR [default] Error: there is no ErrorCode in TxPDO mapping under this motor type, please check PDO setting!
2025-04-18 15:01:11,735 ERROR [default] Error: there is no ErrorCode in TxPDO mapping under this motor type, please check PDO setting!
2025-04-18 15:01:11,739 ERROR [default] Error: there is no ErrorCode in TxPDO mapping under this motor type, please check PDO setting!
2025-04-18 15:01:11,739 ERROR [default] Error: there is no ErrorCode in TxPDO mapping under this motor type, please check PDO setting!
2025-04-18 15:01:11,739 ERROR [default] Error: there is no ErrorCode in TxPDO mapping under this motor type, please check PDO setting!
2025-04-18 15:01:11,739 ERROR [default] Error: there is no ErrorCode in TxPDO mapping under this motor type, please check PDO setting!
2025-04-18 15:01:11,739 ERROR [default] Error: there is no ErrorCode in TxPDO mapping under this motor type, please check PDO setting!
2025-04-18 15:01:11,739 ERROR [default] Error: there is no ErrorCode in TxPDO mapping under this motor type, please check PDO setting!
2025-04-18 15:01:11,739 ERROR [default] Error: there is no ErrorCode in TxPDO mapping under this motor type, please check PDO setting!
2025-04-18 15:01:11,739 ERROR [default] Error: there is no ErrorCode in TxPDO mapping under this motor type, please check PDO setting!
2025-04-18 15:01:11,743 ERROR [default] Error: there is no ErrorCode in TxPDO mapping under this motor type, please check PDO setting!
2025-04-18 15:01:11,743 ERROR [default] Error: there is no ErrorCode in TxPDO mapping under this motor type, please check PDO setting!
2025-04-18 15:01:11,743 ERROR [default] Error: there is no ErrorCode in TxPDO mapping under this motor type, please check PDO setting!
2025-04-18 15:01:11,743 ERROR [default] Error: there is no ErrorCode in TxPDO mapping under this motor type, please check PDO setting!
2025-04-18 15:01:11,743 ERROR [default] Error: there is no ErrorCode in TxPDO mapping under this motor type, please check PDO setting!
2025-04-18 15:01:11,743 ERROR [default] Error: there is no ErrorCode in TxPDO mapping under this motor type, please check PDO setting!
2025-04-18 15:01:11,743 ERROR [default] Error: there is no ErrorCode in TxPDO mapping under this motor type, please check PDO setting!
2025-04-18 15:01:11,743 ERROR [default] Error: there is no ErrorCode in TxPDO mapping under this motor type, please check PDO setting!
2025-04-18 15:01:11,747 ERROR [default] Error: there is no ErrorCode in TxPDO mapping under this motor type, please check PDO setting!
2025-04-18 15:01:11,747 ERROR [default] Error: there is no ErrorCode in TxPDO mapping under this motor type, please check PDO setting!
2025-04-18 15:01:11,747 ERROR [default] Error: there is no ErrorCode in TxPDO mapping under this motor type, please check PDO setting!
2025-04-18 15:01:11,747 ERROR [default] Error: there is no ErrorCode in TxPDO mapping under this motor type, please check PDO setting!
2025-04-18 15:01:11,747 ERROR [default] Error: there is no ErrorCode in TxPDO mapping under this motor type, please check PDO setting!
2025-04-18 15:01:11,747 ERROR [default] Error: there is no ErrorCode in TxPDO mapping under this motor type, please check PDO setting!
2025-04-18 15:01:11,747 ERROR [default] Error: there is no ErrorCode in TxPDO mapping under this motor type, please check PDO setting!
2025-04-18 15:01:11,747 ERROR [default] Error: there is no ErrorCode in TxPDO mapping under this motor type, please check PDO setting!
2025-04-18 15:01:11,751 ERROR [default] Error: there is no ErrorCode in TxPDO mapping under this motor type, please check PDO setting!
2025-04-18 15:01:11,751 ERROR [default] Error: there is no ErrorCode in TxPDO mapping under this motor type, please check PDO setting!
2025-04-18 15:01:11,751 ERROR [default] Error: there is no ErrorCode in TxPDO mapping under this motor type, please check PDO setting!
2025-04-18 15:01:11,751 ERROR [default] Error: there is no ErrorCode in TxPDO mapping under this motor type, please check PDO setting!
2025-04-18 15:01:11,751 ERROR [default] Error: there is no ErrorCode in TxPDO mapping under this motor type, please check PDO setting!
2025-04-18 15:01:11,751 ERROR [default] Error: there is no ErrorCode in TxPDO mapping under this motor type, please check PDO setting!
2025-04-18 15:01:11,751 ERROR [default] Error: there is no ErrorCode in TxPDO mapping under this motor type, please check PDO setting!
2025-04-18 15:01:11,751 ERROR [default] Error: there is no ErrorCode in TxPDO mapping under this motor type, please check PDO setting!
2025-04-18 15:01:11,755 ERROR [default] Error: there is no ErrorCode in TxPDO mapping under this motor type, please check PDO setting!
2025-04-18 15:01:11,755 ERROR [default] Error: there is no ErrorCode in TxPDO mapping under this motor type, please check PDO setting!
2025-04-18 15:01:11,755 ERROR [default] Error: there is no ErrorCode in TxPDO mapping under this motor type, please check PDO setting!
2025-04-18 15:01:11,755 ERROR [default] Error: there is no ErrorCode in TxPDO mapping under this motor type, please check PDO setting!
2025-04-18 15:01:11,755 ERROR [default] Error: there is no ErrorCode in TxPDO mapping under this motor type, please check PDO setting!
2025-04-18 15:01:11,755 ERROR [default] Error: there is no ErrorCode in TxPDO mapping under this motor type, please check PDO setting!
2025-04-18 15:01:11,755 ERROR [default] Error: there is no ErrorCode in TxPDO mapping under this motor type, please check PDO setting!
2025-04-18 15:01:11,755 ERROR [default] Error: there is no ErrorCode in TxPDO mapping under this motor type, please check PDO setting!
2025-04-18 15:01:11,759 ERROR [default] Error: there is no ErrorCode in TxPDO mapping under this motor type, please check PDO setting!
2025-04-18 15:01:11,759 ERROR [default] Error: there is no ErrorCode in TxPDO mapping under this motor type, please check PDO setting!
2025-04-18 15:01:11,759 ERROR [default] Error: there is no ErrorCode in TxPDO mapping under this motor type, please check PDO setting!
2025-04-18 15:01:11,759 ERROR [default] Error: there is no ErrorCode in TxPDO mapping under this motor type, please check PDO setting!
2025-04-18 15:01:11,759 ERROR [default] Error: there is no ErrorCode in TxPDO mapping under this motor type, please check PDO setting!
2025-04-18 15:01:11,759 ERROR [default] Error: there is no ErrorCode in TxPDO mapping under this motor type, please check PDO setting!
2025-04-18 15:01:11,759 ERROR [default] Error: there is no ErrorCode in TxPDO mapping under this motor type, please check PDO setting!
2025-04-18 15:01:11,759 ERROR [default] Error: there is no ErrorCode in TxPDO mapping under this motor type, please check PDO setting!
2025-04-18 15:01:11,763 ERROR [default] Error: there is no ErrorCode in TxPDO mapping under this motor type, please check PDO setting!
2025-04-18 15:01:11,763 ERROR [default] Error: there is no ErrorCode in TxPDO mapping under this motor type, please check PDO setting!
2025-04-18 15:01:11,763 ERROR [default] Error: there is no ErrorCode in TxPDO mapping under this motor type, please check PDO setting!
2025-04-18 15:01:11,763 ERROR [default] Error: there is no ErrorCode in TxPDO mapping under this motor type, please check PDO setting!
2025-04-18 15:01:11,763 ERROR [default] Error: there is no ErrorCode in TxPDO mapping under this motor type, please check PDO setting!
2025-04-18 15:01:11,763 ERROR [default] Error: there is no ErrorCode in TxPDO mapping under this motor type, please check PDO setting!
2025-04-18 15:01:11,763 ERROR [default] Error: there is no ErrorCode in TxPDO mapping under this motor type, please check PDO setting!
2025-04-18 15:01:11,763 ERROR [default] Error: there is no ErrorCode in TxPDO mapping under this motor type, please check PDO setting!
2025-04-18 15:01:11,767 ERROR [default] Error: there is no ErrorCode in TxPDO mapping under this motor type, please check PDO setting!
2025-04-18 15:01:11,767 ERROR [default] Error: there is no ErrorCode in TxPDO mapping under this motor type, please check PDO setting!
2025-04-18 15:01:11,767 ERROR [default] Error: there is no ErrorCode in TxPDO mapping under this motor type, please check PDO setting!
2025-04-18 15:01:11,767 ERROR [default] Error: there is no ErrorCode in TxPDO mapping under this motor type, please check PDO setting!
2025-04-18 15:01:11,767 ERROR [default] Error: there is no ErrorCode in TxPDO mapping under this motor type, please check PDO setting!
2025-04-18 15:01:11,767 ERROR [default] Error: there is no ErrorCode in TxPDO mapping under this motor type, please check PDO setting!
2025-04-18 15:01:11,767 ERROR [default] Error: there is no ErrorCode in TxPDO mapping under this motor type, please check PDO setting!
2025-04-18 15:01:11,767 ERROR [default] Error: there is no ErrorCode in TxPDO mapping under this motor type, please check PDO setting!
2025-04-18 15:01:11,771 ERROR [default] Error: there is no ErrorCode in TxPDO mapping under this motor type, please check PDO setting!
2025-04-18 15:01:11,771 ERROR [default] Error: there is no ErrorCode in TxPDO mapping under this motor type, please check PDO setting!
2025-04-18 15:01:11,771 ERROR [default] Error: there is no ErrorCode in TxPDO mapping under this motor type, please check PDO setting!
2025-04-18 15:01:11,771 ERROR [default] Error: there is no ErrorCode in TxPDO mapping under this motor type, please check PDO setting!
2025-04-18 15:01:11,771 ERROR [default] Error: there is no ErrorCode in TxPDO mapping under this motor type, please check PDO setting!
2025-04-18 15:01:11,771 ERROR [default] Error: there is no ErrorCode in TxPDO mapping under this motor type, please check PDO setting!
2025-04-18 15:01:11,771 ERROR [default] Error: there is no ErrorCode in TxPDO mapping under this motor type, please check PDO setting!
2025-04-18 15:01:11,771 ERROR [default] Error: there is no ErrorCode in TxPDO mapping under this motor type, please check PDO setting!
2025-04-18 15:01:11,775 ERROR [default] Error: there is no ErrorCode in TxPDO mapping under this motor type, please check PDO setting!
2025-04-18 15:01:11,775 ERROR [default] Error: there is no ErrorCode in TxPDO mapping under this motor type, please check PDO setting!
2025-04-18 15:01:11,775 ERROR [default] Error: there is no ErrorCode in TxPDO mapping under this motor type, please check PDO setting!
2025-04-18 15:01:11,775 ERROR [default] Error: there is no ErrorCode in TxPDO mapping under this motor type, please check PDO setting!
2025-04-18 15:01:11,775 ERROR [default] Error: there is no ErrorCode in TxPDO mapping under this motor type, please check PDO setting!
2025-04-18 15:01:11,775 ERROR [default] Error: there is no ErrorCode in TxPDO mapping under this motor type, please check PDO setting!
2025-04-18 15:01:11,775 ERROR [default] Error: there is no ErrorCode in TxPDO mapping under this motor type, please check PDO setting!
2025-04-18 15:01:11,775 ERROR [default] Error: there is no ErrorCode in TxPDO mapping under this motor type, please check PDO setting!
2025-04-18 15:01:11,779 ERROR [default] Error: there is no ErrorCode in TxPDO mapping under this motor type, please check PDO setting!
2025-04-18 15:01:11,779 ERROR [default] Error: there is no ErrorCode in TxPDO mapping under this motor type, please check PDO setting!
2025-04-18 15:01:11,779 ERROR [default] Error: there is no ErrorCode in TxPDO mapping under this motor type, please check PDO setting!
2025-04-18 15:01:11,779 ERROR [default] Error: there is no ErrorCode in TxPDO mapping under this motor type, please check PDO setting!
2025-04-18 15:01:11,779 ERROR [default] Error: there is no ErrorCode in TxPDO mapping under this motor type, please check PDO setting!
2025-04-18 15:01:11,779 ERROR [default] Error: there is no ErrorCode in TxPDO mapping under this motor type, please check PDO setting!
2025-04-18 15:01:11,779 ERROR [default] Error: there is no ErrorCode in TxPDO mapping under this motor type, please check PDO setting!
2025-04-18 15:01:11,779 ERROR [default] Error: there is no ErrorCode in TxPDO mapping under this motor type, please check PDO setting!
2025-04-18 15:01:11,783 ERROR [default] Error: there is no ErrorCode in TxPDO mapping under this motor type, please check PDO setting!
2025-04-18 15:01:11,783 ERROR [default] Error: there is no ErrorCode in TxPDO mapping under this motor type, please check PDO setting!
2025-04-18 15:01:11,783 ERROR [default] Error: there is no ErrorCode in TxPDO mapping under this motor type, please check PDO setting!
2025-04-18 15:01:11,783 ERROR [default] Error: there is no ErrorCode in TxPDO mapping under this motor type, please check PDO setting!
2025-04-18 15:01:11,783 ERROR [default] Error: there is no ErrorCode in TxPDO mapping under this motor type, please check PDO setting!
2025-04-18 15:01:11,783 ERROR [default] Error: there is no ErrorCode in TxPDO mapping under this motor type, please check PDO setting!
2025-04-18 15:01:11,783 ERROR [default] Error: there is no ErrorCode in TxPDO mapping under this motor type, please check PDO setting!
2025-04-18 15:01:11,783 ERROR [default] Error: there is no ErrorCode in TxPDO mapping under this motor type, please check PDO setting!
2025-04-18 15:01:11,787 ERROR [default] Error: there is no ErrorCode in TxPDO mapping under this motor type, please check PDO setting!
2025-04-18 15:01:11,787 ERROR [default] Error: there is no ErrorCode in TxPDO mapping under this motor type, please check PDO setting!
2025-04-18 15:01:11,787 ERROR [default] Error: there is no ErrorCode in TxPDO mapping under this motor type, please check PDO setting!
2025-04-18 15:01:11,787 ERROR [default] Error: there is no ErrorCode in TxPDO mapping under this motor type, please check PDO setting!
2025-04-18 15:01:11,787 ERROR [default] Error: there is no ErrorCode in TxPDO mapping under this motor type, please check PDO setting!
2025-04-18 15:01:11,787 ERROR [default] Error: there is no ErrorCode in TxPDO mapping under this motor type, please check PDO setting!
2025-04-18 15:01:11,787 ERROR [default] Error: there is no ErrorCode in TxPDO mapping under this motor type, please check PDO setting!
2025-04-18 15:01:11,787 ERROR [default] Error: there is no ErrorCode in TxPDO mapping under this motor type, please check PDO setting!
2025-04-18 15:01:11,791 ERROR [default] Error: there is no ErrorCode in TxPDO mapping under this motor type, please check PDO setting!
2025-04-18 15:01:11,791 ERROR [default] Error: there is no ErrorCode in TxPDO mapping under this motor type, please check PDO setting!
2025-04-18 15:01:11,791 ERROR [default] Error: there is no ErrorCode in TxPDO mapping under this motor type, please check PDO setting!
2025-04-18 15:01:11,791 ERROR [default] Error: there is no ErrorCode in TxPDO mapping under this motor type, please check PDO setting!
2025-04-18 15:01:11,791 ERROR [default] Error: there is no ErrorCode in TxPDO mapping under this motor type, please check PDO setting!
2025-04-18 15:01:11,791 ERROR [default] Error: there is no ErrorCode in TxPDO mapping under this motor type, please check PDO setting!
2025-04-18 15:01:11,791 ERROR [default] Error: there is no ErrorCode in TxPDO mapping under this motor type, please check PDO setting!
2025-04-18 15:01:11,792 ERROR [default] Error: there is no ErrorCode in TxPDO mapping under this motor type, please check PDO setting!
2025-04-18 15:01:11,795 ERROR [default] Error: there is no ErrorCode in TxPDO mapping under this motor type, please check PDO setting!
2025-04-18 15:01:11,795 ERROR [default] Error: there is no ErrorCode in TxPDO mapping under this motor type, please check PDO setting!
2025-04-18 15:01:11,795 ERROR [default] Error: there is no ErrorCode in TxPDO mapping under this motor type, please check PDO setting!
2025-04-18 15:01:11,795 ERROR [default] Error: there is no ErrorCode in TxPDO mapping under this motor type, please check PDO setting!
2025-04-18 15:01:11,795 ERROR [default] Error: there is no ErrorCode in TxPDO mapping under this motor type, please check PDO setting!
2025-04-18 15:01:11,796 ERROR [default] Error: there is no ErrorCode in TxPDO mapping under this motor type, please check PDO setting!
2025-04-18 15:01:11,796 ERROR [default] Error: there is no ErrorCode in TxPDO mapping under this motor type, please check PDO setting!
2025-04-18 15:01:11,796 ERROR [default] Error: there is no ErrorCode in TxPDO mapping under this motor type, please check PDO setting!
2025-04-18 15:01:11,799 ERROR [default] Error: there is no ErrorCode in TxPDO mapping under this motor type, please check PDO setting!
2025-04-18 15:01:11,799 ERROR [default] Error: there is no ErrorCode in TxPDO mapping under this motor type, please check PDO setting!
2025-04-18 15:01:11,799 ERROR [default] Error: there is no ErrorCode in TxPDO mapping under this motor type, please check PDO setting!
2025-04-18 15:01:11,799 ERROR [default] Error: there is no ErrorCode in TxPDO mapping under this motor type, please check PDO setting!
2025-04-18 15:01:11,799 ERROR [default] Error: there is no ErrorCode in TxPDO mapping under this motor type, please check PDO setting!
2025-04-18 15:01:11,799 ERROR [default] Error: there is no ErrorCode in TxPDO mapping under this motor type, please check PDO setting!
2025-04-18 15:01:11,799 ERROR [default] Error: there is no ErrorCode in TxPDO mapping under this motor type, please check PDO setting!
2025-04-18 15:01:11,799 ERROR [default] Error: there is no ErrorCode in TxPDO mapping under this motor type, please check PDO setting!
2025-04-18 15:01:11,803 ERROR [default] Error: there is no ErrorCode in TxPDO mapping under this motor type, please check PDO setting!
2025-04-18 15:01:11,803 ERROR [default] Error: there is no ErrorCode in TxPDO mapping under this motor type, please check PDO setting!
2025-04-18 15:01:11,803 ERROR [default] Error: there is no ErrorCode in TxPDO mapping under this motor type, please check PDO setting!
2025-04-18 15:01:11,803 ERROR [default] Error: there is no ErrorCode in TxPDO mapping under this motor type, please check PDO setting!
2025-04-18 15:01:11,803 ERROR [default] Error: there is no ErrorCode in TxPDO mapping under this motor type, please check PDO setting!
2025-04-18 15:01:11,803 ERROR [default] Error: there is no ErrorCode in TxPDO mapping under this motor type, please check PDO setting!
2025-04-18 15:01:11,803 ERROR [default] Error: there is no ErrorCode in TxPDO mapping under this motor type, please check PDO setting!
2025-04-18 15:01:11,803 ERROR [default] Error: there is no ErrorCode in TxPDO mapping under this motor type, please check PDO setting!
2025-04-18 15:01:11,807 ERROR [default] Error: there is no ErrorCode in TxPDO mapping under this motor type, please check PDO setting!
2025-04-18 15:01:11,807 ERROR [default] Error: there is no ErrorCode in TxPDO mapping under this motor type, please check PDO setting!
2025-04-18 15:01:11,807 ERROR [default] Error: there is no ErrorCode in TxPDO mapping under this motor type, please check PDO setting!
2025-04-18 15:01:11,807 ERROR [default] Error: there is no ErrorCode in TxPDO mapping under this motor type, please check PDO setting!
2025-04-18 15:01:11,807 ERROR [default] Error: there is no ErrorCode in TxPDO mapping under this motor type, please check PDO setting!
2025-04-18 15:01:11,807 ERROR [default] Error: there is no ErrorCode in TxPDO mapping under this motor type, please check PDO setting!
2025-04-18 15:01:11,807 ERROR [default] Error: there is no ErrorCode in TxPDO mapping under this motor type, please check PDO setting!
2025-04-18 15:01:11,807 ERROR [default] Error: there is no ErrorCode in TxPDO mapping under this motor type, please check PDO setting!
2025-04-18 15:01:11,811 ERROR [default] Error: there is no ErrorCode in TxPDO mapping under this motor type, please check PDO setting!
2025-04-18 15:01:11,811 ERROR [default] Error: there is no ErrorCode in TxPDO mapping under this motor type, please check PDO setting!
2025-04-18 15:01:11,811 ERROR [default] Error: there is no ErrorCode in TxPDO mapping under this motor type, please check PDO setting!
2025-04-18 15:01:11,811 ERROR [default] Error: there is no ErrorCode in TxPDO mapping under this motor type, please check PDO setting!
2025-04-18 15:01:11,811 ERROR [default] Error: there is no ErrorCode in TxPDO mapping under this motor type, please check PDO setting!
2025-04-18 15:01:11,811 ERROR [default] Error: there is no ErrorCode in TxPDO mapping under this motor type, please check PDO setting!
2025-04-18 15:01:11,811 ERROR [default] Error: there is no ErrorCode in TxPDO mapping under this motor type, please check PDO setting!
2025-04-18 15:01:11,811 ERROR [default] Error: there is no ErrorCode in TxPDO mapping under this motor type, please check PDO setting!
2025-04-18 15:01:11,815 ERROR [default] Error: there is no ErrorCode in TxPDO mapping under this motor type, please check PDO setting!
2025-04-18 15:01:11,815 ERROR [default] Error: there is no ErrorCode in TxPDO mapping under this motor type, please check PDO setting!
2025-04-18 15:01:11,815 ERROR [default] Error: there is no ErrorCode in TxPDO mapping under this motor type, please check PDO setting!
2025-04-18 15:01:11,816 ERROR [default] Error: there is no ErrorCode in TxPDO mapping under this motor type, please check PDO setting!
2025-04-18 15:01:11,816 ERROR [default] Error: there is no ErrorCode in TxPDO mapping under this motor type, please check PDO setting!
2025-04-18 15:01:11,816 ERROR [default] Error: there is no ErrorCode in TxPDO mapping under this motor type, please check PDO setting!
2025-04-18 15:01:11,816 ERROR [default] Error: there is no ErrorCode in TxPDO mapping under this motor type, please check PDO setting!
2025-04-18 15:01:11,816 ERROR [default] Error: there is no ErrorCode in TxPDO mapping under this motor type, please check PDO setting!
2025-04-18 15:01:11,819 ERROR [default] Error: there is no ErrorCode in TxPDO mapping under this motor type, please check PDO setting!
2025-04-18 15:01:11,819 ERROR [default] Error: there is no ErrorCode in TxPDO mapping under this motor type, please check PDO setting!
2025-04-18 15:01:11,819 ERROR [default] Error: there is no ErrorCode in TxPDO mapping under this motor type, please check PDO setting!
2025-04-18 15:01:11,819 ERROR [default] Error: there is no ErrorCode in TxPDO mapping under this motor type, please check PDO setting!
2025-04-18 15:01:11,819 ERROR [default] Error: there is no ErrorCode in TxPDO mapping under this motor type, please check PDO setting!
2025-04-18 15:01:11,819 ERROR [default] Error: there is no ErrorCode in TxPDO mapping under this motor type, please check PDO setting!
2025-04-18 15:01:11,819 ERROR [default] Error: there is no ErrorCode in TxPDO mapping under this motor type, please check PDO setting!
2025-04-18 15:01:11,819 ERROR [default] Error: there is no ErrorCode in TxPDO mapping under this motor type, please check PDO setting!
2025-04-18 15:01:11,823 ERROR [default] Error: there is no ErrorCode in TxPDO mapping under this motor type, please check PDO setting!
2025-04-18 15:01:11,823 ERROR [default] Error: there is no ErrorCode in TxPDO mapping under this motor type, please check PDO setting!
2025-04-18 15:01:11,823 ERROR [default] Error: there is no ErrorCode in TxPDO mapping under this motor type, please check PDO setting!
2025-04-18 15:01:11,823 ERROR [default] Error: there is no ErrorCode in TxPDO mapping under this motor type, please check PDO setting!
2025-04-18 15:01:11,823 ERROR [default] Error: there is no ErrorCode in TxPDO mapping under this motor type, please check PDO setting!
2025-04-18 15:01:11,823 ERROR [default] Error: there is no ErrorCode in TxPDO mapping under this motor type, please check PDO setting!
2025-04-18 15:01:11,823 ERROR [default] Error: there is no ErrorCode in TxPDO mapping under this motor type, please check PDO setting!
2025-04-18 15:01:11,823 ERROR [default] Error: there is no ErrorCode in TxPDO mapping under this motor type, please check PDO setting!
2025-04-18 15:01:11,827 ERROR [default] Error: there is no ErrorCode in TxPDO mapping under this motor type, please check PDO setting!
2025-04-18 15:01:11,827 ERROR [default] Error: there is no ErrorCode in TxPDO mapping under this motor type, please check PDO setting!
2025-04-18 15:01:11,827 ERROR [default] Error: there is no ErrorCode in TxPDO mapping under this motor type, please check PDO setting!
2025-04-18 15:01:11,827 ERROR [default] Error: there is no ErrorCode in TxPDO mapping under this motor type, please check PDO setting!
2025-04-18 15:01:11,827 ERROR [default] Error: there is no ErrorCode in TxPDO mapping under this motor type, please check PDO setting!
2025-04-18 15:01:11,827 ERROR [default] Error: there is no ErrorCode in TxPDO mapping under this motor type, please check PDO setting!
2025-04-18 15:01:11,827 ERROR [default] Error: there is no ErrorCode in TxPDO mapping under this motor type, please check PDO setting!
2025-04-18 15:01:11,827 ERROR [default] Error: there is no ErrorCode in TxPDO mapping under this motor type, please check PDO setting!
2025-04-18 15:01:11,831 ERROR [default] Error: there is no ErrorCode in TxPDO mapping under this motor type, please check PDO setting!
2025-04-18 15:01:11,831 ERROR [default] Error: there is no ErrorCode in TxPDO mapping under this motor type, please check PDO setting!
2025-04-18 15:01:11,831 ERROR [default] Error: there is no ErrorCode in TxPDO mapping under this motor type, please check PDO setting!
2025-04-18 15:01:11,831 ERROR [default] Error: there is no ErrorCode in TxPDO mapping under this motor type, please check PDO setting!
2025-04-18 15:01:11,831 ERROR [default] Error: there is no ErrorCode in TxPDO mapping under this motor type, please check PDO setting!
2025-04-18 15:01:11,831 ERROR [default] Error: there is no ErrorCode in TxPDO mapping under this motor type, please check PDO setting!
2025-04-18 15:01:11,831 ERROR [default] Error: there is no ErrorCode in TxPDO mapping under this motor type, please check PDO setting!
2025-04-18 15:01:11,831 ERROR [default] Error: there is no ErrorCode in TxPDO mapping under this motor type, please check PDO setting!
2025-04-18 15:01:11,835 ERROR [default] Error: there is no ErrorCode in TxPDO mapping under this motor type, please check PDO setting!
2025-04-18 15:01:11,835 ERROR [default] Error: there is no ErrorCode in TxPDO mapping under this motor type, please check PDO setting!
2025-04-18 15:01:11,835 ERROR [default] Error: there is no ErrorCode in TxPDO mapping under this motor type, please check PDO setting!
2025-04-18 15:01:11,836 ERROR [default] Error: there is no ErrorCode in TxPDO mapping under this motor type, please check PDO setting!
2025-04-18 15:01:11,836 ERROR [default] Error: there is no ErrorCode in TxPDO mapping under this motor type, please check PDO setting!
2025-04-18 15:01:11,836 ERROR [default] Error: there is no ErrorCode in TxPDO mapping under this motor type, please check PDO setting!
2025-04-18 15:01:11,836 ERROR [default] Error: there is no ErrorCode in TxPDO mapping under this motor type, please check PDO setting!
2025-04-18 15:01:11,836 ERROR [default] Error: there is no ErrorCode in TxPDO mapping under this motor type, please check PDO setting!
2025-04-18 15:01:11,839 ERROR [default] Error: there is no ErrorCode in TxPDO mapping under this motor type, please check PDO setting!
2025-04-18 15:01:11,839 ERROR [default] Error: there is no ErrorCode in TxPDO mapping under this motor type, please check PDO setting!
2025-04-18 15:01:11,839 ERROR [default] Error: there is no ErrorCode in TxPDO mapping under this motor type, please check PDO setting!
2025-04-18 15:01:11,839 ERROR [default] Error: there is no ErrorCode in TxPDO mapping under this motor type, please check PDO setting!
2025-04-18 15:01:11,839 ERROR [default] Error: there is no ErrorCode in TxPDO mapping under this motor type, please check PDO setting!
2025-04-18 15:01:11,839 ERROR [default] Error: there is no ErrorCode in TxPDO mapping under this motor type, please check PDO setting!
2025-04-18 15:01:11,839 ERROR [default] Error: there is no ErrorCode in TxPDO mapping under this motor type, please check PDO setting!
2025-04-18 15:01:11,839 ERROR [default] Error: there is no ErrorCode in TxPDO mapping under this motor type, please check PDO setting!
2025-04-18 15:01:11,843 ERROR [default] Error: there is no ErrorCode in TxPDO mapping under this motor type, please check PDO setting!
2025-04-18 15:01:11,843 ERROR [default] Error: there is no ErrorCode in TxPDO mapping under this motor type, please check PDO setting!
2025-04-18 15:01:11,843 ERROR [default] Error: there is no ErrorCode in TxPDO mapping under this motor type, please check PDO setting!
2025-04-18 15:01:11,843 ERROR [default] Error: there is no ErrorCode in TxPDO mapping under this motor type, please check PDO setting!
2025-04-18 15:01:11,843 ERROR [default] Error: there is no ErrorCode in TxPDO mapping under this motor type, please check PDO setting!
2025-04-18 15:01:11,843 ERROR [default] Error: there is no ErrorCode in TxPDO mapping under this motor type, please check PDO setting!
2025-04-18 15:01:11,843 ERROR [default] Error: there is no ErrorCode in TxPDO mapping under this motor type, please check PDO setting!
2025-04-18 15:01:11,843 ERROR [default] Error: there is no ErrorCode in TxPDO mapping under this motor type, please check PDO setting!
2025-04-18 15:01:11,848 ERROR [default] Error: there is no ErrorCode in TxPDO mapping under this motor type, please check PDO setting!
2025-04-18 15:01:11,848 ERROR [default] Error: there is no ErrorCode in TxPDO mapping under this motor type, please check PDO setting!
2025-04-18 15:01:11,848 ERROR [default] Error: there is no ErrorCode in TxPDO mapping under this motor type, please check PDO setting!
2025-04-18 15:01:11,848 ERROR [default] Error: there is no ErrorCode in TxPDO mapping under this motor type, please check PDO setting!
2025-04-18 15:01:11,848 ERROR [default] Error: there is no ErrorCode in TxPDO mapping under this motor type, please check PDO setting!
2025-04-18 15:01:11,848 ERROR [default] Error: there is no ErrorCode in TxPDO mapping under this motor type, please check PDO setting!
2025-04-18 15:01:11,848 ERROR [default] Error: there is no ErrorCode in TxPDO mapping under this motor type, please check PDO setting!
2025-04-18 15:01:11,848 ERROR [default] Error: there is no ErrorCode in TxPDO mapping under this motor type, please check PDO setting!
2025-04-18 15:01:11,851 ERROR [default] Error: there is no ErrorCode in TxPDO mapping under this motor type, please check PDO setting!
2025-04-18 15:01:11,851 ERROR [default] Error: there is no ErrorCode in TxPDO mapping under this motor type, please check PDO setting!
2025-04-18 15:01:11,851 ERROR [default] Error: there is no ErrorCode in TxPDO mapping under this motor type, please check PDO setting!
2025-04-18 15:01:11,851 ERROR [default] Error: there is no ErrorCode in TxPDO mapping under this motor type, please check PDO setting!
2025-04-18 15:01:11,851 ERROR [default] Error: there is no ErrorCode in TxPDO mapping under this motor type, please check PDO setting!
2025-04-18 15:01:11,851 ERROR [default] Error: there is no ErrorCode in TxPDO mapping under this motor type, please check PDO setting!
2025-04-18 15:01:11,851 ERROR [default] Error: there is no ErrorCode in TxPDO mapping under this motor type, please check PDO setting!
2025-04-18 15:01:11,851 ERROR [default] Error: there is no ErrorCode in TxPDO mapping under this motor type, please check PDO setting!
2025-04-18 15:01:11,855 ERROR [default] Error: there is no ErrorCode in TxPDO mapping under this motor type, please check PDO setting!
2025-04-18 15:01:11,855 ERROR [default] Error: there is no ErrorCode in TxPDO mapping under this motor type, please check PDO setting!
2025-04-18 15:01:11,855 ERROR [default] Error: there is no ErrorCode in TxPDO mapping under this motor type, please check PDO setting!
2025-04-18 15:01:11,855 ERROR [default] Error: there is no ErrorCode in TxPDO mapping under this motor type, please check PDO setting!
2025-04-18 15:01:11,855 ERROR [default] Error: there is no ErrorCode in TxPDO mapping under this motor type, please check PDO setting!
2025-04-18 15:01:11,856 ERROR [default] Error: there is no ErrorCode in TxPDO mapping under this motor type, please check PDO setting!
2025-04-18 15:01:11,856 ERROR [default] Error: there is no ErrorCode in TxPDO mapping under this motor type, please check PDO setting!
2025-04-18 15:01:11,856 ERROR [default] Error: there is no ErrorCode in TxPDO mapping under this motor type, please check PDO setting!
2025-04-18 15:01:11,859 ERROR [default] Error: there is no ErrorCode in TxPDO mapping under this motor type, please check PDO setting!
2025-04-18 15:01:11,859 ERROR [default] Error: there is no ErrorCode in TxPDO mapping under this motor type, please check PDO setting!
2025-04-18 15:01:11,859 ERROR [default] Error: there is no ErrorCode in TxPDO mapping under this motor type, please check PDO setting!
2025-04-18 15:01:11,859 ERROR [default] Error: there is no ErrorCode in TxPDO mapping under this motor type, please check PDO setting!
2025-04-18 15:01:11,859 ERROR [default] Error: there is no ErrorCode in TxPDO mapping under this motor type, please check PDO setting!
2025-04-18 15:01:11,859 ERROR [default] Error: there is no ErrorCode in TxPDO mapping under this motor type, please check PDO setting!
2025-04-18 15:01:11,859 ERROR [default] Error: there is no ErrorCode in TxPDO mapping under this motor type, please check PDO setting!
2025-04-18 15:01:11,859 ERROR [default] Error: there is no ErrorCode in TxPDO mapping under this motor type, please check PDO setting!
2025-04-18 15:01:11,863 ERROR [default] Error: there is no ErrorCode in TxPDO mapping under this motor type, please check PDO setting!
2025-04-18 15:01:11,863 ERROR [default] Error: there is no ErrorCode in TxPDO mapping under this motor type, please check PDO setting!
2025-04-18 15:01:11,863 ERROR [default] Error: there is no ErrorCode in TxPDO mapping under this motor type, please check PDO setting!
2025-04-18 15:01:11,863 ERROR [default] Error: there is no ErrorCode in TxPDO mapping under this motor type, please check PDO setting!
2025-04-18 15:01:11,863 ERROR [default] Error: there is no ErrorCode in TxPDO mapping under this motor type, please check PDO setting!
2025-04-18 15:01:11,863 ERROR [default] Error: there is no ErrorCode in TxPDO mapping under this motor type, please check PDO setting!
2025-04-18 15:01:11,863 ERROR [default] Error: there is no ErrorCode in TxPDO mapping under this motor type, please check PDO setting!
2025-04-18 15:01:11,864 ERROR [default] Error: there is no ErrorCode in TxPDO mapping under this motor type, please check PDO setting!
2025-04-18 15:01:11,867 ERROR [default] Error: there is no ErrorCode in TxPDO mapping under this motor type, please check PDO setting!
2025-04-18 15:01:11,867 ERROR [default] Error: there is no ErrorCode in TxPDO mapping under this motor type, please check PDO setting!
2025-04-18 15:01:11,867 ERROR [default] Error: there is no ErrorCode in TxPDO mapping under this motor type, please check PDO setting!
2025-04-18 15:01:11,867 ERROR [default] Error: there is no ErrorCode in TxPDO mapping under this motor type, please check PDO setting!
2025-04-18 15:01:11,867 ERROR [default] Error: there is no ErrorCode in TxPDO mapping under this motor type, please check PDO setting!
2025-04-18 15:01:11,867 ERROR [default] Error: there is no ErrorCode in TxPDO mapping under this motor type, please check PDO setting!
2025-04-18 15:01:11,867 ERROR [default] Error: there is no ErrorCode in TxPDO mapping under this motor type, please check PDO setting!
2025-04-18 15:01:11,867 ERROR [default] Error: there is no ErrorCode in TxPDO mapping under this motor type, please check PDO setting!
2025-04-18 15:01:11,871 ERROR [default] Error: there is no ErrorCode in TxPDO mapping under this motor type, please check PDO setting!
2025-04-18 15:01:11,871 ERROR [default] Error: there is no ErrorCode in TxPDO mapping under this motor type, please check PDO setting!
2025-04-18 15:01:11,871 ERROR [default] Error: there is no ErrorCode in TxPDO mapping under this motor type, please check PDO setting!
2025-04-18 15:01:11,871 ERROR [default] Error: there is no ErrorCode in TxPDO mapping under this motor type, please check PDO setting!
2025-04-18 15:01:11,871 ERROR [default] Error: there is no ErrorCode in TxPDO mapping under this motor type, please check PDO setting!
2025-04-18 15:01:11,872 ERROR [default] Error: there is no ErrorCode in TxPDO mapping under this motor type, please check PDO setting!
2025-04-18 15:01:11,872 ERROR [default] Error: there is no ErrorCode in TxPDO mapping under this motor type, please check PDO setting!
2025-04-18 15:01:11,872 ERROR [default] Error: there is no ErrorCode in TxPDO mapping under this motor type, please check PDO setting!
2025-04-18 15:01:11,875 ERROR [default] Error: there is no ErrorCode in TxPDO mapping under this motor type, please check PDO setting!
2025-04-18 15:01:11,875 ERROR [default] Error: there is no ErrorCode in TxPDO mapping under this motor type, please check PDO setting!
2025-04-18 15:01:11,875 ERROR [default] Error: there is no ErrorCode in TxPDO mapping under this motor type, please check PDO setting!
2025-04-18 15:01:11,875 ERROR [default] Error: there is no ErrorCode in TxPDO mapping under this motor type, please check PDO setting!
2025-04-18 15:01:11,875 ERROR [default] Error: there is no ErrorCode in TxPDO mapping under this motor type, please check PDO setting!
2025-04-18 15:01:11,875 ERROR [default] Error: there is no ErrorCode in TxPDO mapping under this motor type, please check PDO setting!
2025-04-18 15:01:11,875 ERROR [default] Error: there is no ErrorCode in TxPDO mapping under this motor type, please check PDO setting!
2025-04-18 15:01:11,875 ERROR [default] Error: there is no ErrorCode in TxPDO mapping under this motor type, please check PDO setting!
2025-04-18 15:01:11,879 ERROR [default] Error: there is no ErrorCode in TxPDO mapping under this motor type, please check PDO setting!
2025-04-18 15:01:11,879 ERROR [default] Error: there is no ErrorCode in TxPDO mapping under this motor type, please check PDO setting!
2025-04-18 15:01:11,879 ERROR [default] Error: there is no ErrorCode in TxPDO mapping under this motor type, please check PDO setting!
2025-04-18 15:01:11,879 ERROR [default] Error: there is no ErrorCode in TxPDO mapping under this motor type, please check PDO setting!
2025-04-18 15:01:11,879 ERROR [default] Error: there is no ErrorCode in TxPDO mapping under this motor type, please check PDO setting!
2025-04-18 15:01:11,879 ERROR [default] Error: there is no ErrorCode in TxPDO mapping under this motor type, please check PDO setting!
2025-04-18 15:01:11,879 ERROR [default] Error: there is no ErrorCode in TxPDO mapping under this motor type, please check PDO setting!
2025-04-18 15:01:11,879 ERROR [default] Error: there is no ErrorCode in TxPDO mapping under this motor type, please check PDO setting!
2025-04-18 15:01:11,883 ERROR [default] Error: there is no ErrorCode in TxPDO mapping under this motor type, please check PDO setting!
2025-04-18 15:01:11,883 ERROR [default] Error: there is no ErrorCode in TxPDO mapping under this motor type, please check PDO setting!
2025-04-18 15:01:11,883 ERROR [default] Error: there is no ErrorCode in TxPDO mapping under this motor type, please check PDO setting!
2025-04-18 15:01:11,883 ERROR [default] Error: there is no ErrorCode in TxPDO mapping under this motor type, please check PDO setting!
2025-04-18 15:01:11,883 ERROR [default] Error: there is no ErrorCode in TxPDO mapping under this motor type, please check PDO setting!
2025-04-18 15:01:11,883 ERROR [default] Error: there is no ErrorCode in TxPDO mapping under this motor type, please check PDO setting!
2025-04-18 15:01:11,883 ERROR [default] Error: there is no ErrorCode in TxPDO mapping under this motor type, please check PDO setting!
2025-04-18 15:01:11,883 ERROR [default] Error: there is no ErrorCode in TxPDO mapping under this motor type, please check PDO setting!
2025-04-18 15:01:11,887 ERROR [default] Error: there is no ErrorCode in TxPDO mapping under this motor type, please check PDO setting!
2025-04-18 15:01:11,887 ERROR [default] Error: there is no ErrorCode in TxPDO mapping under this motor type, please check PDO setting!
2025-04-18 15:01:11,887 ERROR [default] Error: there is no ErrorCode in TxPDO mapping under this motor type, please check PDO setting!
2025-04-18 15:01:11,887 ERROR [default] Error: there is no ErrorCode in TxPDO mapping under this motor type, please check PDO setting!
2025-04-18 15:01:11,887 ERROR [default] Error: there is no ErrorCode in TxPDO mapping under this motor type, please check PDO setting!
2025-04-18 15:01:11,887 ERROR [default] Error: there is no ErrorCode in TxPDO mapping under this motor type, please check PDO setting!
2025-04-18 15:01:11,887 ERROR [default] Error: there is no ErrorCode in TxPDO mapping under this motor type, please check PDO setting!
2025-04-18 15:01:11,887 ERROR [default] Error: there is no ErrorCode in TxPDO mapping under this motor type, please check PDO setting!
2025-04-18 15:01:11,891 ERROR [default] Error: there is no ErrorCode in TxPDO mapping under this motor type, please check PDO setting!
2025-04-18 15:01:11,891 ERROR [default] Error: there is no ErrorCode in TxPDO mapping under this motor type, please check PDO setting!
2025-04-18 15:01:11,891 ERROR [default] Error: there is no ErrorCode in TxPDO mapping under this motor type, please check PDO setting!
2025-04-18 15:01:11,891 ERROR [default] Error: there is no ErrorCode in TxPDO mapping under this motor type, please check PDO setting!
2025-04-18 15:01:11,891 ERROR [default] Error: there is no ErrorCode in TxPDO mapping under this motor type, please check PDO setting!
2025-04-18 15:01:11,891 ERROR [default] Error: there is no ErrorCode in TxPDO mapping under this motor type, please check PDO setting!
2025-04-18 15:01:11,891 ERROR [default] Error: there is no ErrorCode in TxPDO mapping under this motor type, please check PDO setting!
2025-04-18 15:01:11,891 ERROR [default] Error: there is no ErrorCode in TxPDO mapping under this motor type, please check PDO setting!
2025-04-18 15:01:11,895 ERROR [default] Error: there is no ErrorCode in TxPDO mapping under this motor type, please check PDO setting!
2025-04-18 15:01:11,895 ERROR [default] Error: there is no ErrorCode in TxPDO mapping under this motor type, please check PDO setting!
2025-04-18 15:01:11,895 ERROR [default] Error: there is no ErrorCode in TxPDO mapping under this motor type, please check PDO setting!
2025-04-18 15:01:11,896 ERROR [default] Error: there is no ErrorCode in TxPDO mapping under this motor type, please check PDO setting!
2025-04-18 15:01:11,896 ERROR [default] Error: there is no ErrorCode in TxPDO mapping under this motor type, please check PDO setting!
2025-04-18 15:01:11,896 ERROR [default] Error: there is no ErrorCode in TxPDO mapping under this motor type, please check PDO setting!
2025-04-18 15:01:11,896 ERROR [default] Error: there is no ErrorCode in TxPDO mapping under this motor type, please check PDO setting!
2025-04-18 15:01:11,896 ERROR [default] Error: there is no ErrorCode in TxPDO mapping under this motor type, please check PDO setting!
2025-04-18 15:01:11,899 ERROR [default] Error: there is no ErrorCode in TxPDO mapping under this motor type, please check PDO setting!
2025-04-18 15:01:11,899 ERROR [default] Error: there is no ErrorCode in TxPDO mapping under this motor type, please check PDO setting!
2025-04-18 15:01:11,899 ERROR [default] Error: there is no ErrorCode in TxPDO mapping under this motor type, please check PDO setting!
2025-04-18 15:01:11,899 ERROR [default] Error: there is no ErrorCode in TxPDO mapping under this motor type, please check PDO setting!
2025-04-18 15:01:11,899 ERROR [default] Error: there is no ErrorCode in TxPDO mapping under this motor type, please check PDO setting!
2025-04-18 15:01:11,899 ERROR [default] Error: there is no ErrorCode in TxPDO mapping under this motor type, please check PDO setting!
2025-04-18 15:01:11,899 ERROR [default] Error: there is no ErrorCode in TxPDO mapping under this motor type, please check PDO setting!
2025-04-18 15:01:11,899 ERROR [default] Error: there is no ErrorCode in TxPDO mapping under this motor type, please check PDO setting!
2025-04-18 15:01:11,903 ERROR [default] Error: there is no ErrorCode in TxPDO mapping under this motor type, please check PDO setting!
2025-04-18 15:01:11,903 ERROR [default] Error: there is no ErrorCode in TxPDO mapping under this motor type, please check PDO setting!
2025-04-18 15:01:11,903 ERROR [default] Error: there is no ErrorCode in TxPDO mapping under this motor type, please check PDO setting!
2025-04-18 15:01:11,903 ERROR [default] Error: there is no ErrorCode in TxPDO mapping under this motor type, please check PDO setting!
2025-04-18 15:01:11,903 ERROR [default] Error: there is no ErrorCode in TxPDO mapping under this motor type, please check PDO setting!
2025-04-18 15:01:11,903 ERROR [default] Error: there is no ErrorCode in TxPDO mapping under this motor type, please check PDO setting!
2025-04-18 15:01:11,903 ERROR [default] Error: there is no ErrorCode in TxPDO mapping under this motor type, please check PDO setting!
2025-04-18 15:01:11,903 ERROR [default] Error: there is no ErrorCode in TxPDO mapping under this motor type, please check PDO setting!
2025-04-18 15:01:11,907 ERROR [default] Error: there is no ErrorCode in TxPDO mapping under this motor type, please check PDO setting!
2025-04-18 15:01:11,907 ERROR [default] Error: there is no ErrorCode in TxPDO mapping under this motor type, please check PDO setting!
2025-04-18 15:01:11,907 ERROR [default] Error: there is no ErrorCode in TxPDO mapping under this motor type, please check PDO setting!
2025-04-18 15:01:11,907 ERROR [default] Error: there is no ErrorCode in TxPDO mapping under this motor type, please check PDO setting!
2025-04-18 15:01:11,907 ERROR [default] Error: there is no ErrorCode in TxPDO mapping under this motor type, please check PDO setting!
2025-04-18 15:01:11,907 ERROR [default] Error: there is no ErrorCode in TxPDO mapping under this motor type, please check PDO setting!
2025-04-18 15:01:11,907 ERROR [default] Error: there is no ErrorCode in TxPDO mapping under this motor type, please check PDO setting!
2025-04-18 15:01:11,907 ERROR [default] Error: there is no ErrorCode in TxPDO mapping under this motor type, please check PDO setting!
2025-04-18 15:01:11,911 ERROR [default] Error: there is no ErrorCode in TxPDO mapping under this motor type, please check PDO setting!
2025-04-18 15:01:11,911 ERROR [default] Error: there is no ErrorCode in TxPDO mapping under this motor type, please check PDO setting!
2025-04-18 15:01:11,911 ERROR [default] Error: there is no ErrorCode in TxPDO mapping under this motor type, please check PDO setting!
2025-04-18 15:01:11,911 ERROR [default] Error: there is no ErrorCode in TxPDO mapping under this motor type, please check PDO setting!
2025-04-18 15:01:11,911 ERROR [default] Error: there is no ErrorCode in TxPDO mapping under this motor type, please check PDO setting!
2025-04-18 15:01:11,911 ERROR [default] Error: there is no ErrorCode in TxPDO mapping under this motor type, please check PDO setting!
2025-04-18 15:01:11,911 ERROR [default] Error: there is no ErrorCode in TxPDO mapping under this motor type, please check PDO setting!
2025-04-18 15:01:11,911 ERROR [default] Error: there is no ErrorCode in TxPDO mapping under this motor type, please check PDO setting!
2025-04-18 15:01:11,915 ERROR [default] Error: there is no ErrorCode in TxPDO mapping under this motor type, please check PDO setting!
2025-04-18 15:01:11,915 ERROR [default] Error: there is no ErrorCode in TxPDO mapping under this motor type, please check PDO setting!
2025-04-18 15:01:11,915 ERROR [default] Error: there is no ErrorCode in TxPDO mapping under this motor type, please check PDO setting!
2025-04-18 15:01:11,915 ERROR [default] Error: there is no ErrorCode in TxPDO mapping under this motor type, please check PDO setting!
2025-04-18 15:01:11,915 ERROR [default] Error: there is no ErrorCode in TxPDO mapping under this motor type, please check PDO setting!
2025-04-18 15:01:11,915 ERROR [default] Error: there is no ErrorCode in TxPDO mapping under this motor type, please check PDO setting!
2025-04-18 15:01:11,915 ERROR [default] Error: there is no ErrorCode in TxPDO mapping under this motor type, please check PDO setting!
2025-04-18 15:01:11,916 ERROR [default] Error: there is no ErrorCode in TxPDO mapping under this motor type, please check PDO setting!
2025-04-18 15:01:11,919 ERROR [default] Error: there is no ErrorCode in TxPDO mapping under this motor type, please check PDO setting!
2025-04-18 15:01:11,919 ERROR [default] Error: there is no ErrorCode in TxPDO mapping under this motor type, please check PDO setting!
2025-04-18 15:01:11,919 ERROR [default] Error: there is no ErrorCode in TxPDO mapping under this motor type, please check PDO setting!
2025-04-18 15:01:11,919 ERROR [default] Error: there is no ErrorCode in TxPDO mapping under this motor type, please check PDO setting!
2025-04-18 15:01:11,919 ERROR [default] Error: there is no ErrorCode in TxPDO mapping under this motor type, please check PDO setting!
2025-04-18 15:01:11,919 ERROR [default] Error: there is no ErrorCode in TxPDO mapping under this motor type, please check PDO setting!
2025-04-18 15:01:11,919 ERROR [default] Error: there is no ErrorCode in TxPDO mapping under this motor type, please check PDO setting!
2025-04-18 15:01:11,919 ERROR [default] Error: there is no ErrorCode in TxPDO mapping under this motor type, please check PDO setting!
2025-04-18 15:01:11,923 ERROR [default] Error: there is no ErrorCode in TxPDO mapping under this motor type, please check PDO setting!
2025-04-18 15:01:11,923 ERROR [default] Error: there is no ErrorCode in TxPDO mapping under this motor type, please check PDO setting!
2025-04-18 15:01:11,923 ERROR [default] Error: there is no ErrorCode in TxPDO mapping under this motor type, please check PDO setting!
2025-04-18 15:01:11,923 ERROR [default] Error: there is no ErrorCode in TxPDO mapping under this motor type, please check PDO setting!
2025-04-18 15:01:11,923 ERROR [default] Error: there is no ErrorCode in TxPDO mapping under this motor type, please check PDO setting!
2025-04-18 15:01:11,923 ERROR [default] Error: there is no ErrorCode in TxPDO mapping under this motor type, please check PDO setting!
2025-04-18 15:01:11,923 ERROR [default] Error: there is no ErrorCode in TxPDO mapping under this motor type, please check PDO setting!
2025-04-18 15:01:11,923 ERROR [default] Error: there is no ErrorCode in TxPDO mapping under this motor type, please check PDO setting!
2025-04-18 15:01:11,927 ERROR [default] Error: there is no ErrorCode in TxPDO mapping under this motor type, please check PDO setting!
2025-04-18 15:01:11,927 ERROR [default] Error: there is no ErrorCode in TxPDO mapping under this motor type, please check PDO setting!
2025-04-18 15:01:11,927 ERROR [default] Error: there is no ErrorCode in TxPDO mapping under this motor type, please check PDO setting!
2025-04-18 15:01:11,927 ERROR [default] Error: there is no ErrorCode in TxPDO mapping under this motor type, please check PDO setting!
2025-04-18 15:01:11,927 ERROR [default] Error: there is no ErrorCode in TxPDO mapping under this motor type, please check PDO setting!
2025-04-18 15:01:11,927 ERROR [default] Error: there is no ErrorCode in TxPDO mapping under this motor type, please check PDO setting!
2025-04-18 15:01:11,927 ERROR [default] Error: there is no ErrorCode in TxPDO mapping under this motor type, please check PDO setting!
2025-04-18 15:01:11,927 ERROR [default] Error: there is no ErrorCode in TxPDO mapping under this motor type, please check PDO setting!
2025-04-18 15:01:11,931 ERROR [default] Error: there is no ErrorCode in TxPDO mapping under this motor type, please check PDO setting!
2025-04-18 15:01:11,931 ERROR [default] Error: there is no ErrorCode in TxPDO mapping under this motor type, please check PDO setting!
2025-04-18 15:01:11,931 ERROR [default] Error: there is no ErrorCode in TxPDO mapping under this motor type, please check PDO setting!
2025-04-18 15:01:11,931 ERROR [default] Error: there is no ErrorCode in TxPDO mapping under this motor type, please check PDO setting!
2025-04-18 15:01:11,931 ERROR [default] Error: there is no ErrorCode in TxPDO mapping under this motor type, please check PDO setting!
2025-04-18 15:01:11,931 ERROR [default] Error: there is no ErrorCode in TxPDO mapping under this motor type, please check PDO setting!
2025-04-18 15:01:11,931 ERROR [default] Error: there is no ErrorCode in TxPDO mapping under this motor type, please check PDO setting!
2025-04-18 15:01:11,931 ERROR [default] Error: there is no ErrorCode in TxPDO mapping under this motor type, please check PDO setting!
2025-04-18 15:01:11,935 ERROR [default] Error: there is no ErrorCode in TxPDO mapping under this motor type, please check PDO setting!
2025-04-18 15:01:11,935 ERROR [default] Error: there is no ErrorCode in TxPDO mapping under this motor type, please check PDO setting!
2025-04-18 15:01:11,935 ERROR [default] Error: there is no ErrorCode in TxPDO mapping under this motor type, please check PDO setting!
2025-04-18 15:01:11,935 ERROR [default] Error: there is no ErrorCode in TxPDO mapping under this motor type, please check PDO setting!
2025-04-18 15:01:11,935 ERROR [default] Error: there is no ErrorCode in TxPDO mapping under this motor type, please check PDO setting!
2025-04-18 15:01:11,935 ERROR [default] Error: there is no ErrorCode in TxPDO mapping under this motor type, please check PDO setting!
2025-04-18 15:01:11,935 ERROR [default] Error: there is no ErrorCode in TxPDO mapping under this motor type, please check PDO setting!
2025-04-18 15:01:11,935 ERROR [default] Error: there is no ErrorCode in TxPDO mapping under this motor type, please check PDO setting!
2025-04-18 15:01:11,939 ERROR [default] Error: there is no ErrorCode in TxPDO mapping under this motor type, please check PDO setting!
2025-04-18 15:01:11,939 ERROR [default] Error: there is no ErrorCode in TxPDO mapping under this motor type, please check PDO setting!
2025-04-18 15:01:11,939 ERROR [default] Error: there is no ErrorCode in TxPDO mapping under this motor type, please check PDO setting!
2025-04-18 15:01:11,939 ERROR [default] Error: there is no ErrorCode in TxPDO mapping under this motor type, please check PDO setting!
2025-04-18 15:01:11,939 ERROR [default] Error: there is no ErrorCode in TxPDO mapping under this motor type, please check PDO setting!
2025-04-18 15:01:11,939 ERROR [default] Error: there is no ErrorCode in TxPDO mapping under this motor type, please check PDO setting!
2025-04-18 15:01:11,939 ERROR [default] Error: there is no ErrorCode in TxPDO mapping under this motor type, please check PDO setting!
2025-04-18 15:01:11,939 ERROR [default] Error: there is no ErrorCode in TxPDO mapping under this motor type, please check PDO setting!
2025-04-18 15:01:11,943 ERROR [default] Error: there is no ErrorCode in TxPDO mapping under this motor type, please check PDO setting!
2025-04-18 15:01:11,943 ERROR [default] Error: there is no ErrorCode in TxPDO mapping under this motor type, please check PDO setting!
2025-04-18 15:01:11,943 ERROR [default] Error: there is no ErrorCode in TxPDO mapping under this motor type, please check PDO setting!
2025-04-18 15:01:11,943 ERROR [default] Error: there is no ErrorCode in TxPDO mapping under this motor type, please check PDO setting!
2025-04-18 15:01:11,943 ERROR [default] Error: there is no ErrorCode in TxPDO mapping under this motor type, please check PDO setting!
2025-04-18 15:01:11,943 ERROR [default] Error: there is no ErrorCode in TxPDO mapping under this motor type, please check PDO setting!
2025-04-18 15:01:11,943 ERROR [default] Error: there is no ErrorCode in TxPDO mapping under this motor type, please check PDO setting!
2025-04-18 15:01:11,943 ERROR [default] Error: there is no ErrorCode in TxPDO mapping under this motor type, please check PDO setting!
2025-04-18 15:01:11,947 ERROR [default] Error: there is no ErrorCode in TxPDO mapping under this motor type, please check PDO setting!
2025-04-18 15:01:11,947 ERROR [default] Error: there is no ErrorCode in TxPDO mapping under this motor type, please check PDO setting!
2025-04-18 15:01:11,947 ERROR [default] Error: there is no ErrorCode in TxPDO mapping under this motor type, please check PDO setting!
2025-04-18 15:01:11,947 ERROR [default] Error: there is no ErrorCode in TxPDO mapping under this motor type, please check PDO setting!
2025-04-18 15:01:11,947 ERROR [default] Error: there is no ErrorCode in TxPDO mapping under this motor type, please check PDO setting!
2025-04-18 15:01:11,947 ERROR [default] Error: there is no ErrorCode in TxPDO mapping under this motor type, please check PDO setting!
2025-04-18 15:01:11,947 ERROR [default] Error: there is no ErrorCode in TxPDO mapping under this motor type, please check PDO setting!
2025-04-18 15:01:11,947 ERROR [default] Error: there is no ErrorCode in TxPDO mapping under this motor type, please check PDO setting!
2025-04-18 15:01:11,951 ERROR [default] Error: there is no ErrorCode in TxPDO mapping under this motor type, please check PDO setting!
2025-04-18 15:01:11,951 ERROR [default] Error: there is no ErrorCode in TxPDO mapping under this motor type, please check PDO setting!
2025-04-18 15:01:11,951 ERROR [default] Error: there is no ErrorCode in TxPDO mapping under this motor type, please check PDO setting!
2025-04-18 15:01:11,951 ERROR [default] Error: there is no ErrorCode in TxPDO mapping under this motor type, please check PDO setting!
2025-04-18 15:01:11,951 ERROR [default] Error: there is no ErrorCode in TxPDO mapping under this motor type, please check PDO setting!
2025-04-18 15:01:11,951 ERROR [default] Error: there is no ErrorCode in TxPDO mapping under this motor type, please check PDO setting!
2025-04-18 15:01:11,951 ERROR [default] Error: there is no ErrorCode in TxPDO mapping under this motor type, please check PDO setting!
2025-04-18 15:01:11,951 ERROR [default] Error: there is no ErrorCode in TxPDO mapping under this motor type, please check PDO setting!
2025-04-18 15:01:11,955 ERROR [default] Error: there is no ErrorCode in TxPDO mapping under this motor type, please check PDO setting!
2025-04-18 15:01:11,955 ERROR [default] Error: there is no ErrorCode in TxPDO mapping under this motor type, please check PDO setting!
2025-04-18 15:01:11,955 ERROR [default] Error: there is no ErrorCode in TxPDO mapping under this motor type, please check PDO setting!
2025-04-18 15:01:11,955 ERROR [default] Error: there is no ErrorCode in TxPDO mapping under this motor type, please check PDO setting!
2025-04-18 15:01:11,955 ERROR [default] Error: there is no ErrorCode in TxPDO mapping under this motor type, please check PDO setting!
2025-04-18 15:01:11,955 ERROR [default] Error: there is no ErrorCode in TxPDO mapping under this motor type, please check PDO setting!
2025-04-18 15:01:11,955 ERROR [default] Error: there is no ErrorCode in TxPDO mapping under this motor type, please check PDO setting!
2025-04-18 15:01:11,955 ERROR [default] Error: there is no ErrorCode in TxPDO mapping under this motor type, please check PDO setting!
2025-04-18 15:01:11,959 ERROR [default] Error: there is no ErrorCode in TxPDO mapping under this motor type, please check PDO setting!
2025-04-18 15:01:11,959 ERROR [default] Error: there is no ErrorCode in TxPDO mapping under this motor type, please check PDO setting!
2025-04-18 15:01:11,959 ERROR [default] Error: there is no ErrorCode in TxPDO mapping under this motor type, please check PDO setting!
2025-04-18 15:01:11,959 ERROR [default] Error: there is no ErrorCode in TxPDO mapping under this motor type, please check PDO setting!
2025-04-18 15:01:11,959 ERROR [default] Error: there is no ErrorCode in TxPDO mapping under this motor type, please check PDO setting!
2025-04-18 15:01:11,959 ERROR [default] Error: there is no ErrorCode in TxPDO mapping under this motor type, please check PDO setting!
2025-04-18 15:01:11,959 ERROR [default] Error: there is no ErrorCode in TxPDO mapping under this motor type, please check PDO setting!
2025-04-18 15:01:11,959 ERROR [default] Error: there is no ErrorCode in TxPDO mapping under this motor type, please check PDO setting!
2025-04-18 15:01:11,963 ERROR [default] Error: there is no ErrorCode in TxPDO mapping under this motor type, please check PDO setting!
2025-04-18 15:01:11,963 ERROR [default] Error: there is no ErrorCode in TxPDO mapping under this motor type, please check PDO setting!
2025-04-18 15:01:11,963 ERROR [default] Error: there is no ErrorCode in TxPDO mapping under this motor type, please check PDO setting!
2025-04-18 15:01:11,963 ERROR [default] Error: there is no ErrorCode in TxPDO mapping under this motor type, please check PDO setting!
2025-04-18 15:01:11,963 ERROR [default] Error: there is no ErrorCode in TxPDO mapping under this motor type, please check PDO setting!
2025-04-18 15:01:11,963 ERROR [default] Error: there is no ErrorCode in TxPDO mapping under this motor type, please check PDO setting!
2025-04-18 15:01:11,963 ERROR [default] Error: there is no ErrorCode in TxPDO mapping under this motor type, please check PDO setting!
2025-04-18 15:01:11,963 ERROR [default] Error: there is no ErrorCode in TxPDO mapping under this motor type, please check PDO setting!
2025-04-18 15:01:11,967 ERROR [default] Error: there is no ErrorCode in TxPDO mapping under this motor type, please check PDO setting!
2025-04-18 15:01:11,967 ERROR [default] Error: there is no ErrorCode in TxPDO mapping under this motor type, please check PDO setting!
2025-04-18 15:01:11,967 ERROR [default] Error: there is no ErrorCode in TxPDO mapping under this motor type, please check PDO setting!
2025-04-18 15:01:11,967 ERROR [default] Error: there is no ErrorCode in TxPDO mapping under this motor type, please check PDO setting!
2025-04-18 15:01:11,967 ERROR [default] Error: there is no ErrorCode in TxPDO mapping under this motor type, please check PDO setting!
2025-04-18 15:01:11,967 ERROR [default] Error: there is no ErrorCode in TxPDO mapping under this motor type, please check PDO setting!
2025-04-18 15:01:11,967 ERROR [default] Error: there is no ErrorCode in TxPDO mapping under this motor type, please check PDO setting!
2025-04-18 15:01:11,967 ERROR [default] Error: there is no ErrorCode in TxPDO mapping under this motor type, please check PDO setting!
2025-04-18 15:01:11,971 ERROR [default] Error: there is no ErrorCode in TxPDO mapping under this motor type, please check PDO setting!
2025-04-18 15:01:11,971 ERROR [default] Error: there is no ErrorCode in TxPDO mapping under this motor type, please check PDO setting!
2025-04-18 15:01:11,971 ERROR [default] Error: there is no ErrorCode in TxPDO mapping under this motor type, please check PDO setting!
2025-04-18 15:01:11,971 ERROR [default] Error: there is no ErrorCode in TxPDO mapping under this motor type, please check PDO setting!
2025-04-18 15:01:11,971 ERROR [default] Error: there is no ErrorCode in TxPDO mapping under this motor type, please check PDO setting!
2025-04-18 15:01:11,971 ERROR [default] Error: there is no ErrorCode in TxPDO mapping under this motor type, please check PDO setting!
2025-04-18 15:01:11,971 ERROR [default] Error: there is no ErrorCode in TxPDO mapping under this motor type, please check PDO setting!
2025-04-18 15:01:11,971 ERROR [default] Error: there is no ErrorCode in TxPDO mapping under this motor type, please check PDO setting!
2025-04-18 15:01:11,975 ERROR [default] Error: there is no ErrorCode in TxPDO mapping under this motor type, please check PDO setting!
2025-04-18 15:01:11,975 ERROR [default] Error: there is no ErrorCode in TxPDO mapping under this motor type, please check PDO setting!
2025-04-18 15:01:11,975 ERROR [default] Error: there is no ErrorCode in TxPDO mapping under this motor type, please check PDO setting!
2025-04-18 15:01:11,975 ERROR [default] Error: there is no ErrorCode in TxPDO mapping under this motor type, please check PDO setting!
2025-04-18 15:01:11,976 ERROR [default] Error: there is no ErrorCode in TxPDO mapping under this motor type, please check PDO setting!
2025-04-18 15:01:11,976 ERROR [default] Error: there is no ErrorCode in TxPDO mapping under this motor type, please check PDO setting!
2025-04-18 15:01:11,976 ERROR [default] Error: there is no ErrorCode in TxPDO mapping under this motor type, please check PDO setting!
2025-04-18 15:01:11,976 ERROR [default] Error: there is no ErrorCode in TxPDO mapping under this motor type, please check PDO setting!
2025-04-18 15:01:11,979 ERROR [default] Error: there is no ErrorCode in TxPDO mapping under this motor type, please check PDO setting!
2025-04-18 15:01:11,979 ERROR [default] Error: there is no ErrorCode in TxPDO mapping under this motor type, please check PDO setting!
2025-04-18 15:01:11,979 ERROR [default] Error: there is no ErrorCode in TxPDO mapping under this motor type, please check PDO setting!
2025-04-18 15:01:11,979 ERROR [default] Error: there is no ErrorCode in TxPDO mapping under this motor type, please check PDO setting!
2025-04-18 15:01:11,979 ERROR [default] Error: there is no ErrorCode in TxPDO mapping under this motor type, please check PDO setting!
2025-04-18 15:01:11,979 ERROR [default] Error: there is no ErrorCode in TxPDO mapping under this motor type, please check PDO setting!
2025-04-18 15:01:11,979 ERROR [default] Error: there is no ErrorCode in TxPDO mapping under this motor type, please check PDO setting!
2025-04-18 15:01:11,979 ERROR [default] Error: there is no ErrorCode in TxPDO mapping under this motor type, please check PDO setting!
2025-04-18 15:01:11,983 ERROR [default] Error: there is no ErrorCode in TxPDO mapping under this motor type, please check PDO setting!
2025-04-18 15:01:11,983 ERROR [default] Error: there is no ErrorCode in TxPDO mapping under this motor type, please check PDO setting!
2025-04-18 15:01:11,983 ERROR [default] Error: there is no ErrorCode in TxPDO mapping under this motor type, please check PDO setting!
2025-04-18 15:01:11,983 ERROR [default] Error: there is no ErrorCode in TxPDO mapping under this motor type, please check PDO setting!
2025-04-18 15:01:11,983 ERROR [default] Error: there is no ErrorCode in TxPDO mapping under this motor type, please check PDO setting!
2025-04-18 15:01:11,983 ERROR [default] Error: there is no ErrorCode in TxPDO mapping under this motor type, please check PDO setting!
2025-04-18 15:01:11,983 ERROR [default] Error: there is no ErrorCode in TxPDO mapping under this motor type, please check PDO setting!
2025-04-18 15:01:11,983 ERROR [default] Error: there is no ErrorCode in TxPDO mapping under this motor type, please check PDO setting!
2025-04-18 15:01:11,987 ERROR [default] Error: there is no ErrorCode in TxPDO mapping under this motor type, please check PDO setting!
2025-04-18 15:01:11,987 ERROR [default] Error: there is no ErrorCode in TxPDO mapping under this motor type, please check PDO setting!
2025-04-18 15:01:11,987 ERROR [default] Error: there is no ErrorCode in TxPDO mapping under this motor type, please check PDO setting!
2025-04-18 15:01:11,987 ERROR [default] Error: there is no ErrorCode in TxPDO mapping under this motor type, please check PDO setting!
2025-04-18 15:01:11,987 ERROR [default] Error: there is no ErrorCode in TxPDO mapping under this motor type, please check PDO setting!
2025-04-18 15:01:11,987 ERROR [default] Error: there is no ErrorCode in TxPDO mapping under this motor type, please check PDO setting!
2025-04-18 15:01:11,987 ERROR [default] Error: there is no ErrorCode in TxPDO mapping under this motor type, please check PDO setting!
2025-04-18 15:01:11,987 ERROR [default] Error: there is no ErrorCode in TxPDO mapping under this motor type, please check PDO setting!
2025-04-18 15:01:11,991 ERROR [default] Error: there is no ErrorCode in TxPDO mapping under this motor type, please check PDO setting!
2025-04-18 15:01:11,991 ERROR [default] Error: there is no ErrorCode in TxPDO mapping under this motor type, please check PDO setting!
2025-04-18 15:01:11,991 ERROR [default] Error: there is no ErrorCode in TxPDO mapping under this motor type, please check PDO setting!
2025-04-18 15:01:11,991 ERROR [default] Error: there is no ErrorCode in TxPDO mapping under this motor type, please check PDO setting!
2025-04-18 15:01:11,991 ERROR [default] Error: there is no ErrorCode in TxPDO mapping under this motor type, please check PDO setting!
2025-04-18 15:01:11,991 ERROR [default] Error: there is no ErrorCode in TxPDO mapping under this motor type, please check PDO setting!
2025-04-18 15:01:11,991 ERROR [default] Error: there is no ErrorCode in TxPDO mapping under this motor type, please check PDO setting!
2025-04-18 15:01:11,991 ERROR [default] Error: there is no ErrorCode in TxPDO mapping under this motor type, please check PDO setting!
2025-04-18 15:01:11,995 ERROR [default] Error: there is no ErrorCode in TxPDO mapping under this motor type, please check PDO setting!
2025-04-18 15:01:11,995 ERROR [default] Error: there is no ErrorCode in TxPDO mapping under this motor type, please check PDO setting!
2025-04-18 15:01:11,995 ERROR [default] Error: there is no ErrorCode in TxPDO mapping under this motor type, please check PDO setting!
2025-04-18 15:01:11,995 ERROR [default] Error: there is no ErrorCode in TxPDO mapping under this motor type, please check PDO setting!
2025-04-18 15:01:11,996 ERROR [default] Error: there is no ErrorCode in TxPDO mapping under this motor type, please check PDO setting!
2025-04-18 15:01:11,996 ERROR [default] Error: there is no ErrorCode in TxPDO mapping under this motor type, please check PDO setting!
2025-04-18 15:01:11,996 ERROR [default] Error: there is no ErrorCode in TxPDO mapping under this motor type, please check PDO setting!
2025-04-18 15:01:11,996 ERROR [default] Error: there is no ErrorCode in TxPDO mapping under this motor type, please check PDO setting!
2025-04-18 15:01:11,999 ERROR [default] Error: there is no ErrorCode in TxPDO mapping under this motor type, please check PDO setting!
2025-04-18 15:01:11,999 ERROR [default] Error: there is no ErrorCode in TxPDO mapping under this motor type, please check PDO setting!
2025-04-18 15:01:11,999 ERROR [default] Error: there is no ErrorCode in TxPDO mapping under this motor type, please check PDO setting!
2025-04-18 15:01:11,999 ERROR [default] Error: there is no ErrorCode in TxPDO mapping under this motor type, please check PDO setting!
2025-04-18 15:01:11,999 ERROR [default] Error: there is no ErrorCode in TxPDO mapping under this motor type, please check PDO setting!
2025-04-18 15:01:11,999 ERROR [default] Error: there is no ErrorCode in TxPDO mapping under this motor type, please check PDO setting!
2025-04-18 15:01:11,999 ERROR [default] Error: there is no ErrorCode in TxPDO mapping under this motor type, please check PDO setting!
2025-04-18 15:01:11,999 ERROR [default] Error: there is no ErrorCode in TxPDO mapping under this motor type, please check PDO setting!
2025-04-18 15:01:12,003 ERROR [default] Error: there is no ErrorCode in TxPDO mapping under this motor type, please check PDO setting!
2025-04-18 15:01:12,003 ERROR [default] Error: there is no ErrorCode in TxPDO mapping under this motor type, please check PDO setting!
2025-04-18 15:01:12,003 ERROR [default] Error: there is no ErrorCode in TxPDO mapping under this motor type, please check PDO setting!
2025-04-18 15:01:12,003 ERROR [default] Error: there is no ErrorCode in TxPDO mapping under this motor type, please check PDO setting!
2025-04-18 15:01:12,003 ERROR [default] Error: there is no ErrorCode in TxPDO mapping under this motor type, please check PDO setting!
2025-04-18 15:01:12,003 ERROR [default] Error: there is no ErrorCode in TxPDO mapping under this motor type, please check PDO setting!
2025-04-18 15:01:12,003 ERROR [default] Error: there is no ErrorCode in TxPDO mapping under this motor type, please check PDO setting!
2025-04-18 15:01:12,003 ERROR [default] Error: there is no ErrorCode in TxPDO mapping under this motor type, please check PDO setting!
2025-04-18 15:01:12,007 ERROR [default] Error: there is no ErrorCode in TxPDO mapping under this motor type, please check PDO setting!
2025-04-18 15:01:12,007 ERROR [default] Error: there is no ErrorCode in TxPDO mapping under this motor type, please check PDO setting!
2025-04-18 15:01:12,007 ERROR [default] Error: there is no ErrorCode in TxPDO mapping under this motor type, please check PDO setting!
2025-04-18 15:01:12,007 ERROR [default] Error: there is no ErrorCode in TxPDO mapping under this motor type, please check PDO setting!
2025-04-18 15:01:12,007 ERROR [default] Error: there is no ErrorCode in TxPDO mapping under this motor type, please check PDO setting!
2025-04-18 15:01:12,007 ERROR [default] Error: there is no ErrorCode in TxPDO mapping under this motor type, please check PDO setting!
2025-04-18 15:01:12,007 ERROR [default] Error: there is no ErrorCode in TxPDO mapping under this motor type, please check PDO setting!
2025-04-18 15:01:12,007 ERROR [default] Error: there is no ErrorCode in TxPDO mapping under this motor type, please check PDO setting!
2025-04-18 15:01:12,011 ERROR [default] Error: there is no ErrorCode in TxPDO mapping under this motor type, please check PDO setting!
2025-04-18 15:01:12,011 ERROR [default] Error: there is no ErrorCode in TxPDO mapping under this motor type, please check PDO setting!
2025-04-18 15:01:12,011 ERROR [default] Error: there is no ErrorCode in TxPDO mapping under this motor type, please check PDO setting!
2025-04-18 15:01:12,011 ERROR [default] Error: there is no ErrorCode in TxPDO mapping under this motor type, please check PDO setting!
2025-04-18 15:01:12,011 ERROR [default] Error: there is no ErrorCode in TxPDO mapping under this motor type, please check PDO setting!
2025-04-18 15:01:12,011 ERROR [default] Error: there is no ErrorCode in TxPDO mapping under this motor type, please check PDO setting!
2025-04-18 15:01:12,011 ERROR [default] Error: there is no ErrorCode in TxPDO mapping under this motor type, please check PDO setting!
2025-04-18 15:01:12,011 ERROR [default] Error: there is no ErrorCode in TxPDO mapping under this motor type, please check PDO setting!
2025-04-18 15:01:12,015 ERROR [default] Error: there is no ErrorCode in TxPDO mapping under this motor type, please check PDO setting!
2025-04-18 15:01:12,015 ERROR [default] Error: there is no ErrorCode in TxPDO mapping under this motor type, please check PDO setting!
2025-04-18 15:01:12,015 ERROR [default] Error: there is no ErrorCode in TxPDO mapping under this motor type, please check PDO setting!
2025-04-18 15:01:12,015 ERROR [default] Error: there is no ErrorCode in TxPDO mapping under this motor type, please check PDO setting!
2025-04-18 15:01:12,015 ERROR [default] Error: there is no ErrorCode in TxPDO mapping under this motor type, please check PDO setting!
2025-04-18 15:01:12,016 ERROR [default] Error: there is no ErrorCode in TxPDO mapping under this motor type, please check PDO setting!
2025-04-18 15:01:12,016 ERROR [default] Error: there is no ErrorCode in TxPDO mapping under this motor type, please check PDO setting!
2025-04-18 15:01:12,016 ERROR [default] Error: there is no ErrorCode in TxPDO mapping under this motor type, please check PDO setting!
2025-04-18 15:01:12,019 ERROR [default] Error: there is no ErrorCode in TxPDO mapping under this motor type, please check PDO setting!
2025-04-18 15:01:12,019 ERROR [default] Error: there is no ErrorCode in TxPDO mapping under this motor type, please check PDO setting!
2025-04-18 15:01:12,019 ERROR [default] Error: there is no ErrorCode in TxPDO mapping under this motor type, please check PDO setting!
2025-04-18 15:01:12,019 ERROR [default] Error: there is no ErrorCode in TxPDO mapping under this motor type, please check PDO setting!
2025-04-18 15:01:12,019 ERROR [default] Error: there is no ErrorCode in TxPDO mapping under this motor type, please check PDO setting!
2025-04-18 15:01:12,019 ERROR [default] Error: there is no ErrorCode in TxPDO mapping under this motor type, please check PDO setting!
2025-04-18 15:01:12,019 ERROR [default] Error: there is no ErrorCode in TxPDO mapping under this motor type, please check PDO setting!
2025-04-18 15:01:12,019 ERROR [default] Error: there is no ErrorCode in TxPDO mapping under this motor type, please check PDO setting!
2025-04-18 15:01:12,023 ERROR [default] Error: there is no ErrorCode in TxPDO mapping under this motor type, please check PDO setting!
2025-04-18 15:01:12,023 ERROR [default] Error: there is no ErrorCode in TxPDO mapping under this motor type, please check PDO setting!
2025-04-18 15:01:12,023 ERROR [default] Error: there is no ErrorCode in TxPDO mapping under this motor type, please check PDO setting!
2025-04-18 15:01:12,023 ERROR [default] Error: there is no ErrorCode in TxPDO mapping under this motor type, please check PDO setting!
2025-04-18 15:01:12,023 ERROR [default] Error: there is no ErrorCode in TxPDO mapping under this motor type, please check PDO setting!
2025-04-18 15:01:12,023 ERROR [default] Error: there is no ErrorCode in TxPDO mapping under this motor type, please check PDO setting!
2025-04-18 15:01:12,023 ERROR [default] Error: there is no ErrorCode in TxPDO mapping under this motor type, please check PDO setting!
2025-04-18 15:01:12,023 ERROR [default] Error: there is no ErrorCode in TxPDO mapping under this motor type, please check PDO setting!
2025-04-18 15:01:12,027 ERROR [default] Error: there is no ErrorCode in TxPDO mapping under this motor type, please check PDO setting!
2025-04-18 15:01:12,027 ERROR [default] Error: there is no ErrorCode in TxPDO mapping under this motor type, please check PDO setting!
2025-04-18 15:01:12,027 ERROR [default] Error: there is no ErrorCode in TxPDO mapping under this motor type, please check PDO setting!
2025-04-18 15:01:12,027 ERROR [default] Error: there is no ErrorCode in TxPDO mapping under this motor type, please check PDO setting!
2025-04-18 15:01:12,027 ERROR [default] Error: there is no ErrorCode in TxPDO mapping under this motor type, please check PDO setting!
2025-04-18 15:01:12,027 ERROR [default] Error: there is no ErrorCode in TxPDO mapping under this motor type, please check PDO setting!
2025-04-18 15:01:12,027 ERROR [default] Error: there is no ErrorCode in TxPDO mapping under this motor type, please check PDO setting!
2025-04-18 15:01:12,027 ERROR [default] Error: there is no ErrorCode in TxPDO mapping under this motor type, please check PDO setting!
2025-04-18 15:01:12,031 ERROR [default] Error: there is no ErrorCode in TxPDO mapping under this motor type, please check PDO setting!
2025-04-18 15:01:12,031 ERROR [default] Error: there is no ErrorCode in TxPDO mapping under this motor type, please check PDO setting!
2025-04-18 15:01:12,031 ERROR [default] Error: there is no ErrorCode in TxPDO mapping under this motor type, please check PDO setting!
2025-04-18 15:01:12,031 ERROR [default] Error: there is no ErrorCode in TxPDO mapping under this motor type, please check PDO setting!
2025-04-18 15:01:12,031 ERROR [default] Error: there is no ErrorCode in TxPDO mapping under this motor type, please check PDO setting!
2025-04-18 15:01:12,031 ERROR [default] Error: there is no ErrorCode in TxPDO mapping under this motor type, please check PDO setting!
2025-04-18 15:01:12,031 ERROR [default] Error: there is no ErrorCode in TxPDO mapping under this motor type, please check PDO setting!
2025-04-18 15:01:12,031 ERROR [default] Error: there is no ErrorCode in TxPDO mapping under this motor type, please check PDO setting!
2025-04-18 15:01:12,035 ERROR [default] Error: there is no ErrorCode in TxPDO mapping under this motor type, please check PDO setting!
2025-04-18 15:01:12,035 ERROR [default] Error: there is no ErrorCode in TxPDO mapping under this motor type, please check PDO setting!
2025-04-18 15:01:12,036 ERROR [default] Error: there is no ErrorCode in TxPDO mapping under this motor type, please check PDO setting!
2025-04-18 15:01:12,036 ERROR [default] Error: there is no ErrorCode in TxPDO mapping under this motor type, please check PDO setting!
2025-04-18 15:01:12,036 ERROR [default] Error: there is no ErrorCode in TxPDO mapping under this motor type, please check PDO setting!
2025-04-18 15:01:12,036 ERROR [default] Error: there is no ErrorCode in TxPDO mapping under this motor type, please check PDO setting!
2025-04-18 15:01:12,036 ERROR [default] Error: there is no ErrorCode in TxPDO mapping under this motor type, please check PDO setting!
2025-04-18 15:01:12,036 ERROR [default] Error: there is no ErrorCode in TxPDO mapping under this motor type, please check PDO setting!
2025-04-18 15:01:12,039 ERROR [default] Error: there is no ErrorCode in TxPDO mapping under this motor type, please check PDO setting!
2025-04-18 15:01:12,039 ERROR [default] Error: there is no ErrorCode in TxPDO mapping under this motor type, please check PDO setting!
2025-04-18 15:01:12,039 ERROR [default] Error: there is no ErrorCode in TxPDO mapping under this motor type, please check PDO setting!
2025-04-18 15:01:12,039 ERROR [default] Error: there is no ErrorCode in TxPDO mapping under this motor type, please check PDO setting!
2025-04-18 15:01:12,039 ERROR [default] Error: there is no ErrorCode in TxPDO mapping under this motor type, please check PDO setting!
2025-04-18 15:01:12,039 ERROR [default] Error: there is no ErrorCode in TxPDO mapping under this motor type, please check PDO setting!
2025-04-18 15:01:12,039 ERROR [default] Error: there is no ErrorCode in TxPDO mapping under this motor type, please check PDO setting!
2025-04-18 15:01:12,039 ERROR [default] Error: there is no ErrorCode in TxPDO mapping under this motor type, please check PDO setting!
2025-04-18 15:01:12,043 ERROR [default] Error: there is no ErrorCode in TxPDO mapping under this motor type, please check PDO setting!
2025-04-18 15:01:12,043 ERROR [default] Error: there is no ErrorCode in TxPDO mapping under this motor type, please check PDO setting!
2025-04-18 15:01:12,043 ERROR [default] Error: there is no ErrorCode in TxPDO mapping under this motor type, please check PDO setting!
2025-04-18 15:01:12,043 ERROR [default] Error: there is no ErrorCode in TxPDO mapping under this motor type, please check PDO setting!
2025-04-18 15:01:12,043 ERROR [default] Error: there is no ErrorCode in TxPDO mapping under this motor type, please check PDO setting!
2025-04-18 15:01:12,043 ERROR [default] Error: there is no ErrorCode in TxPDO mapping under this motor type, please check PDO setting!
2025-04-18 15:01:12,043 ERROR [default] Error: there is no ErrorCode in TxPDO mapping under this motor type, please check PDO setting!
2025-04-18 15:01:12,043 ERROR [default] Error: there is no ErrorCode in TxPDO mapping under this motor type, please check PDO setting!
2025-04-18 15:01:12,047 ERROR [default] Error: there is no ErrorCode in TxPDO mapping under this motor type, please check PDO setting!
2025-04-18 15:01:12,047 ERROR [default] Error: there is no ErrorCode in TxPDO mapping under this motor type, please check PDO setting!
2025-04-18 15:01:12,047 ERROR [default] Error: there is no ErrorCode in TxPDO mapping under this motor type, please check PDO setting!
2025-04-18 15:01:12,047 ERROR [default] Error: there is no ErrorCode in TxPDO mapping under this motor type, please check PDO setting!
2025-04-18 15:01:12,047 ERROR [default] Error: there is no ErrorCode in TxPDO mapping under this motor type, please check PDO setting!
2025-04-18 15:01:12,047 ERROR [default] Error: there is no ErrorCode in TxPDO mapping under this motor type, please check PDO setting!
2025-04-18 15:01:12,047 ERROR [default] Error: there is no ErrorCode in TxPDO mapping under this motor type, please check PDO setting!
2025-04-18 15:01:12,047 ERROR [default] Error: there is no ErrorCode in TxPDO mapping under this motor type, please check PDO setting!
2025-04-18 15:01:12,051 ERROR [default] Error: there is no ErrorCode in TxPDO mapping under this motor type, please check PDO setting!
2025-04-18 15:01:12,051 ERROR [default] Error: there is no ErrorCode in TxPDO mapping under this motor type, please check PDO setting!
2025-04-18 15:01:12,051 ERROR [default] Error: there is no ErrorCode in TxPDO mapping under this motor type, please check PDO setting!
2025-04-18 15:01:12,051 ERROR [default] Error: there is no ErrorCode in TxPDO mapping under this motor type, please check PDO setting!
2025-04-18 15:01:12,051 ERROR [default] Error: there is no ErrorCode in TxPDO mapping under this motor type, please check PDO setting!
2025-04-18 15:01:12,051 ERROR [default] Error: there is no ErrorCode in TxPDO mapping under this motor type, please check PDO setting!
2025-04-18 15:01:12,051 ERROR [default] Error: there is no ErrorCode in TxPDO mapping under this motor type, please check PDO setting!
2025-04-18 15:01:12,051 ERROR [default] Error: there is no ErrorCode in TxPDO mapping under this motor type, please check PDO setting!
2025-04-18 15:01:12,055 ERROR [default] Error: there is no ErrorCode in TxPDO mapping under this motor type, please check PDO setting!
2025-04-18 15:01:12,055 ERROR [default] Error: there is no ErrorCode in TxPDO mapping under this motor type, please check PDO setting!
2025-04-18 15:01:12,055 ERROR [default] Error: there is no ErrorCode in TxPDO mapping under this motor type, please check PDO setting!
2025-04-18 15:01:12,055 ERROR [default] Error: there is no ErrorCode in TxPDO mapping under this motor type, please check PDO setting!
2025-04-18 15:01:12,055 ERROR [default] Error: there is no ErrorCode in TxPDO mapping under this motor type, please check PDO setting!
2025-04-18 15:01:12,055 ERROR [default] Error: there is no ErrorCode in TxPDO mapping under this motor type, please check PDO setting!
2025-04-18 15:01:12,055 ERROR [default] Error: there is no ErrorCode in TxPDO mapping under this motor type, please check PDO setting!
2025-04-18 15:01:12,056 ERROR [default] Error: there is no ErrorCode in TxPDO mapping under this motor type, please check PDO setting!
2025-04-18 15:01:12,059 ERROR [default] Error: there is no ErrorCode in TxPDO mapping under this motor type, please check PDO setting!
2025-04-18 15:01:12,059 ERROR [default] Error: there is no ErrorCode in TxPDO mapping under this motor type, please check PDO setting!
2025-04-18 15:01:12,059 ERROR [default] Error: there is no ErrorCode in TxPDO mapping under this motor type, please check PDO setting!
2025-04-18 15:01:12,059 ERROR [default] Error: there is no ErrorCode in TxPDO mapping under this motor type, please check PDO setting!
2025-04-18 15:01:12,059 ERROR [default] Error: there is no ErrorCode in TxPDO mapping under this motor type, please check PDO setting!
2025-04-18 15:01:12,059 ERROR [default] Error: there is no ErrorCode in TxPDO mapping under this motor type, please check PDO setting!
2025-04-18 15:01:12,059 ERROR [default] Error: there is no ErrorCode in TxPDO mapping under this motor type, please check PDO setting!
2025-04-18 15:01:12,059 ERROR [default] Error: there is no ErrorCode in TxPDO mapping under this motor type, please check PDO setting!
2025-04-18 15:01:12,063 ERROR [default] Error: there is no ErrorCode in TxPDO mapping under this motor type, please check PDO setting!
2025-04-18 15:01:12,063 ERROR [default] Error: there is no ErrorCode in TxPDO mapping under this motor type, please check PDO setting!
2025-04-18 15:01:12,063 ERROR [default] Error: there is no ErrorCode in TxPDO mapping under this motor type, please check PDO setting!
2025-04-18 15:01:12,063 ERROR [default] Error: there is no ErrorCode in TxPDO mapping under this motor type, please check PDO setting!
2025-04-18 15:01:12,063 ERROR [default] Error: there is no ErrorCode in TxPDO mapping under this motor type, please check PDO setting!
2025-04-18 15:01:12,063 ERROR [default] Error: there is no ErrorCode in TxPDO mapping under this motor type, please check PDO setting!
2025-04-18 15:01:12,063 ERROR [default] Error: there is no ErrorCode in TxPDO mapping under this motor type, please check PDO setting!
2025-04-18 15:01:12,063 ERROR [default] Error: there is no ErrorCode in TxPDO mapping under this motor type, please check PDO setting!
2025-04-18 15:01:12,067 ERROR [default] Error: there is no ErrorCode in TxPDO mapping under this motor type, please check PDO setting!
2025-04-18 15:01:12,067 ERROR [default] Error: there is no ErrorCode in TxPDO mapping under this motor type, please check PDO setting!
2025-04-18 15:01:12,067 ERROR [default] Error: there is no ErrorCode in TxPDO mapping under this motor type, please check PDO setting!
2025-04-18 15:01:12,067 ERROR [default] Error: there is no ErrorCode in TxPDO mapping under this motor type, please check PDO setting!
2025-04-18 15:01:12,067 ERROR [default] Error: there is no ErrorCode in TxPDO mapping under this motor type, please check PDO setting!
2025-04-18 15:01:12,067 ERROR [default] Error: there is no ErrorCode in TxPDO mapping under this motor type, please check PDO setting!
2025-04-18 15:01:12,067 ERROR [default] Error: there is no ErrorCode in TxPDO mapping under this motor type, please check PDO setting!
2025-04-18 15:01:12,067 ERROR [default] Error: there is no ErrorCode in TxPDO mapping under this motor type, please check PDO setting!
2025-04-18 15:01:12,071 ERROR [default] Error: there is no ErrorCode in TxPDO mapping under this motor type, please check PDO setting!
2025-04-18 15:01:12,071 ERROR [default] Error: there is no ErrorCode in TxPDO mapping under this motor type, please check PDO setting!
2025-04-18 15:01:12,071 ERROR [default] Error: there is no ErrorCode in TxPDO mapping under this motor type, please check PDO setting!
2025-04-18 15:01:12,071 ERROR [default] Error: there is no ErrorCode in TxPDO mapping under this motor type, please check PDO setting!
2025-04-18 15:01:12,071 ERROR [default] Error: there is no ErrorCode in TxPDO mapping under this motor type, please check PDO setting!
2025-04-18 15:01:12,071 ERROR [default] Error: there is no ErrorCode in TxPDO mapping under this motor type, please check PDO setting!
2025-04-18 15:01:12,071 ERROR [default] Error: there is no ErrorCode in TxPDO mapping under this motor type, please check PDO setting!
2025-04-18 15:01:12,071 ERROR [default] Error: there is no ErrorCode in TxPDO mapping under this motor type, please check PDO setting!
2025-04-18 15:01:12,075 ERROR [default] Error: there is no ErrorCode in TxPDO mapping under this motor type, please check PDO setting!
2025-04-18 15:01:12,075 ERROR [default] Error: there is no ErrorCode in TxPDO mapping under this motor type, please check PDO setting!
2025-04-18 15:01:12,075 ERROR [default] Error: there is no ErrorCode in TxPDO mapping under this motor type, please check PDO setting!
2025-04-18 15:01:12,075 ERROR [default] Error: there is no ErrorCode in TxPDO mapping under this motor type, please check PDO setting!
2025-04-18 15:01:12,076 ERROR [default] Error: there is no ErrorCode in TxPDO mapping under this motor type, please check PDO setting!
2025-04-18 15:01:12,076 ERROR [default] Error: there is no ErrorCode in TxPDO mapping under this motor type, please check PDO setting!
2025-04-18 15:01:12,076 ERROR [default] Error: there is no ErrorCode in TxPDO mapping under this motor type, please check PDO setting!
2025-04-18 15:01:12,076 ERROR [default] Error: there is no ErrorCode in TxPDO mapping under this motor type, please check PDO setting!
2025-04-18 15:01:12,079 ERROR [default] Error: there is no ErrorCode in TxPDO mapping under this motor type, please check PDO setting!
2025-04-18 15:01:12,079 ERROR [default] Error: there is no ErrorCode in TxPDO mapping under this motor type, please check PDO setting!
2025-04-18 15:01:12,079 ERROR [default] Error: there is no ErrorCode in TxPDO mapping under this motor type, please check PDO setting!
2025-04-18 15:01:12,079 ERROR [default] Error: there is no ErrorCode in TxPDO mapping under this motor type, please check PDO setting!
2025-04-18 15:01:12,079 ERROR [default] Error: there is no ErrorCode in TxPDO mapping under this motor type, please check PDO setting!
2025-04-18 15:01:12,079 ERROR [default] Error: there is no ErrorCode in TxPDO mapping under this motor type, please check PDO setting!
2025-04-18 15:01:12,079 ERROR [default] Error: there is no ErrorCode in TxPDO mapping under this motor type, please check PDO setting!
2025-04-18 15:01:12,079 ERROR [default] Error: there is no ErrorCode in TxPDO mapping under this motor type, please check PDO setting!
2025-04-18 15:01:12,083 ERROR [default] Error: there is no ErrorCode in TxPDO mapping under this motor type, please check PDO setting!
2025-04-18 15:01:12,083 ERROR [default] Error: there is no ErrorCode in TxPDO mapping under this motor type, please check PDO setting!
2025-04-18 15:01:12,083 ERROR [default] Error: there is no ErrorCode in TxPDO mapping under this motor type, please check PDO setting!
2025-04-18 15:01:12,083 ERROR [default] Error: there is no ErrorCode in TxPDO mapping under this motor type, please check PDO setting!
2025-04-18 15:01:12,083 ERROR [default] Error: there is no ErrorCode in TxPDO mapping under this motor type, please check PDO setting!
2025-04-18 15:01:12,083 ERROR [default] Error: there is no ErrorCode in TxPDO mapping under this motor type, please check PDO setting!
2025-04-18 15:01:12,083 ERROR [default] Error: there is no ErrorCode in TxPDO mapping under this motor type, please check PDO setting!
2025-04-18 15:01:12,083 ERROR [default] Error: there is no ErrorCode in TxPDO mapping under this motor type, please check PDO setting!
2025-04-18 15:01:12,087 ERROR [default] Error: there is no ErrorCode in TxPDO mapping under this motor type, please check PDO setting!
2025-04-18 15:01:12,087 ERROR [default] Error: there is no ErrorCode in TxPDO mapping under this motor type, please check PDO setting!
2025-04-18 15:01:12,087 ERROR [default] Error: there is no ErrorCode in TxPDO mapping under this motor type, please check PDO setting!
2025-04-18 15:01:12,087 ERROR [default] Error: there is no ErrorCode in TxPDO mapping under this motor type, please check PDO setting!
2025-04-18 15:01:12,087 ERROR [default] Error: there is no ErrorCode in TxPDO mapping under this motor type, please check PDO setting!
2025-04-18 15:01:12,087 ERROR [default] Error: there is no ErrorCode in TxPDO mapping under this motor type, please check PDO setting!
2025-04-18 15:01:12,087 ERROR [default] Error: there is no ErrorCode in TxPDO mapping under this motor type, please check PDO setting!
2025-04-18 15:01:12,087 ERROR [default] Error: there is no ErrorCode in TxPDO mapping under this motor type, please check PDO setting!
2025-04-18 15:01:12,091 ERROR [default] Error: there is no ErrorCode in TxPDO mapping under this motor type, please check PDO setting!
2025-04-18 15:01:12,091 ERROR [default] Error: there is no ErrorCode in TxPDO mapping under this motor type, please check PDO setting!
2025-04-18 15:01:12,091 ERROR [default] Error: there is no ErrorCode in TxPDO mapping under this motor type, please check PDO setting!
2025-04-18 15:01:12,091 ERROR [default] Error: there is no ErrorCode in TxPDO mapping under this motor type, please check PDO setting!
2025-04-18 15:01:12,091 ERROR [default] Error: there is no ErrorCode in TxPDO mapping under this motor type, please check PDO setting!
2025-04-18 15:01:12,091 ERROR [default] Error: there is no ErrorCode in TxPDO mapping under this motor type, please check PDO setting!
2025-04-18 15:01:12,091 ERROR [default] Error: there is no ErrorCode in TxPDO mapping under this motor type, please check PDO setting!
2025-04-18 15:01:12,091 ERROR [default] Error: there is no ErrorCode in TxPDO mapping under this motor type, please check PDO setting!
2025-04-18 15:01:12,095 ERROR [default] Error: there is no ErrorCode in TxPDO mapping under this motor type, please check PDO setting!
2025-04-18 15:01:12,095 ERROR [default] Error: there is no ErrorCode in TxPDO mapping under this motor type, please check PDO setting!
2025-04-18 15:01:12,095 ERROR [default] Error: there is no ErrorCode in TxPDO mapping under this motor type, please check PDO setting!
2025-04-18 15:01:12,095 ERROR [default] Error: there is no ErrorCode in TxPDO mapping under this motor type, please check PDO setting!
2025-04-18 15:01:12,095 ERROR [default] Error: there is no ErrorCode in TxPDO mapping under this motor type, please check PDO setting!
2025-04-18 15:01:12,095 ERROR [default] Error: there is no ErrorCode in TxPDO mapping under this motor type, please check PDO setting!
2025-04-18 15:01:12,095 ERROR [default] Error: there is no ErrorCode in TxPDO mapping under this motor type, please check PDO setting!
2025-04-18 15:01:12,095 ERROR [default] Error: there is no ErrorCode in TxPDO mapping under this motor type, please check PDO setting!
2025-04-18 15:01:12,099 ERROR [default] Error: there is no ErrorCode in TxPDO mapping under this motor type, please check PDO setting!
2025-04-18 15:01:12,099 ERROR [default] Error: there is no ErrorCode in TxPDO mapping under this motor type, please check PDO setting!
2025-04-18 15:01:12,099 ERROR [default] Error: there is no ErrorCode in TxPDO mapping under this motor type, please check PDO setting!
2025-04-18 15:01:12,099 ERROR [default] Error: there is no ErrorCode in TxPDO mapping under this motor type, please check PDO setting!
2025-04-18 15:01:12,099 ERROR [default] Error: there is no ErrorCode in TxPDO mapping under this motor type, please check PDO setting!
2025-04-18 15:01:12,099 ERROR [default] Error: there is no ErrorCode in TxPDO mapping under this motor type, please check PDO setting!
2025-04-18 15:01:12,099 ERROR [default] Error: there is no ErrorCode in TxPDO mapping under this motor type, please check PDO setting!
2025-04-18 15:01:12,099 ERROR [default] Error: there is no ErrorCode in TxPDO mapping under this motor type, please check PDO setting!
2025-04-18 15:01:12,103 ERROR [default] Error: there is no ErrorCode in TxPDO mapping under this motor type, please check PDO setting!
2025-04-18 15:01:12,103 ERROR [default] Error: there is no ErrorCode in TxPDO mapping under this motor type, please check PDO setting!
2025-04-18 15:01:12,103 ERROR [default] Error: there is no ErrorCode in TxPDO mapping under this motor type, please check PDO setting!
2025-04-18 15:01:12,103 ERROR [default] Error: there is no ErrorCode in TxPDO mapping under this motor type, please check PDO setting!
2025-04-18 15:01:12,103 ERROR [default] Error: there is no ErrorCode in TxPDO mapping under this motor type, please check PDO setting!
2025-04-18 15:01:12,103 ERROR [default] Error: there is no ErrorCode in TxPDO mapping under this motor type, please check PDO setting!
2025-04-18 15:01:12,103 ERROR [default] Error: there is no ErrorCode in TxPDO mapping under this motor type, please check PDO setting!
2025-04-18 15:01:12,103 ERROR [default] Error: there is no ErrorCode in TxPDO mapping under this motor type, please check PDO setting!
2025-04-18 15:01:12,107 ERROR [default] Error: there is no ErrorCode in TxPDO mapping under this motor type, please check PDO setting!
2025-04-18 15:01:12,107 ERROR [default] Error: there is no ErrorCode in TxPDO mapping under this motor type, please check PDO setting!
2025-04-18 15:01:12,107 ERROR [default] Error: there is no ErrorCode in TxPDO mapping under this motor type, please check PDO setting!
2025-04-18 15:01:12,107 ERROR [default] Error: there is no ErrorCode in TxPDO mapping under this motor type, please check PDO setting!
2025-04-18 15:01:12,107 ERROR [default] Error: there is no ErrorCode in TxPDO mapping under this motor type, please check PDO setting!
2025-04-18 15:01:12,107 ERROR [default] Error: there is no ErrorCode in TxPDO mapping under this motor type, please check PDO setting!
2025-04-18 15:01:12,107 ERROR [default] Error: there is no ErrorCode in TxPDO mapping under this motor type, please check PDO setting!
2025-04-18 15:01:12,107 ERROR [default] Error: there is no ErrorCode in TxPDO mapping under this motor type, please check PDO setting!
2025-04-18 15:01:12,111 ERROR [default] Error: there is no ErrorCode in TxPDO mapping under this motor type, please check PDO setting!
2025-04-18 15:01:12,111 ERROR [default] Error: there is no ErrorCode in TxPDO mapping under this motor type, please check PDO setting!
2025-04-18 15:01:12,111 ERROR [default] Error: there is no ErrorCode in TxPDO mapping under this motor type, please check PDO setting!
2025-04-18 15:01:12,111 ERROR [default] Error: there is no ErrorCode in TxPDO mapping under this motor type, please check PDO setting!
2025-04-18 15:01:12,111 ERROR [default] Error: there is no ErrorCode in TxPDO mapping under this motor type, please check PDO setting!
2025-04-18 15:01:12,111 ERROR [default] Error: there is no ErrorCode in TxPDO mapping under this motor type, please check PDO setting!
2025-04-18 15:01:12,111 ERROR [default] Error: there is no ErrorCode in TxPDO mapping under this motor type, please check PDO setting!
2025-04-18 15:01:12,111 ERROR [default] Error: there is no ErrorCode in TxPDO mapping under this motor type, please check PDO setting!
2025-04-18 15:01:12,115 ERROR [default] Error: there is no ErrorCode in TxPDO mapping under this motor type, please check PDO setting!
2025-04-18 15:01:12,115 ERROR [default] Error: there is no ErrorCode in TxPDO mapping under this motor type, please check PDO setting!
2025-04-18 15:01:12,115 ERROR [default] Error: there is no ErrorCode in TxPDO mapping under this motor type, please check PDO setting!
2025-04-18 15:01:12,115 ERROR [default] Error: there is no ErrorCode in TxPDO mapping under this motor type, please check PDO setting!
2025-04-18 15:01:12,115 ERROR [default] Error: there is no ErrorCode in TxPDO mapping under this motor type, please check PDO setting!
2025-04-18 15:01:12,115 ERROR [default] Error: there is no ErrorCode in TxPDO mapping under this motor type, please check PDO setting!
2025-04-18 15:01:12,115 ERROR [default] Error: there is no ErrorCode in TxPDO mapping under this motor type, please check PDO setting!
2025-04-18 15:01:12,115 ERROR [default] Error: there is no ErrorCode in TxPDO mapping under this motor type, please check PDO setting!
2025-04-18 15:01:12,119 ERROR [default] Error: there is no ErrorCode in TxPDO mapping under this motor type, please check PDO setting!
2025-04-18 15:01:12,119 ERROR [default] Error: there is no ErrorCode in TxPDO mapping under this motor type, please check PDO setting!
2025-04-18 15:01:12,119 ERROR [default] Error: there is no ErrorCode in TxPDO mapping under this motor type, please check PDO setting!
2025-04-18 15:01:12,119 ERROR [default] Error: there is no ErrorCode in TxPDO mapping under this motor type, please check PDO setting!
2025-04-18 15:01:12,119 ERROR [default] Error: there is no ErrorCode in TxPDO mapping under this motor type, please check PDO setting!
2025-04-18 15:01:12,119 ERROR [default] Error: there is no ErrorCode in TxPDO mapping under this motor type, please check PDO setting!
2025-04-18 15:01:12,119 ERROR [default] Error: there is no ErrorCode in TxPDO mapping under this motor type, please check PDO setting!
2025-04-18 15:01:12,119 ERROR [default] Error: there is no ErrorCode in TxPDO mapping under this motor type, please check PDO setting!
2025-04-18 15:01:12,123 ERROR [default] Error: there is no ErrorCode in TxPDO mapping under this motor type, please check PDO setting!
2025-04-18 15:01:12,123 ERROR [default] Error: there is no ErrorCode in TxPDO mapping under this motor type, please check PDO setting!
2025-04-18 15:01:12,123 ERROR [default] Error: there is no ErrorCode in TxPDO mapping under this motor type, please check PDO setting!
2025-04-18 15:01:12,123 ERROR [default] Error: there is no ErrorCode in TxPDO mapping under this motor type, please check PDO setting!
2025-04-18 15:01:12,123 ERROR [default] Error: there is no ErrorCode in TxPDO mapping under this motor type, please check PDO setting!
2025-04-18 15:01:12,123 ERROR [default] Error: there is no ErrorCode in TxPDO mapping under this motor type, please check PDO setting!
2025-04-18 15:01:12,123 ERROR [default] Error: there is no ErrorCode in TxPDO mapping under this motor type, please check PDO setting!
2025-04-18 15:01:12,123 ERROR [default] Error: there is no ErrorCode in TxPDO mapping under this motor type, please check PDO setting!
2025-04-18 15:01:12,127 ERROR [default] Error: there is no ErrorCode in TxPDO mapping under this motor type, please check PDO setting!
2025-04-18 15:01:12,127 ERROR [default] Error: there is no ErrorCode in TxPDO mapping under this motor type, please check PDO setting!
2025-04-18 15:01:12,127 ERROR [default] Error: there is no ErrorCode in TxPDO mapping under this motor type, please check PDO setting!
2025-04-18 15:01:12,127 ERROR [default] Error: there is no ErrorCode in TxPDO mapping under this motor type, please check PDO setting!
2025-04-18 15:01:12,127 ERROR [default] Error: there is no ErrorCode in TxPDO mapping under this motor type, please check PDO setting!
2025-04-18 15:01:12,127 ERROR [default] Error: there is no ErrorCode in TxPDO mapping under this motor type, please check PDO setting!
2025-04-18 15:01:12,127 ERROR [default] Error: there is no ErrorCode in TxPDO mapping under this motor type, please check PDO setting!
2025-04-18 15:01:12,127 ERROR [default] Error: there is no ErrorCode in TxPDO mapping under this motor type, please check PDO setting!
2025-04-18 15:01:12,131 ERROR [default] Error: there is no ErrorCode in TxPDO mapping under this motor type, please check PDO setting!
2025-04-18 15:01:12,131 ERROR [default] Error: there is no ErrorCode in TxPDO mapping under this motor type, please check PDO setting!
2025-04-18 15:01:12,131 ERROR [default] Error: there is no ErrorCode in TxPDO mapping under this motor type, please check PDO setting!
2025-04-18 15:01:12,131 ERROR [default] Error: there is no ErrorCode in TxPDO mapping under this motor type, please check PDO setting!
2025-04-18 15:01:12,131 ERROR [default] Error: there is no ErrorCode in TxPDO mapping under this motor type, please check PDO setting!
2025-04-18 15:01:12,131 ERROR [default] Error: there is no ErrorCode in TxPDO mapping under this motor type, please check PDO setting!
2025-04-18 15:01:12,131 ERROR [default] Error: there is no ErrorCode in TxPDO mapping under this motor type, please check PDO setting!
2025-04-18 15:01:12,131 ERROR [default] Error: there is no ErrorCode in TxPDO mapping under this motor type, please check PDO setting!
2025-04-18 15:01:12,135 ERROR [default] Error: there is no ErrorCode in TxPDO mapping under this motor type, please check PDO setting!
2025-04-18 15:01:12,135 ERROR [default] Error: there is no ErrorCode in TxPDO mapping under this motor type, please check PDO setting!
2025-04-18 15:01:12,135 ERROR [default] Error: there is no ErrorCode in TxPDO mapping under this motor type, please check PDO setting!
2025-04-18 15:01:12,135 ERROR [default] Error: there is no ErrorCode in TxPDO mapping under this motor type, please check PDO setting!
2025-04-18 15:01:12,135 ERROR [default] Error: there is no ErrorCode in TxPDO mapping under this motor type, please check PDO setting!
2025-04-18 15:01:12,135 ERROR [default] Error: there is no ErrorCode in TxPDO mapping under this motor type, please check PDO setting!
2025-04-18 15:01:12,135 ERROR [default] Error: there is no ErrorCode in TxPDO mapping under this motor type, please check PDO setting!
2025-04-18 15:01:12,135 ERROR [default] Error: there is no ErrorCode in TxPDO mapping under this motor type, please check PDO setting!
2025-04-18 15:01:12,139 ERROR [default] Error: there is no ErrorCode in TxPDO mapping under this motor type, please check PDO setting!
2025-04-18 15:01:12,139 ERROR [default] Error: there is no ErrorCode in TxPDO mapping under this motor type, please check PDO setting!
2025-04-18 15:01:12,139 ERROR [default] Error: there is no ErrorCode in TxPDO mapping under this motor type, please check PDO setting!
2025-04-18 15:01:12,139 ERROR [default] Error: there is no ErrorCode in TxPDO mapping under this motor type, please check PDO setting!
2025-04-18 15:01:12,139 ERROR [default] Error: there is no ErrorCode in TxPDO mapping under this motor type, please check PDO setting!
2025-04-18 15:01:12,139 ERROR [default] Error: there is no ErrorCode in TxPDO mapping under this motor type, please check PDO setting!
2025-04-18 15:01:12,139 ERROR [default] Error: there is no ErrorCode in TxPDO mapping under this motor type, please check PDO setting!
2025-04-18 15:01:12,140 ERROR [default] Error: there is no ErrorCode in TxPDO mapping under this motor type, please check PDO setting!
2025-04-18 15:01:12,143 ERROR [default] Error: there is no ErrorCode in TxPDO mapping under this motor type, please check PDO setting!
2025-04-18 15:01:12,143 ERROR [default] Error: there is no ErrorCode in TxPDO mapping under this motor type, please check PDO setting!
2025-04-18 15:01:12,143 ERROR [default] Error: there is no ErrorCode in TxPDO mapping under this motor type, please check PDO setting!
2025-04-18 15:01:12,143 ERROR [default] Error: there is no ErrorCode in TxPDO mapping under this motor type, please check PDO setting!
2025-04-18 15:01:12,143 ERROR [default] Error: there is no ErrorCode in TxPDO mapping under this motor type, please check PDO setting!
2025-04-18 15:01:12,143 ERROR [default] Error: there is no ErrorCode in TxPDO mapping under this motor type, please check PDO setting!
2025-04-18 15:01:12,143 ERROR [default] Error: there is no ErrorCode in TxPDO mapping under this motor type, please check PDO setting!
2025-04-18 15:01:12,143 ERROR [default] Error: there is no ErrorCode in TxPDO mapping under this motor type, please check PDO setting!
2025-04-18 15:01:12,147 ERROR [default] Error: there is no ErrorCode in TxPDO mapping under this motor type, please check PDO setting!
2025-04-18 15:01:12,147 ERROR [default] Error: there is no ErrorCode in TxPDO mapping under this motor type, please check PDO setting!
2025-04-18 15:01:12,147 ERROR [default] Error: there is no ErrorCode in TxPDO mapping under this motor type, please check PDO setting!
2025-04-18 15:01:12,147 ERROR [default] Error: there is no ErrorCode in TxPDO mapping under this motor type, please check PDO setting!
2025-04-18 15:01:12,147 ERROR [default] Error: there is no ErrorCode in TxPDO mapping under this motor type, please check PDO setting!
2025-04-18 15:01:12,147 ERROR [default] Error: there is no ErrorCode in TxPDO mapping under this motor type, please check PDO setting!
2025-04-18 15:01:12,147 ERROR [default] Error: there is no ErrorCode in TxPDO mapping under this motor type, please check PDO setting!
2025-04-18 15:01:12,147 ERROR [default] Error: there is no ErrorCode in TxPDO mapping under this motor type, please check PDO setting!
2025-04-18 15:01:12,151 ERROR [default] Error: there is no ErrorCode in TxPDO mapping under this motor type, please check PDO setting!
2025-04-18 15:01:12,151 ERROR [default] Error: there is no ErrorCode in TxPDO mapping under this motor type, please check PDO setting!
2025-04-18 15:01:12,151 ERROR [default] Error: there is no ErrorCode in TxPDO mapping under this motor type, please check PDO setting!
2025-04-18 15:01:12,151 ERROR [default] Error: there is no ErrorCode in TxPDO mapping under this motor type, please check PDO setting!
2025-04-18 15:01:12,151 ERROR [default] Error: there is no ErrorCode in TxPDO mapping under this motor type, please check PDO setting!
2025-04-18 15:01:12,151 ERROR [default] Error: there is no ErrorCode in TxPDO mapping under this motor type, please check PDO setting!
2025-04-18 15:01:12,151 ERROR [default] Error: there is no ErrorCode in TxPDO mapping under this motor type, please check PDO setting!
2025-04-18 15:01:12,151 ERROR [default] Error: there is no ErrorCode in TxPDO mapping under this motor type, please check PDO setting!
2025-04-18 15:01:12,155 ERROR [default] Error: there is no ErrorCode in TxPDO mapping under this motor type, please check PDO setting!
2025-04-18 15:01:12,155 ERROR [default] Error: there is no ErrorCode in TxPDO mapping under this motor type, please check PDO setting!
2025-04-18 15:01:12,155 ERROR [default] Error: there is no ErrorCode in TxPDO mapping under this motor type, please check PDO setting!
2025-04-18 15:01:12,155 ERROR [default] Error: there is no ErrorCode in TxPDO mapping under this motor type, please check PDO setting!
2025-04-18 15:01:12,155 ERROR [default] Error: there is no ErrorCode in TxPDO mapping under this motor type, please check PDO setting!
2025-04-18 15:01:12,155 ERROR [default] Error: there is no ErrorCode in TxPDO mapping under this motor type, please check PDO setting!
2025-04-18 15:01:12,155 ERROR [default] Error: there is no ErrorCode in TxPDO mapping under this motor type, please check PDO setting!
2025-04-18 15:01:12,156 ERROR [default] Error: there is no ErrorCode in TxPDO mapping under this motor type, please check PDO setting!
2025-04-18 15:01:12,159 ERROR [default] Error: there is no ErrorCode in TxPDO mapping under this motor type, please check PDO setting!
2025-04-18 15:01:12,159 ERROR [default] Error: there is no ErrorCode in TxPDO mapping under this motor type, please check PDO setting!
2025-04-18 15:01:12,159 ERROR [default] Error: there is no ErrorCode in TxPDO mapping under this motor type, please check PDO setting!
2025-04-18 15:01:12,159 ERROR [default] Error: there is no ErrorCode in TxPDO mapping under this motor type, please check PDO setting!
2025-04-18 15:01:12,159 ERROR [default] Error: there is no ErrorCode in TxPDO mapping under this motor type, please check PDO setting!
2025-04-18 15:01:12,159 ERROR [default] Error: there is no ErrorCode in TxPDO mapping under this motor type, please check PDO setting!
2025-04-18 15:01:12,159 ERROR [default] Error: there is no ErrorCode in TxPDO mapping under this motor type, please check PDO setting!
2025-04-18 15:01:12,159 ERROR [default] Error: there is no ErrorCode in TxPDO mapping under this motor type, please check PDO setting!
2025-04-18 15:01:12,163 ERROR [default] Error: there is no ErrorCode in TxPDO mapping under this motor type, please check PDO setting!
2025-04-18 15:01:12,163 ERROR [default] Error: there is no ErrorCode in TxPDO mapping under this motor type, please check PDO setting!
2025-04-18 15:01:12,163 ERROR [default] Error: there is no ErrorCode in TxPDO mapping under this motor type, please check PDO setting!
2025-04-18 15:01:12,163 ERROR [default] Error: there is no ErrorCode in TxPDO mapping under this motor type, please check PDO setting!
2025-04-18 15:01:12,163 ERROR [default] Error: there is no ErrorCode in TxPDO mapping under this motor type, please check PDO setting!
2025-04-18 15:01:12,163 ERROR [default] Error: there is no ErrorCode in TxPDO mapping under this motor type, please check PDO setting!
2025-04-18 15:01:12,163 ERROR [default] Error: there is no ErrorCode in TxPDO mapping under this motor type, please check PDO setting!
2025-04-18 15:01:12,163 ERROR [default] Error: there is no ErrorCode in TxPDO mapping under this motor type, please check PDO setting!
2025-04-18 15:01:12,167 ERROR [default] Error: there is no ErrorCode in TxPDO mapping under this motor type, please check PDO setting!
2025-04-18 15:01:12,167 ERROR [default] Error: there is no ErrorCode in TxPDO mapping under this motor type, please check PDO setting!
2025-04-18 15:01:12,167 ERROR [default] Error: there is no ErrorCode in TxPDO mapping under this motor type, please check PDO setting!
2025-04-18 15:01:12,167 ERROR [default] Error: there is no ErrorCode in TxPDO mapping under this motor type, please check PDO setting!
2025-04-18 15:01:12,167 ERROR [default] Error: there is no ErrorCode in TxPDO mapping under this motor type, please check PDO setting!
2025-04-18 15:01:12,167 ERROR [default] Error: there is no ErrorCode in TxPDO mapping under this motor type, please check PDO setting!
2025-04-18 15:01:12,167 ERROR [default] Error: there is no ErrorCode in TxPDO mapping under this motor type, please check PDO setting!
2025-04-18 15:01:12,167 ERROR [default] Error: there is no ErrorCode in TxPDO mapping under this motor type, please check PDO setting!
2025-04-18 15:01:12,171 ERROR [default] Error: there is no ErrorCode in TxPDO mapping under this motor type, please check PDO setting!
2025-04-18 15:01:12,171 ERROR [default] Error: there is no ErrorCode in TxPDO mapping under this motor type, please check PDO setting!
2025-04-18 15:01:12,171 ERROR [default] Error: there is no ErrorCode in TxPDO mapping under this motor type, please check PDO setting!
2025-04-18 15:01:12,171 ERROR [default] Error: there is no ErrorCode in TxPDO mapping under this motor type, please check PDO setting!
2025-04-18 15:01:12,171 ERROR [default] Error: there is no ErrorCode in TxPDO mapping under this motor type, please check PDO setting!
2025-04-18 15:01:12,171 ERROR [default] Error: there is no ErrorCode in TxPDO mapping under this motor type, please check PDO setting!
2025-04-18 15:01:12,171 ERROR [default] Error: there is no ErrorCode in TxPDO mapping under this motor type, please check PDO setting!
2025-04-18 15:01:12,171 ERROR [default] Error: there is no ErrorCode in TxPDO mapping under this motor type, please check PDO setting!
2025-04-18 15:01:12,175 ERROR [default] Error: there is no ErrorCode in TxPDO mapping under this motor type, please check PDO setting!
2025-04-18 15:01:12,175 ERROR [default] Error: there is no ErrorCode in TxPDO mapping under this motor type, please check PDO setting!
2025-04-18 15:01:12,175 ERROR [default] Error: there is no ErrorCode in TxPDO mapping under this motor type, please check PDO setting!
2025-04-18 15:01:12,175 ERROR [default] Error: there is no ErrorCode in TxPDO mapping under this motor type, please check PDO setting!
2025-04-18 15:01:12,176 ERROR [default] Error: there is no ErrorCode in TxPDO mapping under this motor type, please check PDO setting!
2025-04-18 15:01:12,176 ERROR [default] Error: there is no ErrorCode in TxPDO mapping under this motor type, please check PDO setting!
2025-04-18 15:01:12,176 ERROR [default] Error: there is no ErrorCode in TxPDO mapping under this motor type, please check PDO setting!
2025-04-18 15:01:12,176 ERROR [default] Error: there is no ErrorCode in TxPDO mapping under this motor type, please check PDO setting!
2025-04-18 15:01:12,179 ERROR [default] Error: there is no ErrorCode in TxPDO mapping under this motor type, please check PDO setting!
2025-04-18 15:01:12,179 ERROR [default] Error: there is no ErrorCode in TxPDO mapping under this motor type, please check PDO setting!
2025-04-18 15:01:12,179 ERROR [default] Error: there is no ErrorCode in TxPDO mapping under this motor type, please check PDO setting!
2025-04-18 15:01:12,179 ERROR [default] Error: there is no ErrorCode in TxPDO mapping under this motor type, please check PDO setting!
2025-04-18 15:01:12,179 ERROR [default] Error: there is no ErrorCode in TxPDO mapping under this motor type, please check PDO setting!
2025-04-18 15:01:12,179 ERROR [default] Error: there is no ErrorCode in TxPDO mapping under this motor type, please check PDO setting!
2025-04-18 15:01:12,179 ERROR [default] Error: there is no ErrorCode in TxPDO mapping under this motor type, please check PDO setting!
2025-04-18 15:01:12,179 ERROR [default] Error: there is no ErrorCode in TxPDO mapping under this motor type, please check PDO setting!
2025-04-18 15:01:12,183 ERROR [default] Error: there is no ErrorCode in TxPDO mapping under this motor type, please check PDO setting!
2025-04-18 15:01:12,183 ERROR [default] Error: there is no ErrorCode in TxPDO mapping under this motor type, please check PDO setting!
2025-04-18 15:01:12,183 ERROR [default] Error: there is no ErrorCode in TxPDO mapping under this motor type, please check PDO setting!
2025-04-18 15:01:12,183 ERROR [default] Error: there is no ErrorCode in TxPDO mapping under this motor type, please check PDO setting!
2025-04-18 15:01:12,183 ERROR [default] Error: there is no ErrorCode in TxPDO mapping under this motor type, please check PDO setting!
2025-04-18 15:01:12,183 ERROR [default] Error: there is no ErrorCode in TxPDO mapping under this motor type, please check PDO setting!
2025-04-18 15:01:12,183 ERROR [default] Error: there is no ErrorCode in TxPDO mapping under this motor type, please check PDO setting!
2025-04-18 15:01:12,183 ERROR [default] Error: there is no ErrorCode in TxPDO mapping under this motor type, please check PDO setting!
2025-04-18 15:01:12,187 ERROR [default] Error: there is no ErrorCode in TxPDO mapping under this motor type, please check PDO setting!
2025-04-18 15:01:12,187 ERROR [default] Error: there is no ErrorCode in TxPDO mapping under this motor type, please check PDO setting!
2025-04-18 15:01:12,187 ERROR [default] Error: there is no ErrorCode in TxPDO mapping under this motor type, please check PDO setting!
2025-04-18 15:01:12,187 ERROR [default] Error: there is no ErrorCode in TxPDO mapping under this motor type, please check PDO setting!
2025-04-18 15:01:12,187 ERROR [default] Error: there is no ErrorCode in TxPDO mapping under this motor type, please check PDO setting!
2025-04-18 15:01:12,187 ERROR [default] Error: there is no ErrorCode in TxPDO mapping under this motor type, please check PDO setting!
2025-04-18 15:01:12,187 ERROR [default] Error: there is no ErrorCode in TxPDO mapping under this motor type, please check PDO setting!
2025-04-18 15:01:12,187 ERROR [default] Error: there is no ErrorCode in TxPDO mapping under this motor type, please check PDO setting!
2025-04-18 15:01:12,191 ERROR [default] Error: there is no ErrorCode in TxPDO mapping under this motor type, please check PDO setting!
2025-04-18 15:01:12,191 ERROR [default] Error: there is no ErrorCode in TxPDO mapping under this motor type, please check PDO setting!
2025-04-18 15:01:12,191 ERROR [default] Error: there is no ErrorCode in TxPDO mapping under this motor type, please check PDO setting!
2025-04-18 15:01:12,191 ERROR [default] Error: there is no ErrorCode in TxPDO mapping under this motor type, please check PDO setting!
2025-04-18 15:01:12,191 ERROR [default] Error: there is no ErrorCode in TxPDO mapping under this motor type, please check PDO setting!
2025-04-18 15:01:12,191 ERROR [default] Error: there is no ErrorCode in TxPDO mapping under this motor type, please check PDO setting!
2025-04-18 15:01:12,191 ERROR [default] Error: there is no ErrorCode in TxPDO mapping under this motor type, please check PDO setting!
2025-04-18 15:01:12,191 ERROR [default] Error: there is no ErrorCode in TxPDO mapping under this motor type, please check PDO setting!
2025-04-18 15:01:12,195 ERROR [default] Error: there is no ErrorCode in TxPDO mapping under this motor type, please check PDO setting!
2025-04-18 15:01:12,195 ERROR [default] Error: there is no ErrorCode in TxPDO mapping under this motor type, please check PDO setting!
2025-04-18 15:01:12,195 ERROR [default] Error: there is no ErrorCode in TxPDO mapping under this motor type, please check PDO setting!
2025-04-18 15:01:12,195 ERROR [default] Error: there is no ErrorCode in TxPDO mapping under this motor type, please check PDO setting!
2025-04-18 15:01:12,195 ERROR [default] Error: there is no ErrorCode in TxPDO mapping under this motor type, please check PDO setting!
2025-04-18 15:01:12,195 ERROR [default] Error: there is no ErrorCode in TxPDO mapping under this motor type, please check PDO setting!
2025-04-18 15:01:12,195 ERROR [default] Error: there is no ErrorCode in TxPDO mapping under this motor type, please check PDO setting!
2025-04-18 15:01:12,195 ERROR [default] Error: there is no ErrorCode in TxPDO mapping under this motor type, please check PDO setting!
2025-04-18 15:01:12,199 ERROR [default] Error: there is no ErrorCode in TxPDO mapping under this motor type, please check PDO setting!
2025-04-18 15:01:12,199 ERROR [default] Error: there is no ErrorCode in TxPDO mapping under this motor type, please check PDO setting!
2025-04-18 15:01:12,199 ERROR [default] Error: there is no ErrorCode in TxPDO mapping under this motor type, please check PDO setting!
2025-04-18 15:01:12,199 ERROR [default] Error: there is no ErrorCode in TxPDO mapping under this motor type, please check PDO setting!
2025-04-18 15:01:12,199 ERROR [default] Error: there is no ErrorCode in TxPDO mapping under this motor type, please check PDO setting!
2025-04-18 15:01:12,199 ERROR [default] Error: there is no ErrorCode in TxPDO mapping under this motor type, please check PDO setting!
2025-04-18 15:01:12,199 ERROR [default] Error: there is no ErrorCode in TxPDO mapping under this motor type, please check PDO setting!
2025-04-18 15:01:12,199 ERROR [default] Error: there is no ErrorCode in TxPDO mapping under this motor type, please check PDO setting!
2025-04-18 15:01:12,203 ERROR [default] Error: there is no ErrorCode in TxPDO mapping under this motor type, please check PDO setting!
2025-04-18 15:01:12,203 ERROR [default] Error: there is no ErrorCode in TxPDO mapping under this motor type, please check PDO setting!
2025-04-18 15:01:12,203 ERROR [default] Error: there is no ErrorCode in TxPDO mapping under this motor type, please check PDO setting!
2025-04-18 15:01:12,203 ERROR [default] Error: there is no ErrorCode in TxPDO mapping under this motor type, please check PDO setting!
2025-04-18 15:01:12,203 ERROR [default] Error: there is no ErrorCode in TxPDO mapping under this motor type, please check PDO setting!
2025-04-18 15:01:12,203 ERROR [default] Error: there is no ErrorCode in TxPDO mapping under this motor type, please check PDO setting!
2025-04-18 15:01:12,203 ERROR [default] Error: there is no ErrorCode in TxPDO mapping under this motor type, please check PDO setting!
2025-04-18 15:01:12,203 ERROR [default] Error: there is no ErrorCode in TxPDO mapping under this motor type, please check PDO setting!
2025-04-18 15:01:12,207 ERROR [default] Error: there is no ErrorCode in TxPDO mapping under this motor type, please check PDO setting!
2025-04-18 15:01:12,207 ERROR [default] Error: there is no ErrorCode in TxPDO mapping under this motor type, please check PDO setting!
2025-04-18 15:01:12,207 ERROR [default] Error: there is no ErrorCode in TxPDO mapping under this motor type, please check PDO setting!
2025-04-18 15:01:12,207 ERROR [default] Error: there is no ErrorCode in TxPDO mapping under this motor type, please check PDO setting!
2025-04-18 15:01:12,207 ERROR [default] Error: there is no ErrorCode in TxPDO mapping under this motor type, please check PDO setting!
2025-04-18 15:01:12,207 ERROR [default] Error: there is no ErrorCode in TxPDO mapping under this motor type, please check PDO setting!
2025-04-18 15:01:12,207 ERROR [default] Error: there is no ErrorCode in TxPDO mapping under this motor type, please check PDO setting!
2025-04-18 15:01:12,207 ERROR [default] Error: there is no ErrorCode in TxPDO mapping under this motor type, please check PDO setting!
2025-04-18 15:01:12,211 ERROR [default] Error: there is no ErrorCode in TxPDO mapping under this motor type, please check PDO setting!
2025-04-18 15:01:12,211 ERROR [default] Error: there is no ErrorCode in TxPDO mapping under this motor type, please check PDO setting!
2025-04-18 15:01:12,211 ERROR [default] Error: there is no ErrorCode in TxPDO mapping under this motor type, please check PDO setting!
2025-04-18 15:01:12,211 ERROR [default] Error: there is no ErrorCode in TxPDO mapping under this motor type, please check PDO setting!
2025-04-18 15:01:12,211 ERROR [default] Error: there is no ErrorCode in TxPDO mapping under this motor type, please check PDO setting!
2025-04-18 15:01:12,211 ERROR [default] Error: there is no ErrorCode in TxPDO mapping under this motor type, please check PDO setting!
2025-04-18 15:01:12,211 ERROR [default] Error: there is no ErrorCode in TxPDO mapping under this motor type, please check PDO setting!
2025-04-18 15:01:12,211 ERROR [default] Error: there is no ErrorCode in TxPDO mapping under this motor type, please check PDO setting!
2025-04-18 15:01:12,215 ERROR [default] Error: there is no ErrorCode in TxPDO mapping under this motor type, please check PDO setting!
2025-04-18 15:01:12,215 ERROR [default] Error: there is no ErrorCode in TxPDO mapping under this motor type, please check PDO setting!
2025-04-18 15:01:12,215 ERROR [default] Error: there is no ErrorCode in TxPDO mapping under this motor type, please check PDO setting!
2025-04-18 15:01:12,215 ERROR [default] Error: there is no ErrorCode in TxPDO mapping under this motor type, please check PDO setting!
2025-04-18 15:01:12,216 ERROR [default] Error: there is no ErrorCode in TxPDO mapping under this motor type, please check PDO setting!
2025-04-18 15:01:12,216 ERROR [default] Error: there is no ErrorCode in TxPDO mapping under this motor type, please check PDO setting!
2025-04-18 15:01:12,216 ERROR [default] Error: there is no ErrorCode in TxPDO mapping under this motor type, please check PDO setting!
2025-04-18 15:01:12,216 ERROR [default] Error: there is no ErrorCode in TxPDO mapping under this motor type, please check PDO setting!
2025-04-18 15:01:12,219 ERROR [default] Error: there is no ErrorCode in TxPDO mapping under this motor type, please check PDO setting!
2025-04-18 15:01:12,219 ERROR [default] Error: there is no ErrorCode in TxPDO mapping under this motor type, please check PDO setting!
2025-04-18 15:01:12,219 ERROR [default] Error: there is no ErrorCode in TxPDO mapping under this motor type, please check PDO setting!
2025-04-18 15:01:12,219 ERROR [default] Error: there is no ErrorCode in TxPDO mapping under this motor type, please check PDO setting!
2025-04-18 15:01:12,219 ERROR [default] Error: there is no ErrorCode in TxPDO mapping under this motor type, please check PDO setting!
2025-04-18 15:01:12,219 ERROR [default] Error: there is no ErrorCode in TxPDO mapping under this motor type, please check PDO setting!
2025-04-18 15:01:12,219 ERROR [default] Error: there is no ErrorCode in TxPDO mapping under this motor type, please check PDO setting!
2025-04-18 15:01:12,219 ERROR [default] Error: there is no ErrorCode in TxPDO mapping under this motor type, please check PDO setting!
2025-04-18 15:01:12,223 ERROR [default] Error: there is no ErrorCode in TxPDO mapping under this motor type, please check PDO setting!
2025-04-18 15:01:12,223 ERROR [default] Error: there is no ErrorCode in TxPDO mapping under this motor type, please check PDO setting!
2025-04-18 15:01:12,223 ERROR [default] Error: there is no ErrorCode in TxPDO mapping under this motor type, please check PDO setting!
2025-04-18 15:01:12,223 ERROR [default] Error: there is no ErrorCode in TxPDO mapping under this motor type, please check PDO setting!
2025-04-18 15:01:12,223 ERROR [default] Error: there is no ErrorCode in TxPDO mapping under this motor type, please check PDO setting!
2025-04-18 15:01:12,223 ERROR [default] Error: there is no ErrorCode in TxPDO mapping under this motor type, please check PDO setting!
2025-04-18 15:01:12,223 ERROR [default] Error: there is no ErrorCode in TxPDO mapping under this motor type, please check PDO setting!
2025-04-18 15:01:12,223 ERROR [default] Error: there is no ErrorCode in TxPDO mapping under this motor type, please check PDO setting!
2025-04-18 15:01:12,227 ERROR [default] Error: there is no ErrorCode in TxPDO mapping under this motor type, please check PDO setting!
2025-04-18 15:01:12,227 ERROR [default] Error: there is no ErrorCode in TxPDO mapping under this motor type, please check PDO setting!
2025-04-18 15:01:12,227 ERROR [default] Error: there is no ErrorCode in TxPDO mapping under this motor type, please check PDO setting!
2025-04-18 15:01:12,227 ERROR [default] Error: there is no ErrorCode in TxPDO mapping under this motor type, please check PDO setting!
2025-04-18 15:01:12,227 ERROR [default] Error: there is no ErrorCode in TxPDO mapping under this motor type, please check PDO setting!
2025-04-18 15:01:12,227 ERROR [default] Error: there is no ErrorCode in TxPDO mapping under this motor type, please check PDO setting!
2025-04-18 15:01:12,227 ERROR [default] Error: there is no ErrorCode in TxPDO mapping under this motor type, please check PDO setting!
2025-04-18 15:01:12,227 ERROR [default] Error: there is no ErrorCode in TxPDO mapping under this motor type, please check PDO setting!
2025-04-18 15:01:12,231 ERROR [default] Error: there is no ErrorCode in TxPDO mapping under this motor type, please check PDO setting!
2025-04-18 15:01:12,231 ERROR [default] Error: there is no ErrorCode in TxPDO mapping under this motor type, please check PDO setting!
2025-04-18 15:01:12,231 ERROR [default] Error: there is no ErrorCode in TxPDO mapping under this motor type, please check PDO setting!
2025-04-18 15:01:12,231 ERROR [default] Error: there is no ErrorCode in TxPDO mapping under this motor type, please check PDO setting!
2025-04-18 15:01:12,231 ERROR [default] Error: there is no ErrorCode in TxPDO mapping under this motor type, please check PDO setting!
2025-04-18 15:01:12,231 ERROR [default] Error: there is no ErrorCode in TxPDO mapping under this motor type, please check PDO setting!
2025-04-18 15:01:12,231 ERROR [default] Error: there is no ErrorCode in TxPDO mapping under this motor type, please check PDO setting!
2025-04-18 15:01:12,231 ERROR [default] Error: there is no ErrorCode in TxPDO mapping under this motor type, please check PDO setting!
2025-04-18 15:01:12,235 ERROR [default] Error: there is no ErrorCode in TxPDO mapping under this motor type, please check PDO setting!
2025-04-18 15:01:12,235 ERROR [default] Error: there is no ErrorCode in TxPDO mapping under this motor type, please check PDO setting!
2025-04-18 15:01:12,236 ERROR [default] Error: there is no ErrorCode in TxPDO mapping under this motor type, please check PDO setting!
2025-04-18 15:01:12,236 ERROR [default] Error: there is no ErrorCode in TxPDO mapping under this motor type, please check PDO setting!
2025-04-18 15:01:12,236 ERROR [default] Error: there is no ErrorCode in TxPDO mapping under this motor type, please check PDO setting!
2025-04-18 15:01:12,236 ERROR [default] Error: there is no ErrorCode in TxPDO mapping under this motor type, please check PDO setting!
2025-04-18 15:01:12,236 ERROR [default] Error: there is no ErrorCode in TxPDO mapping under this motor type, please check PDO setting!
2025-04-18 15:01:12,236 ERROR [default] Error: there is no ErrorCode in TxPDO mapping under this motor type, please check PDO setting!
2025-04-18 15:01:12,239 ERROR [default] Error: there is no ErrorCode in TxPDO mapping under this motor type, please check PDO setting!
2025-04-18 15:01:12,239 ERROR [default] Error: there is no ErrorCode in TxPDO mapping under this motor type, please check PDO setting!
2025-04-18 15:01:12,239 ERROR [default] Error: there is no ErrorCode in TxPDO mapping under this motor type, please check PDO setting!
2025-04-18 15:01:12,239 ERROR [default] Error: there is no ErrorCode in TxPDO mapping under this motor type, please check PDO setting!
2025-04-18 15:01:12,239 ERROR [default] Error: there is no ErrorCode in TxPDO mapping under this motor type, please check PDO setting!
2025-04-18 15:01:12,239 ERROR [default] Error: there is no ErrorCode in TxPDO mapping under this motor type, please check PDO setting!
2025-04-18 15:01:12,239 ERROR [default] Error: there is no ErrorCode in TxPDO mapping under this motor type, please check PDO setting!
2025-04-18 15:01:12,239 ERROR [default] Error: there is no ErrorCode in TxPDO mapping under this motor type, please check PDO setting!
2025-04-18 15:01:12,243 ERROR [default] Error: there is no ErrorCode in TxPDO mapping under this motor type, please check PDO setting!
2025-04-18 15:01:12,243 ERROR [default] Error: there is no ErrorCode in TxPDO mapping under this motor type, please check PDO setting!
2025-04-18 15:01:12,243 ERROR [default] Error: there is no ErrorCode in TxPDO mapping under this motor type, please check PDO setting!
2025-04-18 15:01:12,243 ERROR [default] Error: there is no ErrorCode in TxPDO mapping under this motor type, please check PDO setting!
2025-04-18 15:01:12,243 ERROR [default] Error: there is no ErrorCode in TxPDO mapping under this motor type, please check PDO setting!
2025-04-18 15:01:12,243 ERROR [default] Error: there is no ErrorCode in TxPDO mapping under this motor type, please check PDO setting!
2025-04-18 15:01:12,243 ERROR [default] Error: there is no ErrorCode in TxPDO mapping under this motor type, please check PDO setting!
2025-04-18 15:01:12,243 ERROR [default] Error: there is no ErrorCode in TxPDO mapping under this motor type, please check PDO setting!
2025-04-18 15:01:12,247 ERROR [default] Error: there is no ErrorCode in TxPDO mapping under this motor type, please check PDO setting!
2025-04-18 15:01:12,247 ERROR [default] Error: there is no ErrorCode in TxPDO mapping under this motor type, please check PDO setting!
2025-04-18 15:01:12,247 ERROR [default] Error: there is no ErrorCode in TxPDO mapping under this motor type, please check PDO setting!
2025-04-18 15:01:12,247 ERROR [default] Error: there is no ErrorCode in TxPDO mapping under this motor type, please check PDO setting!
2025-04-18 15:01:12,247 ERROR [default] Error: there is no ErrorCode in TxPDO mapping under this motor type, please check PDO setting!
2025-04-18 15:01:12,247 ERROR [default] Error: there is no ErrorCode in TxPDO mapping under this motor type, please check PDO setting!
2025-04-18 15:01:12,247 ERROR [default] Error: there is no ErrorCode in TxPDO mapping under this motor type, please check PDO setting!
2025-04-18 15:01:12,247 ERROR [default] Error: there is no ErrorCode in TxPDO mapping under this motor type, please check PDO setting!
2025-04-18 15:01:12,251 ERROR [default] Error: there is no ErrorCode in TxPDO mapping under this motor type, please check PDO setting!
2025-04-18 15:01:12,251 ERROR [default] Error: there is no ErrorCode in TxPDO mapping under this motor type, please check PDO setting!
2025-04-18 15:01:12,251 ERROR [default] Error: there is no ErrorCode in TxPDO mapping under this motor type, please check PDO setting!
2025-04-18 15:01:12,251 ERROR [default] Error: there is no ErrorCode in TxPDO mapping under this motor type, please check PDO setting!
2025-04-18 15:01:12,251 ERROR [default] Error: there is no ErrorCode in TxPDO mapping under this motor type, please check PDO setting!
2025-04-18 15:01:12,251 ERROR [default] Error: there is no ErrorCode in TxPDO mapping under this motor type, please check PDO setting!
2025-04-18 15:01:12,251 ERROR [default] Error: there is no ErrorCode in TxPDO mapping under this motor type, please check PDO setting!
2025-04-18 15:01:12,251 ERROR [default] Error: there is no ErrorCode in TxPDO mapping under this motor type, please check PDO setting!
2025-04-18 15:01:12,256 ERROR [default] Error: there is no ErrorCode in TxPDO mapping under this motor type, please check PDO setting!
2025-04-18 15:01:12,256 ERROR [default] Error: there is no ErrorCode in TxPDO mapping under this motor type, please check PDO setting!
2025-04-18 15:01:12,256 ERROR [default] Error: there is no ErrorCode in TxPDO mapping under this motor type, please check PDO setting!
2025-04-18 15:01:12,256 ERROR [default] Error: there is no ErrorCode in TxPDO mapping under this motor type, please check PDO setting!
2025-04-18 15:01:12,256 ERROR [default] Error: there is no ErrorCode in TxPDO mapping under this motor type, please check PDO setting!
2025-04-18 15:01:12,256 ERROR [default] Error: there is no ErrorCode in TxPDO mapping under this motor type, please check PDO setting!
2025-04-18 15:01:12,256 ERROR [default] Error: there is no ErrorCode in TxPDO mapping under this motor type, please check PDO setting!
2025-04-18 15:01:12,256 ERROR [default] Error: there is no ErrorCode in TxPDO mapping under this motor type, please check PDO setting!
2025-04-18 15:01:12,259 ERROR [default] Error: there is no ErrorCode in TxPDO mapping under this motor type, please check PDO setting!
2025-04-18 15:01:12,259 ERROR [default] Error: there is no ErrorCode in TxPDO mapping under this motor type, please check PDO setting!
2025-04-18 15:01:12,259 ERROR [default] Error: there is no ErrorCode in TxPDO mapping under this motor type, please check PDO setting!
2025-04-18 15:01:12,259 ERROR [default] Error: there is no ErrorCode in TxPDO mapping under this motor type, please check PDO setting!
2025-04-18 15:01:12,259 ERROR [default] Error: there is no ErrorCode in TxPDO mapping under this motor type, please check PDO setting!
2025-04-18 15:01:12,259 ERROR [default] Error: there is no ErrorCode in TxPDO mapping under this motor type, please check PDO setting!
2025-04-18 15:01:12,259 ERROR [default] Error: there is no ErrorCode in TxPDO mapping under this motor type, please check PDO setting!
2025-04-18 15:01:12,259 ERROR [default] Error: there is no ErrorCode in TxPDO mapping under this motor type, please check PDO setting!
2025-04-18 15:01:12,263 ERROR [default] Error: there is no ErrorCode in TxPDO mapping under this motor type, please check PDO setting!
2025-04-18 15:01:12,263 ERROR [default] Error: there is no ErrorCode in TxPDO mapping under this motor type, please check PDO setting!
2025-04-18 15:01:12,263 ERROR [default] Error: there is no ErrorCode in TxPDO mapping under this motor type, please check PDO setting!
2025-04-18 15:01:12,263 ERROR [default] Error: there is no ErrorCode in TxPDO mapping under this motor type, please check PDO setting!
2025-04-18 15:01:12,263 ERROR [default] Error: there is no ErrorCode in TxPDO mapping under this motor type, please check PDO setting!
2025-04-18 15:01:12,263 ERROR [default] Error: there is no ErrorCode in TxPDO mapping under this motor type, please check PDO setting!
2025-04-18 15:01:12,263 ERROR [default] Error: there is no ErrorCode in TxPDO mapping under this motor type, please check PDO setting!
2025-04-18 15:01:12,263 ERROR [default] Error: there is no ErrorCode in TxPDO mapping under this motor type, please check PDO setting!
2025-04-18 15:01:12,267 ERROR [default] Error: there is no ErrorCode in TxPDO mapping under this motor type, please check PDO setting!
2025-04-18 15:01:12,267 ERROR [default] Error: there is no ErrorCode in TxPDO mapping under this motor type, please check PDO setting!
2025-04-18 15:01:12,267 ERROR [default] Error: there is no ErrorCode in TxPDO mapping under this motor type, please check PDO setting!
2025-04-18 15:01:12,267 ERROR [default] Error: there is no ErrorCode in TxPDO mapping under this motor type, please check PDO setting!
2025-04-18 15:01:12,267 ERROR [default] Error: there is no ErrorCode in TxPDO mapping under this motor type, please check PDO setting!
2025-04-18 15:01:12,267 ERROR [default] Error: there is no ErrorCode in TxPDO mapping under this motor type, please check PDO setting!
2025-04-18 15:01:12,267 ERROR [default] Error: there is no ErrorCode in TxPDO mapping under this motor type, please check PDO setting!
2025-04-18 15:01:12,267 ERROR [default] Error: there is no ErrorCode in TxPDO mapping under this motor type, please check PDO setting!
2025-04-18 15:01:12,271 ERROR [default] Error: there is no ErrorCode in TxPDO mapping under this motor type, please check PDO setting!
2025-04-18 15:01:12,271 ERROR [default] Error: there is no ErrorCode in TxPDO mapping under this motor type, please check PDO setting!
2025-04-18 15:01:12,271 ERROR [default] Error: there is no ErrorCode in TxPDO mapping under this motor type, please check PDO setting!
2025-04-18 15:01:12,271 ERROR [default] Error: there is no ErrorCode in TxPDO mapping under this motor type, please check PDO setting!
2025-04-18 15:01:12,271 ERROR [default] Error: there is no ErrorCode in TxPDO mapping under this motor type, please check PDO setting!
2025-04-18 15:01:12,271 ERROR [default] Error: there is no ErrorCode in TxPDO mapping under this motor type, please check PDO setting!
2025-04-18 15:01:12,271 ERROR [default] Error: there is no ErrorCode in TxPDO mapping under this motor type, please check PDO setting!
2025-04-18 15:01:12,271 ERROR [default] Error: there is no ErrorCode in TxPDO mapping under this motor type, please check PDO setting!
2025-04-18 15:01:12,275 ERROR [default] Error: there is no ErrorCode in TxPDO mapping under this motor type, please check PDO setting!
2025-04-18 15:01:12,275 ERROR [default] Error: there is no ErrorCode in TxPDO mapping under this motor type, please check PDO setting!
2025-04-18 15:01:12,275 ERROR [default] Error: there is no ErrorCode in TxPDO mapping under this motor type, please check PDO setting!
2025-04-18 15:01:12,275 ERROR [default] Error: there is no ErrorCode in TxPDO mapping under this motor type, please check PDO setting!
2025-04-18 15:01:12,275 ERROR [default] Error: there is no ErrorCode in TxPDO mapping under this motor type, please check PDO setting!
2025-04-18 15:01:12,275 ERROR [default] Error: there is no ErrorCode in TxPDO mapping under this motor type, please check PDO setting!
2025-04-18 15:01:12,275 ERROR [default] Error: there is no ErrorCode in TxPDO mapping under this motor type, please check PDO setting!
2025-04-18 15:01:12,275 ERROR [default] Error: there is no ErrorCode in TxPDO mapping under this motor type, please check PDO setting!
2025-04-18 15:01:12,279 ERROR [default] Error: there is no ErrorCode in TxPDO mapping under this motor type, please check PDO setting!
2025-04-18 15:01:12,279 ERROR [default] Error: there is no ErrorCode in TxPDO mapping under this motor type, please check PDO setting!
2025-04-18 15:01:12,279 ERROR [default] Error: there is no ErrorCode in TxPDO mapping under this motor type, please check PDO setting!
2025-04-18 15:01:12,279 ERROR [default] Error: there is no ErrorCode in TxPDO mapping under this motor type, please check PDO setting!
2025-04-18 15:01:12,279 ERROR [default] Error: there is no ErrorCode in TxPDO mapping under this motor type, please check PDO setting!
2025-04-18 15:01:12,279 ERROR [default] Error: there is no ErrorCode in TxPDO mapping under this motor type, please check PDO setting!
2025-04-18 15:01:12,279 ERROR [default] Error: there is no ErrorCode in TxPDO mapping under this motor type, please check PDO setting!
2025-04-18 15:01:12,279 ERROR [default] Error: there is no ErrorCode in TxPDO mapping under this motor type, please check PDO setting!
2025-04-18 15:01:12,283 ERROR [default] Error: there is no ErrorCode in TxPDO mapping under this motor type, please check PDO setting!
2025-04-18 15:01:12,283 ERROR [default] Error: there is no ErrorCode in TxPDO mapping under this motor type, please check PDO setting!
2025-04-18 15:01:12,283 ERROR [default] Error: there is no ErrorCode in TxPDO mapping under this motor type, please check PDO setting!
2025-04-18 15:01:12,283 ERROR [default] Error: there is no ErrorCode in TxPDO mapping under this motor type, please check PDO setting!
2025-04-18 15:01:12,283 ERROR [default] Error: there is no ErrorCode in TxPDO mapping under this motor type, please check PDO setting!
2025-04-18 15:01:12,283 ERROR [default] Error: there is no ErrorCode in TxPDO mapping under this motor type, please check PDO setting!
2025-04-18 15:01:12,283 ERROR [default] Error: there is no ErrorCode in TxPDO mapping under this motor type, please check PDO setting!
2025-04-18 15:01:12,283 ERROR [default] Error: there is no ErrorCode in TxPDO mapping under this motor type, please check PDO setting!
2025-04-18 15:01:12,287 ERROR [default] Error: there is no ErrorCode in TxPDO mapping under this motor type, please check PDO setting!
2025-04-18 15:01:12,287 ERROR [default] Error: there is no ErrorCode in TxPDO mapping under this motor type, please check PDO setting!
2025-04-18 15:01:12,287 ERROR [default] Error: there is no ErrorCode in TxPDO mapping under this motor type, please check PDO setting!
2025-04-18 15:01:12,287 ERROR [default] Error: there is no ErrorCode in TxPDO mapping under this motor type, please check PDO setting!
2025-04-18 15:01:12,287 ERROR [default] Error: there is no ErrorCode in TxPDO mapping under this motor type, please check PDO setting!
2025-04-18 15:01:12,287 ERROR [default] Error: there is no ErrorCode in TxPDO mapping under this motor type, please check PDO setting!
2025-04-18 15:01:12,287 ERROR [default] Error: there is no ErrorCode in TxPDO mapping under this motor type, please check PDO setting!
2025-04-18 15:01:12,287 ERROR [default] Error: there is no ErrorCode in TxPDO mapping under this motor type, please check PDO setting!
2025-04-18 15:01:12,291 ERROR [default] Error: there is no ErrorCode in TxPDO mapping under this motor type, please check PDO setting!
2025-04-18 15:01:12,291 ERROR [default] Error: there is no ErrorCode in TxPDO mapping under this motor type, please check PDO setting!
2025-04-18 15:01:12,291 ERROR [default] Error: there is no ErrorCode in TxPDO mapping under this motor type, please check PDO setting!
2025-04-18 15:01:12,291 ERROR [default] Error: there is no ErrorCode in TxPDO mapping under this motor type, please check PDO setting!
2025-04-18 15:01:12,291 ERROR [default] Error: there is no ErrorCode in TxPDO mapping under this motor type, please check PDO setting!
2025-04-18 15:01:12,291 ERROR [default] Error: there is no ErrorCode in TxPDO mapping under this motor type, please check PDO setting!
2025-04-18 15:01:12,291 ERROR [default] Error: there is no ErrorCode in TxPDO mapping under this motor type, please check PDO setting!
2025-04-18 15:01:12,291 ERROR [default] Error: there is no ErrorCode in TxPDO mapping under this motor type, please check PDO setting!
2025-04-18 15:01:12,295 ERROR [default] Error: there is no ErrorCode in TxPDO mapping under this motor type, please check PDO setting!
2025-04-18 15:01:12,295 ERROR [default] Error: there is no ErrorCode in TxPDO mapping under this motor type, please check PDO setting!
2025-04-18 15:01:12,295 ERROR [default] Error: there is no ErrorCode in TxPDO mapping under this motor type, please check PDO setting!
2025-04-18 15:01:12,296 ERROR [default] Error: there is no ErrorCode in TxPDO mapping under this motor type, please check PDO setting!
2025-04-18 15:01:12,296 ERROR [default] Error: there is no ErrorCode in TxPDO mapping under this motor type, please check PDO setting!
2025-04-18 15:01:12,296 ERROR [default] Error: there is no ErrorCode in TxPDO mapping under this motor type, please check PDO setting!
2025-04-18 15:01:12,296 ERROR [default] Error: there is no ErrorCode in TxPDO mapping under this motor type, please check PDO setting!
2025-04-18 15:01:12,296 ERROR [default] Error: there is no ErrorCode in TxPDO mapping under this motor type, please check PDO setting!
2025-04-18 15:01:12,299 ERROR [default] Error: there is no ErrorCode in TxPDO mapping under this motor type, please check PDO setting!
2025-04-18 15:01:12,299 ERROR [default] Error: there is no ErrorCode in TxPDO mapping under this motor type, please check PDO setting!
2025-04-18 15:01:12,299 ERROR [default] Error: there is no ErrorCode in TxPDO mapping under this motor type, please check PDO setting!
2025-04-18 15:01:12,299 ERROR [default] Error: there is no ErrorCode in TxPDO mapping under this motor type, please check PDO setting!
2025-04-18 15:01:12,299 ERROR [default] Error: there is no ErrorCode in TxPDO mapping under this motor type, please check PDO setting!
2025-04-18 15:01:12,299 ERROR [default] Error: there is no ErrorCode in TxPDO mapping under this motor type, please check PDO setting!
2025-04-18 15:01:12,299 ERROR [default] Error: there is no ErrorCode in TxPDO mapping under this motor type, please check PDO setting!
2025-04-18 15:01:12,299 ERROR [default] Error: there is no ErrorCode in TxPDO mapping under this motor type, please check PDO setting!
2025-04-18 15:01:12,303 ERROR [default] Error: there is no ErrorCode in TxPDO mapping under this motor type, please check PDO setting!
2025-04-18 15:01:12,303 ERROR [default] Error: there is no ErrorCode in TxPDO mapping under this motor type, please check PDO setting!
2025-04-18 15:01:12,303 ERROR [default] Error: there is no ErrorCode in TxPDO mapping under this motor type, please check PDO setting!
2025-04-18 15:01:12,303 ERROR [default] Error: there is no ErrorCode in TxPDO mapping under this motor type, please check PDO setting!
2025-04-18 15:01:12,303 ERROR [default] Error: there is no ErrorCode in TxPDO mapping under this motor type, please check PDO setting!
2025-04-18 15:01:12,303 ERROR [default] Error: there is no ErrorCode in TxPDO mapping under this motor type, please check PDO setting!
2025-04-18 15:01:12,303 ERROR [default] Error: there is no ErrorCode in TxPDO mapping under this motor type, please check PDO setting!
2025-04-18 15:01:12,304 ERROR [default] Error: there is no ErrorCode in TxPDO mapping under this motor type, please check PDO setting!
2025-04-18 15:01:12,307 ERROR [default] Error: there is no ErrorCode in TxPDO mapping under this motor type, please check PDO setting!
2025-04-18 15:01:12,307 ERROR [default] Error: there is no ErrorCode in TxPDO mapping under this motor type, please check PDO setting!
2025-04-18 15:01:12,307 ERROR [default] Error: there is no ErrorCode in TxPDO mapping under this motor type, please check PDO setting!
2025-04-18 15:01:12,307 ERROR [default] Error: there is no ErrorCode in TxPDO mapping under this motor type, please check PDO setting!
2025-04-18 15:01:12,307 ERROR [default] Error: there is no ErrorCode in TxPDO mapping under this motor type, please check PDO setting!
2025-04-18 15:01:12,307 ERROR [default] Error: there is no ErrorCode in TxPDO mapping under this motor type, please check PDO setting!
2025-04-18 15:01:12,307 ERROR [default] Error: there is no ErrorCode in TxPDO mapping under this motor type, please check PDO setting!
2025-04-18 15:01:12,307 ERROR [default] Error: there is no ErrorCode in TxPDO mapping under this motor type, please check PDO setting!
2025-04-18 15:01:12,311 ERROR [default] Error: there is no ErrorCode in TxPDO mapping under this motor type, please check PDO setting!
2025-04-18 15:01:12,311 ERROR [default] Error: there is no ErrorCode in TxPDO mapping under this motor type, please check PDO setting!
2025-04-18 15:01:12,311 ERROR [default] Error: there is no ErrorCode in TxPDO mapping under this motor type, please check PDO setting!
2025-04-18 15:01:12,311 ERROR [default] Error: there is no ErrorCode in TxPDO mapping under this motor type, please check PDO setting!
2025-04-18 15:01:12,311 ERROR [default] Error: there is no ErrorCode in TxPDO mapping under this motor type, please check PDO setting!
2025-04-18 15:01:12,311 ERROR [default] Error: there is no ErrorCode in TxPDO mapping under this motor type, please check PDO setting!
2025-04-18 15:01:12,311 ERROR [default] Error: there is no ErrorCode in TxPDO mapping under this motor type, please check PDO setting!
2025-04-18 15:01:12,311 ERROR [default] Error: there is no ErrorCode in TxPDO mapping under this motor type, please check PDO setting!
2025-04-18 15:01:12,315 ERROR [default] Error: there is no ErrorCode in TxPDO mapping under this motor type, please check PDO setting!
2025-04-18 15:01:12,315 ERROR [default] Error: there is no ErrorCode in TxPDO mapping under this motor type, please check PDO setting!
2025-04-18 15:01:12,315 ERROR [default] Error: there is no ErrorCode in TxPDO mapping under this motor type, please check PDO setting!
2025-04-18 15:01:12,315 ERROR [default] Error: there is no ErrorCode in TxPDO mapping under this motor type, please check PDO setting!
2025-04-18 15:01:12,315 ERROR [default] Error: there is no ErrorCode in TxPDO mapping under this motor type, please check PDO setting!
2025-04-18 15:01:12,316 ERROR [default] Error: there is no ErrorCode in TxPDO mapping under this motor type, please check PDO setting!
2025-04-18 15:01:12,316 ERROR [default] Error: there is no ErrorCode in TxPDO mapping under this motor type, please check PDO setting!
2025-04-18 15:01:12,316 ERROR [default] Error: there is no ErrorCode in TxPDO mapping under this motor type, please check PDO setting!
2025-04-18 15:01:12,319 ERROR [default] Error: there is no ErrorCode in TxPDO mapping under this motor type, please check PDO setting!
2025-04-18 15:01:12,319 ERROR [default] Error: there is no ErrorCode in TxPDO mapping under this motor type, please check PDO setting!
2025-04-18 15:01:12,319 ERROR [default] Error: there is no ErrorCode in TxPDO mapping under this motor type, please check PDO setting!
2025-04-18 15:01:12,319 ERROR [default] Error: there is no ErrorCode in TxPDO mapping under this motor type, please check PDO setting!
2025-04-18 15:01:12,319 ERROR [default] Error: there is no ErrorCode in TxPDO mapping under this motor type, please check PDO setting!
2025-04-18 15:01:12,319 ERROR [default] Error: there is no ErrorCode in TxPDO mapping under this motor type, please check PDO setting!
2025-04-18 15:01:12,319 ERROR [default] Error: there is no ErrorCode in TxPDO mapping under this motor type, please check PDO setting!
2025-04-18 15:01:12,319 ERROR [default] Error: there is no ErrorCode in TxPDO mapping under this motor type, please check PDO setting!
2025-04-18 15:01:12,323 ERROR [default] Error: there is no ErrorCode in TxPDO mapping under this motor type, please check PDO setting!
2025-04-18 15:01:12,323 ERROR [default] Error: there is no ErrorCode in TxPDO mapping under this motor type, please check PDO setting!
2025-04-18 15:01:12,323 ERROR [default] Error: there is no ErrorCode in TxPDO mapping under this motor type, please check PDO setting!
2025-04-18 15:01:12,323 ERROR [default] Error: there is no ErrorCode in TxPDO mapping under this motor type, please check PDO setting!
2025-04-18 15:01:12,323 ERROR [default] Error: there is no ErrorCode in TxPDO mapping under this motor type, please check PDO setting!
2025-04-18 15:01:12,323 ERROR [default] Error: there is no ErrorCode in TxPDO mapping under this motor type, please check PDO setting!
2025-04-18 15:01:12,323 ERROR [default] Error: there is no ErrorCode in TxPDO mapping under this motor type, please check PDO setting!
2025-04-18 15:01:12,323 ERROR [default] Error: there is no ErrorCode in TxPDO mapping under this motor type, please check PDO setting!
2025-04-18 15:01:12,327 ERROR [default] Error: there is no ErrorCode in TxPDO mapping under this motor type, please check PDO setting!
2025-04-18 15:01:12,327 ERROR [default] Error: there is no ErrorCode in TxPDO mapping under this motor type, please check PDO setting!
2025-04-18 15:01:12,327 ERROR [default] Error: there is no ErrorCode in TxPDO mapping under this motor type, please check PDO setting!
2025-04-18 15:01:12,327 ERROR [default] Error: there is no ErrorCode in TxPDO mapping under this motor type, please check PDO setting!
2025-04-18 15:01:12,327 ERROR [default] Error: there is no ErrorCode in TxPDO mapping under this motor type, please check PDO setting!
2025-04-18 15:01:12,327 ERROR [default] Error: there is no ErrorCode in TxPDO mapping under this motor type, please check PDO setting!
2025-04-18 15:01:12,327 ERROR [default] Error: there is no ErrorCode in TxPDO mapping under this motor type, please check PDO setting!
2025-04-18 15:01:12,327 ERROR [default] Error: there is no ErrorCode in TxPDO mapping under this motor type, please check PDO setting!
2025-04-18 15:01:12,331 ERROR [default] Error: there is no ErrorCode in TxPDO mapping under this motor type, please check PDO setting!
2025-04-18 15:01:12,331 ERROR [default] Error: there is no ErrorCode in TxPDO mapping under this motor type, please check PDO setting!
2025-04-18 15:01:12,331 ERROR [default] Error: there is no ErrorCode in TxPDO mapping under this motor type, please check PDO setting!
2025-04-18 15:01:12,331 ERROR [default] Error: there is no ErrorCode in TxPDO mapping under this motor type, please check PDO setting!
2025-04-18 15:01:12,331 ERROR [default] Error: there is no ErrorCode in TxPDO mapping under this motor type, please check PDO setting!
2025-04-18 15:01:12,331 ERROR [default] Error: there is no ErrorCode in TxPDO mapping under this motor type, please check PDO setting!
2025-04-18 15:01:12,331 ERROR [default] Error: there is no ErrorCode in TxPDO mapping under this motor type, please check PDO setting!
2025-04-18 15:01:12,331 ERROR [default] Error: there is no ErrorCode in TxPDO mapping under this motor type, please check PDO setting!
2025-04-18 15:01:12,335 ERROR [default] Error: there is no ErrorCode in TxPDO mapping under this motor type, please check PDO setting!
2025-04-18 15:01:12,335 ERROR [default] Error: there is no ErrorCode in TxPDO mapping under this motor type, please check PDO setting!
2025-04-18 15:01:12,335 ERROR [default] Error: there is no ErrorCode in TxPDO mapping under this motor type, please check PDO setting!
2025-04-18 15:01:12,335 ERROR [default] Error: there is no ErrorCode in TxPDO mapping under this motor type, please check PDO setting!
2025-04-18 15:01:12,335 ERROR [default] Error: there is no ErrorCode in TxPDO mapping under this motor type, please check PDO setting!
2025-04-18 15:01:12,335 ERROR [default] Error: there is no ErrorCode in TxPDO mapping under this motor type, please check PDO setting!
2025-04-18 15:01:12,335 ERROR [default] Error: there is no ErrorCode in TxPDO mapping under this motor type, please check PDO setting!
2025-04-18 15:01:12,335 ERROR [default] Error: there is no ErrorCode in TxPDO mapping under this motor type, please check PDO setting!
2025-04-18 15:01:12,339 ERROR [default] Error: there is no ErrorCode in TxPDO mapping under this motor type, please check PDO setting!
2025-04-18 15:01:12,339 ERROR [default] Error: there is no ErrorCode in TxPDO mapping under this motor type, please check PDO setting!
2025-04-18 15:01:12,339 ERROR [default] Error: there is no ErrorCode in TxPDO mapping under this motor type, please check PDO setting!
2025-04-18 15:01:12,339 ERROR [default] Error: there is no ErrorCode in TxPDO mapping under this motor type, please check PDO setting!
2025-04-18 15:01:12,339 ERROR [default] Error: there is no ErrorCode in TxPDO mapping under this motor type, please check PDO setting!
2025-04-18 15:01:12,339 ERROR [default] Error: there is no ErrorCode in TxPDO mapping under this motor type, please check PDO setting!
2025-04-18 15:01:12,339 ERROR [default] Error: there is no ErrorCode in TxPDO mapping under this motor type, please check PDO setting!
2025-04-18 15:01:12,339 ERROR [default] Error: there is no ErrorCode in TxPDO mapping under this motor type, please check PDO setting!
2025-04-18 15:01:12,343 ERROR [default] Error: there is no ErrorCode in TxPDO mapping under this motor type, please check PDO setting!
2025-04-18 15:01:12,343 ERROR [default] Error: there is no ErrorCode in TxPDO mapping under this motor type, please check PDO setting!
2025-04-18 15:01:12,343 ERROR [default] Error: there is no ErrorCode in TxPDO mapping under this motor type, please check PDO setting!
2025-04-18 15:01:12,343 ERROR [default] Error: there is no ErrorCode in TxPDO mapping under this motor type, please check PDO setting!
2025-04-18 15:01:12,343 ERROR [default] Error: there is no ErrorCode in TxPDO mapping under this motor type, please check PDO setting!
2025-04-18 15:01:12,343 ERROR [default] Error: there is no ErrorCode in TxPDO mapping under this motor type, please check PDO setting!
2025-04-18 15:01:12,343 ERROR [default] Error: there is no ErrorCode in TxPDO mapping under this motor type, please check PDO setting!
2025-04-18 15:01:12,343 ERROR [default] Error: there is no ErrorCode in TxPDO mapping under this motor type, please check PDO setting!
2025-04-18 15:01:12,348 ERROR [default] Error: there is no ErrorCode in TxPDO mapping under this motor type, please check PDO setting!
2025-04-18 15:01:12,348 ERROR [default] Error: there is no ErrorCode in TxPDO mapping under this motor type, please check PDO setting!
2025-04-18 15:01:12,348 ERROR [default] Error: there is no ErrorCode in TxPDO mapping under this motor type, please check PDO setting!
2025-04-18 15:01:12,348 ERROR [default] Error: there is no ErrorCode in TxPDO mapping under this motor type, please check PDO setting!
2025-04-18 15:01:12,348 ERROR [default] Error: there is no ErrorCode in TxPDO mapping under this motor type, please check PDO setting!
2025-04-18 15:01:12,348 ERROR [default] Error: there is no ErrorCode in TxPDO mapping under this motor type, please check PDO setting!
2025-04-18 15:01:12,348 ERROR [default] Error: there is no ErrorCode in TxPDO mapping under this motor type, please check PDO setting!
2025-04-18 15:01:12,348 ERROR [default] Error: there is no ErrorCode in TxPDO mapping under this motor type, please check PDO setting!
2025-04-18 15:01:12,351 ERROR [default] Error: there is no ErrorCode in TxPDO mapping under this motor type, please check PDO setting!
2025-04-18 15:01:12,351 ERROR [default] Error: there is no ErrorCode in TxPDO mapping under this motor type, please check PDO setting!
2025-04-18 15:01:12,351 ERROR [default] Error: there is no ErrorCode in TxPDO mapping under this motor type, please check PDO setting!
2025-04-18 15:01:12,351 ERROR [default] Error: there is no ErrorCode in TxPDO mapping under this motor type, please check PDO setting!
2025-04-18 15:01:12,351 ERROR [default] Error: there is no ErrorCode in TxPDO mapping under this motor type, please check PDO setting!
2025-04-18 15:01:12,351 ERROR [default] Error: there is no ErrorCode in TxPDO mapping under this motor type, please check PDO setting!
2025-04-18 15:01:12,351 ERROR [default] Error: there is no ErrorCode in TxPDO mapping under this motor type, please check PDO setting!
2025-04-18 15:01:12,351 ERROR [default] Error: there is no ErrorCode in TxPDO mapping under this motor type, please check PDO setting!
2025-04-18 15:01:12,355 ERROR [default] Error: there is no ErrorCode in TxPDO mapping under this motor type, please check PDO setting!
2025-04-18 15:01:12,355 ERROR [default] Error: there is no ErrorCode in TxPDO mapping under this motor type, please check PDO setting!
2025-04-18 15:01:12,355 ERROR [default] Error: there is no ErrorCode in TxPDO mapping under this motor type, please check PDO setting!
2025-04-18 15:01:12,355 ERROR [default] Error: there is no ErrorCode in TxPDO mapping under this motor type, please check PDO setting!
2025-04-18 15:01:12,355 ERROR [default] Error: there is no ErrorCode in TxPDO mapping under this motor type, please check PDO setting!
2025-04-18 15:01:12,355 ERROR [default] Error: there is no ErrorCode in TxPDO mapping under this motor type, please check PDO setting!
2025-04-18 15:01:12,355 ERROR [default] Error: there is no ErrorCode in TxPDO mapping under this motor type, please check PDO setting!
2025-04-18 15:01:12,355 ERROR [default] Error: there is no ErrorCode in TxPDO mapping under this motor type, please check PDO setting!
2025-04-18 15:01:12,359 ERROR [default] Error: there is no ErrorCode in TxPDO mapping under this motor type, please check PDO setting!
2025-04-18 15:01:12,359 ERROR [default] Error: there is no ErrorCode in TxPDO mapping under this motor type, please check PDO setting!
2025-04-18 15:01:12,359 ERROR [default] Error: there is no ErrorCode in TxPDO mapping under this motor type, please check PDO setting!
2025-04-18 15:01:12,359 ERROR [default] Error: there is no ErrorCode in TxPDO mapping under this motor type, please check PDO setting!
2025-04-18 15:01:12,359 ERROR [default] Error: there is no ErrorCode in TxPDO mapping under this motor type, please check PDO setting!
2025-04-18 15:01:12,359 ERROR [default] Error: there is no ErrorCode in TxPDO mapping under this motor type, please check PDO setting!
2025-04-18 15:01:12,359 ERROR [default] Error: there is no ErrorCode in TxPDO mapping under this motor type, please check PDO setting!
2025-04-18 15:01:12,359 ERROR [default] Error: there is no ErrorCode in TxPDO mapping under this motor type, please check PDO setting!
2025-04-18 15:01:12,363 ERROR [default] Error: there is no ErrorCode in TxPDO mapping under this motor type, please check PDO setting!
2025-04-18 15:01:12,363 ERROR [default] Error: there is no ErrorCode in TxPDO mapping under this motor type, please check PDO setting!
2025-04-18 15:01:12,363 ERROR [default] Error: there is no ErrorCode in TxPDO mapping under this motor type, please check PDO setting!
2025-04-18 15:01:12,363 ERROR [default] Error: there is no ErrorCode in TxPDO mapping under this motor type, please check PDO setting!
2025-04-18 15:01:12,363 ERROR [default] Error: there is no ErrorCode in TxPDO mapping under this motor type, please check PDO setting!
2025-04-18 15:01:12,363 ERROR [default] Error: there is no ErrorCode in TxPDO mapping under this motor type, please check PDO setting!
2025-04-18 15:01:12,363 ERROR [default] Error: there is no ErrorCode in TxPDO mapping under this motor type, please check PDO setting!
2025-04-18 15:01:12,363 ERROR [default] Error: there is no ErrorCode in TxPDO mapping under this motor type, please check PDO setting!
2025-04-18 15:01:12,367 ERROR [default] Error: there is no ErrorCode in TxPDO mapping under this motor type, please check PDO setting!
2025-04-18 15:01:12,367 ERROR [default] Error: there is no ErrorCode in TxPDO mapping under this motor type, please check PDO setting!
2025-04-18 15:01:12,367 ERROR [default] Error: there is no ErrorCode in TxPDO mapping under this motor type, please check PDO setting!
2025-04-18 15:01:12,367 ERROR [default] Error: there is no ErrorCode in TxPDO mapping under this motor type, please check PDO setting!
2025-04-18 15:01:12,367 ERROR [default] Error: there is no ErrorCode in TxPDO mapping under this motor type, please check PDO setting!
2025-04-18 15:01:12,367 ERROR [default] Error: there is no ErrorCode in TxPDO mapping under this motor type, please check PDO setting!
2025-04-18 15:01:12,367 ERROR [default] Error: there is no ErrorCode in TxPDO mapping under this motor type, please check PDO setting!
2025-04-18 15:01:12,367 ERROR [default] Error: there is no ErrorCode in TxPDO mapping under this motor type, please check PDO setting!
2025-04-18 15:01:12,371 ERROR [default] Error: there is no ErrorCode in TxPDO mapping under this motor type, please check PDO setting!
2025-04-18 15:01:12,371 ERROR [default] Error: there is no ErrorCode in TxPDO mapping under this motor type, please check PDO setting!
2025-04-18 15:01:12,371 ERROR [default] Error: there is no ErrorCode in TxPDO mapping under this motor type, please check PDO setting!
2025-04-18 15:01:12,371 ERROR [default] Error: there is no ErrorCode in TxPDO mapping under this motor type, please check PDO setting!
2025-04-18 15:01:12,371 ERROR [default] Error: there is no ErrorCode in TxPDO mapping under this motor type, please check PDO setting!
2025-04-18 15:01:12,371 ERROR [default] Error: there is no ErrorCode in TxPDO mapping under this motor type, please check PDO setting!
2025-04-18 15:01:12,371 ERROR [default] Error: there is no ErrorCode in TxPDO mapping under this motor type, please check PDO setting!
2025-04-18 15:01:12,371 ERROR [default] Error: there is no ErrorCode in TxPDO mapping under this motor type, please check PDO setting!
2025-04-18 15:01:12,375 ERROR [default] Error: there is no ErrorCode in TxPDO mapping under this motor type, please check PDO setting!
2025-04-18 15:01:12,375 ERROR [default] Error: there is no ErrorCode in TxPDO mapping under this motor type, please check PDO setting!
2025-04-18 15:01:12,375 ERROR [default] Error: there is no ErrorCode in TxPDO mapping under this motor type, please check PDO setting!
2025-04-18 15:01:12,375 ERROR [default] Error: there is no ErrorCode in TxPDO mapping under this motor type, please check PDO setting!
2025-04-18 15:01:12,375 ERROR [default] Error: there is no ErrorCode in TxPDO mapping under this motor type, please check PDO setting!
2025-04-18 15:01:12,375 ERROR [default] Error: there is no ErrorCode in TxPDO mapping under this motor type, please check PDO setting!
2025-04-18 15:01:12,375 ERROR [default] Error: there is no ErrorCode in TxPDO mapping under this motor type, please check PDO setting!
2025-04-18 15:01:12,375 ERROR [default] Error: there is no ErrorCode in TxPDO mapping under this motor type, please check PDO setting!
2025-04-18 15:01:12,379 ERROR [default] Error: there is no ErrorCode in TxPDO mapping under this motor type, please check PDO setting!
2025-04-18 15:01:12,379 ERROR [default] Error: there is no ErrorCode in TxPDO mapping under this motor type, please check PDO setting!
2025-04-18 15:01:12,379 ERROR [default] Error: there is no ErrorCode in TxPDO mapping under this motor type, please check PDO setting!
2025-04-18 15:01:12,379 ERROR [default] Error: there is no ErrorCode in TxPDO mapping under this motor type, please check PDO setting!
2025-04-18 15:01:12,379 ERROR [default] Error: there is no ErrorCode in TxPDO mapping under this motor type, please check PDO setting!
2025-04-18 15:01:12,379 ERROR [default] Error: there is no ErrorCode in TxPDO mapping under this motor type, please check PDO setting!
2025-04-18 15:01:12,379 ERROR [default] Error: there is no ErrorCode in TxPDO mapping under this motor type, please check PDO setting!
2025-04-18 15:01:12,379 ERROR [default] Error: there is no ErrorCode in TxPDO mapping under this motor type, please check PDO setting!
2025-04-18 15:01:12,383 ERROR [default] Error: there is no ErrorCode in TxPDO mapping under this motor type, please check PDO setting!
2025-04-18 15:01:12,383 ERROR [default] Error: there is no ErrorCode in TxPDO mapping under this motor type, please check PDO setting!
2025-04-18 15:01:12,383 ERROR [default] Error: there is no ErrorCode in TxPDO mapping under this motor type, please check PDO setting!
2025-04-18 15:01:12,383 ERROR [default] Error: there is no ErrorCode in TxPDO mapping under this motor type, please check PDO setting!
2025-04-18 15:01:12,383 ERROR [default] Error: there is no ErrorCode in TxPDO mapping under this motor type, please check PDO setting!
2025-04-18 15:01:12,383 ERROR [default] Error: there is no ErrorCode in TxPDO mapping under this motor type, please check PDO setting!
2025-04-18 15:01:12,383 ERROR [default] Error: there is no ErrorCode in TxPDO mapping under this motor type, please check PDO setting!
2025-04-18 15:01:12,383 ERROR [default] Error: there is no ErrorCode in TxPDO mapping under this motor type, please check PDO setting!
2025-04-18 15:01:12,387 ERROR [default] Error: there is no ErrorCode in TxPDO mapping under this motor type, please check PDO setting!
2025-04-18 15:01:12,387 ERROR [default] Error: there is no ErrorCode in TxPDO mapping under this motor type, please check PDO setting!
2025-04-18 15:01:12,387 ERROR [default] Error: there is no ErrorCode in TxPDO mapping under this motor type, please check PDO setting!
2025-04-18 15:01:12,387 ERROR [default] Error: there is no ErrorCode in TxPDO mapping under this motor type, please check PDO setting!
2025-04-18 15:01:12,387 ERROR [default] Error: there is no ErrorCode in TxPDO mapping under this motor type, please check PDO setting!
2025-04-18 15:01:12,387 ERROR [default] Error: there is no ErrorCode in TxPDO mapping under this motor type, please check PDO setting!
2025-04-18 15:01:12,387 ERROR [default] Error: there is no ErrorCode in TxPDO mapping under this motor type, please check PDO setting!
2025-04-18 15:01:12,387 ERROR [default] Error: there is no ErrorCode in TxPDO mapping under this motor type, please check PDO setting!
2025-04-18 15:01:12,391 ERROR [default] Error: there is no ErrorCode in TxPDO mapping under this motor type, please check PDO setting!
2025-04-18 15:01:12,391 ERROR [default] Error: there is no ErrorCode in TxPDO mapping under this motor type, please check PDO setting!
2025-04-18 15:01:12,391 ERROR [default] Error: there is no ErrorCode in TxPDO mapping under this motor type, please check PDO setting!
2025-04-18 15:01:12,391 ERROR [default] Error: there is no ErrorCode in TxPDO mapping under this motor type, please check PDO setting!
2025-04-18 15:01:12,391 ERROR [default] Error: there is no ErrorCode in TxPDO mapping under this motor type, please check PDO setting!
2025-04-18 15:01:12,391 ERROR [default] Error: there is no ErrorCode in TxPDO mapping under this motor type, please check PDO setting!
2025-04-18 15:01:12,391 ERROR [default] Error: there is no ErrorCode in TxPDO mapping under this motor type, please check PDO setting!
2025-04-18 15:01:12,391 ERROR [default] Error: there is no ErrorCode in TxPDO mapping under this motor type, please check PDO setting!
2025-04-18 15:01:12,395 ERROR [default] Error: there is no ErrorCode in TxPDO mapping under this motor type, please check PDO setting!
2025-04-18 15:01:12,395 ERROR [default] Error: there is no ErrorCode in TxPDO mapping under this motor type, please check PDO setting!
2025-04-18 15:01:12,395 ERROR [default] Error: there is no ErrorCode in TxPDO mapping under this motor type, please check PDO setting!
2025-04-18 15:01:12,396 ERROR [default] Error: there is no ErrorCode in TxPDO mapping under this motor type, please check PDO setting!
2025-04-18 15:01:12,396 ERROR [default] Error: there is no ErrorCode in TxPDO mapping under this motor type, please check PDO setting!
2025-04-18 15:01:12,396 ERROR [default] Error: there is no ErrorCode in TxPDO mapping under this motor type, please check PDO setting!
2025-04-18 15:01:12,396 ERROR [default] Error: there is no ErrorCode in TxPDO mapping under this motor type, please check PDO setting!
2025-04-18 15:01:12,396 ERROR [default] Error: there is no ErrorCode in TxPDO mapping under this motor type, please check PDO setting!
2025-04-18 15:01:12,399 ERROR [default] Error: there is no ErrorCode in TxPDO mapping under this motor type, please check PDO setting!
2025-04-18 15:01:12,399 ERROR [default] Error: there is no ErrorCode in TxPDO mapping under this motor type, please check PDO setting!
2025-04-18 15:01:12,399 ERROR [default] Error: there is no ErrorCode in TxPDO mapping under this motor type, please check PDO setting!
2025-04-18 15:01:12,399 ERROR [default] Error: there is no ErrorCode in TxPDO mapping under this motor type, please check PDO setting!
2025-04-18 15:01:12,399 ERROR [default] Error: there is no ErrorCode in TxPDO mapping under this motor type, please check PDO setting!
2025-04-18 15:01:12,399 ERROR [default] Error: there is no ErrorCode in TxPDO mapping under this motor type, please check PDO setting!
2025-04-18 15:01:12,399 ERROR [default] Error: there is no ErrorCode in TxPDO mapping under this motor type, please check PDO setting!
2025-04-18 15:01:12,399 ERROR [default] Error: there is no ErrorCode in TxPDO mapping under this motor type, please check PDO setting!
2025-04-18 15:01:12,403 ERROR [default] Error: there is no ErrorCode in TxPDO mapping under this motor type, please check PDO setting!
2025-04-18 15:01:12,403 ERROR [default] Error: there is no ErrorCode in TxPDO mapping under this motor type, please check PDO setting!
2025-04-18 15:01:12,403 ERROR [default] Error: there is no ErrorCode in TxPDO mapping under this motor type, please check PDO setting!
2025-04-18 15:01:12,403 ERROR [default] Error: there is no ErrorCode in TxPDO mapping under this motor type, please check PDO setting!
2025-04-18 15:01:12,403 ERROR [default] Error: there is no ErrorCode in TxPDO mapping under this motor type, please check PDO setting!
2025-04-18 15:01:12,403 ERROR [default] Error: there is no ErrorCode in TxPDO mapping under this motor type, please check PDO setting!
2025-04-18 15:01:12,403 ERROR [default] Error: there is no ErrorCode in TxPDO mapping under this motor type, please check PDO setting!
2025-04-18 15:01:12,403 ERROR [default] Error: there is no ErrorCode in TxPDO mapping under this motor type, please check PDO setting!
2025-04-18 15:01:12,407 ERROR [default] Error: there is no ErrorCode in TxPDO mapping under this motor type, please check PDO setting!
2025-04-18 15:01:12,407 ERROR [default] Error: there is no ErrorCode in TxPDO mapping under this motor type, please check PDO setting!
2025-04-18 15:01:12,407 ERROR [default] Error: there is no ErrorCode in TxPDO mapping under this motor type, please check PDO setting!
2025-04-18 15:01:12,407 ERROR [default] Error: there is no ErrorCode in TxPDO mapping under this motor type, please check PDO setting!
2025-04-18 15:01:12,407 ERROR [default] Error: there is no ErrorCode in TxPDO mapping under this motor type, please check PDO setting!
2025-04-18 15:01:12,407 ERROR [default] Error: there is no ErrorCode in TxPDO mapping under this motor type, please check PDO setting!
2025-04-18 15:01:12,407 ERROR [default] Error: there is no ErrorCode in TxPDO mapping under this motor type, please check PDO setting!
2025-04-18 15:01:12,407 ERROR [default] Error: there is no ErrorCode in TxPDO mapping under this motor type, please check PDO setting!
2025-04-18 15:01:12,411 ERROR [default] Error: there is no ErrorCode in TxPDO mapping under this motor type, please check PDO setting!
2025-04-18 15:01:12,411 ERROR [default] Error: there is no ErrorCode in TxPDO mapping under this motor type, please check PDO setting!
2025-04-18 15:01:12,411 ERROR [default] Error: there is no ErrorCode in TxPDO mapping under this motor type, please check PDO setting!
2025-04-18 15:01:12,411 ERROR [default] Error: there is no ErrorCode in TxPDO mapping under this motor type, please check PDO setting!
2025-04-18 15:01:12,411 ERROR [default] Error: there is no ErrorCode in TxPDO mapping under this motor type, please check PDO setting!
2025-04-18 15:01:12,411 ERROR [default] Error: there is no ErrorCode in TxPDO mapping under this motor type, please check PDO setting!
2025-04-18 15:01:12,411 ERROR [default] Error: there is no ErrorCode in TxPDO mapping under this motor type, please check PDO setting!
2025-04-18 15:01:12,411 ERROR [default] Error: there is no ErrorCode in TxPDO mapping under this motor type, please check PDO setting!
2025-04-18 15:01:12,415 ERROR [default] Error: there is no ErrorCode in TxPDO mapping under this motor type, please check PDO setting!
2025-04-18 15:01:12,415 ERROR [default] Error: there is no ErrorCode in TxPDO mapping under this motor type, please check PDO setting!
2025-04-18 15:01:12,415 ERROR [default] Error: there is no ErrorCode in TxPDO mapping under this motor type, please check PDO setting!
2025-04-18 15:01:12,415 ERROR [default] Error: there is no ErrorCode in TxPDO mapping under this motor type, please check PDO setting!
2025-04-18 15:01:12,415 ERROR [default] Error: there is no ErrorCode in TxPDO mapping under this motor type, please check PDO setting!
2025-04-18 15:01:12,415 ERROR [default] Error: there is no ErrorCode in TxPDO mapping under this motor type, please check PDO setting!
2025-04-18 15:01:12,416 ERROR [default] Error: there is no ErrorCode in TxPDO mapping under this motor type, please check PDO setting!
2025-04-18 15:01:12,416 ERROR [default] Error: there is no ErrorCode in TxPDO mapping under this motor type, please check PDO setting!
2025-04-18 15:01:12,419 ERROR [default] Error: there is no ErrorCode in TxPDO mapping under this motor type, please check PDO setting!
2025-04-18 15:01:12,419 ERROR [default] Error: there is no ErrorCode in TxPDO mapping under this motor type, please check PDO setting!
2025-04-18 15:01:12,419 ERROR [default] Error: there is no ErrorCode in TxPDO mapping under this motor type, please check PDO setting!
2025-04-18 15:01:12,419 ERROR [default] Error: there is no ErrorCode in TxPDO mapping under this motor type, please check PDO setting!
2025-04-18 15:01:12,419 ERROR [default] Error: there is no ErrorCode in TxPDO mapping under this motor type, please check PDO setting!
2025-04-18 15:01:12,419 ERROR [default] Error: there is no ErrorCode in TxPDO mapping under this motor type, please check PDO setting!
2025-04-18 15:01:12,419 ERROR [default] Error: there is no ErrorCode in TxPDO mapping under this motor type, please check PDO setting!
2025-04-18 15:01:12,419 ERROR [default] Error: there is no ErrorCode in TxPDO mapping under this motor type, please check PDO setting!
2025-04-18 15:01:12,423 ERROR [default] Error: there is no ErrorCode in TxPDO mapping under this motor type, please check PDO setting!
2025-04-18 15:01:12,423 ERROR [default] Error: there is no ErrorCode in TxPDO mapping under this motor type, please check PDO setting!
2025-04-18 15:01:12,423 ERROR [default] Error: there is no ErrorCode in TxPDO mapping under this motor type, please check PDO setting!
2025-04-18 15:01:12,423 ERROR [default] Error: there is no ErrorCode in TxPDO mapping under this motor type, please check PDO setting!
2025-04-18 15:01:12,423 ERROR [default] Error: there is no ErrorCode in TxPDO mapping under this motor type, please check PDO setting!
2025-04-18 15:01:12,423 ERROR [default] Error: there is no ErrorCode in TxPDO mapping under this motor type, please check PDO setting!
2025-04-18 15:01:12,423 ERROR [default] Error: there is no ErrorCode in TxPDO mapping under this motor type, please check PDO setting!
2025-04-18 15:01:12,423 ERROR [default] Error: there is no ErrorCode in TxPDO mapping under this motor type, please check PDO setting!
2025-04-18 15:01:12,427 ERROR [default] Error: there is no ErrorCode in TxPDO mapping under this motor type, please check PDO setting!
2025-04-18 15:01:12,427 ERROR [default] Error: there is no ErrorCode in TxPDO mapping under this motor type, please check PDO setting!
2025-04-18 15:01:12,427 ERROR [default] Error: there is no ErrorCode in TxPDO mapping under this motor type, please check PDO setting!
2025-04-18 15:01:12,427 ERROR [default] Error: there is no ErrorCode in TxPDO mapping under this motor type, please check PDO setting!
2025-04-18 15:01:12,427 ERROR [default] Error: there is no ErrorCode in TxPDO mapping under this motor type, please check PDO setting!
2025-04-18 15:01:12,427 ERROR [default] Error: there is no ErrorCode in TxPDO mapping under this motor type, please check PDO setting!
2025-04-18 15:01:12,427 ERROR [default] Error: there is no ErrorCode in TxPDO mapping under this motor type, please check PDO setting!
2025-04-18 15:01:12,427 ERROR [default] Error: there is no ErrorCode in TxPDO mapping under this motor type, please check PDO setting!
2025-04-18 15:01:12,431 ERROR [default] Error: there is no ErrorCode in TxPDO mapping under this motor type, please check PDO setting!
2025-04-18 15:01:12,431 ERROR [default] Error: there is no ErrorCode in TxPDO mapping under this motor type, please check PDO setting!
2025-04-18 15:01:12,431 ERROR [default] Error: there is no ErrorCode in TxPDO mapping under this motor type, please check PDO setting!
2025-04-18 15:01:12,431 ERROR [default] Error: there is no ErrorCode in TxPDO mapping under this motor type, please check PDO setting!
2025-04-18 15:01:12,431 ERROR [default] Error: there is no ErrorCode in TxPDO mapping under this motor type, please check PDO setting!
2025-04-18 15:01:12,431 ERROR [default] Error: there is no ErrorCode in TxPDO mapping under this motor type, please check PDO setting!
2025-04-18 15:01:12,431 ERROR [default] Error: there is no ErrorCode in TxPDO mapping under this motor type, please check PDO setting!
2025-04-18 15:01:12,431 ERROR [default] Error: there is no ErrorCode in TxPDO mapping under this motor type, please check PDO setting!
2025-04-18 15:01:12,435 ERROR [default] Error: there is no ErrorCode in TxPDO mapping under this motor type, please check PDO setting!
2025-04-18 15:01:12,435 ERROR [default] Error: there is no ErrorCode in TxPDO mapping under this motor type, please check PDO setting!
2025-04-18 15:01:12,435 ERROR [default] Error: there is no ErrorCode in TxPDO mapping under this motor type, please check PDO setting!
2025-04-18 15:01:12,435 ERROR [default] Error: there is no ErrorCode in TxPDO mapping under this motor type, please check PDO setting!
2025-04-18 15:01:12,435 ERROR [default] Error: there is no ErrorCode in TxPDO mapping under this motor type, please check PDO setting!
2025-04-18 15:01:12,435 ERROR [default] Error: there is no ErrorCode in TxPDO mapping under this motor type, please check PDO setting!
2025-04-18 15:01:12,435 ERROR [default] Error: there is no ErrorCode in TxPDO mapping under this motor type, please check PDO setting!
2025-04-18 15:01:12,435 ERROR [default] Error: there is no ErrorCode in TxPDO mapping under this motor type, please check PDO setting!
2025-04-18 15:01:12,439 ERROR [default] Error: there is no ErrorCode in TxPDO mapping under this motor type, please check PDO setting!
2025-04-18 15:01:12,439 ERROR [default] Error: there is no ErrorCode in TxPDO mapping under this motor type, please check PDO setting!
2025-04-18 15:01:12,439 ERROR [default] Error: there is no ErrorCode in TxPDO mapping under this motor type, please check PDO setting!
2025-04-18 15:01:12,439 ERROR [default] Error: there is no ErrorCode in TxPDO mapping under this motor type, please check PDO setting!
2025-04-18 15:01:12,439 ERROR [default] Error: there is no ErrorCode in TxPDO mapping under this motor type, please check PDO setting!
2025-04-18 15:01:12,439 ERROR [default] Error: there is no ErrorCode in TxPDO mapping under this motor type, please check PDO setting!
2025-04-18 15:01:12,439 ERROR [default] Error: there is no ErrorCode in TxPDO mapping under this motor type, please check PDO setting!
2025-04-18 15:01:12,439 ERROR [default] Error: there is no ErrorCode in TxPDO mapping under this motor type, please check PDO setting!
2025-04-18 15:01:12,443 ERROR [default] Error: there is no ErrorCode in TxPDO mapping under this motor type, please check PDO setting!
2025-04-18 15:01:12,443 ERROR [default] Error: there is no ErrorCode in TxPDO mapping under this motor type, please check PDO setting!
2025-04-18 15:01:12,443 ERROR [default] Error: there is no ErrorCode in TxPDO mapping under this motor type, please check PDO setting!
2025-04-18 15:01:12,443 ERROR [default] Error: there is no ErrorCode in TxPDO mapping under this motor type, please check PDO setting!
2025-04-18 15:01:12,443 ERROR [default] Error: there is no ErrorCode in TxPDO mapping under this motor type, please check PDO setting!
2025-04-18 15:01:12,443 ERROR [default] Error: there is no ErrorCode in TxPDO mapping under this motor type, please check PDO setting!
2025-04-18 15:01:12,443 ERROR [default] Error: there is no ErrorCode in TxPDO mapping under this motor type, please check PDO setting!
2025-04-18 15:01:12,443 ERROR [default] Error: there is no ErrorCode in TxPDO mapping under this motor type, please check PDO setting!
2025-04-18 15:01:12,447 ERROR [default] Error: there is no ErrorCode in TxPDO mapping under this motor type, please check PDO setting!
2025-04-18 15:01:12,447 ERROR [default] Error: there is no ErrorCode in TxPDO mapping under this motor type, please check PDO setting!
2025-04-18 15:01:12,447 ERROR [default] Error: there is no ErrorCode in TxPDO mapping under this motor type, please check PDO setting!
2025-04-18 15:01:12,447 ERROR [default] Error: there is no ErrorCode in TxPDO mapping under this motor type, please check PDO setting!
2025-04-18 15:01:12,447 ERROR [default] Error: there is no ErrorCode in TxPDO mapping under this motor type, please check PDO setting!
2025-04-18 15:01:12,447 ERROR [default] Error: there is no ErrorCode in TxPDO mapping under this motor type, please check PDO setting!
2025-04-18 15:01:12,447 ERROR [default] Error: there is no ErrorCode in TxPDO mapping under this motor type, please check PDO setting!
2025-04-18 15:01:12,447 ERROR [default] Error: there is no ErrorCode in TxPDO mapping under this motor type, please check PDO setting!
2025-04-18 15:01:12,451 ERROR [default] Error: there is no ErrorCode in TxPDO mapping under this motor type, please check PDO setting!
2025-04-18 15:01:12,451 ERROR [default] Error: there is no ErrorCode in TxPDO mapping under this motor type, please check PDO setting!
2025-04-18 15:01:12,451 ERROR [default] Error: there is no ErrorCode in TxPDO mapping under this motor type, please check PDO setting!
2025-04-18 15:01:12,451 ERROR [default] Error: there is no ErrorCode in TxPDO mapping under this motor type, please check PDO setting!
2025-04-18 15:01:12,451 ERROR [default] Error: there is no ErrorCode in TxPDO mapping under this motor type, please check PDO setting!
2025-04-18 15:01:12,451 ERROR [default] Error: there is no ErrorCode in TxPDO mapping under this motor type, please check PDO setting!
2025-04-18 15:01:12,451 ERROR [default] Error: there is no ErrorCode in TxPDO mapping under this motor type, please check PDO setting!
2025-04-18 15:01:12,451 ERROR [default] Error: there is no ErrorCode in TxPDO mapping under this motor type, please check PDO setting!
2025-04-18 15:01:12,455 ERROR [default] Error: there is no ErrorCode in TxPDO mapping under this motor type, please check PDO setting!
2025-04-18 15:01:12,455 ERROR [default] Error: there is no ErrorCode in TxPDO mapping under this motor type, please check PDO setting!
2025-04-18 15:01:12,455 ERROR [default] Error: there is no ErrorCode in TxPDO mapping under this motor type, please check PDO setting!
2025-04-18 15:01:12,455 ERROR [default] Error: there is no ErrorCode in TxPDO mapping under this motor type, please check PDO setting!
2025-04-18 15:01:12,455 ERROR [default] Error: there is no ErrorCode in TxPDO mapping under this motor type, please check PDO setting!
2025-04-18 15:01:12,455 ERROR [default] Error: there is no ErrorCode in TxPDO mapping under this motor type, please check PDO setting!
2025-04-18 15:01:12,455 ERROR [default] Error: there is no ErrorCode in TxPDO mapping under this motor type, please check PDO setting!
2025-04-18 15:01:12,455 ERROR [default] Error: there is no ErrorCode in TxPDO mapping under this motor type, please check PDO setting!
2025-04-18 15:01:12,459 ERROR [default] Error: there is no ErrorCode in TxPDO mapping under this motor type, please check PDO setting!
2025-04-18 15:01:12,459 ERROR [default] Error: there is no ErrorCode in TxPDO mapping under this motor type, please check PDO setting!
2025-04-18 15:01:12,459 ERROR [default] Error: there is no ErrorCode in TxPDO mapping under this motor type, please check PDO setting!
2025-04-18 15:01:12,459 ERROR [default] Error: there is no ErrorCode in TxPDO mapping under this motor type, please check PDO setting!
2025-04-18 15:01:12,459 ERROR [default] Error: there is no ErrorCode in TxPDO mapping under this motor type, please check PDO setting!
2025-04-18 15:01:12,459 ERROR [default] Error: there is no ErrorCode in TxPDO mapping under this motor type, please check PDO setting!
2025-04-18 15:01:12,459 ERROR [default] Error: there is no ErrorCode in TxPDO mapping under this motor type, please check PDO setting!
2025-04-18 15:01:12,459 ERROR [default] Error: there is no ErrorCode in TxPDO mapping under this motor type, please check PDO setting!
2025-04-18 15:01:12,463 ERROR [default] Error: there is no ErrorCode in TxPDO mapping under this motor type, please check PDO setting!
2025-04-18 15:01:12,463 ERROR [default] Error: there is no ErrorCode in TxPDO mapping under this motor type, please check PDO setting!
2025-04-18 15:01:12,463 ERROR [default] Error: there is no ErrorCode in TxPDO mapping under this motor type, please check PDO setting!
2025-04-18 15:01:12,463 ERROR [default] Error: there is no ErrorCode in TxPDO mapping under this motor type, please check PDO setting!
2025-04-18 15:01:12,463 ERROR [default] Error: there is no ErrorCode in TxPDO mapping under this motor type, please check PDO setting!
2025-04-18 15:01:12,463 ERROR [default] Error: there is no ErrorCode in TxPDO mapping under this motor type, please check PDO setting!
2025-04-18 15:01:12,463 ERROR [default] Error: there is no ErrorCode in TxPDO mapping under this motor type, please check PDO setting!
2025-04-18 15:01:12,463 ERROR [default] Error: there is no ErrorCode in TxPDO mapping under this motor type, please check PDO setting!
2025-04-18 15:01:12,467 ERROR [default] Error: there is no ErrorCode in TxPDO mapping under this motor type, please check PDO setting!
2025-04-18 15:01:12,467 ERROR [default] Error: there is no ErrorCode in TxPDO mapping under this motor type, please check PDO setting!
2025-04-18 15:01:12,467 ERROR [default] Error: there is no ErrorCode in TxPDO mapping under this motor type, please check PDO setting!
2025-04-18 15:01:12,467 ERROR [default] Error: there is no ErrorCode in TxPDO mapping under this motor type, please check PDO setting!
2025-04-18 15:01:12,467 ERROR [default] Error: there is no ErrorCode in TxPDO mapping under this motor type, please check PDO setting!
2025-04-18 15:01:12,467 ERROR [default] Error: there is no ErrorCode in TxPDO mapping under this motor type, please check PDO setting!
2025-04-18 15:01:12,467 ERROR [default] Error: there is no ErrorCode in TxPDO mapping under this motor type, please check PDO setting!
2025-04-18 15:01:12,467 ERROR [default] Error: there is no ErrorCode in TxPDO mapping under this motor type, please check PDO setting!
2025-04-18 15:01:12,471 ERROR [default] Error: there is no ErrorCode in TxPDO mapping under this motor type, please check PDO setting!
2025-04-18 15:01:12,471 ERROR [default] Error: there is no ErrorCode in TxPDO mapping under this motor type, please check PDO setting!
2025-04-18 15:01:12,471 ERROR [default] Error: there is no ErrorCode in TxPDO mapping under this motor type, please check PDO setting!
2025-04-18 15:01:12,471 ERROR [default] Error: there is no ErrorCode in TxPDO mapping under this motor type, please check PDO setting!
2025-04-18 15:01:12,471 ERROR [default] Error: there is no ErrorCode in TxPDO mapping under this motor type, please check PDO setting!
2025-04-18 15:01:12,471 ERROR [default] Error: there is no ErrorCode in TxPDO mapping under this motor type, please check PDO setting!
2025-04-18 15:01:12,471 ERROR [default] Error: there is no ErrorCode in TxPDO mapping under this motor type, please check PDO setting!
2025-04-18 15:01:12,471 ERROR [default] Error: there is no ErrorCode in TxPDO mapping under this motor type, please check PDO setting!
2025-04-18 15:01:12,475 ERROR [default] Error: there is no ErrorCode in TxPDO mapping under this motor type, please check PDO setting!
2025-04-18 15:01:12,475 ERROR [default] Error: there is no ErrorCode in TxPDO mapping under this motor type, please check PDO setting!
2025-04-18 15:01:12,475 ERROR [default] Error: there is no ErrorCode in TxPDO mapping under this motor type, please check PDO setting!
2025-04-18 15:01:12,475 ERROR [default] Error: there is no ErrorCode in TxPDO mapping under this motor type, please check PDO setting!
2025-04-18 15:01:12,475 ERROR [default] Error: there is no ErrorCode in TxPDO mapping under this motor type, please check PDO setting!
2025-04-18 15:01:12,475 ERROR [default] Error: there is no ErrorCode in TxPDO mapping under this motor type, please check PDO setting!
2025-04-18 15:01:12,476 ERROR [default] Error: there is no ErrorCode in TxPDO mapping under this motor type, please check PDO setting!
2025-04-18 15:01:12,476 ERROR [default] Error: there is no ErrorCode in TxPDO mapping under this motor type, please check PDO setting!
2025-04-18 15:01:12,479 ERROR [default] Error: there is no ErrorCode in TxPDO mapping under this motor type, please check PDO setting!
2025-04-18 15:01:12,479 ERROR [default] Error: there is no ErrorCode in TxPDO mapping under this motor type, please check PDO setting!
2025-04-18 15:01:12,479 ERROR [default] Error: there is no ErrorCode in TxPDO mapping under this motor type, please check PDO setting!
2025-04-18 15:01:12,479 ERROR [default] Error: there is no ErrorCode in TxPDO mapping under this motor type, please check PDO setting!
2025-04-18 15:01:12,479 ERROR [default] Error: there is no ErrorCode in TxPDO mapping under this motor type, please check PDO setting!
2025-04-18 15:01:12,479 ERROR [default] Error: there is no ErrorCode in TxPDO mapping under this motor type, please check PDO setting!
2025-04-18 15:01:12,479 ERROR [default] Error: there is no ErrorCode in TxPDO mapping under this motor type, please check PDO setting!
2025-04-18 15:01:12,479 ERROR [default] Error: there is no ErrorCode in TxPDO mapping under this motor type, please check PDO setting!
2025-04-18 15:01:12,483 ERROR [default] Error: there is no ErrorCode in TxPDO mapping under this motor type, please check PDO setting!
2025-04-18 15:01:12,483 ERROR [default] Error: there is no ErrorCode in TxPDO mapping under this motor type, please check PDO setting!
2025-04-18 15:01:12,483 ERROR [default] Error: there is no ErrorCode in TxPDO mapping under this motor type, please check PDO setting!
2025-04-18 15:01:12,483 ERROR [default] Error: there is no ErrorCode in TxPDO mapping under this motor type, please check PDO setting!
2025-04-18 15:01:12,483 ERROR [default] Error: there is no ErrorCode in TxPDO mapping under this motor type, please check PDO setting!
2025-04-18 15:01:12,483 ERROR [default] Error: there is no ErrorCode in TxPDO mapping under this motor type, please check PDO setting!
2025-04-18 15:01:12,483 ERROR [default] Error: there is no ErrorCode in TxPDO mapping under this motor type, please check PDO setting!
2025-04-18 15:01:12,483 ERROR [default] Error: there is no ErrorCode in TxPDO mapping under this motor type, please check PDO setting!
2025-04-18 15:01:12,487 ERROR [default] Error: there is no ErrorCode in TxPDO mapping under this motor type, please check PDO setting!
2025-04-18 15:01:12,487 ERROR [default] Error: there is no ErrorCode in TxPDO mapping under this motor type, please check PDO setting!
2025-04-18 15:01:12,487 ERROR [default] Error: there is no ErrorCode in TxPDO mapping under this motor type, please check PDO setting!
2025-04-18 15:01:12,487 ERROR [default] Error: there is no ErrorCode in TxPDO mapping under this motor type, please check PDO setting!
2025-04-18 15:01:12,487 ERROR [default] Error: there is no ErrorCode in TxPDO mapping under this motor type, please check PDO setting!
2025-04-18 15:01:12,487 ERROR [default] Error: there is no ErrorCode in TxPDO mapping under this motor type, please check PDO setting!
2025-04-18 15:01:12,487 ERROR [default] Error: there is no ErrorCode in TxPDO mapping under this motor type, please check PDO setting!
2025-04-18 15:01:12,487 ERROR [default] Error: there is no ErrorCode in TxPDO mapping under this motor type, please check PDO setting!
2025-04-18 15:01:12,491 ERROR [default] Error: there is no ErrorCode in TxPDO mapping under this motor type, please check PDO setting!
2025-04-18 15:01:12,491 ERROR [default] Error: there is no ErrorCode in TxPDO mapping under this motor type, please check PDO setting!
2025-04-18 15:01:12,491 ERROR [default] Error: there is no ErrorCode in TxPDO mapping under this motor type, please check PDO setting!
2025-04-18 15:01:12,491 ERROR [default] Error: there is no ErrorCode in TxPDO mapping under this motor type, please check PDO setting!
2025-04-18 15:01:12,491 ERROR [default] Error: there is no ErrorCode in TxPDO mapping under this motor type, please check PDO setting!
2025-04-18 15:01:12,491 ERROR [default] Error: there is no ErrorCode in TxPDO mapping under this motor type, please check PDO setting!
2025-04-18 15:01:12,491 ERROR [default] Error: there is no ErrorCode in TxPDO mapping under this motor type, please check PDO setting!
2025-04-18 15:01:12,491 ERROR [default] Error: there is no ErrorCode in TxPDO mapping under this motor type, please check PDO setting!
2025-04-18 15:01:12,495 ERROR [default] Error: there is no ErrorCode in TxPDO mapping under this motor type, please check PDO setting!
2025-04-18 15:01:12,495 ERROR [default] Error: there is no ErrorCode in TxPDO mapping under this motor type, please check PDO setting!
2025-04-18 15:01:12,495 ERROR [default] Error: there is no ErrorCode in TxPDO mapping under this motor type, please check PDO setting!
2025-04-18 15:01:12,495 ERROR [default] Error: there is no ErrorCode in TxPDO mapping under this motor type, please check PDO setting!
2025-04-18 15:01:12,495 ERROR [default] Error: there is no ErrorCode in TxPDO mapping under this motor type, please check PDO setting!
2025-04-18 15:01:12,495 ERROR [default] Error: there is no ErrorCode in TxPDO mapping under this motor type, please check PDO setting!
2025-04-18 15:01:12,495 ERROR [default] Error: there is no ErrorCode in TxPDO mapping under this motor type, please check PDO setting!
2025-04-18 15:01:12,495 ERROR [default] Error: there is no ErrorCode in TxPDO mapping under this motor type, please check PDO setting!
2025-04-18 15:01:12,499 ERROR [default] Error: there is no ErrorCode in TxPDO mapping under this motor type, please check PDO setting!
2025-04-18 15:01:12,499 ERROR [default] Error: there is no ErrorCode in TxPDO mapping under this motor type, please check PDO setting!
2025-04-18 15:01:12,499 ERROR [default] Error: there is no ErrorCode in TxPDO mapping under this motor type, please check PDO setting!
2025-04-18 15:01:12,499 ERROR [default] Error: there is no ErrorCode in TxPDO mapping under this motor type, please check PDO setting!
2025-04-18 15:01:12,499 ERROR [default] Error: there is no ErrorCode in TxPDO mapping under this motor type, please check PDO setting!
2025-04-18 15:01:12,499 ERROR [default] Error: there is no ErrorCode in TxPDO mapping under this motor type, please check PDO setting!
2025-04-18 15:01:12,499 ERROR [default] Error: there is no ErrorCode in TxPDO mapping under this motor type, please check PDO setting!
2025-04-18 15:01:12,499 ERROR [default] Error: there is no ErrorCode in TxPDO mapping under this motor type, please check PDO setting!
2025-04-18 15:01:12,503 ERROR [default] Error: there is no ErrorCode in TxPDO mapping under this motor type, please check PDO setting!
2025-04-18 15:01:12,503 ERROR [default] Error: there is no ErrorCode in TxPDO mapping under this motor type, please check PDO setting!
2025-04-18 15:01:12,503 ERROR [default] Error: there is no ErrorCode in TxPDO mapping under this motor type, please check PDO setting!
2025-04-18 15:01:12,503 ERROR [default] Error: there is no ErrorCode in TxPDO mapping under this motor type, please check PDO setting!
2025-04-18 15:01:12,503 ERROR [default] Error: there is no ErrorCode in TxPDO mapping under this motor type, please check PDO setting!
2025-04-18 15:01:12,503 ERROR [default] Error: there is no ErrorCode in TxPDO mapping under this motor type, please check PDO setting!
2025-04-18 15:01:12,503 ERROR [default] Error: there is no ErrorCode in TxPDO mapping under this motor type, please check PDO setting!
2025-04-18 15:01:12,503 ERROR [default] Error: there is no ErrorCode in TxPDO mapping under this motor type, please check PDO setting!
2025-04-18 15:01:12,507 ERROR [default] Error: there is no ErrorCode in TxPDO mapping under this motor type, please check PDO setting!
2025-04-18 15:01:12,507 ERROR [default] Error: there is no ErrorCode in TxPDO mapping under this motor type, please check PDO setting!
2025-04-18 15:01:12,507 ERROR [default] Error: there is no ErrorCode in TxPDO mapping under this motor type, please check PDO setting!
2025-04-18 15:01:12,507 ERROR [default] Error: there is no ErrorCode in TxPDO mapping under this motor type, please check PDO setting!
2025-04-18 15:01:12,507 ERROR [default] Error: there is no ErrorCode in TxPDO mapping under this motor type, please check PDO setting!
2025-04-18 15:01:12,507 ERROR [default] Error: there is no ErrorCode in TxPDO mapping under this motor type, please check PDO setting!
2025-04-18 15:01:12,507 ERROR [default] Error: there is no ErrorCode in TxPDO mapping under this motor type, please check PDO setting!
2025-04-18 15:01:12,507 ERROR [default] Error: there is no ErrorCode in TxPDO mapping under this motor type, please check PDO setting!
2025-04-18 15:01:12,511 ERROR [default] Error: there is no ErrorCode in TxPDO mapping under this motor type, please check PDO setting!
2025-04-18 15:01:12,511 ERROR [default] Error: there is no ErrorCode in TxPDO mapping under this motor type, please check PDO setting!
2025-04-18 15:01:12,511 ERROR [default] Error: there is no ErrorCode in TxPDO mapping under this motor type, please check PDO setting!
2025-04-18 15:01:12,511 ERROR [default] Error: there is no ErrorCode in TxPDO mapping under this motor type, please check PDO setting!
2025-04-18 15:01:12,511 ERROR [default] Error: there is no ErrorCode in TxPDO mapping under this motor type, please check PDO setting!
2025-04-18 15:01:12,511 ERROR [default] Error: there is no ErrorCode in TxPDO mapping under this motor type, please check PDO setting!
2025-04-18 15:01:12,511 ERROR [default] Error: there is no ErrorCode in TxPDO mapping under this motor type, please check PDO setting!
2025-04-18 15:01:12,511 ERROR [default] Error: there is no ErrorCode in TxPDO mapping under this motor type, please check PDO setting!
2025-04-18 15:01:12,515 ERROR [default] Error: there is no ErrorCode in TxPDO mapping under this motor type, please check PDO setting!
2025-04-18 15:01:12,515 ERROR [default] Error: there is no ErrorCode in TxPDO mapping under this motor type, please check PDO setting!
2025-04-18 15:01:12,515 ERROR [default] Error: there is no ErrorCode in TxPDO mapping under this motor type, please check PDO setting!
2025-04-18 15:01:12,515 ERROR [default] Error: there is no ErrorCode in TxPDO mapping under this motor type, please check PDO setting!
2025-04-18 15:01:12,515 ERROR [default] Error: there is no ErrorCode in TxPDO mapping under this motor type, please check PDO setting!
2025-04-18 15:01:12,516 ERROR [default] Error: there is no ErrorCode in TxPDO mapping under this motor type, please check PDO setting!
2025-04-18 15:01:12,516 ERROR [default] Error: there is no ErrorCode in TxPDO mapping under this motor type, please check PDO setting!
2025-04-18 15:01:12,516 ERROR [default] Error: there is no ErrorCode in TxPDO mapping under this motor type, please check PDO setting!
2025-04-18 15:01:12,519 ERROR [default] Error: there is no ErrorCode in TxPDO mapping under this motor type, please check PDO setting!
2025-04-18 15:01:12,519 ERROR [default] Error: there is no ErrorCode in TxPDO mapping under this motor type, please check PDO setting!
2025-04-18 15:01:12,519 ERROR [default] Error: there is no ErrorCode in TxPDO mapping under this motor type, please check PDO setting!
2025-04-18 15:01:12,519 ERROR [default] Error: there is no ErrorCode in TxPDO mapping under this motor type, please check PDO setting!
2025-04-18 15:01:12,519 ERROR [default] Error: there is no ErrorCode in TxPDO mapping under this motor type, please check PDO setting!
2025-04-18 15:01:12,519 ERROR [default] Error: there is no ErrorCode in TxPDO mapping under this motor type, please check PDO setting!
2025-04-18 15:01:12,519 ERROR [default] Error: there is no ErrorCode in TxPDO mapping under this motor type, please check PDO setting!
2025-04-18 15:01:12,519 ERROR [default] Error: there is no ErrorCode in TxPDO mapping under this motor type, please check PDO setting!
2025-04-18 15:01:12,523 ERROR [default] Error: there is no ErrorCode in TxPDO mapping under this motor type, please check PDO setting!
2025-04-18 15:01:12,523 ERROR [default] Error: there is no ErrorCode in TxPDO mapping under this motor type, please check PDO setting!
2025-04-18 15:01:12,523 ERROR [default] Error: there is no ErrorCode in TxPDO mapping under this motor type, please check PDO setting!
2025-04-18 15:01:12,523 ERROR [default] Error: there is no ErrorCode in TxPDO mapping under this motor type, please check PDO setting!
2025-04-18 15:01:12,523 ERROR [default] Error: there is no ErrorCode in TxPDO mapping under this motor type, please check PDO setting!
2025-04-18 15:01:12,523 ERROR [default] Error: there is no ErrorCode in TxPDO mapping under this motor type, please check PDO setting!
2025-04-18 15:01:12,523 ERROR [default] Error: there is no ErrorCode in TxPDO mapping under this motor type, please check PDO setting!
2025-04-18 15:01:12,523 ERROR [default] Error: there is no ErrorCode in TxPDO mapping under this motor type, please check PDO setting!
2025-04-18 15:01:12,527 ERROR [default] Error: there is no ErrorCode in TxPDO mapping under this motor type, please check PDO setting!
2025-04-18 15:01:12,527 ERROR [default] Error: there is no ErrorCode in TxPDO mapping under this motor type, please check PDO setting!
2025-04-18 15:01:12,527 ERROR [default] Error: there is no ErrorCode in TxPDO mapping under this motor type, please check PDO setting!
2025-04-18 15:01:12,527 ERROR [default] Error: there is no ErrorCode in TxPDO mapping under this motor type, please check PDO setting!
2025-04-18 15:01:12,527 ERROR [default] Error: there is no ErrorCode in TxPDO mapping under this motor type, please check PDO setting!
2025-04-18 15:01:12,527 ERROR [default] Error: there is no ErrorCode in TxPDO mapping under this motor type, please check PDO setting!
2025-04-18 15:01:12,527 ERROR [default] Error: there is no ErrorCode in TxPDO mapping under this motor type, please check PDO setting!
2025-04-18 15:01:12,527 ERROR [default] Error: there is no ErrorCode in TxPDO mapping under this motor type, please check PDO setting!
2025-04-18 15:01:12,531 ERROR [default] Error: there is no ErrorCode in TxPDO mapping under this motor type, please check PDO setting!
2025-04-18 15:01:12,531 ERROR [default] Error: there is no ErrorCode in TxPDO mapping under this motor type, please check PDO setting!
2025-04-18 15:01:12,531 ERROR [default] Error: there is no ErrorCode in TxPDO mapping under this motor type, please check PDO setting!
2025-04-18 15:01:12,531 ERROR [default] Error: there is no ErrorCode in TxPDO mapping under this motor type, please check PDO setting!
2025-04-18 15:01:12,531 ERROR [default] Error: there is no ErrorCode in TxPDO mapping under this motor type, please check PDO setting!
2025-04-18 15:01:12,531 ERROR [default] Error: there is no ErrorCode in TxPDO mapping under this motor type, please check PDO setting!
2025-04-18 15:01:12,531 ERROR [default] Error: there is no ErrorCode in TxPDO mapping under this motor type, please check PDO setting!
2025-04-18 15:01:12,531 ERROR [default] Error: there is no ErrorCode in TxPDO mapping under this motor type, please check PDO setting!
2025-04-18 15:01:12,535 ERROR [default] Error: there is no ErrorCode in TxPDO mapping under this motor type, please check PDO setting!
2025-04-18 15:01:12,535 ERROR [default] Error: there is no ErrorCode in TxPDO mapping under this motor type, please check PDO setting!
2025-04-18 15:01:12,535 ERROR [default] Error: there is no ErrorCode in TxPDO mapping under this motor type, please check PDO setting!
2025-04-18 15:01:12,535 ERROR [default] Error: there is no ErrorCode in TxPDO mapping under this motor type, please check PDO setting!
2025-04-18 15:01:12,535 ERROR [default] Error: there is no ErrorCode in TxPDO mapping under this motor type, please check PDO setting!
2025-04-18 15:01:12,535 ERROR [default] Error: there is no ErrorCode in TxPDO mapping under this motor type, please check PDO setting!
2025-04-18 15:01:12,536 ERROR [default] Error: there is no ErrorCode in TxPDO mapping under this motor type, please check PDO setting!
2025-04-18 15:01:12,536 ERROR [default] Error: there is no ErrorCode in TxPDO mapping under this motor type, please check PDO setting!
2025-04-18 15:01:12,539 ERROR [default] Error: there is no ErrorCode in TxPDO mapping under this motor type, please check PDO setting!
2025-04-18 15:01:12,539 ERROR [default] Error: there is no ErrorCode in TxPDO mapping under this motor type, please check PDO setting!
2025-04-18 15:01:12,539 ERROR [default] Error: there is no ErrorCode in TxPDO mapping under this motor type, please check PDO setting!
2025-04-18 15:01:12,539 ERROR [default] Error: there is no ErrorCode in TxPDO mapping under this motor type, please check PDO setting!
2025-04-18 15:01:12,539 ERROR [default] Error: there is no ErrorCode in TxPDO mapping under this motor type, please check PDO setting!
2025-04-18 15:01:12,539 ERROR [default] Error: there is no ErrorCode in TxPDO mapping under this motor type, please check PDO setting!
2025-04-18 15:01:12,539 ERROR [default] Error: there is no ErrorCode in TxPDO mapping under this motor type, please check PDO setting!
2025-04-18 15:01:12,539 ERROR [default] Error: there is no ErrorCode in TxPDO mapping under this motor type, please check PDO setting!
2025-04-18 15:01:12,543 ERROR [default] Error: there is no ErrorCode in TxPDO mapping under this motor type, please check PDO setting!
2025-04-18 15:01:12,543 ERROR [default] Error: there is no ErrorCode in TxPDO mapping under this motor type, please check PDO setting!
2025-04-18 15:01:12,543 ERROR [default] Error: there is no ErrorCode in TxPDO mapping under this motor type, please check PDO setting!
2025-04-18 15:01:12,543 ERROR [default] Error: there is no ErrorCode in TxPDO mapping under this motor type, please check PDO setting!
2025-04-18 15:01:12,543 ERROR [default] Error: there is no ErrorCode in TxPDO mapping under this motor type, please check PDO setting!
2025-04-18 15:01:12,543 ERROR [default] Error: there is no ErrorCode in TxPDO mapping under this motor type, please check PDO setting!
2025-04-18 15:01:12,543 ERROR [default] Error: there is no ErrorCode in TxPDO mapping under this motor type, please check PDO setting!
2025-04-18 15:01:12,543 ERROR [default] Error: there is no ErrorCode in TxPDO mapping under this motor type, please check PDO setting!
2025-04-18 15:01:12,547 ERROR [default] Error: there is no ErrorCode in TxPDO mapping under this motor type, please check PDO setting!
2025-04-18 15:01:12,547 ERROR [default] Error: there is no ErrorCode in TxPDO mapping under this motor type, please check PDO setting!
2025-04-18 15:01:12,547 ERROR [default] Error: there is no ErrorCode in TxPDO mapping under this motor type, please check PDO setting!
2025-04-18 15:01:12,547 ERROR [default] Error: there is no ErrorCode in TxPDO mapping under this motor type, please check PDO setting!
2025-04-18 15:01:12,547 ERROR [default] Error: there is no ErrorCode in TxPDO mapping under this motor type, please check PDO setting!
2025-04-18 15:01:12,547 ERROR [default] Error: there is no ErrorCode in TxPDO mapping under this motor type, please check PDO setting!
2025-04-18 15:01:12,547 ERROR [default] Error: there is no ErrorCode in TxPDO mapping under this motor type, please check PDO setting!
2025-04-18 15:01:12,547 ERROR [default] Error: there is no ErrorCode in TxPDO mapping under this motor type, please check PDO setting!
2025-04-18 15:01:12,551 ERROR [default] Error: there is no ErrorCode in TxPDO mapping under this motor type, please check PDO setting!
2025-04-18 15:01:12,551 ERROR [default] Error: there is no ErrorCode in TxPDO mapping under this motor type, please check PDO setting!
2025-04-18 15:01:12,551 ERROR [default] Error: there is no ErrorCode in TxPDO mapping under this motor type, please check PDO setting!
2025-04-18 15:01:12,551 ERROR [default] Error: there is no ErrorCode in TxPDO mapping under this motor type, please check PDO setting!
2025-04-18 15:01:12,551 ERROR [default] Error: there is no ErrorCode in TxPDO mapping under this motor type, please check PDO setting!
2025-04-18 15:01:12,551 ERROR [default] Error: there is no ErrorCode in TxPDO mapping under this motor type, please check PDO setting!
2025-04-18 15:01:12,551 ERROR [default] Error: there is no ErrorCode in TxPDO mapping under this motor type, please check PDO setting!
2025-04-18 15:01:12,551 ERROR [default] Error: there is no ErrorCode in TxPDO mapping under this motor type, please check PDO setting!
2025-04-18 15:01:12,555 ERROR [default] Error: there is no ErrorCode in TxPDO mapping under this motor type, please check PDO setting!
2025-04-18 15:01:12,555 ERROR [default] Error: there is no ErrorCode in TxPDO mapping under this motor type, please check PDO setting!
2025-04-18 15:01:12,555 ERROR [default] Error: there is no ErrorCode in TxPDO mapping under this motor type, please check PDO setting!
2025-04-18 15:01:12,555 ERROR [default] Error: there is no ErrorCode in TxPDO mapping under this motor type, please check PDO setting!
2025-04-18 15:01:12,556 ERROR [default] Error: there is no ErrorCode in TxPDO mapping under this motor type, please check PDO setting!
2025-04-18 15:01:12,556 ERROR [default] Error: there is no ErrorCode in TxPDO mapping under this motor type, please check PDO setting!
2025-04-18 15:01:12,556 ERROR [default] Error: there is no ErrorCode in TxPDO mapping under this motor type, please check PDO setting!
2025-04-18 15:01:12,556 ERROR [default] Error: there is no ErrorCode in TxPDO mapping under this motor type, please check PDO setting!
2025-04-18 15:01:12,559 ERROR [default] Error: there is no ErrorCode in TxPDO mapping under this motor type, please check PDO setting!
2025-04-18 15:01:12,559 ERROR [default] Error: there is no ErrorCode in TxPDO mapping under this motor type, please check PDO setting!
2025-04-18 15:01:12,559 ERROR [default] Error: there is no ErrorCode in TxPDO mapping under this motor type, please check PDO setting!
2025-04-18 15:01:12,559 ERROR [default] Error: there is no ErrorCode in TxPDO mapping under this motor type, please check PDO setting!
2025-04-18 15:01:12,559 ERROR [default] Error: there is no ErrorCode in TxPDO mapping under this motor type, please check PDO setting!
2025-04-18 15:01:12,559 ERROR [default] Error: there is no ErrorCode in TxPDO mapping under this motor type, please check PDO setting!
2025-04-18 15:01:12,559 ERROR [default] Error: there is no ErrorCode in TxPDO mapping under this motor type, please check PDO setting!
2025-04-18 15:01:12,559 ERROR [default] Error: there is no ErrorCode in TxPDO mapping under this motor type, please check PDO setting!
2025-04-18 15:01:12,563 ERROR [default] Error: there is no ErrorCode in TxPDO mapping under this motor type, please check PDO setting!
2025-04-18 15:01:12,563 ERROR [default] Error: there is no ErrorCode in TxPDO mapping under this motor type, please check PDO setting!
2025-04-18 15:01:12,563 ERROR [default] Error: there is no ErrorCode in TxPDO mapping under this motor type, please check PDO setting!
2025-04-18 15:01:12,563 ERROR [default] Error: there is no ErrorCode in TxPDO mapping under this motor type, please check PDO setting!
2025-04-18 15:01:12,563 ERROR [default] Error: there is no ErrorCode in TxPDO mapping under this motor type, please check PDO setting!
2025-04-18 15:01:12,563 ERROR [default] Error: there is no ErrorCode in TxPDO mapping under this motor type, please check PDO setting!
2025-04-18 15:01:12,563 ERROR [default] Error: there is no ErrorCode in TxPDO mapping under this motor type, please check PDO setting!
2025-04-18 15:01:12,563 ERROR [default] Error: there is no ErrorCode in TxPDO mapping under this motor type, please check PDO setting!
2025-04-18 15:01:12,567 ERROR [default] Error: there is no ErrorCode in TxPDO mapping under this motor type, please check PDO setting!
2025-04-18 15:01:12,567 ERROR [default] Error: there is no ErrorCode in TxPDO mapping under this motor type, please check PDO setting!
2025-04-18 15:01:12,567 ERROR [default] Error: there is no ErrorCode in TxPDO mapping under this motor type, please check PDO setting!
2025-04-18 15:01:12,567 ERROR [default] Error: there is no ErrorCode in TxPDO mapping under this motor type, please check PDO setting!
2025-04-18 15:01:12,567 ERROR [default] Error: there is no ErrorCode in TxPDO mapping under this motor type, please check PDO setting!
2025-04-18 15:01:12,567 ERROR [default] Error: there is no ErrorCode in TxPDO mapping under this motor type, please check PDO setting!
2025-04-18 15:01:12,567 ERROR [default] Error: there is no ErrorCode in TxPDO mapping under this motor type, please check PDO setting!
2025-04-18 15:01:12,567 ERROR [default] Error: there is no ErrorCode in TxPDO mapping under this motor type, please check PDO setting!
2025-04-18 15:01:12,571 ERROR [default] Error: there is no ErrorCode in TxPDO mapping under this motor type, please check PDO setting!
2025-04-18 15:01:12,571 ERROR [default] Error: there is no ErrorCode in TxPDO mapping under this motor type, please check PDO setting!
2025-04-18 15:01:12,571 ERROR [default] Error: there is no ErrorCode in TxPDO mapping under this motor type, please check PDO setting!
2025-04-18 15:01:12,571 ERROR [default] Error: there is no ErrorCode in TxPDO mapping under this motor type, please check PDO setting!
2025-04-18 15:01:12,571 ERROR [default] Error: there is no ErrorCode in TxPDO mapping under this motor type, please check PDO setting!
2025-04-18 15:01:12,571 ERROR [default] Error: there is no ErrorCode in TxPDO mapping under this motor type, please check PDO setting!
2025-04-18 15:01:12,571 ERROR [default] Error: there is no ErrorCode in TxPDO mapping under this motor type, please check PDO setting!
2025-04-18 15:01:12,571 ERROR [default] Error: there is no ErrorCode in TxPDO mapping under this motor type, please check PDO setting!
