2024-09-11 14:13:59,314 MotorDriver.cpp:44 [INFO] MAXON RxPDO are as follow: 
2024-09-11 14:13:59,314 MotorDriver.cpp:46 [INFO] TrqOffset, INT, 28
2024-09-11 14:13:59,314 MotorDriver.cpp:46 [INFO] ProfileVel, UDINT, 20
2024-09-11 14:13:59,314 MotorDriver.cpp:46 [INFO] ProfileDec, UDINT, 16
2024-09-11 14:13:59,314 MotorDriver.cpp:46 [INFO] TargetTrq, INT, 10
2024-09-11 14:13:59,314 MotorDriver.cpp:46 [INFO] ProfileAcc, UDINT, 12
2024-09-11 14:13:59,314 MotorDriver.cpp:46 [INFO] TargetVel, DINT, 2
2024-09-11 14:13:59,314 MotorDriver.cpp:46 [INFO] TargetPos, DINT, 6
2024-09-11 14:13:59,314 MotorDriver.cpp:46 [INFO] OperationMode, SINT, 30
2024-09-11 14:13:59,314 MotorDriver.cpp:46 [INFO] InterpolationTime, UDINT, 35
2024-09-11 14:13:59,314 MotorDriver.cpp:46 [INFO] PosOffset, DINT, 24
2024-09-11 14:13:59,314 MotorDriver.cpp:46 [INFO] DigitalOutputs, UDINT, 31
2024-09-11 14:13:59,314 MotorDriver.cpp:46 [INFO] ControlWord, UINT, 0
2024-09-11 14:13:59,314 MotorDriver.cpp:48 [INFO] MAXON TxPDO are as follow: 
2024-09-11 14:13:59,314 MotorDriver.cpp:50 [INFO] StatusWord, UINT, 0
2024-09-11 14:13:59,314 MotorDriver.cpp:50 [INFO] ModeDisplay, SINT, 22
2024-09-11 14:13:59,314 MotorDriver.cpp:50 [INFO] FollowingPosErr, DINT, 18
2024-09-11 14:13:59,314 MotorDriver.cpp:50 [INFO] DigitalInputs, UDINT, 23
2024-09-11 14:13:59,314 MotorDriver.cpp:50 [INFO] ErrorCode, UINT, 2
2024-09-11 14:13:59,314 MotorDriver.cpp:50 [INFO] ActVel, DINT, 8
2024-09-11 14:13:59,314 MotorDriver.cpp:50 [INFO] ActTrq, INT, 12
2024-09-11 14:13:59,314 MotorDriver.cpp:50 [INFO] ActPos, DINT, 4
2024-09-11 14:13:59,314 MotorDriver.cpp:50 [INFO] ActCur, DINT, 14
2024-09-11 14:13:59,314 MotorDriver.cpp:1514 [INFO] EtherCat thread ID: 133587733055040
2024-09-11 14:14:06,587 MotorDriver.cpp:1504 [INFO]  Set promise value to true!
2024-09-11 14:14:06,588 microPlank.cpp:36 [INFO] EtherCat Communication thread status: 1

2024-09-11 14:14:06,588 MotorDriver.cpp:1143 [INFO] Starting initialize Motor Type 2: joint 1
2024-09-11 14:14:06,638 MotorDriver.cpp:1150 [INFO] 1: the control word is: 128 status word is: 0x240
2024-09-11 14:14:06,688 MotorDriver.cpp:1157 [INFO] 2: the control word is: 6 status word is: 0x 221
2024-09-11 14:14:06,738 MotorDriver.cpp:1164 [INFO] 3: the control word is: 7 status word is: 0x 223
2024-09-11 14:14:06,788 MotorDriver.cpp:1171 [INFO] 4: the control word is: f status word is: 0x 221f
2024-09-11 14:14:06,788 MotorDriver.cpp:1174 [INFO] successfully enable Motor Type2: joint 1
2024-09-11 14:14:06,838 FdOmega.cpp:61 [INFO] Start master handle thread: 
2024-09-11 14:14:07,654 FdOmega.cpp:17 [INFO] Initializing haptic device...
2024-09-11 14:14:10,008 FdOmega.cpp:55 [INFO] omega.7 (right-hand) device detected.
2024-09-11 14:14:10,008 MasterConsole.cpp:59 [INFO] Master handle thread (Omega) starts!
2024-09-11 14:14:10,008 MasterConsole.cpp:74 [INFO] MasterConsole Data Update thread ID: 797f4b400640
2024-09-11 14:14:10,009 microPlank.cpp:54 [INFO] Start teleoperation thread
2024-09-11 14:14:10,009 MotorDriver.cpp:241 [ERROR] Error: The input motor type is undefined, please check motor type!
2024-09-11 14:14:10,010 MotorDriver.cpp:241 [ERROR] Error: The input motor type is undefined, please check motor type!
2024-09-11 14:14:10,012 MotorDriver.cpp:241 [ERROR] Error: The input motor type is undefined, please check motor type!
2024-09-11 14:14:10,013 MotorDriver.cpp:241 [ERROR] Error: The input motor type is undefined, please check motor type!
2024-09-11 14:14:10,014 MotorDriver.cpp:241 [ERROR] Error: The input motor type is undefined, please check motor type!
2024-09-11 14:14:10,015 MotorDriver.cpp:241 [ERROR] Error: The input motor type is undefined, please check motor type!
2024-09-11 14:14:10,016 MotorDriver.cpp:241 [ERROR] Error: The input motor type is undefined, please check motor type!
2024-09-11 14:14:10,017 MotorDriver.cpp:241 [ERROR] Error: The input motor type is undefined, please check motor type!
2024-09-11 14:14:10,018 MotorDriver.cpp:241 [ERROR] Error: The input motor type is undefined, please check motor type!
2024-09-11 14:14:10,019 MotorDriver.cpp:241 [ERROR] Error: The input motor type is undefined, please check motor type!
2024-09-11 14:14:10,020 MotorDriver.cpp:241 [ERROR] Error: The input motor type is undefined, please check motor type!
2024-09-11 14:14:10,021 MotorDriver.cpp:241 [ERROR] Error: The input motor type is undefined, please check motor type!
2024-09-11 14:14:10,022 MotorDriver.cpp:241 [ERROR] Error: The input motor type is undefined, please check motor type!
2024-09-11 14:14:10,023 MotorDriver.cpp:241 [ERROR] Error: The input motor type is undefined, please check motor type!
2024-09-11 14:14:10,024 MotorDriver.cpp:241 [ERROR] Error: The input motor type is undefined, please check motor type!
2024-09-11 14:14:10,025 MotorDriver.cpp:241 [ERROR] Error: The input motor type is undefined, please check motor type!
2024-09-11 14:14:10,027 MotorDriver.cpp:241 [ERROR] Error: The input motor type is undefined, please check motor type!
2024-09-11 14:14:10,028 MotorDriver.cpp:241 [ERROR] Error: The input motor type is undefined, please check motor type!
2024-09-11 14:14:10,029 MotorDriver.cpp:241 [ERROR] Error: The input motor type is undefined, please check motor type!
2024-09-11 14:14:10,030 MotorDriver.cpp:241 [ERROR] Error: The input motor type is undefined, please check motor type!
2024-09-11 14:14:10,031 MotorDriver.cpp:241 [ERROR] Error: The input motor type is undefined, please check motor type!
2024-09-11 14:14:10,032 MotorDriver.cpp:241 [ERROR] Error: The input motor type is undefined, please check motor type!
2024-09-11 14:14:10,033 MotorDriver.cpp:241 [ERROR] Error: The input motor type is undefined, please check motor type!
2024-09-11 14:14:10,034 MotorDriver.cpp:241 [ERROR] Error: The input motor type is undefined, please check motor type!
2024-09-11 14:14:10,035 MotorDriver.cpp:241 [ERROR] Error: The input motor type is undefined, please check motor type!
2024-09-11 14:14:10,036 MotorDriver.cpp:241 [ERROR] Error: The input motor type is undefined, please check motor type!
2024-09-11 14:14:10,037 MotorDriver.cpp:241 [ERROR] Error: The input motor type is undefined, please check motor type!
2024-09-11 14:14:10,038 MotorDriver.cpp:241 [ERROR] Error: The input motor type is undefined, please check motor type!
2024-09-11 14:14:10,039 MotorDriver.cpp:241 [ERROR] Error: The input motor type is undefined, please check motor type!
2024-09-11 14:14:10,041 MotorDriver.cpp:241 [ERROR] Error: The input motor type is undefined, please check motor type!
2024-09-11 14:14:10,042 MotorDriver.cpp:241 [ERROR] Error: The input motor type is undefined, please check motor type!
2024-09-11 14:14:10,043 MotorDriver.cpp:241 [ERROR] Error: The input motor type is undefined, please check motor type!
2024-09-11 14:14:10,044 MotorDriver.cpp:241 [ERROR] Error: The input motor type is undefined, please check motor type!
2024-09-11 14:14:10,045 MotorDriver.cpp:241 [ERROR] Error: The input motor type is undefined, please check motor type!
2024-09-11 14:14:10,046 MotorDriver.cpp:241 [ERROR] Error: The input motor type is undefined, please check motor type!
2024-09-11 14:14:10,047 MotorDriver.cpp:241 [ERROR] Error: The input motor type is undefined, please check motor type!
2024-09-11 14:14:10,048 MotorDriver.cpp:241 [ERROR] Error: The input motor type is undefined, please check motor type!
2024-09-11 14:14:10,049 MotorDriver.cpp:241 [ERROR] Error: The input motor type is undefined, please check motor type!
2024-09-11 14:14:10,050 MotorDriver.cpp:241 [ERROR] Error: The input motor type is undefined, please check motor type!
2024-09-11 14:14:10,051 MotorDriver.cpp:241 [ERROR] Error: The input motor type is undefined, please check motor type!
2024-09-11 14:14:10,052 MotorDriver.cpp:241 [ERROR] Error: The input motor type is undefined, please check motor type!
2024-09-11 14:14:10,053 MotorDriver.cpp:241 [ERROR] Error: The input motor type is undefined, please check motor type!
2024-09-11 14:14:10,054 MotorDriver.cpp:241 [ERROR] Error: The input motor type is undefined, please check motor type!
2024-09-11 14:14:10,056 MotorDriver.cpp:241 [ERROR] Error: The input motor type is undefined, please check motor type!
2024-09-11 14:14:10,057 MotorDriver.cpp:241 [ERROR] Error: The input motor type is undefined, please check motor type!
2024-09-11 14:14:10,058 MotorDriver.cpp:241 [ERROR] Error: The input motor type is undefined, please check motor type!
2024-09-11 14:14:10,059 MotorDriver.cpp:241 [ERROR] Error: The input motor type is undefined, please check motor type!
2024-09-11 14:14:10,060 MotorDriver.cpp:241 [ERROR] Error: The input motor type is undefined, please check motor type!
2024-09-11 14:14:10,061 MotorDriver.cpp:241 [ERROR] Error: The input motor type is undefined, please check motor type!
2024-09-11 14:14:10,062 MotorDriver.cpp:241 [ERROR] Error: The input motor type is undefined, please check motor type!
2024-09-11 14:14:10,063 MotorDriver.cpp:241 [ERROR] Error: The input motor type is undefined, please check motor type!
2024-09-11 14:14:10,064 MotorDriver.cpp:241 [ERROR] Error: The input motor type is undefined, please check motor type!
2024-09-11 14:14:10,065 MotorDriver.cpp:241 [ERROR] Error: The input motor type is undefined, please check motor type!
2024-09-11 14:14:10,066 MotorDriver.cpp:241 [ERROR] Error: The input motor type is undefined, please check motor type!
2024-09-11 14:14:10,067 MotorDriver.cpp:241 [ERROR] Error: The input motor type is undefined, please check motor type!
2024-09-11 14:14:10,068 MotorDriver.cpp:241 [ERROR] Error: The input motor type is undefined, please check motor type!
2024-09-11 14:14:10,069 MotorDriver.cpp:241 [ERROR] Error: The input motor type is undefined, please check motor type!
2024-09-11 14:14:10,070 MotorDriver.cpp:241 [ERROR] Error: The input motor type is undefined, please check motor type!
2024-09-11 14:14:10,072 MotorDriver.cpp:241 [ERROR] Error: The input motor type is undefined, please check motor type!
2024-09-11 14:14:10,073 MotorDriver.cpp:241 [ERROR] Error: The input motor type is undefined, please check motor type!
2024-09-11 14:14:10,074 MotorDriver.cpp:241 [ERROR] Error: The input motor type is undefined, please check motor type!
2024-09-11 14:14:10,075 MotorDriver.cpp:241 [ERROR] Error: The input motor type is undefined, please check motor type!
2024-09-11 14:14:10,076 MotorDriver.cpp:241 [ERROR] Error: The input motor type is undefined, please check motor type!
2024-09-11 14:14:10,077 MotorDriver.cpp:241 [ERROR] Error: The input motor type is undefined, please check motor type!
2024-09-11 14:14:10,078 MotorDriver.cpp:241 [ERROR] Error: The input motor type is undefined, please check motor type!
2024-09-11 14:14:10,079 MotorDriver.cpp:241 [ERROR] Error: The input motor type is undefined, please check motor type!
2024-09-11 14:14:10,080 MotorDriver.cpp:241 [ERROR] Error: The input motor type is undefined, please check motor type!
2024-09-11 14:14:10,081 MotorDriver.cpp:241 [ERROR] Error: The input motor type is undefined, please check motor type!
2024-09-11 14:14:10,082 MotorDriver.cpp:241 [ERROR] Error: The input motor type is undefined, please check motor type!
2024-09-11 14:14:10,084 MotorDriver.cpp:241 [ERROR] Error: The input motor type is undefined, please check motor type!
2024-09-11 14:14:10,085 MotorDriver.cpp:241 [ERROR] Error: The input motor type is undefined, please check motor type!
2024-09-11 14:14:10,086 MotorDriver.cpp:241 [ERROR] Error: The input motor type is undefined, please check motor type!
2024-09-11 14:14:10,087 MotorDriver.cpp:241 [ERROR] Error: The input motor type is undefined, please check motor type!
2024-09-11 14:14:10,088 MotorDriver.cpp:241 [ERROR] Error: The input motor type is undefined, please check motor type!
2024-09-11 14:14:10,089 MotorDriver.cpp:241 [ERROR] Error: The input motor type is undefined, please check motor type!
2024-09-11 14:14:10,090 MotorDriver.cpp:241 [ERROR] Error: The input motor type is undefined, please check motor type!
2024-09-11 14:14:10,091 MotorDriver.cpp:241 [ERROR] Error: The input motor type is undefined, please check motor type!
2024-09-11 14:14:10,093 MotorDriver.cpp:241 [ERROR] Error: The input motor type is undefined, please check motor type!
2024-09-11 14:14:10,094 MotorDriver.cpp:241 [ERROR] Error: The input motor type is undefined, please check motor type!
2024-09-11 14:14:10,095 MotorDriver.cpp:241 [ERROR] Error: The input motor type is undefined, please check motor type!
2024-09-11 14:14:10,097 MotorDriver.cpp:241 [ERROR] Error: The input motor type is undefined, please check motor type!
2024-09-11 14:14:10,098 MotorDriver.cpp:241 [ERROR] Error: The input motor type is undefined, please check motor type!
2024-09-11 14:14:10,099 MotorDriver.cpp:241 [ERROR] Error: The input motor type is undefined, please check motor type!
2024-09-11 14:14:10,100 MotorDriver.cpp:241 [ERROR] Error: The input motor type is undefined, please check motor type!
2024-09-11 14:14:10,101 MotorDriver.cpp:241 [ERROR] Error: The input motor type is undefined, please check motor type!
2024-09-11 14:14:10,103 MotorDriver.cpp:241 [ERROR] Error: The input motor type is undefined, please check motor type!
2024-09-11 14:14:10,104 MotorDriver.cpp:241 [ERROR] Error: The input motor type is undefined, please check motor type!
2024-09-11 14:14:10,105 MotorDriver.cpp:241 [ERROR] Error: The input motor type is undefined, please check motor type!
2024-09-11 14:14:10,106 MotorDriver.cpp:241 [ERROR] Error: The input motor type is undefined, please check motor type!
2024-09-11 14:14:10,107 MotorDriver.cpp:241 [ERROR] Error: The input motor type is undefined, please check motor type!
2024-09-11 14:14:10,108 MotorDriver.cpp:241 [ERROR] Error: The input motor type is undefined, please check motor type!
2024-09-11 14:14:10,109 MotorDriver.cpp:241 [ERROR] Error: The input motor type is undefined, please check motor type!
2024-09-11 14:14:10,110 MotorDriver.cpp:241 [ERROR] Error: The input motor type is undefined, please check motor type!
2024-09-11 14:14:10,111 MotorDriver.cpp:241 [ERROR] Error: The input motor type is undefined, please check motor type!
2024-09-11 14:14:10,112 MotorDriver.cpp:241 [ERROR] Error: The input motor type is undefined, please check motor type!
2024-09-11 14:14:10,113 MotorDriver.cpp:241 [ERROR] Error: The input motor type is undefined, please check motor type!
2024-09-11 14:14:10,114 MotorDriver.cpp:241 [ERROR] Error: The input motor type is undefined, please check motor type!
2024-09-11 14:14:10,115 MotorDriver.cpp:241 [ERROR] Error: The input motor type is undefined, please check motor type!
2024-09-11 14:14:10,117 MotorDriver.cpp:241 [ERROR] Error: The input motor type is undefined, please check motor type!
2024-09-11 14:14:10,118 MotorDriver.cpp:241 [ERROR] Error: The input motor type is undefined, please check motor type!
2024-09-11 14:14:10,119 MotorDriver.cpp:241 [ERROR] Error: The input motor type is undefined, please check motor type!
2024-09-11 14:14:10,120 MotorDriver.cpp:241 [ERROR] Error: The input motor type is undefined, please check motor type!
2024-09-11 14:14:10,121 MotorDriver.cpp:241 [ERROR] Error: The input motor type is undefined, please check motor type!
2024-09-11 14:14:10,122 MotorDriver.cpp:241 [ERROR] Error: The input motor type is undefined, please check motor type!
2024-09-11 14:14:10,123 MotorDriver.cpp:241 [ERROR] Error: The input motor type is undefined, please check motor type!
2024-09-11 14:14:10,124 MotorDriver.cpp:241 [ERROR] Error: The input motor type is undefined, please check motor type!
2024-09-11 14:14:10,125 MotorDriver.cpp:241 [ERROR] Error: The input motor type is undefined, please check motor type!
2024-09-11 14:14:10,126 MotorDriver.cpp:241 [ERROR] Error: The input motor type is undefined, please check motor type!
2024-09-11 14:14:10,127 MotorDriver.cpp:241 [ERROR] Error: The input motor type is undefined, please check motor type!
2024-09-11 14:14:10,128 MotorDriver.cpp:241 [ERROR] Error: The input motor type is undefined, please check motor type!
2024-09-11 14:14:10,130 MotorDriver.cpp:241 [ERROR] Error: The input motor type is undefined, please check motor type!
2024-09-11 14:14:10,131 MotorDriver.cpp:241 [ERROR] Error: The input motor type is undefined, please check motor type!
2024-09-11 14:14:10,132 MotorDriver.cpp:241 [ERROR] Error: The input motor type is undefined, please check motor type!
2024-09-11 14:14:10,133 MotorDriver.cpp:241 [ERROR] Error: The input motor type is undefined, please check motor type!
2024-09-11 14:14:10,134 MotorDriver.cpp:241 [ERROR] Error: The input motor type is undefined, please check motor type!
2024-09-11 14:14:10,135 MotorDriver.cpp:241 [ERROR] Error: The input motor type is undefined, please check motor type!
2024-09-11 14:14:10,136 MotorDriver.cpp:241 [ERROR] Error: The input motor type is undefined, please check motor type!
2024-09-11 14:14:10,137 MotorDriver.cpp:241 [ERROR] Error: The input motor type is undefined, please check motor type!
2024-09-11 14:14:10,138 MotorDriver.cpp:241 [ERROR] Error: The input motor type is undefined, please check motor type!
2024-09-11 14:14:10,139 MotorDriver.cpp:241 [ERROR] Error: The input motor type is undefined, please check motor type!
2024-09-11 14:14:10,140 MotorDriver.cpp:241 [ERROR] Error: The input motor type is undefined, please check motor type!
2024-09-11 14:14:10,141 MotorDriver.cpp:241 [ERROR] Error: The input motor type is undefined, please check motor type!
2024-09-11 14:14:10,143 MotorDriver.cpp:241 [ERROR] Error: The input motor type is undefined, please check motor type!
2024-09-11 14:14:10,144 MotorDriver.cpp:241 [ERROR] Error: The input motor type is undefined, please check motor type!
2024-09-11 14:14:10,145 MotorDriver.cpp:241 [ERROR] Error: The input motor type is undefined, please check motor type!
2024-09-11 14:14:10,146 MotorDriver.cpp:241 [ERROR] Error: The input motor type is undefined, please check motor type!
2024-09-11 14:14:10,147 MotorDriver.cpp:241 [ERROR] Error: The input motor type is undefined, please check motor type!
2024-09-11 14:14:10,148 MotorDriver.cpp:241 [ERROR] Error: The input motor type is undefined, please check motor type!
2024-09-11 14:14:10,149 MotorDriver.cpp:241 [ERROR] Error: The input motor type is undefined, please check motor type!
2024-09-11 14:14:10,150 MotorDriver.cpp:241 [ERROR] Error: The input motor type is undefined, please check motor type!
2024-09-11 14:14:10,151 MotorDriver.cpp:241 [ERROR] Error: The input motor type is undefined, please check motor type!
2024-09-11 14:14:10,152 MotorDriver.cpp:241 [ERROR] Error: The input motor type is undefined, please check motor type!
2024-09-11 14:14:10,153 MotorDriver.cpp:241 [ERROR] Error: The input motor type is undefined, please check motor type!
2024-09-11 14:14:10,154 MotorDriver.cpp:241 [ERROR] Error: The input motor type is undefined, please check motor type!
2024-09-11 14:14:10,155 MotorDriver.cpp:241 [ERROR] Error: The input motor type is undefined, please check motor type!
2024-09-11 14:14:10,156 MotorDriver.cpp:241 [ERROR] Error: The input motor type is undefined, please check motor type!
2024-09-11 14:14:10,157 MotorDriver.cpp:241 [ERROR] Error: The input motor type is undefined, please check motor type!
2024-09-11 14:14:10,158 MotorDriver.cpp:241 [ERROR] Error: The input motor type is undefined, please check motor type!
2024-09-11 14:14:10,160 MotorDriver.cpp:241 [ERROR] Error: The input motor type is undefined, please check motor type!
2024-09-11 14:14:10,161 MotorDriver.cpp:241 [ERROR] Error: The input motor type is undefined, please check motor type!
2024-09-11 14:14:10,162 MotorDriver.cpp:241 [ERROR] Error: The input motor type is undefined, please check motor type!
2024-09-11 14:14:10,163 MotorDriver.cpp:241 [ERROR] Error: The input motor type is undefined, please check motor type!
2024-09-11 14:14:10,164 MotorDriver.cpp:241 [ERROR] Error: The input motor type is undefined, please check motor type!
2024-09-11 14:14:10,165 MotorDriver.cpp:241 [ERROR] Error: The input motor type is undefined, please check motor type!
2024-09-11 14:14:10,166 MotorDriver.cpp:241 [ERROR] Error: The input motor type is undefined, please check motor type!
2024-09-11 14:14:10,167 MotorDriver.cpp:241 [ERROR] Error: The input motor type is undefined, please check motor type!
2024-09-11 14:14:10,168 MotorDriver.cpp:241 [ERROR] Error: The input motor type is undefined, please check motor type!
2024-09-11 14:14:10,169 MotorDriver.cpp:241 [ERROR] Error: The input motor type is undefined, please check motor type!
2024-09-11 14:14:10,170 MotorDriver.cpp:241 [ERROR] Error: The input motor type is undefined, please check motor type!
2024-09-11 14:14:10,171 MotorDriver.cpp:241 [ERROR] Error: The input motor type is undefined, please check motor type!
2024-09-11 14:14:10,172 MotorDriver.cpp:241 [ERROR] Error: The input motor type is undefined, please check motor type!
2024-09-11 14:14:10,173 MotorDriver.cpp:241 [ERROR] Error: The input motor type is undefined, please check motor type!
2024-09-11 14:14:10,174 MotorDriver.cpp:241 [ERROR] Error: The input motor type is undefined, please check motor type!
2024-09-11 14:14:10,175 MotorDriver.cpp:241 [ERROR] Error: The input motor type is undefined, please check motor type!
2024-09-11 14:14:10,176 MotorDriver.cpp:241 [ERROR] Error: The input motor type is undefined, please check motor type!
2024-09-11 14:14:10,178 MotorDriver.cpp:241 [ERROR] Error: The input motor type is undefined, please check motor type!
2024-09-11 14:14:10,179 MotorDriver.cpp:241 [ERROR] Error: The input motor type is undefined, please check motor type!
2024-09-11 14:14:10,180 MotorDriver.cpp:241 [ERROR] Error: The input motor type is undefined, please check motor type!
2024-09-11 14:14:10,181 MotorDriver.cpp:241 [ERROR] Error: The input motor type is undefined, please check motor type!
2024-09-11 14:14:10,182 MotorDriver.cpp:241 [ERROR] Error: The input motor type is undefined, please check motor type!
2024-09-11 14:14:10,183 MotorDriver.cpp:241 [ERROR] Error: The input motor type is undefined, please check motor type!
2024-09-11 14:14:10,184 MotorDriver.cpp:241 [ERROR] Error: The input motor type is undefined, please check motor type!
2024-09-11 14:14:10,185 MotorDriver.cpp:241 [ERROR] Error: The input motor type is undefined, please check motor type!
2024-09-11 14:14:10,186 MotorDriver.cpp:241 [ERROR] Error: The input motor type is undefined, please check motor type!
2024-09-11 14:14:10,187 MotorDriver.cpp:241 [ERROR] Error: The input motor type is undefined, please check motor type!
2024-09-11 14:14:10,188 MotorDriver.cpp:241 [ERROR] Error: The input motor type is undefined, please check motor type!
2024-09-11 14:14:10,189 MotorDriver.cpp:241 [ERROR] Error: The input motor type is undefined, please check motor type!
2024-09-11 14:14:10,191 MotorDriver.cpp:241 [ERROR] Error: The input motor type is undefined, please check motor type!
2024-09-11 14:14:10,192 MotorDriver.cpp:241 [ERROR] Error: The input motor type is undefined, please check motor type!
2024-09-11 14:14:10,193 MotorDriver.cpp:241 [ERROR] Error: The input motor type is undefined, please check motor type!
2024-09-11 14:14:10,194 MotorDriver.cpp:241 [ERROR] Error: The input motor type is undefined, please check motor type!
2024-09-11 14:14:10,195 MotorDriver.cpp:241 [ERROR] Error: The input motor type is undefined, please check motor type!
2024-09-11 14:14:10,196 MotorDriver.cpp:241 [ERROR] Error: The input motor type is undefined, please check motor type!
2024-09-11 14:14:10,197 MotorDriver.cpp:241 [ERROR] Error: The input motor type is undefined, please check motor type!
2024-09-11 14:14:10,198 MotorDriver.cpp:241 [ERROR] Error: The input motor type is undefined, please check motor type!
2024-09-11 14:14:10,199 MotorDriver.cpp:241 [ERROR] Error: The input motor type is undefined, please check motor type!
2024-09-11 14:14:10,200 MotorDriver.cpp:241 [ERROR] Error: The input motor type is undefined, please check motor type!
2024-09-11 14:14:10,201 MotorDriver.cpp:241 [ERROR] Error: The input motor type is undefined, please check motor type!
2024-09-11 14:14:10,202 MotorDriver.cpp:241 [ERROR] Error: The input motor type is undefined, please check motor type!
2024-09-11 14:14:10,204 MotorDriver.cpp:241 [ERROR] Error: The input motor type is undefined, please check motor type!
2024-09-11 14:14:10,205 MotorDriver.cpp:241 [ERROR] Error: The input motor type is undefined, please check motor type!
2024-09-11 14:14:10,206 MotorDriver.cpp:241 [ERROR] Error: The input motor type is undefined, please check motor type!
2024-09-11 14:14:10,207 MotorDriver.cpp:241 [ERROR] Error: The input motor type is undefined, please check motor type!
2024-09-11 14:14:10,208 MotorDriver.cpp:241 [ERROR] Error: The input motor type is undefined, please check motor type!
2024-09-11 14:14:10,209 MotorDriver.cpp:241 [ERROR] Error: The input motor type is undefined, please check motor type!
2024-09-11 14:14:10,210 MotorDriver.cpp:241 [ERROR] Error: The input motor type is undefined, please check motor type!
2024-09-11 14:14:10,211 MotorDriver.cpp:241 [ERROR] Error: The input motor type is undefined, please check motor type!
2024-09-11 14:14:10,212 MotorDriver.cpp:241 [ERROR] Error: The input motor type is undefined, please check motor type!
2024-09-11 14:14:10,213 MotorDriver.cpp:241 [ERROR] Error: The input motor type is undefined, please check motor type!
2024-09-11 14:14:10,214 MotorDriver.cpp:241 [ERROR] Error: The input motor type is undefined, please check motor type!
2024-09-11 14:14:10,215 MotorDriver.cpp:241 [ERROR] Error: The input motor type is undefined, please check motor type!
2024-09-11 14:14:10,216 MotorDriver.cpp:241 [ERROR] Error: The input motor type is undefined, please check motor type!
2024-09-11 14:14:10,218 MotorDriver.cpp:241 [ERROR] Error: The input motor type is undefined, please check motor type!
2024-09-11 14:14:10,219 MotorDriver.cpp:241 [ERROR] Error: The input motor type is undefined, please check motor type!
2024-09-11 14:14:10,220 MotorDriver.cpp:241 [ERROR] Error: The input motor type is undefined, please check motor type!
2024-09-11 14:14:10,221 MotorDriver.cpp:241 [ERROR] Error: The input motor type is undefined, please check motor type!
2024-09-11 14:14:10,222 MotorDriver.cpp:241 [ERROR] Error: The input motor type is undefined, please check motor type!
2024-09-11 14:14:10,223 MotorDriver.cpp:241 [ERROR] Error: The input motor type is undefined, please check motor type!
2024-09-11 14:14:10,224 MotorDriver.cpp:241 [ERROR] Error: The input motor type is undefined, please check motor type!
2024-09-11 14:14:10,225 MotorDriver.cpp:241 [ERROR] Error: The input motor type is undefined, please check motor type!
2024-09-11 14:14:10,226 MotorDriver.cpp:241 [ERROR] Error: The input motor type is undefined, please check motor type!
2024-09-11 14:14:10,227 MotorDriver.cpp:241 [ERROR] Error: The input motor type is undefined, please check motor type!
2024-09-11 14:14:10,228 MotorDriver.cpp:241 [ERROR] Error: The input motor type is undefined, please check motor type!
2024-09-11 14:14:10,229 MotorDriver.cpp:241 [ERROR] Error: The input motor type is undefined, please check motor type!
2024-09-11 14:14:10,230 MotorDriver.cpp:241 [ERROR] Error: The input motor type is undefined, please check motor type!
2024-09-11 14:14:10,232 MotorDriver.cpp:241 [ERROR] Error: The input motor type is undefined, please check motor type!
2024-09-11 14:14:10,233 MotorDriver.cpp:241 [ERROR] Error: The input motor type is undefined, please check motor type!
2024-09-11 14:14:10,234 MotorDriver.cpp:241 [ERROR] Error: The input motor type is undefined, please check motor type!
2024-09-11 14:14:10,235 MotorDriver.cpp:241 [ERROR] Error: The input motor type is undefined, please check motor type!
2024-09-11 14:14:10,236 MotorDriver.cpp:241 [ERROR] Error: The input motor type is undefined, please check motor type!
2024-09-11 14:14:10,237 MotorDriver.cpp:241 [ERROR] Error: The input motor type is undefined, please check motor type!
2024-09-11 14:14:10,238 MotorDriver.cpp:241 [ERROR] Error: The input motor type is undefined, please check motor type!
2024-09-11 14:14:10,239 MotorDriver.cpp:241 [ERROR] Error: The input motor type is undefined, please check motor type!
2024-09-11 14:14:10,240 MotorDriver.cpp:241 [ERROR] Error: The input motor type is undefined, please check motor type!
2024-09-11 14:14:10,241 MotorDriver.cpp:241 [ERROR] Error: The input motor type is undefined, please check motor type!
2024-09-11 14:14:10,242 MotorDriver.cpp:241 [ERROR] Error: The input motor type is undefined, please check motor type!
2024-09-11 14:14:10,243 MotorDriver.cpp:241 [ERROR] Error: The input motor type is undefined, please check motor type!
2024-09-11 14:14:10,244 MotorDriver.cpp:241 [ERROR] Error: The input motor type is undefined, please check motor type!
2024-09-11 14:14:10,245 MotorDriver.cpp:241 [ERROR] Error: The input motor type is undefined, please check motor type!
2024-09-11 14:14:10,247 MotorDriver.cpp:241 [ERROR] Error: The input motor type is undefined, please check motor type!
2024-09-11 14:14:10,248 MotorDriver.cpp:241 [ERROR] Error: The input motor type is undefined, please check motor type!
2024-09-11 14:14:10,249 MotorDriver.cpp:241 [ERROR] Error: The input motor type is undefined, please check motor type!
2024-09-11 14:14:10,250 MotorDriver.cpp:241 [ERROR] Error: The input motor type is undefined, please check motor type!
2024-09-11 14:14:10,251 MotorDriver.cpp:241 [ERROR] Error: The input motor type is undefined, please check motor type!
2024-09-11 14:14:10,252 MotorDriver.cpp:241 [ERROR] Error: The input motor type is undefined, please check motor type!
2024-09-11 14:14:10,253 MotorDriver.cpp:241 [ERROR] Error: The input motor type is undefined, please check motor type!
2024-09-11 14:14:10,254 MotorDriver.cpp:241 [ERROR] Error: The input motor type is undefined, please check motor type!
2024-09-11 14:14:10,255 MotorDriver.cpp:241 [ERROR] Error: The input motor type is undefined, please check motor type!
2024-09-11 14:14:10,256 MotorDriver.cpp:241 [ERROR] Error: The input motor type is undefined, please check motor type!
2024-09-11 14:14:10,257 MotorDriver.cpp:241 [ERROR] Error: The input motor type is undefined, please check motor type!
2024-09-11 14:14:10,258 MotorDriver.cpp:241 [ERROR] Error: The input motor type is undefined, please check motor type!
2024-09-11 14:14:10,259 MotorDriver.cpp:241 [ERROR] Error: The input motor type is undefined, please check motor type!
2024-09-11 14:14:10,260 MotorDriver.cpp:241 [ERROR] Error: The input motor type is undefined, please check motor type!
2024-09-11 14:14:10,262 MotorDriver.cpp:241 [ERROR] Error: The input motor type is undefined, please check motor type!
2024-09-11 14:14:10,263 MotorDriver.cpp:241 [ERROR] Error: The input motor type is undefined, please check motor type!
2024-09-11 14:14:10,264 MotorDriver.cpp:241 [ERROR] Error: The input motor type is undefined, please check motor type!
2024-09-11 14:14:10,265 MotorDriver.cpp:241 [ERROR] Error: The input motor type is undefined, please check motor type!
2024-09-11 14:14:10,266 MotorDriver.cpp:241 [ERROR] Error: The input motor type is undefined, please check motor type!
2024-09-11 14:14:10,267 MotorDriver.cpp:241 [ERROR] Error: The input motor type is undefined, please check motor type!
2024-09-11 14:14:10,268 MotorDriver.cpp:241 [ERROR] Error: The input motor type is undefined, please check motor type!
2024-09-11 14:14:10,269 MotorDriver.cpp:241 [ERROR] Error: The input motor type is undefined, please check motor type!
2024-09-11 14:14:10,270 MotorDriver.cpp:241 [ERROR] Error: The input motor type is undefined, please check motor type!
2024-09-11 14:14:10,271 MotorDriver.cpp:241 [ERROR] Error: The input motor type is undefined, please check motor type!
2024-09-11 14:14:10,272 MotorDriver.cpp:241 [ERROR] Error: The input motor type is undefined, please check motor type!
2024-09-11 14:14:10,273 MotorDriver.cpp:241 [ERROR] Error: The input motor type is undefined, please check motor type!
2024-09-11 14:14:10,274 MotorDriver.cpp:241 [ERROR] Error: The input motor type is undefined, please check motor type!
2024-09-11 14:14:10,276 MotorDriver.cpp:241 [ERROR] Error: The input motor type is undefined, please check motor type!
2024-09-11 14:14:10,277 MotorDriver.cpp:241 [ERROR] Error: The input motor type is undefined, please check motor type!
2024-09-11 14:14:10,278 MotorDriver.cpp:241 [ERROR] Error: The input motor type is undefined, please check motor type!
2024-09-11 14:14:10,279 MotorDriver.cpp:241 [ERROR] Error: The input motor type is undefined, please check motor type!
2024-09-11 14:14:10,280 MotorDriver.cpp:241 [ERROR] Error: The input motor type is undefined, please check motor type!
2024-09-11 14:14:10,281 MotorDriver.cpp:241 [ERROR] Error: The input motor type is undefined, please check motor type!
2024-09-11 14:14:10,282 MotorDriver.cpp:241 [ERROR] Error: The input motor type is undefined, please check motor type!
2024-09-11 14:14:10,283 MotorDriver.cpp:241 [ERROR] Error: The input motor type is undefined, please check motor type!
2024-09-11 14:14:10,284 MotorDriver.cpp:241 [ERROR] Error: The input motor type is undefined, please check motor type!
2024-09-11 14:14:10,285 MotorDriver.cpp:241 [ERROR] Error: The input motor type is undefined, please check motor type!
2024-09-11 14:14:10,286 MotorDriver.cpp:241 [ERROR] Error: The input motor type is undefined, please check motor type!
2024-09-11 14:14:10,287 MotorDriver.cpp:241 [ERROR] Error: The input motor type is undefined, please check motor type!
2024-09-11 14:14:10,288 MotorDriver.cpp:241 [ERROR] Error: The input motor type is undefined, please check motor type!
2024-09-11 14:14:10,290 MotorDriver.cpp:241 [ERROR] Error: The input motor type is undefined, please check motor type!
2024-09-11 14:14:10,291 MotorDriver.cpp:241 [ERROR] Error: The input motor type is undefined, please check motor type!
2024-09-11 14:14:10,292 MotorDriver.cpp:241 [ERROR] Error: The input motor type is undefined, please check motor type!
2024-09-11 14:14:10,293 MotorDriver.cpp:241 [ERROR] Error: The input motor type is undefined, please check motor type!
2024-09-11 14:14:10,294 MotorDriver.cpp:241 [ERROR] Error: The input motor type is undefined, please check motor type!
2024-09-11 14:14:10,295 MotorDriver.cpp:241 [ERROR] Error: The input motor type is undefined, please check motor type!
2024-09-11 14:14:10,296 MotorDriver.cpp:241 [ERROR] Error: The input motor type is undefined, please check motor type!
2024-09-11 14:14:10,297 MotorDriver.cpp:241 [ERROR] Error: The input motor type is undefined, please check motor type!
2024-09-11 14:14:10,298 MotorDriver.cpp:241 [ERROR] Error: The input motor type is undefined, please check motor type!
2024-09-11 14:14:10,299 MotorDriver.cpp:241 [ERROR] Error: The input motor type is undefined, please check motor type!
2024-09-11 14:14:10,300 MotorDriver.cpp:241 [ERROR] Error: The input motor type is undefined, please check motor type!
2024-09-11 14:14:10,301 MotorDriver.cpp:241 [ERROR] Error: The input motor type is undefined, please check motor type!
2024-09-11 14:14:10,302 MotorDriver.cpp:241 [ERROR] Error: The input motor type is undefined, please check motor type!
2024-09-11 14:14:10,304 MotorDriver.cpp:241 [ERROR] Error: The input motor type is undefined, please check motor type!
2024-09-11 14:14:10,305 MotorDriver.cpp:241 [ERROR] Error: The input motor type is undefined, please check motor type!
2024-09-11 14:14:10,306 MotorDriver.cpp:241 [ERROR] Error: The input motor type is undefined, please check motor type!
2024-09-11 14:14:10,307 MotorDriver.cpp:241 [ERROR] Error: The input motor type is undefined, please check motor type!
2024-09-11 14:14:10,308 MotorDriver.cpp:241 [ERROR] Error: The input motor type is undefined, please check motor type!
2024-09-11 14:14:10,309 MotorDriver.cpp:241 [ERROR] Error: The input motor type is undefined, please check motor type!
2024-09-11 14:14:10,310 MotorDriver.cpp:241 [ERROR] Error: The input motor type is undefined, please check motor type!
2024-09-11 14:14:10,311 MotorDriver.cpp:241 [ERROR] Error: The input motor type is undefined, please check motor type!
2024-09-11 14:14:10,312 MotorDriver.cpp:241 [ERROR] Error: The input motor type is undefined, please check motor type!
2024-09-11 14:14:10,313 MotorDriver.cpp:241 [ERROR] Error: The input motor type is undefined, please check motor type!
2024-09-11 14:14:10,314 MotorDriver.cpp:241 [ERROR] Error: The input motor type is undefined, please check motor type!
2024-09-11 14:14:10,315 MotorDriver.cpp:241 [ERROR] Error: The input motor type is undefined, please check motor type!
2024-09-11 14:14:10,316 MotorDriver.cpp:241 [ERROR] Error: The input motor type is undefined, please check motor type!
2024-09-11 14:14:10,318 MotorDriver.cpp:241 [ERROR] Error: The input motor type is undefined, please check motor type!
2024-09-11 14:14:10,319 MotorDriver.cpp:241 [ERROR] Error: The input motor type is undefined, please check motor type!
2024-09-11 14:14:10,320 MotorDriver.cpp:241 [ERROR] Error: The input motor type is undefined, please check motor type!
2024-09-11 14:14:10,321 MotorDriver.cpp:241 [ERROR] Error: The input motor type is undefined, please check motor type!
2024-09-11 14:14:10,322 MotorDriver.cpp:241 [ERROR] Error: The input motor type is undefined, please check motor type!
2024-09-11 14:14:10,323 MotorDriver.cpp:241 [ERROR] Error: The input motor type is undefined, please check motor type!
2024-09-11 14:14:10,324 MotorDriver.cpp:241 [ERROR] Error: The input motor type is undefined, please check motor type!
2024-09-11 14:14:10,325 MotorDriver.cpp:241 [ERROR] Error: The input motor type is undefined, please check motor type!
2024-09-11 14:14:10,326 MotorDriver.cpp:241 [ERROR] Error: The input motor type is undefined, please check motor type!
2024-09-11 14:14:10,327 MotorDriver.cpp:241 [ERROR] Error: The input motor type is undefined, please check motor type!
2024-09-11 14:14:10,328 MotorDriver.cpp:241 [ERROR] Error: The input motor type is undefined, please check motor type!
2024-09-11 14:14:10,329 MotorDriver.cpp:241 [ERROR] Error: The input motor type is undefined, please check motor type!
2024-09-11 14:14:10,330 MotorDriver.cpp:241 [ERROR] Error: The input motor type is undefined, please check motor type!
2024-09-11 14:14:10,332 MotorDriver.cpp:241 [ERROR] Error: The input motor type is undefined, please check motor type!
2024-09-11 14:14:10,333 MotorDriver.cpp:241 [ERROR] Error: The input motor type is undefined, please check motor type!
2024-09-11 14:14:10,334 MotorDriver.cpp:241 [ERROR] Error: The input motor type is undefined, please check motor type!
2024-09-11 14:14:10,335 MotorDriver.cpp:241 [ERROR] Error: The input motor type is undefined, please check motor type!
2024-09-11 14:14:10,336 MotorDriver.cpp:241 [ERROR] Error: The input motor type is undefined, please check motor type!
2024-09-11 14:14:10,337 MotorDriver.cpp:241 [ERROR] Error: The input motor type is undefined, please check motor type!
2024-09-11 14:14:10,338 MotorDriver.cpp:241 [ERROR] Error: The input motor type is undefined, please check motor type!
2024-09-11 14:14:10,339 MotorDriver.cpp:241 [ERROR] Error: The input motor type is undefined, please check motor type!
2024-09-11 14:14:10,340 MotorDriver.cpp:241 [ERROR] Error: The input motor type is undefined, please check motor type!
2024-09-11 14:14:10,341 MotorDriver.cpp:241 [ERROR] Error: The input motor type is undefined, please check motor type!
2024-09-11 14:14:10,342 MotorDriver.cpp:241 [ERROR] Error: The input motor type is undefined, please check motor type!
2024-09-11 14:14:10,343 MotorDriver.cpp:241 [ERROR] Error: The input motor type is undefined, please check motor type!
2024-09-11 14:14:10,344 MotorDriver.cpp:241 [ERROR] Error: The input motor type is undefined, please check motor type!
2024-09-11 14:14:10,346 MotorDriver.cpp:241 [ERROR] Error: The input motor type is undefined, please check motor type!
2024-09-11 14:14:10,347 MotorDriver.cpp:241 [ERROR] Error: The input motor type is undefined, please check motor type!
2024-09-11 14:14:10,348 MotorDriver.cpp:241 [ERROR] Error: The input motor type is undefined, please check motor type!
2024-09-11 14:14:10,349 MotorDriver.cpp:241 [ERROR] Error: The input motor type is undefined, please check motor type!
2024-09-11 14:14:10,350 MotorDriver.cpp:241 [ERROR] Error: The input motor type is undefined, please check motor type!
2024-09-11 14:14:10,351 MotorDriver.cpp:241 [ERROR] Error: The input motor type is undefined, please check motor type!
2024-09-11 14:14:10,352 MotorDriver.cpp:241 [ERROR] Error: The input motor type is undefined, please check motor type!
2024-09-11 14:14:10,353 MotorDriver.cpp:241 [ERROR] Error: The input motor type is undefined, please check motor type!
2024-09-11 14:14:10,354 MotorDriver.cpp:241 [ERROR] Error: The input motor type is undefined, please check motor type!
2024-09-11 14:14:10,355 MotorDriver.cpp:241 [ERROR] Error: The input motor type is undefined, please check motor type!
2024-09-11 14:14:10,356 MotorDriver.cpp:241 [ERROR] Error: The input motor type is undefined, please check motor type!
2024-09-11 14:14:10,357 MotorDriver.cpp:241 [ERROR] Error: The input motor type is undefined, please check motor type!
2024-09-11 14:14:10,359 MotorDriver.cpp:241 [ERROR] Error: The input motor type is undefined, please check motor type!
2024-09-11 14:14:10,360 MotorDriver.cpp:241 [ERROR] Error: The input motor type is undefined, please check motor type!
2024-09-11 14:14:10,361 MotorDriver.cpp:241 [ERROR] Error: The input motor type is undefined, please check motor type!
2024-09-11 14:14:10,362 MotorDriver.cpp:241 [ERROR] Error: The input motor type is undefined, please check motor type!
2024-09-11 14:14:10,363 MotorDriver.cpp:241 [ERROR] Error: The input motor type is undefined, please check motor type!
2024-09-11 14:14:10,364 MotorDriver.cpp:241 [ERROR] Error: The input motor type is undefined, please check motor type!
2024-09-11 14:14:10,365 MotorDriver.cpp:241 [ERROR] Error: The input motor type is undefined, please check motor type!
2024-09-11 14:14:10,366 MotorDriver.cpp:241 [ERROR] Error: The input motor type is undefined, please check motor type!
2024-09-11 14:14:10,367 MotorDriver.cpp:241 [ERROR] Error: The input motor type is undefined, please check motor type!
2024-09-11 14:14:10,368 MotorDriver.cpp:241 [ERROR] Error: The input motor type is undefined, please check motor type!
2024-09-11 14:14:10,369 MotorDriver.cpp:241 [ERROR] Error: The input motor type is undefined, please check motor type!
2024-09-11 14:14:10,370 MotorDriver.cpp:241 [ERROR] Error: The input motor type is undefined, please check motor type!
2024-09-11 14:14:10,372 MotorDriver.cpp:241 [ERROR] Error: The input motor type is undefined, please check motor type!
2024-09-11 14:14:10,373 MotorDriver.cpp:241 [ERROR] Error: The input motor type is undefined, please check motor type!
2024-09-11 14:14:10,374 MotorDriver.cpp:241 [ERROR] Error: The input motor type is undefined, please check motor type!
2024-09-11 14:14:10,375 MotorDriver.cpp:241 [ERROR] Error: The input motor type is undefined, please check motor type!
2024-09-11 14:14:10,376 MotorDriver.cpp:241 [ERROR] Error: The input motor type is undefined, please check motor type!
2024-09-11 14:14:10,377 MotorDriver.cpp:241 [ERROR] Error: The input motor type is undefined, please check motor type!
2024-09-11 14:14:10,378 MotorDriver.cpp:241 [ERROR] Error: The input motor type is undefined, please check motor type!
2024-09-11 14:14:10,379 MotorDriver.cpp:241 [ERROR] Error: The input motor type is undefined, please check motor type!
2024-09-11 14:14:10,380 MotorDriver.cpp:241 [ERROR] Error: The input motor type is undefined, please check motor type!
2024-09-11 14:14:10,381 MotorDriver.cpp:241 [ERROR] Error: The input motor type is undefined, please check motor type!
2024-09-11 14:14:10,382 MotorDriver.cpp:241 [ERROR] Error: The input motor type is undefined, please check motor type!
2024-09-11 14:14:10,383 MotorDriver.cpp:241 [ERROR] Error: The input motor type is undefined, please check motor type!
2024-09-11 14:14:10,384 MotorDriver.cpp:241 [ERROR] Error: The input motor type is undefined, please check motor type!
2024-09-11 14:14:10,385 MotorDriver.cpp:241 [ERROR] Error: The input motor type is undefined, please check motor type!
2024-09-11 14:14:10,386 MotorDriver.cpp:241 [ERROR] Error: The input motor type is undefined, please check motor type!
2024-09-11 14:14:10,387 MotorDriver.cpp:241 [ERROR] Error: The input motor type is undefined, please check motor type!
2024-09-11 14:14:10,389 MotorDriver.cpp:241 [ERROR] Error: The input motor type is undefined, please check motor type!
2024-09-11 14:14:10,390 MotorDriver.cpp:241 [ERROR] Error: The input motor type is undefined, please check motor type!
2024-09-11 14:14:10,391 MotorDriver.cpp:241 [ERROR] Error: The input motor type is undefined, please check motor type!
2024-09-11 14:14:10,392 MotorDriver.cpp:241 [ERROR] Error: The input motor type is undefined, please check motor type!
2024-09-11 14:14:10,393 MotorDriver.cpp:241 [ERROR] Error: The input motor type is undefined, please check motor type!
2024-09-11 14:14:10,394 MotorDriver.cpp:241 [ERROR] Error: The input motor type is undefined, please check motor type!
2024-09-11 14:14:10,395 MotorDriver.cpp:241 [ERROR] Error: The input motor type is undefined, please check motor type!
2024-09-11 14:14:10,396 MotorDriver.cpp:241 [ERROR] Error: The input motor type is undefined, please check motor type!
2024-09-11 14:14:10,397 MotorDriver.cpp:241 [ERROR] Error: The input motor type is undefined, please check motor type!
2024-09-11 14:14:10,398 MotorDriver.cpp:241 [ERROR] Error: The input motor type is undefined, please check motor type!
2024-09-11 14:14:10,399 MotorDriver.cpp:241 [ERROR] Error: The input motor type is undefined, please check motor type!
2024-09-11 14:14:10,400 MotorDriver.cpp:241 [ERROR] Error: The input motor type is undefined, please check motor type!
2024-09-11 14:14:10,401 MotorDriver.cpp:241 [ERROR] Error: The input motor type is undefined, please check motor type!
2024-09-11 14:14:10,402 MotorDriver.cpp:241 [ERROR] Error: The input motor type is undefined, please check motor type!
2024-09-11 14:14:10,403 MotorDriver.cpp:241 [ERROR] Error: The input motor type is undefined, please check motor type!
2024-09-11 14:14:10,404 MotorDriver.cpp:241 [ERROR] Error: The input motor type is undefined, please check motor type!
2024-09-11 14:14:10,405 MotorDriver.cpp:241 [ERROR] Error: The input motor type is undefined, please check motor type!
2024-09-11 14:14:10,407 MotorDriver.cpp:241 [ERROR] Error: The input motor type is undefined, please check motor type!
2024-09-11 14:14:10,408 MotorDriver.cpp:241 [ERROR] Error: The input motor type is undefined, please check motor type!
2024-09-11 14:14:10,409 MotorDriver.cpp:241 [ERROR] Error: The input motor type is undefined, please check motor type!
2024-09-11 14:14:10,410 MotorDriver.cpp:241 [ERROR] Error: The input motor type is undefined, please check motor type!
2024-09-11 14:14:10,411 MotorDriver.cpp:241 [ERROR] Error: The input motor type is undefined, please check motor type!
2024-09-11 14:14:10,412 MotorDriver.cpp:241 [ERROR] Error: The input motor type is undefined, please check motor type!
2024-09-11 14:14:10,413 MotorDriver.cpp:241 [ERROR] Error: The input motor type is undefined, please check motor type!
2024-09-11 14:14:10,414 MotorDriver.cpp:241 [ERROR] Error: The input motor type is undefined, please check motor type!
2024-09-11 14:14:10,415 MotorDriver.cpp:241 [ERROR] Error: The input motor type is undefined, please check motor type!
2024-09-11 14:14:10,416 MotorDriver.cpp:241 [ERROR] Error: The input motor type is undefined, please check motor type!
2024-09-11 14:14:10,417 MotorDriver.cpp:241 [ERROR] Error: The input motor type is undefined, please check motor type!
2024-09-11 14:14:10,418 MotorDriver.cpp:241 [ERROR] Error: The input motor type is undefined, please check motor type!
2024-09-11 14:14:10,419 MotorDriver.cpp:241 [ERROR] Error: The input motor type is undefined, please check motor type!
2024-09-11 14:14:10,420 MotorDriver.cpp:241 [ERROR] Error: The input motor type is undefined, please check motor type!
2024-09-11 14:14:10,422 MotorDriver.cpp:241 [ERROR] Error: The input motor type is undefined, please check motor type!
2024-09-11 14:14:10,423 MotorDriver.cpp:241 [ERROR] Error: The input motor type is undefined, please check motor type!
2024-09-11 14:14:10,424 MotorDriver.cpp:241 [ERROR] Error: The input motor type is undefined, please check motor type!
2024-09-11 14:14:10,425 MotorDriver.cpp:241 [ERROR] Error: The input motor type is undefined, please check motor type!
2024-09-11 14:14:10,426 MotorDriver.cpp:241 [ERROR] Error: The input motor type is undefined, please check motor type!
2024-09-11 14:14:10,427 MotorDriver.cpp:241 [ERROR] Error: The input motor type is undefined, please check motor type!
2024-09-11 14:14:10,428 MotorDriver.cpp:241 [ERROR] Error: The input motor type is undefined, please check motor type!
2024-09-11 14:14:10,429 MotorDriver.cpp:241 [ERROR] Error: The input motor type is undefined, please check motor type!
2024-09-11 14:14:10,430 MotorDriver.cpp:241 [ERROR] Error: The input motor type is undefined, please check motor type!
2024-09-11 14:14:10,431 MotorDriver.cpp:241 [ERROR] Error: The input motor type is undefined, please check motor type!
2024-09-11 14:14:10,432 MotorDriver.cpp:241 [ERROR] Error: The input motor type is undefined, please check motor type!
2024-09-11 14:14:10,433 MotorDriver.cpp:241 [ERROR] Error: The input motor type is undefined, please check motor type!
2024-09-11 14:14:10,434 MotorDriver.cpp:241 [ERROR] Error: The input motor type is undefined, please check motor type!
2024-09-11 14:14:10,436 MotorDriver.cpp:241 [ERROR] Error: The input motor type is undefined, please check motor type!
2024-09-11 14:14:10,437 MotorDriver.cpp:241 [ERROR] Error: The input motor type is undefined, please check motor type!
2024-09-11 14:14:10,438 MotorDriver.cpp:241 [ERROR] Error: The input motor type is undefined, please check motor type!
2024-09-11 14:14:10,439 MotorDriver.cpp:241 [ERROR] Error: The input motor type is undefined, please check motor type!
2024-09-11 14:14:10,440 MotorDriver.cpp:241 [ERROR] Error: The input motor type is undefined, please check motor type!
2024-09-11 14:14:10,441 MotorDriver.cpp:241 [ERROR] Error: The input motor type is undefined, please check motor type!
2024-09-11 14:14:10,442 MotorDriver.cpp:241 [ERROR] Error: The input motor type is undefined, please check motor type!
2024-09-11 14:14:10,443 MotorDriver.cpp:241 [ERROR] Error: The input motor type is undefined, please check motor type!
2024-09-11 14:14:10,444 MotorDriver.cpp:241 [ERROR] Error: The input motor type is undefined, please check motor type!
2024-09-11 14:14:10,445 MotorDriver.cpp:241 [ERROR] Error: The input motor type is undefined, please check motor type!
2024-09-11 14:14:10,446 MotorDriver.cpp:241 [ERROR] Error: The input motor type is undefined, please check motor type!
2024-09-11 14:14:10,447 MotorDriver.cpp:241 [ERROR] Error: The input motor type is undefined, please check motor type!
2024-09-11 14:14:10,448 MotorDriver.cpp:241 [ERROR] Error: The input motor type is undefined, please check motor type!
2024-09-11 14:14:10,449 MotorDriver.cpp:241 [ERROR] Error: The input motor type is undefined, please check motor type!
2024-09-11 14:14:10,450 MotorDriver.cpp:241 [ERROR] Error: The input motor type is undefined, please check motor type!
2024-09-11 14:14:10,452 MotorDriver.cpp:241 [ERROR] Error: The input motor type is undefined, please check motor type!
2024-09-11 14:14:10,453 MotorDriver.cpp:241 [ERROR] Error: The input motor type is undefined, please check motor type!
2024-09-11 14:14:10,454 MotorDriver.cpp:241 [ERROR] Error: The input motor type is undefined, please check motor type!
2024-09-11 14:14:10,455 MotorDriver.cpp:241 [ERROR] Error: The input motor type is undefined, please check motor type!
2024-09-11 14:14:10,456 MotorDriver.cpp:241 [ERROR] Error: The input motor type is undefined, please check motor type!
2024-09-11 14:14:10,457 MotorDriver.cpp:241 [ERROR] Error: The input motor type is undefined, please check motor type!
2024-09-11 14:14:10,458 MotorDriver.cpp:241 [ERROR] Error: The input motor type is undefined, please check motor type!
2024-09-11 14:14:10,459 MotorDriver.cpp:241 [ERROR] Error: The input motor type is undefined, please check motor type!
2024-09-11 14:14:10,460 MotorDriver.cpp:241 [ERROR] Error: The input motor type is undefined, please check motor type!
2024-09-11 14:14:10,461 MotorDriver.cpp:241 [ERROR] Error: The input motor type is undefined, please check motor type!
2024-09-11 14:14:10,462 MotorDriver.cpp:241 [ERROR] Error: The input motor type is undefined, please check motor type!
2024-09-11 14:14:10,463 MotorDriver.cpp:241 [ERROR] Error: The input motor type is undefined, please check motor type!
2024-09-11 14:14:10,464 MotorDriver.cpp:241 [ERROR] Error: The input motor type is undefined, please check motor type!
2024-09-11 14:14:10,465 MotorDriver.cpp:241 [ERROR] Error: The input motor type is undefined, please check motor type!
2024-09-11 14:14:10,466 MotorDriver.cpp:241 [ERROR] Error: The input motor type is undefined, please check motor type!
2024-09-11 14:14:10,467 MotorDriver.cpp:241 [ERROR] Error: The input motor type is undefined, please check motor type!
2024-09-11 14:14:10,469 MotorDriver.cpp:241 [ERROR] Error: The input motor type is undefined, please check motor type!
2024-09-11 14:14:10,470 MotorDriver.cpp:241 [ERROR] Error: The input motor type is undefined, please check motor type!
2024-09-11 14:14:10,471 MotorDriver.cpp:241 [ERROR] Error: The input motor type is undefined, please check motor type!
2024-09-11 14:14:10,472 MotorDriver.cpp:241 [ERROR] Error: The input motor type is undefined, please check motor type!
2024-09-11 14:14:10,473 MotorDriver.cpp:241 [ERROR] Error: The input motor type is undefined, please check motor type!
2024-09-11 14:14:10,474 MotorDriver.cpp:241 [ERROR] Error: The input motor type is undefined, please check motor type!
2024-09-11 14:14:10,475 MotorDriver.cpp:241 [ERROR] Error: The input motor type is undefined, please check motor type!
2024-09-11 14:14:10,476 MotorDriver.cpp:241 [ERROR] Error: The input motor type is undefined, please check motor type!
2024-09-11 14:14:10,477 MotorDriver.cpp:241 [ERROR] Error: The input motor type is undefined, please check motor type!
2024-09-11 14:14:10,478 MotorDriver.cpp:241 [ERROR] Error: The input motor type is undefined, please check motor type!
2024-09-11 14:14:10,479 MotorDriver.cpp:241 [ERROR] Error: The input motor type is undefined, please check motor type!
2024-09-11 14:14:10,480 MotorDriver.cpp:241 [ERROR] Error: The input motor type is undefined, please check motor type!
2024-09-11 14:14:10,481 MotorDriver.cpp:241 [ERROR] Error: The input motor type is undefined, please check motor type!
2024-09-11 14:14:10,482 MotorDriver.cpp:241 [ERROR] Error: The input motor type is undefined, please check motor type!
2024-09-11 14:14:10,484 MotorDriver.cpp:241 [ERROR] Error: The input motor type is undefined, please check motor type!
2024-09-11 14:14:10,485 MotorDriver.cpp:241 [ERROR] Error: The input motor type is undefined, please check motor type!
2024-09-11 14:14:10,486 MotorDriver.cpp:241 [ERROR] Error: The input motor type is undefined, please check motor type!
2024-09-11 14:14:10,487 MotorDriver.cpp:241 [ERROR] Error: The input motor type is undefined, please check motor type!
2024-09-11 14:14:10,488 MotorDriver.cpp:241 [ERROR] Error: The input motor type is undefined, please check motor type!
2024-09-11 14:14:10,489 MotorDriver.cpp:241 [ERROR] Error: The input motor type is undefined, please check motor type!
2024-09-11 14:14:10,490 MotorDriver.cpp:241 [ERROR] Error: The input motor type is undefined, please check motor type!
2024-09-11 14:14:10,491 MotorDriver.cpp:241 [ERROR] Error: The input motor type is undefined, please check motor type!
2024-09-11 14:14:10,492 MotorDriver.cpp:241 [ERROR] Error: The input motor type is undefined, please check motor type!
2024-09-11 14:14:10,493 MotorDriver.cpp:241 [ERROR] Error: The input motor type is undefined, please check motor type!
2024-09-11 14:14:10,494 MotorDriver.cpp:241 [ERROR] Error: The input motor type is undefined, please check motor type!
2024-09-11 14:14:10,495 MotorDriver.cpp:241 [ERROR] Error: The input motor type is undefined, please check motor type!
2024-09-11 14:14:10,496 MotorDriver.cpp:241 [ERROR] Error: The input motor type is undefined, please check motor type!
2024-09-11 14:14:10,497 MotorDriver.cpp:241 [ERROR] Error: The input motor type is undefined, please check motor type!
2024-09-11 14:14:10,498 MotorDriver.cpp:241 [ERROR] Error: The input motor type is undefined, please check motor type!
2024-09-11 14:14:10,500 MotorDriver.cpp:241 [ERROR] Error: The input motor type is undefined, please check motor type!
2024-09-11 14:14:10,501 MotorDriver.cpp:241 [ERROR] Error: The input motor type is undefined, please check motor type!
2024-09-11 14:14:10,502 MotorDriver.cpp:241 [ERROR] Error: The input motor type is undefined, please check motor type!
2024-09-11 14:14:10,503 MotorDriver.cpp:241 [ERROR] Error: The input motor type is undefined, please check motor type!
2024-09-11 14:14:10,504 MotorDriver.cpp:241 [ERROR] Error: The input motor type is undefined, please check motor type!
2024-09-11 14:14:10,505 MotorDriver.cpp:241 [ERROR] Error: The input motor type is undefined, please check motor type!
2024-09-11 14:14:10,506 MotorDriver.cpp:241 [ERROR] Error: The input motor type is undefined, please check motor type!
2024-09-11 14:14:10,507 MotorDriver.cpp:241 [ERROR] Error: The input motor type is undefined, please check motor type!
2024-09-11 14:14:10,508 MotorDriver.cpp:241 [ERROR] Error: The input motor type is undefined, please check motor type!
2024-09-11 14:14:10,509 MotorDriver.cpp:241 [ERROR] Error: The input motor type is undefined, please check motor type!
2024-09-11 14:14:10,510 MotorDriver.cpp:241 [ERROR] Error: The input motor type is undefined, please check motor type!
2024-09-11 14:14:10,511 MotorDriver.cpp:241 [ERROR] Error: The input motor type is undefined, please check motor type!
2024-09-11 14:14:10,512 MotorDriver.cpp:241 [ERROR] Error: The input motor type is undefined, please check motor type!
2024-09-11 14:14:10,513 MotorDriver.cpp:241 [ERROR] Error: The input motor type is undefined, please check motor type!
2024-09-11 14:14:10,515 MotorDriver.cpp:241 [ERROR] Error: The input motor type is undefined, please check motor type!
2024-09-11 14:14:10,516 MotorDriver.cpp:241 [ERROR] Error: The input motor type is undefined, please check motor type!
2024-09-11 14:14:10,517 MotorDriver.cpp:241 [ERROR] Error: The input motor type is undefined, please check motor type!
2024-09-11 14:14:10,518 MotorDriver.cpp:241 [ERROR] Error: The input motor type is undefined, please check motor type!
2024-09-11 14:14:10,519 MotorDriver.cpp:241 [ERROR] Error: The input motor type is undefined, please check motor type!
2024-09-11 14:14:10,520 MotorDriver.cpp:241 [ERROR] Error: The input motor type is undefined, please check motor type!
2024-09-11 14:14:10,521 MotorDriver.cpp:241 [ERROR] Error: The input motor type is undefined, please check motor type!
2024-09-11 14:14:10,522 MotorDriver.cpp:241 [ERROR] Error: The input motor type is undefined, please check motor type!
2024-09-11 14:14:10,523 MotorDriver.cpp:241 [ERROR] Error: The input motor type is undefined, please check motor type!
2024-09-11 14:14:10,524 MotorDriver.cpp:241 [ERROR] Error: The input motor type is undefined, please check motor type!
2024-09-11 14:14:10,525 MotorDriver.cpp:241 [ERROR] Error: The input motor type is undefined, please check motor type!
2024-09-11 14:14:10,526 MotorDriver.cpp:241 [ERROR] Error: The input motor type is undefined, please check motor type!
2024-09-11 14:14:10,528 MotorDriver.cpp:241 [ERROR] Error: The input motor type is undefined, please check motor type!
2024-09-11 14:14:10,529 MotorDriver.cpp:241 [ERROR] Error: The input motor type is undefined, please check motor type!
2024-09-11 14:14:10,530 MotorDriver.cpp:241 [ERROR] Error: The input motor type is undefined, please check motor type!
2024-09-11 14:14:10,531 MotorDriver.cpp:241 [ERROR] Error: The input motor type is undefined, please check motor type!
2024-09-11 14:14:10,532 MotorDriver.cpp:241 [ERROR] Error: The input motor type is undefined, please check motor type!
2024-09-11 14:14:10,533 MotorDriver.cpp:241 [ERROR] Error: The input motor type is undefined, please check motor type!
2024-09-11 14:14:10,534 MotorDriver.cpp:241 [ERROR] Error: The input motor type is undefined, please check motor type!
2024-09-11 14:14:10,535 MotorDriver.cpp:241 [ERROR] Error: The input motor type is undefined, please check motor type!
2024-09-11 14:14:10,536 MotorDriver.cpp:241 [ERROR] Error: The input motor type is undefined, please check motor type!
2024-09-11 14:14:10,537 MotorDriver.cpp:241 [ERROR] Error: The input motor type is undefined, please check motor type!
2024-09-11 14:14:10,538 MotorDriver.cpp:241 [ERROR] Error: The input motor type is undefined, please check motor type!
2024-09-11 14:14:10,540 MotorDriver.cpp:241 [ERROR] Error: The input motor type is undefined, please check motor type!
2024-09-11 14:14:10,541 MotorDriver.cpp:241 [ERROR] Error: The input motor type is undefined, please check motor type!
2024-09-11 14:14:10,542 MotorDriver.cpp:241 [ERROR] Error: The input motor type is undefined, please check motor type!
2024-09-11 14:14:10,543 MotorDriver.cpp:241 [ERROR] Error: The input motor type is undefined, please check motor type!
2024-09-11 14:14:10,544 MotorDriver.cpp:241 [ERROR] Error: The input motor type is undefined, please check motor type!
2024-09-11 14:14:10,545 MotorDriver.cpp:241 [ERROR] Error: The input motor type is undefined, please check motor type!
2024-09-11 14:14:10,546 MotorDriver.cpp:241 [ERROR] Error: The input motor type is undefined, please check motor type!
2024-09-11 14:14:10,547 MotorDriver.cpp:241 [ERROR] Error: The input motor type is undefined, please check motor type!
2024-09-11 14:14:10,548 MotorDriver.cpp:241 [ERROR] Error: The input motor type is undefined, please check motor type!
2024-09-11 14:14:10,549 MotorDriver.cpp:241 [ERROR] Error: The input motor type is undefined, please check motor type!
2024-09-11 14:14:10,550 MotorDriver.cpp:241 [ERROR] Error: The input motor type is undefined, please check motor type!
2024-09-11 14:14:10,551 MotorDriver.cpp:241 [ERROR] Error: The input motor type is undefined, please check motor type!
2024-09-11 14:14:10,553 MotorDriver.cpp:241 [ERROR] Error: The input motor type is undefined, please check motor type!
2024-09-11 14:14:10,554 MotorDriver.cpp:241 [ERROR] Error: The input motor type is undefined, please check motor type!
2024-09-11 14:14:10,555 MotorDriver.cpp:241 [ERROR] Error: The input motor type is undefined, please check motor type!
2024-09-11 14:14:10,556 MotorDriver.cpp:241 [ERROR] Error: The input motor type is undefined, please check motor type!
2024-09-11 14:14:10,557 MotorDriver.cpp:241 [ERROR] Error: The input motor type is undefined, please check motor type!
2024-09-11 14:14:10,558 MotorDriver.cpp:241 [ERROR] Error: The input motor type is undefined, please check motor type!
2024-09-11 14:14:10,559 MotorDriver.cpp:241 [ERROR] Error: The input motor type is undefined, please check motor type!
2024-09-11 14:14:10,560 MotorDriver.cpp:241 [ERROR] Error: The input motor type is undefined, please check motor type!
2024-09-11 14:14:10,561 MotorDriver.cpp:241 [ERROR] Error: The input motor type is undefined, please check motor type!
2024-09-11 14:14:10,562 MotorDriver.cpp:241 [ERROR] Error: The input motor type is undefined, please check motor type!
2024-09-11 14:14:10,563 MotorDriver.cpp:241 [ERROR] Error: The input motor type is undefined, please check motor type!
2024-09-11 14:14:10,564 MotorDriver.cpp:241 [ERROR] Error: The input motor type is undefined, please check motor type!
2024-09-11 14:14:10,565 MotorDriver.cpp:241 [ERROR] Error: The input motor type is undefined, please check motor type!
2024-09-11 14:14:10,566 MotorDriver.cpp:241 [ERROR] Error: The input motor type is undefined, please check motor type!
2024-09-11 14:14:10,568 MotorDriver.cpp:241 [ERROR] Error: The input motor type is undefined, please check motor type!
2024-09-11 14:14:10,569 MotorDriver.cpp:241 [ERROR] Error: The input motor type is undefined, please check motor type!
2024-09-11 14:14:10,570 MotorDriver.cpp:241 [ERROR] Error: The input motor type is undefined, please check motor type!
2024-09-11 14:14:10,571 MotorDriver.cpp:241 [ERROR] Error: The input motor type is undefined, please check motor type!
2024-09-11 14:14:10,572 MotorDriver.cpp:241 [ERROR] Error: The input motor type is undefined, please check motor type!
2024-09-11 14:14:10,573 MotorDriver.cpp:241 [ERROR] Error: The input motor type is undefined, please check motor type!
2024-09-11 14:14:10,574 MotorDriver.cpp:241 [ERROR] Error: The input motor type is undefined, please check motor type!
2024-09-11 14:14:10,575 MotorDriver.cpp:241 [ERROR] Error: The input motor type is undefined, please check motor type!
2024-09-11 14:14:10,576 MotorDriver.cpp:241 [ERROR] Error: The input motor type is undefined, please check motor type!
2024-09-11 14:14:10,577 MotorDriver.cpp:241 [ERROR] Error: The input motor type is undefined, please check motor type!
2024-09-11 14:14:10,578 MotorDriver.cpp:241 [ERROR] Error: The input motor type is undefined, please check motor type!
2024-09-11 14:14:10,579 MotorDriver.cpp:241 [ERROR] Error: The input motor type is undefined, please check motor type!
2024-09-11 14:14:10,581 MotorDriver.cpp:241 [ERROR] Error: The input motor type is undefined, please check motor type!
2024-09-11 14:14:10,582 MotorDriver.cpp:241 [ERROR] Error: The input motor type is undefined, please check motor type!
2024-09-11 14:14:10,583 MotorDriver.cpp:241 [ERROR] Error: The input motor type is undefined, please check motor type!
2024-09-11 14:14:10,584 MotorDriver.cpp:241 [ERROR] Error: The input motor type is undefined, please check motor type!
2024-09-11 14:14:10,585 MotorDriver.cpp:241 [ERROR] Error: The input motor type is undefined, please check motor type!
2024-09-11 14:14:10,586 MotorDriver.cpp:241 [ERROR] Error: The input motor type is undefined, please check motor type!
2024-09-11 14:14:10,587 MotorDriver.cpp:241 [ERROR] Error: The input motor type is undefined, please check motor type!
2024-09-11 14:14:10,588 MotorDriver.cpp:241 [ERROR] Error: The input motor type is undefined, please check motor type!
2024-09-11 14:14:10,589 MotorDriver.cpp:241 [ERROR] Error: The input motor type is undefined, please check motor type!
2024-09-11 14:14:10,590 MotorDriver.cpp:241 [ERROR] Error: The input motor type is undefined, please check motor type!
2024-09-11 14:14:10,591 MotorDriver.cpp:241 [ERROR] Error: The input motor type is undefined, please check motor type!
2024-09-11 14:14:10,592 MotorDriver.cpp:241 [ERROR] Error: The input motor type is undefined, please check motor type!
2024-09-11 14:14:10,594 MotorDriver.cpp:241 [ERROR] Error: The input motor type is undefined, please check motor type!
2024-09-11 14:14:10,595 MotorDriver.cpp:241 [ERROR] Error: The input motor type is undefined, please check motor type!
2024-09-11 14:14:10,596 MotorDriver.cpp:241 [ERROR] Error: The input motor type is undefined, please check motor type!
2024-09-11 14:14:10,597 MotorDriver.cpp:241 [ERROR] Error: The input motor type is undefined, please check motor type!
2024-09-11 14:14:10,598 MotorDriver.cpp:241 [ERROR] Error: The input motor type is undefined, please check motor type!
2024-09-11 14:14:10,599 MotorDriver.cpp:241 [ERROR] Error: The input motor type is undefined, please check motor type!
2024-09-11 14:14:10,600 MotorDriver.cpp:241 [ERROR] Error: The input motor type is undefined, please check motor type!
2024-09-11 14:14:10,601 MotorDriver.cpp:241 [ERROR] Error: The input motor type is undefined, please check motor type!
2024-09-11 14:14:10,602 MotorDriver.cpp:241 [ERROR] Error: The input motor type is undefined, please check motor type!
2024-09-11 14:14:10,603 MotorDriver.cpp:241 [ERROR] Error: The input motor type is undefined, please check motor type!
2024-09-11 14:14:10,604 MotorDriver.cpp:241 [ERROR] Error: The input motor type is undefined, please check motor type!
2024-09-11 14:14:10,605 MotorDriver.cpp:241 [ERROR] Error: The input motor type is undefined, please check motor type!
2024-09-11 14:14:10,607 MotorDriver.cpp:241 [ERROR] Error: The input motor type is undefined, please check motor type!
2024-09-11 14:14:10,608 MotorDriver.cpp:241 [ERROR] Error: The input motor type is undefined, please check motor type!
2024-09-11 14:14:10,609 MotorDriver.cpp:241 [ERROR] Error: The input motor type is undefined, please check motor type!
2024-09-11 14:14:10,610 MotorDriver.cpp:241 [ERROR] Error: The input motor type is undefined, please check motor type!
2024-09-11 14:14:10,611 MotorDriver.cpp:241 [ERROR] Error: The input motor type is undefined, please check motor type!
2024-09-11 14:14:10,612 MotorDriver.cpp:241 [ERROR] Error: The input motor type is undefined, please check motor type!
2024-09-11 14:14:10,613 MotorDriver.cpp:241 [ERROR] Error: The input motor type is undefined, please check motor type!
2024-09-11 14:14:10,614 MotorDriver.cpp:241 [ERROR] Error: The input motor type is undefined, please check motor type!
2024-09-11 14:14:10,615 MotorDriver.cpp:241 [ERROR] Error: The input motor type is undefined, please check motor type!
2024-09-11 14:14:10,616 MotorDriver.cpp:241 [ERROR] Error: The input motor type is undefined, please check motor type!
2024-09-11 14:14:10,617 MotorDriver.cpp:241 [ERROR] Error: The input motor type is undefined, please check motor type!
2024-09-11 14:14:10,618 MotorDriver.cpp:241 [ERROR] Error: The input motor type is undefined, please check motor type!
2024-09-11 14:14:10,620 MotorDriver.cpp:241 [ERROR] Error: The input motor type is undefined, please check motor type!
2024-09-11 14:14:10,621 MotorDriver.cpp:241 [ERROR] Error: The input motor type is undefined, please check motor type!
2024-09-11 14:14:10,622 MotorDriver.cpp:241 [ERROR] Error: The input motor type is undefined, please check motor type!
2024-09-11 14:14:10,623 MotorDriver.cpp:241 [ERROR] Error: The input motor type is undefined, please check motor type!
2024-09-11 14:14:10,624 MotorDriver.cpp:241 [ERROR] Error: The input motor type is undefined, please check motor type!
2024-09-11 14:14:10,625 MotorDriver.cpp:241 [ERROR] Error: The input motor type is undefined, please check motor type!
2024-09-11 14:14:10,626 MotorDriver.cpp:241 [ERROR] Error: The input motor type is undefined, please check motor type!
2024-09-11 14:14:10,627 MotorDriver.cpp:241 [ERROR] Error: The input motor type is undefined, please check motor type!
2024-09-11 14:14:10,628 MotorDriver.cpp:241 [ERROR] Error: The input motor type is undefined, please check motor type!
2024-09-11 14:14:10,629 MotorDriver.cpp:241 [ERROR] Error: The input motor type is undefined, please check motor type!
2024-09-11 14:14:10,630 MotorDriver.cpp:241 [ERROR] Error: The input motor type is undefined, please check motor type!
2024-09-11 14:14:10,631 MotorDriver.cpp:241 [ERROR] Error: The input motor type is undefined, please check motor type!
2024-09-11 14:14:10,632 MotorDriver.cpp:241 [ERROR] Error: The input motor type is undefined, please check motor type!
2024-09-11 14:14:10,634 MotorDriver.cpp:241 [ERROR] Error: The input motor type is undefined, please check motor type!
2024-09-11 14:14:10,635 MotorDriver.cpp:241 [ERROR] Error: The input motor type is undefined, please check motor type!
2024-09-11 14:14:10,636 MotorDriver.cpp:241 [ERROR] Error: The input motor type is undefined, please check motor type!
2024-09-11 14:14:10,637 MotorDriver.cpp:241 [ERROR] Error: The input motor type is undefined, please check motor type!
2024-09-11 14:14:10,638 MotorDriver.cpp:241 [ERROR] Error: The input motor type is undefined, please check motor type!
2024-09-11 14:14:10,639 MotorDriver.cpp:241 [ERROR] Error: The input motor type is undefined, please check motor type!
2024-09-11 14:14:10,640 MotorDriver.cpp:241 [ERROR] Error: The input motor type is undefined, please check motor type!
2024-09-11 14:14:10,641 MotorDriver.cpp:241 [ERROR] Error: The input motor type is undefined, please check motor type!
2024-09-11 14:14:10,642 MotorDriver.cpp:241 [ERROR] Error: The input motor type is undefined, please check motor type!
2024-09-11 14:14:10,643 MotorDriver.cpp:241 [ERROR] Error: The input motor type is undefined, please check motor type!
2024-09-11 14:14:10,644 MotorDriver.cpp:241 [ERROR] Error: The input motor type is undefined, please check motor type!
2024-09-11 14:14:10,645 MotorDriver.cpp:241 [ERROR] Error: The input motor type is undefined, please check motor type!
2024-09-11 14:14:10,646 MotorDriver.cpp:241 [ERROR] Error: The input motor type is undefined, please check motor type!
2024-09-11 14:14:10,648 MotorDriver.cpp:241 [ERROR] Error: The input motor type is undefined, please check motor type!
2024-09-11 14:14:10,649 MotorDriver.cpp:241 [ERROR] Error: The input motor type is undefined, please check motor type!
2024-09-11 14:14:10,650 MotorDriver.cpp:241 [ERROR] Error: The input motor type is undefined, please check motor type!
2024-09-11 14:14:10,651 MotorDriver.cpp:241 [ERROR] Error: The input motor type is undefined, please check motor type!
2024-09-11 14:14:10,652 MotorDriver.cpp:241 [ERROR] Error: The input motor type is undefined, please check motor type!
2024-09-11 14:14:10,653 MotorDriver.cpp:241 [ERROR] Error: The input motor type is undefined, please check motor type!
2024-09-11 14:14:10,654 MotorDriver.cpp:241 [ERROR] Error: The input motor type is undefined, please check motor type!
2024-09-11 14:14:10,655 MotorDriver.cpp:241 [ERROR] Error: The input motor type is undefined, please check motor type!
2024-09-11 14:14:10,656 MotorDriver.cpp:241 [ERROR] Error: The input motor type is undefined, please check motor type!
2024-09-11 14:14:10,657 MotorDriver.cpp:241 [ERROR] Error: The input motor type is undefined, please check motor type!
2024-09-11 14:14:10,658 MotorDriver.cpp:241 [ERROR] Error: The input motor type is undefined, please check motor type!
2024-09-11 14:14:10,659 MotorDriver.cpp:241 [ERROR] Error: The input motor type is undefined, please check motor type!
2024-09-11 14:14:10,661 MotorDriver.cpp:241 [ERROR] Error: The input motor type is undefined, please check motor type!
2024-09-11 14:14:10,662 MotorDriver.cpp:241 [ERROR] Error: The input motor type is undefined, please check motor type!
2024-09-11 14:14:10,663 MotorDriver.cpp:241 [ERROR] Error: The input motor type is undefined, please check motor type!
2024-09-11 14:14:10,664 MotorDriver.cpp:241 [ERROR] Error: The input motor type is undefined, please check motor type!
2024-09-11 14:14:10,665 MotorDriver.cpp:241 [ERROR] Error: The input motor type is undefined, please check motor type!
2024-09-11 14:14:10,666 MotorDriver.cpp:241 [ERROR] Error: The input motor type is undefined, please check motor type!
2024-09-11 14:14:10,667 MotorDriver.cpp:241 [ERROR] Error: The input motor type is undefined, please check motor type!
2024-09-11 14:14:10,668 MotorDriver.cpp:241 [ERROR] Error: The input motor type is undefined, please check motor type!
2024-09-11 14:14:10,669 MotorDriver.cpp:241 [ERROR] Error: The input motor type is undefined, please check motor type!
2024-09-11 14:14:10,670 MotorDriver.cpp:241 [ERROR] Error: The input motor type is undefined, please check motor type!
2024-09-11 14:14:10,671 MotorDriver.cpp:241 [ERROR] Error: The input motor type is undefined, please check motor type!
2024-09-11 14:14:10,672 MotorDriver.cpp:241 [ERROR] Error: The input motor type is undefined, please check motor type!
2024-09-11 14:14:10,673 MotorDriver.cpp:241 [ERROR] Error: The input motor type is undefined, please check motor type!
2024-09-11 14:14:10,675 MotorDriver.cpp:241 [ERROR] Error: The input motor type is undefined, please check motor type!
2024-09-11 14:14:10,676 MotorDriver.cpp:241 [ERROR] Error: The input motor type is undefined, please check motor type!
2024-09-11 14:14:10,677 MotorDriver.cpp:241 [ERROR] Error: The input motor type is undefined, please check motor type!
2024-09-11 14:14:10,678 MotorDriver.cpp:241 [ERROR] Error: The input motor type is undefined, please check motor type!
2024-09-11 14:14:10,679 MotorDriver.cpp:241 [ERROR] Error: The input motor type is undefined, please check motor type!
2024-09-11 14:14:10,680 MotorDriver.cpp:241 [ERROR] Error: The input motor type is undefined, please check motor type!
2024-09-11 14:14:10,681 MotorDriver.cpp:241 [ERROR] Error: The input motor type is undefined, please check motor type!
2024-09-11 14:14:10,682 MotorDriver.cpp:241 [ERROR] Error: The input motor type is undefined, please check motor type!
2024-09-11 14:14:10,683 MotorDriver.cpp:241 [ERROR] Error: The input motor type is undefined, please check motor type!
2024-09-11 14:14:10,684 MotorDriver.cpp:241 [ERROR] Error: The input motor type is undefined, please check motor type!
2024-09-11 14:14:10,685 MotorDriver.cpp:241 [ERROR] Error: The input motor type is undefined, please check motor type!
2024-09-11 14:14:10,686 MotorDriver.cpp:241 [ERROR] Error: The input motor type is undefined, please check motor type!
2024-09-11 14:14:10,688 MotorDriver.cpp:241 [ERROR] Error: The input motor type is undefined, please check motor type!
2024-09-11 14:14:10,689 MotorDriver.cpp:241 [ERROR] Error: The input motor type is undefined, please check motor type!
2024-09-11 14:14:10,690 MotorDriver.cpp:241 [ERROR] Error: The input motor type is undefined, please check motor type!
2024-09-11 14:14:10,691 MotorDriver.cpp:241 [ERROR] Error: The input motor type is undefined, please check motor type!
2024-09-11 14:14:10,692 MotorDriver.cpp:241 [ERROR] Error: The input motor type is undefined, please check motor type!
2024-09-11 14:14:10,693 MotorDriver.cpp:241 [ERROR] Error: The input motor type is undefined, please check motor type!
2024-09-11 14:14:10,694 MotorDriver.cpp:241 [ERROR] Error: The input motor type is undefined, please check motor type!
2024-09-11 14:14:10,695 MotorDriver.cpp:241 [ERROR] Error: The input motor type is undefined, please check motor type!
2024-09-11 14:14:10,696 MotorDriver.cpp:241 [ERROR] Error: The input motor type is undefined, please check motor type!
2024-09-11 14:14:10,697 MotorDriver.cpp:241 [ERROR] Error: The input motor type is undefined, please check motor type!
2024-09-11 14:14:10,698 MotorDriver.cpp:241 [ERROR] Error: The input motor type is undefined, please check motor type!
2024-09-11 14:14:10,699 MotorDriver.cpp:241 [ERROR] Error: The input motor type is undefined, please check motor type!
2024-09-11 14:14:10,700 MotorDriver.cpp:241 [ERROR] Error: The input motor type is undefined, please check motor type!
2024-09-11 14:14:10,701 MotorDriver.cpp:241 [ERROR] Error: The input motor type is undefined, please check motor type!
2024-09-11 14:14:10,703 MotorDriver.cpp:241 [ERROR] Error: The input motor type is undefined, please check motor type!
2024-09-11 14:14:10,704 MotorDriver.cpp:241 [ERROR] Error: The input motor type is undefined, please check motor type!
2024-09-11 14:14:10,705 MotorDriver.cpp:241 [ERROR] Error: The input motor type is undefined, please check motor type!
2024-09-11 14:14:10,706 MotorDriver.cpp:241 [ERROR] Error: The input motor type is undefined, please check motor type!
2024-09-11 14:14:10,707 MotorDriver.cpp:241 [ERROR] Error: The input motor type is undefined, please check motor type!
2024-09-11 14:14:10,708 MotorDriver.cpp:241 [ERROR] Error: The input motor type is undefined, please check motor type!
2024-09-11 14:14:10,709 MotorDriver.cpp:241 [ERROR] Error: The input motor type is undefined, please check motor type!
2024-09-11 14:14:10,710 MotorDriver.cpp:241 [ERROR] Error: The input motor type is undefined, please check motor type!
2024-09-11 14:14:10,711 MotorDriver.cpp:241 [ERROR] Error: The input motor type is undefined, please check motor type!
2024-09-11 14:14:10,712 MotorDriver.cpp:241 [ERROR] Error: The input motor type is undefined, please check motor type!
2024-09-11 14:14:10,713 MotorDriver.cpp:241 [ERROR] Error: The input motor type is undefined, please check motor type!
2024-09-11 14:14:10,714 MotorDriver.cpp:241 [ERROR] Error: The input motor type is undefined, please check motor type!
2024-09-11 14:14:10,715 MotorDriver.cpp:241 [ERROR] Error: The input motor type is undefined, please check motor type!
2024-09-11 14:14:10,717 MotorDriver.cpp:241 [ERROR] Error: The input motor type is undefined, please check motor type!
2024-09-11 14:14:10,718 MotorDriver.cpp:241 [ERROR] Error: The input motor type is undefined, please check motor type!
2024-09-11 14:14:10,719 MotorDriver.cpp:241 [ERROR] Error: The input motor type is undefined, please check motor type!
2024-09-11 14:14:10,720 MotorDriver.cpp:241 [ERROR] Error: The input motor type is undefined, please check motor type!
2024-09-11 14:14:10,721 MotorDriver.cpp:241 [ERROR] Error: The input motor type is undefined, please check motor type!
2024-09-11 14:14:10,722 MotorDriver.cpp:241 [ERROR] Error: The input motor type is undefined, please check motor type!
2024-09-11 14:14:10,723 MotorDriver.cpp:241 [ERROR] Error: The input motor type is undefined, please check motor type!
2024-09-11 14:14:10,724 MotorDriver.cpp:241 [ERROR] Error: The input motor type is undefined, please check motor type!
2024-09-11 14:14:10,725 MotorDriver.cpp:241 [ERROR] Error: The input motor type is undefined, please check motor type!
2024-09-11 14:14:10,726 MotorDriver.cpp:241 [ERROR] Error: The input motor type is undefined, please check motor type!
2024-09-11 14:14:10,727 MotorDriver.cpp:241 [ERROR] Error: The input motor type is undefined, please check motor type!
2024-09-11 14:14:10,728 MotorDriver.cpp:241 [ERROR] Error: The input motor type is undefined, please check motor type!
2024-09-11 14:14:10,729 MotorDriver.cpp:241 [ERROR] Error: The input motor type is undefined, please check motor type!
2024-09-11 14:14:10,731 MotorDriver.cpp:241 [ERROR] Error: The input motor type is undefined, please check motor type!
2024-09-11 14:14:10,732 MotorDriver.cpp:241 [ERROR] Error: The input motor type is undefined, please check motor type!
2024-09-11 14:14:10,733 MotorDriver.cpp:241 [ERROR] Error: The input motor type is undefined, please check motor type!
2024-09-11 14:14:10,734 MotorDriver.cpp:241 [ERROR] Error: The input motor type is undefined, please check motor type!
2024-09-11 14:14:10,735 MotorDriver.cpp:241 [ERROR] Error: The input motor type is undefined, please check motor type!
2024-09-11 14:14:10,736 MotorDriver.cpp:241 [ERROR] Error: The input motor type is undefined, please check motor type!
2024-09-11 14:14:10,737 MotorDriver.cpp:241 [ERROR] Error: The input motor type is undefined, please check motor type!
2024-09-11 14:14:10,738 MotorDriver.cpp:241 [ERROR] Error: The input motor type is undefined, please check motor type!
2024-09-11 14:14:10,739 MotorDriver.cpp:241 [ERROR] Error: The input motor type is undefined, please check motor type!
2024-09-11 14:14:10,740 MotorDriver.cpp:241 [ERROR] Error: The input motor type is undefined, please check motor type!
2024-09-11 14:14:10,741 MotorDriver.cpp:241 [ERROR] Error: The input motor type is undefined, please check motor type!
2024-09-11 14:14:10,742 MotorDriver.cpp:241 [ERROR] Error: The input motor type is undefined, please check motor type!
2024-09-11 14:14:10,744 MotorDriver.cpp:241 [ERROR] Error: The input motor type is undefined, please check motor type!
2024-09-11 14:14:10,745 MotorDriver.cpp:241 [ERROR] Error: The input motor type is undefined, please check motor type!
2024-09-11 14:14:10,746 MotorDriver.cpp:241 [ERROR] Error: The input motor type is undefined, please check motor type!
2024-09-11 14:14:10,747 MotorDriver.cpp:241 [ERROR] Error: The input motor type is undefined, please check motor type!
2024-09-11 14:14:10,748 MotorDriver.cpp:241 [ERROR] Error: The input motor type is undefined, please check motor type!
2024-09-11 14:14:10,749 MotorDriver.cpp:241 [ERROR] Error: The input motor type is undefined, please check motor type!
2024-09-11 14:14:10,750 MotorDriver.cpp:241 [ERROR] Error: The input motor type is undefined, please check motor type!
2024-09-11 14:14:10,751 MotorDriver.cpp:241 [ERROR] Error: The input motor type is undefined, please check motor type!
2024-09-11 14:14:10,752 MotorDriver.cpp:241 [ERROR] Error: The input motor type is undefined, please check motor type!
2024-09-11 14:14:10,753 MotorDriver.cpp:241 [ERROR] Error: The input motor type is undefined, please check motor type!
2024-09-11 14:14:10,754 MotorDriver.cpp:241 [ERROR] Error: The input motor type is undefined, please check motor type!
2024-09-11 14:14:10,755 MotorDriver.cpp:241 [ERROR] Error: The input motor type is undefined, please check motor type!
2024-09-11 14:14:10,756 MotorDriver.cpp:241 [ERROR] Error: The input motor type is undefined, please check motor type!
2024-09-11 14:14:10,757 MotorDriver.cpp:241 [ERROR] Error: The input motor type is undefined, please check motor type!
2024-09-11 14:14:10,759 MotorDriver.cpp:241 [ERROR] Error: The input motor type is undefined, please check motor type!
2024-09-11 14:14:10,760 MotorDriver.cpp:241 [ERROR] Error: The input motor type is undefined, please check motor type!
2024-09-11 14:14:10,761 MotorDriver.cpp:241 [ERROR] Error: The input motor type is undefined, please check motor type!
2024-09-11 14:14:10,762 MotorDriver.cpp:241 [ERROR] Error: The input motor type is undefined, please check motor type!
2024-09-11 14:14:10,763 MotorDriver.cpp:241 [ERROR] Error: The input motor type is undefined, please check motor type!
2024-09-11 14:14:10,764 MotorDriver.cpp:241 [ERROR] Error: The input motor type is undefined, please check motor type!
2024-09-11 14:14:10,765 MotorDriver.cpp:241 [ERROR] Error: The input motor type is undefined, please check motor type!
2024-09-11 14:14:10,766 MotorDriver.cpp:241 [ERROR] Error: The input motor type is undefined, please check motor type!
2024-09-11 14:14:10,767 MotorDriver.cpp:241 [ERROR] Error: The input motor type is undefined, please check motor type!
2024-09-11 14:14:10,768 MotorDriver.cpp:241 [ERROR] Error: The input motor type is undefined, please check motor type!
2024-09-11 14:14:10,769 MotorDriver.cpp:241 [ERROR] Error: The input motor type is undefined, please check motor type!
2024-09-11 14:14:10,770 MotorDriver.cpp:241 [ERROR] Error: The input motor type is undefined, please check motor type!
2024-09-11 14:14:10,771 MotorDriver.cpp:241 [ERROR] Error: The input motor type is undefined, please check motor type!
2024-09-11 14:14:10,772 MotorDriver.cpp:241 [ERROR] Error: The input motor type is undefined, please check motor type!
2024-09-11 14:14:10,774 MotorDriver.cpp:241 [ERROR] Error: The input motor type is undefined, please check motor type!
2024-09-11 14:14:10,775 MotorDriver.cpp:241 [ERROR] Error: The input motor type is undefined, please check motor type!
2024-09-11 14:14:10,776 MotorDriver.cpp:241 [ERROR] Error: The input motor type is undefined, please check motor type!
2024-09-11 14:14:10,777 MotorDriver.cpp:241 [ERROR] Error: The input motor type is undefined, please check motor type!
2024-09-11 14:14:10,778 MotorDriver.cpp:241 [ERROR] Error: The input motor type is undefined, please check motor type!
2024-09-11 14:14:10,779 MotorDriver.cpp:241 [ERROR] Error: The input motor type is undefined, please check motor type!
2024-09-11 14:14:10,780 MotorDriver.cpp:241 [ERROR] Error: The input motor type is undefined, please check motor type!
2024-09-11 14:14:10,781 MotorDriver.cpp:241 [ERROR] Error: The input motor type is undefined, please check motor type!
2024-09-11 14:14:10,782 MotorDriver.cpp:241 [ERROR] Error: The input motor type is undefined, please check motor type!
2024-09-11 14:14:10,783 MotorDriver.cpp:241 [ERROR] Error: The input motor type is undefined, please check motor type!
2024-09-11 14:14:10,784 MotorDriver.cpp:241 [ERROR] Error: The input motor type is undefined, please check motor type!
2024-09-11 14:14:10,785 MotorDriver.cpp:241 [ERROR] Error: The input motor type is undefined, please check motor type!
2024-09-11 14:14:10,787 MotorDriver.cpp:241 [ERROR] Error: The input motor type is undefined, please check motor type!
2024-09-11 14:14:10,788 MotorDriver.cpp:241 [ERROR] Error: The input motor type is undefined, please check motor type!
2024-09-11 14:14:10,789 MotorDriver.cpp:241 [ERROR] Error: The input motor type is undefined, please check motor type!
2024-09-11 14:14:10,790 MotorDriver.cpp:241 [ERROR] Error: The input motor type is undefined, please check motor type!
2024-09-11 14:14:10,791 MotorDriver.cpp:241 [ERROR] Error: The input motor type is undefined, please check motor type!
2024-09-11 14:14:10,792 MotorDriver.cpp:241 [ERROR] Error: The input motor type is undefined, please check motor type!
2024-09-11 14:14:10,793 MotorDriver.cpp:241 [ERROR] Error: The input motor type is undefined, please check motor type!
2024-09-11 14:14:10,794 MotorDriver.cpp:241 [ERROR] Error: The input motor type is undefined, please check motor type!
2024-09-11 14:14:10,795 MotorDriver.cpp:241 [ERROR] Error: The input motor type is undefined, please check motor type!
2024-09-11 14:14:10,796 MotorDriver.cpp:241 [ERROR] Error: The input motor type is undefined, please check motor type!
2024-09-11 14:14:10,797 MotorDriver.cpp:241 [ERROR] Error: The input motor type is undefined, please check motor type!
2024-09-11 14:14:10,798 MotorDriver.cpp:241 [ERROR] Error: The input motor type is undefined, please check motor type!
2024-09-11 14:14:10,799 MotorDriver.cpp:241 [ERROR] Error: The input motor type is undefined, please check motor type!
2024-09-11 14:14:10,800 MotorDriver.cpp:241 [ERROR] Error: The input motor type is undefined, please check motor type!
2024-09-11 14:14:10,802 MotorDriver.cpp:241 [ERROR] Error: The input motor type is undefined, please check motor type!
2024-09-11 14:14:10,803 MotorDriver.cpp:241 [ERROR] Error: The input motor type is undefined, please check motor type!
2024-09-11 14:14:10,804 MotorDriver.cpp:241 [ERROR] Error: The input motor type is undefined, please check motor type!
2024-09-11 14:14:10,805 MotorDriver.cpp:241 [ERROR] Error: The input motor type is undefined, please check motor type!
2024-09-11 14:14:10,806 MotorDriver.cpp:241 [ERROR] Error: The input motor type is undefined, please check motor type!
2024-09-11 14:14:10,807 MotorDriver.cpp:241 [ERROR] Error: The input motor type is undefined, please check motor type!
2024-09-11 14:14:10,808 MotorDriver.cpp:241 [ERROR] Error: The input motor type is undefined, please check motor type!
2024-09-11 14:14:10,809 MotorDriver.cpp:241 [ERROR] Error: The input motor type is undefined, please check motor type!
2024-09-11 14:14:10,810 MotorDriver.cpp:241 [ERROR] Error: The input motor type is undefined, please check motor type!
2024-09-11 14:14:10,811 MotorDriver.cpp:241 [ERROR] Error: The input motor type is undefined, please check motor type!
2024-09-11 14:14:10,812 MotorDriver.cpp:241 [ERROR] Error: The input motor type is undefined, please check motor type!
2024-09-11 14:14:10,813 MotorDriver.cpp:241 [ERROR] Error: The input motor type is undefined, please check motor type!
2024-09-11 14:14:10,815 MotorDriver.cpp:241 [ERROR] Error: The input motor type is undefined, please check motor type!
2024-09-11 14:14:10,816 MotorDriver.cpp:241 [ERROR] Error: The input motor type is undefined, please check motor type!
2024-09-11 14:14:10,817 MotorDriver.cpp:241 [ERROR] Error: The input motor type is undefined, please check motor type!
2024-09-11 14:14:10,818 MotorDriver.cpp:241 [ERROR] Error: The input motor type is undefined, please check motor type!
2024-09-11 14:14:10,819 MotorDriver.cpp:241 [ERROR] Error: The input motor type is undefined, please check motor type!
2024-09-11 14:14:10,820 MotorDriver.cpp:241 [ERROR] Error: The input motor type is undefined, please check motor type!
2024-09-11 14:14:10,821 MotorDriver.cpp:241 [ERROR] Error: The input motor type is undefined, please check motor type!
2024-09-11 14:14:10,822 MotorDriver.cpp:241 [ERROR] Error: The input motor type is undefined, please check motor type!
2024-09-11 14:14:10,823 MotorDriver.cpp:241 [ERROR] Error: The input motor type is undefined, please check motor type!
2024-09-11 14:14:10,824 MotorDriver.cpp:241 [ERROR] Error: The input motor type is undefined, please check motor type!
2024-09-11 14:14:10,825 MotorDriver.cpp:241 [ERROR] Error: The input motor type is undefined, please check motor type!
2024-09-11 14:14:10,826 MotorDriver.cpp:241 [ERROR] Error: The input motor type is undefined, please check motor type!
2024-09-11 14:14:10,828 MotorDriver.cpp:241 [ERROR] Error: The input motor type is undefined, please check motor type!
2024-09-11 14:14:10,829 MotorDriver.cpp:241 [ERROR] Error: The input motor type is undefined, please check motor type!
2024-09-11 14:14:10,830 MotorDriver.cpp:241 [ERROR] Error: The input motor type is undefined, please check motor type!
2024-09-11 14:14:10,831 MotorDriver.cpp:241 [ERROR] Error: The input motor type is undefined, please check motor type!
2024-09-11 14:14:10,832 MotorDriver.cpp:241 [ERROR] Error: The input motor type is undefined, please check motor type!
2024-09-11 14:14:10,833 MotorDriver.cpp:241 [ERROR] Error: The input motor type is undefined, please check motor type!
2024-09-11 14:14:10,834 MotorDriver.cpp:241 [ERROR] Error: The input motor type is undefined, please check motor type!
2024-09-11 14:14:10,835 MotorDriver.cpp:241 [ERROR] Error: The input motor type is undefined, please check motor type!
2024-09-11 14:14:10,836 MotorDriver.cpp:241 [ERROR] Error: The input motor type is undefined, please check motor type!
2024-09-11 14:14:10,837 MotorDriver.cpp:241 [ERROR] Error: The input motor type is undefined, please check motor type!
2024-09-11 14:14:10,838 MotorDriver.cpp:241 [ERROR] Error: The input motor type is undefined, please check motor type!
2024-09-11 14:14:10,839 MotorDriver.cpp:241 [ERROR] Error: The input motor type is undefined, please check motor type!
2024-09-11 14:14:10,840 MotorDriver.cpp:241 [ERROR] Error: The input motor type is undefined, please check motor type!
2024-09-11 14:14:10,841 MotorDriver.cpp:241 [ERROR] Error: The input motor type is undefined, please check motor type!
2024-09-11 14:14:10,843 MotorDriver.cpp:241 [ERROR] Error: The input motor type is undefined, please check motor type!
2024-09-11 14:14:10,844 MotorDriver.cpp:241 [ERROR] Error: The input motor type is undefined, please check motor type!
2024-09-11 14:14:10,845 MotorDriver.cpp:241 [ERROR] Error: The input motor type is undefined, please check motor type!
2024-09-11 14:14:10,846 MotorDriver.cpp:241 [ERROR] Error: The input motor type is undefined, please check motor type!
2024-09-11 14:14:10,847 MotorDriver.cpp:241 [ERROR] Error: The input motor type is undefined, please check motor type!
2024-09-11 14:14:10,848 MotorDriver.cpp:241 [ERROR] Error: The input motor type is undefined, please check motor type!
2024-09-11 14:14:10,849 MotorDriver.cpp:241 [ERROR] Error: The input motor type is undefined, please check motor type!
2024-09-11 14:14:10,850 MotorDriver.cpp:241 [ERROR] Error: The input motor type is undefined, please check motor type!
2024-09-11 14:14:10,851 MotorDriver.cpp:241 [ERROR] Error: The input motor type is undefined, please check motor type!
2024-09-11 14:14:10,852 MotorDriver.cpp:241 [ERROR] Error: The input motor type is undefined, please check motor type!
2024-09-11 14:14:10,853 MotorDriver.cpp:241 [ERROR] Error: The input motor type is undefined, please check motor type!
2024-09-11 14:14:10,854 MotorDriver.cpp:241 [ERROR] Error: The input motor type is undefined, please check motor type!
2024-09-11 14:14:10,855 MotorDriver.cpp:241 [ERROR] Error: The input motor type is undefined, please check motor type!
2024-09-11 14:14:10,856 MotorDriver.cpp:241 [ERROR] Error: The input motor type is undefined, please check motor type!
2024-09-11 14:14:10,858 MotorDriver.cpp:241 [ERROR] Error: The input motor type is undefined, please check motor type!
2024-09-11 14:14:10,859 MotorDriver.cpp:241 [ERROR] Error: The input motor type is undefined, please check motor type!
2024-09-11 14:14:10,860 MotorDriver.cpp:241 [ERROR] Error: The input motor type is undefined, please check motor type!
2024-09-11 14:14:10,861 MotorDriver.cpp:241 [ERROR] Error: The input motor type is undefined, please check motor type!
2024-09-11 14:14:10,862 MotorDriver.cpp:241 [ERROR] Error: The input motor type is undefined, please check motor type!
2024-09-11 14:14:10,863 MotorDriver.cpp:241 [ERROR] Error: The input motor type is undefined, please check motor type!
2024-09-11 14:14:10,864 MotorDriver.cpp:241 [ERROR] Error: The input motor type is undefined, please check motor type!
2024-09-11 14:14:10,865 MotorDriver.cpp:241 [ERROR] Error: The input motor type is undefined, please check motor type!
2024-09-11 14:14:10,866 MotorDriver.cpp:241 [ERROR] Error: The input motor type is undefined, please check motor type!
2024-09-11 14:14:10,867 MotorDriver.cpp:241 [ERROR] Error: The input motor type is undefined, please check motor type!
2024-09-11 14:14:10,868 MotorDriver.cpp:241 [ERROR] Error: The input motor type is undefined, please check motor type!
2024-09-11 14:14:10,869 MotorDriver.cpp:241 [ERROR] Error: The input motor type is undefined, please check motor type!
2024-09-11 14:14:10,871 MotorDriver.cpp:241 [ERROR] Error: The input motor type is undefined, please check motor type!
2024-09-11 14:14:10,872 MotorDriver.cpp:241 [ERROR] Error: The input motor type is undefined, please check motor type!
2024-09-11 14:14:10,873 MotorDriver.cpp:241 [ERROR] Error: The input motor type is undefined, please check motor type!
2024-09-11 14:14:10,874 MotorDriver.cpp:241 [ERROR] Error: The input motor type is undefined, please check motor type!
2024-09-11 14:14:10,875 MotorDriver.cpp:241 [ERROR] Error: The input motor type is undefined, please check motor type!
2024-09-11 14:14:10,876 MotorDriver.cpp:241 [ERROR] Error: The input motor type is undefined, please check motor type!
2024-09-11 14:14:10,877 MotorDriver.cpp:241 [ERROR] Error: The input motor type is undefined, please check motor type!
2024-09-11 14:14:10,878 MotorDriver.cpp:241 [ERROR] Error: The input motor type is undefined, please check motor type!
2024-09-11 14:14:10,879 MotorDriver.cpp:241 [ERROR] Error: The input motor type is undefined, please check motor type!
2024-09-11 14:14:10,880 MotorDriver.cpp:241 [ERROR] Error: The input motor type is undefined, please check motor type!
2024-09-11 14:14:10,881 MotorDriver.cpp:241 [ERROR] Error: The input motor type is undefined, please check motor type!
2024-09-11 14:14:10,882 MotorDriver.cpp:241 [ERROR] Error: The input motor type is undefined, please check motor type!
2024-09-11 14:14:10,883 MotorDriver.cpp:241 [ERROR] Error: The input motor type is undefined, please check motor type!
2024-09-11 14:14:10,885 MotorDriver.cpp:241 [ERROR] Error: The input motor type is undefined, please check motor type!
2024-09-11 14:14:10,886 MotorDriver.cpp:241 [ERROR] Error: The input motor type is undefined, please check motor type!
2024-09-11 14:14:10,887 MotorDriver.cpp:241 [ERROR] Error: The input motor type is undefined, please check motor type!
2024-09-11 14:14:10,888 MotorDriver.cpp:241 [ERROR] Error: The input motor type is undefined, please check motor type!
2024-09-11 14:14:10,889 MotorDriver.cpp:241 [ERROR] Error: The input motor type is undefined, please check motor type!
2024-09-11 14:14:10,890 MotorDriver.cpp:241 [ERROR] Error: The input motor type is undefined, please check motor type!
2024-09-11 14:14:10,891 MotorDriver.cpp:241 [ERROR] Error: The input motor type is undefined, please check motor type!
2024-09-11 14:14:10,892 MotorDriver.cpp:241 [ERROR] Error: The input motor type is undefined, please check motor type!
2024-09-11 14:14:10,893 MotorDriver.cpp:241 [ERROR] Error: The input motor type is undefined, please check motor type!
2024-09-11 14:14:10,894 MotorDriver.cpp:241 [ERROR] Error: The input motor type is undefined, please check motor type!
2024-09-11 14:14:10,895 MotorDriver.cpp:241 [ERROR] Error: The input motor type is undefined, please check motor type!
2024-09-11 14:14:10,896 MotorDriver.cpp:241 [ERROR] Error: The input motor type is undefined, please check motor type!
2024-09-11 14:14:10,897 MotorDriver.cpp:241 [ERROR] Error: The input motor type is undefined, please check motor type!
2024-09-11 14:14:10,898 MotorDriver.cpp:241 [ERROR] Error: The input motor type is undefined, please check motor type!
2024-09-11 14:14:10,900 MotorDriver.cpp:241 [ERROR] Error: The input motor type is undefined, please check motor type!
2024-09-11 14:14:10,901 MotorDriver.cpp:241 [ERROR] Error: The input motor type is undefined, please check motor type!
2024-09-11 14:14:10,902 MotorDriver.cpp:241 [ERROR] Error: The input motor type is undefined, please check motor type!
2024-09-11 14:14:10,903 MotorDriver.cpp:241 [ERROR] Error: The input motor type is undefined, please check motor type!
2024-09-11 14:14:10,904 MotorDriver.cpp:241 [ERROR] Error: The input motor type is undefined, please check motor type!
2024-09-11 14:14:10,905 MotorDriver.cpp:241 [ERROR] Error: The input motor type is undefined, please check motor type!
2024-09-11 14:14:10,906 MotorDriver.cpp:241 [ERROR] Error: The input motor type is undefined, please check motor type!
2024-09-11 14:14:10,907 MotorDriver.cpp:241 [ERROR] Error: The input motor type is undefined, please check motor type!
2024-09-11 14:14:10,908 MotorDriver.cpp:241 [ERROR] Error: The input motor type is undefined, please check motor type!
2024-09-11 14:14:10,909 MotorDriver.cpp:241 [ERROR] Error: The input motor type is undefined, please check motor type!
2024-09-11 14:14:10,910 MotorDriver.cpp:241 [ERROR] Error: The input motor type is undefined, please check motor type!
2024-09-11 14:14:10,911 MotorDriver.cpp:241 [ERROR] Error: The input motor type is undefined, please check motor type!
2024-09-11 14:14:10,913 MotorDriver.cpp:241 [ERROR] Error: The input motor type is undefined, please check motor type!
2024-09-11 14:14:10,914 MotorDriver.cpp:241 [ERROR] Error: The input motor type is undefined, please check motor type!
2024-09-11 14:14:10,915 MotorDriver.cpp:241 [ERROR] Error: The input motor type is undefined, please check motor type!
2024-09-11 14:14:10,916 MotorDriver.cpp:241 [ERROR] Error: The input motor type is undefined, please check motor type!
2024-09-11 14:14:10,917 MotorDriver.cpp:241 [ERROR] Error: The input motor type is undefined, please check motor type!
2024-09-11 14:14:10,918 MotorDriver.cpp:241 [ERROR] Error: The input motor type is undefined, please check motor type!
2024-09-11 14:14:10,919 MotorDriver.cpp:241 [ERROR] Error: The input motor type is undefined, please check motor type!
2024-09-11 14:14:10,920 MotorDriver.cpp:241 [ERROR] Error: The input motor type is undefined, please check motor type!
2024-09-11 14:14:10,921 MotorDriver.cpp:241 [ERROR] Error: The input motor type is undefined, please check motor type!
2024-09-11 14:14:10,922 MotorDriver.cpp:241 [ERROR] Error: The input motor type is undefined, please check motor type!
2024-09-11 14:14:10,923 MotorDriver.cpp:241 [ERROR] Error: The input motor type is undefined, please check motor type!
2024-09-11 14:14:10,924 MotorDriver.cpp:241 [ERROR] Error: The input motor type is undefined, please check motor type!
2024-09-11 14:14:10,926 MotorDriver.cpp:241 [ERROR] Error: The input motor type is undefined, please check motor type!
2024-09-11 14:14:10,927 MotorDriver.cpp:241 [ERROR] Error: The input motor type is undefined, please check motor type!
2024-09-11 14:14:10,928 MotorDriver.cpp:241 [ERROR] Error: The input motor type is undefined, please check motor type!
2024-09-11 14:14:10,929 MotorDriver.cpp:241 [ERROR] Error: The input motor type is undefined, please check motor type!
2024-09-11 14:14:10,930 MotorDriver.cpp:241 [ERROR] Error: The input motor type is undefined, please check motor type!
2024-09-11 14:14:10,931 MotorDriver.cpp:241 [ERROR] Error: The input motor type is undefined, please check motor type!
2024-09-11 14:14:10,932 MotorDriver.cpp:241 [ERROR] Error: The input motor type is undefined, please check motor type!
2024-09-11 14:14:10,933 MotorDriver.cpp:241 [ERROR] Error: The input motor type is undefined, please check motor type!
2024-09-11 14:14:10,934 MotorDriver.cpp:241 [ERROR] Error: The input motor type is undefined, please check motor type!
2024-09-11 14:14:10,935 MotorDriver.cpp:241 [ERROR] Error: The input motor type is undefined, please check motor type!
2024-09-11 14:14:10,936 MotorDriver.cpp:241 [ERROR] Error: The input motor type is undefined, please check motor type!
2024-09-11 14:14:10,937 MotorDriver.cpp:241 [ERROR] Error: The input motor type is undefined, please check motor type!
2024-09-11 14:14:10,939 MotorDriver.cpp:241 [ERROR] Error: The input motor type is undefined, please check motor type!
2024-09-11 14:14:10,940 MotorDriver.cpp:241 [ERROR] Error: The input motor type is undefined, please check motor type!
2024-09-11 14:14:10,941 MotorDriver.cpp:241 [ERROR] Error: The input motor type is undefined, please check motor type!
2024-09-11 14:14:10,942 MotorDriver.cpp:241 [ERROR] Error: The input motor type is undefined, please check motor type!
2024-09-11 14:14:10,943 MotorDriver.cpp:241 [ERROR] Error: The input motor type is undefined, please check motor type!
2024-09-11 14:14:10,944 MotorDriver.cpp:241 [ERROR] Error: The input motor type is undefined, please check motor type!
2024-09-11 14:14:10,945 MotorDriver.cpp:241 [ERROR] Error: The input motor type is undefined, please check motor type!
2024-09-11 14:14:10,946 MotorDriver.cpp:241 [ERROR] Error: The input motor type is undefined, please check motor type!
2024-09-11 14:14:10,947 MotorDriver.cpp:241 [ERROR] Error: The input motor type is undefined, please check motor type!
2024-09-11 14:14:10,948 MotorDriver.cpp:241 [ERROR] Error: The input motor type is undefined, please check motor type!
2024-09-11 14:14:10,949 MotorDriver.cpp:241 [ERROR] Error: The input motor type is undefined, please check motor type!
2024-09-11 14:14:10,950 MotorDriver.cpp:241 [ERROR] Error: The input motor type is undefined, please check motor type!
2024-09-11 14:14:10,951 MotorDriver.cpp:241 [ERROR] Error: The input motor type is undefined, please check motor type!
2024-09-11 14:14:10,953 MotorDriver.cpp:241 [ERROR] Error: The input motor type is undefined, please check motor type!
2024-09-11 14:14:10,954 MotorDriver.cpp:241 [ERROR] Error: The input motor type is undefined, please check motor type!
2024-09-11 14:14:10,955 MotorDriver.cpp:241 [ERROR] Error: The input motor type is undefined, please check motor type!
2024-09-11 14:14:10,956 MotorDriver.cpp:241 [ERROR] Error: The input motor type is undefined, please check motor type!
2024-09-11 14:14:10,957 MotorDriver.cpp:241 [ERROR] Error: The input motor type is undefined, please check motor type!
2024-09-11 14:14:10,958 MotorDriver.cpp:241 [ERROR] Error: The input motor type is undefined, please check motor type!
2024-09-11 14:14:10,959 MotorDriver.cpp:241 [ERROR] Error: The input motor type is undefined, please check motor type!
2024-09-11 14:14:10,960 MotorDriver.cpp:241 [ERROR] Error: The input motor type is undefined, please check motor type!
2024-09-11 14:14:10,961 MotorDriver.cpp:241 [ERROR] Error: The input motor type is undefined, please check motor type!
2024-09-11 14:14:10,962 MotorDriver.cpp:241 [ERROR] Error: The input motor type is undefined, please check motor type!
2024-09-11 14:14:10,963 MotorDriver.cpp:241 [ERROR] Error: The input motor type is undefined, please check motor type!
2024-09-11 14:14:10,964 MotorDriver.cpp:241 [ERROR] Error: The input motor type is undefined, please check motor type!
2024-09-11 14:14:10,966 MotorDriver.cpp:241 [ERROR] Error: The input motor type is undefined, please check motor type!
2024-09-11 14:14:10,967 MotorDriver.cpp:241 [ERROR] Error: The input motor type is undefined, please check motor type!
2024-09-11 14:14:10,968 MotorDriver.cpp:241 [ERROR] Error: The input motor type is undefined, please check motor type!
2024-09-11 14:14:10,969 MotorDriver.cpp:241 [ERROR] Error: The input motor type is undefined, please check motor type!
2024-09-11 14:14:10,970 MotorDriver.cpp:241 [ERROR] Error: The input motor type is undefined, please check motor type!
2024-09-11 14:14:10,971 MotorDriver.cpp:241 [ERROR] Error: The input motor type is undefined, please check motor type!
2024-09-11 14:14:10,972 MotorDriver.cpp:241 [ERROR] Error: The input motor type is undefined, please check motor type!
2024-09-11 14:14:10,973 MotorDriver.cpp:241 [ERROR] Error: The input motor type is undefined, please check motor type!
2024-09-11 14:14:10,974 MotorDriver.cpp:241 [ERROR] Error: The input motor type is undefined, please check motor type!
2024-09-11 14:14:10,975 MotorDriver.cpp:241 [ERROR] Error: The input motor type is undefined, please check motor type!
2024-09-11 14:14:10,976 MotorDriver.cpp:241 [ERROR] Error: The input motor type is undefined, please check motor type!
2024-09-11 14:14:10,977 MotorDriver.cpp:241 [ERROR] Error: The input motor type is undefined, please check motor type!
2024-09-11 14:14:10,978 MotorDriver.cpp:241 [ERROR] Error: The input motor type is undefined, please check motor type!
2024-09-11 14:14:10,980 MotorDriver.cpp:241 [ERROR] Error: The input motor type is undefined, please check motor type!
2024-09-11 14:14:10,981 MotorDriver.cpp:241 [ERROR] Error: The input motor type is undefined, please check motor type!
2024-09-11 14:14:10,982 MotorDriver.cpp:241 [ERROR] Error: The input motor type is undefined, please check motor type!
2024-09-11 14:14:10,983 MotorDriver.cpp:241 [ERROR] Error: The input motor type is undefined, please check motor type!
2024-09-11 14:14:10,984 MotorDriver.cpp:241 [ERROR] Error: The input motor type is undefined, please check motor type!
2024-09-11 14:14:10,985 MotorDriver.cpp:241 [ERROR] Error: The input motor type is undefined, please check motor type!
2024-09-11 14:14:10,986 MotorDriver.cpp:241 [ERROR] Error: The input motor type is undefined, please check motor type!
2024-09-11 14:14:10,987 MotorDriver.cpp:241 [ERROR] Error: The input motor type is undefined, please check motor type!
2024-09-11 14:14:10,988 MotorDriver.cpp:241 [ERROR] Error: The input motor type is undefined, please check motor type!
2024-09-11 14:14:10,989 MotorDriver.cpp:241 [ERROR] Error: The input motor type is undefined, please check motor type!
2024-09-11 14:14:10,990 MotorDriver.cpp:241 [ERROR] Error: The input motor type is undefined, please check motor type!
2024-09-11 14:14:10,991 MotorDriver.cpp:241 [ERROR] Error: The input motor type is undefined, please check motor type!
2024-09-11 14:14:10,993 MotorDriver.cpp:241 [ERROR] Error: The input motor type is undefined, please check motor type!
2024-09-11 14:14:10,994 MotorDriver.cpp:241 [ERROR] Error: The input motor type is undefined, please check motor type!
2024-09-11 14:14:10,995 MotorDriver.cpp:241 [ERROR] Error: The input motor type is undefined, please check motor type!
2024-09-11 14:14:10,996 MotorDriver.cpp:241 [ERROR] Error: The input motor type is undefined, please check motor type!
2024-09-11 14:14:10,997 MotorDriver.cpp:241 [ERROR] Error: The input motor type is undefined, please check motor type!
2024-09-11 14:14:10,998 MotorDriver.cpp:241 [ERROR] Error: The input motor type is undefined, please check motor type!
2024-09-11 14:14:10,999 MotorDriver.cpp:241 [ERROR] Error: The input motor type is undefined, please check motor type!
2024-09-11 14:14:11,000 MotorDriver.cpp:241 [ERROR] Error: The input motor type is undefined, please check motor type!
2024-09-11 14:14:11,001 MotorDriver.cpp:241 [ERROR] Error: The input motor type is undefined, please check motor type!
2024-09-11 14:14:11,002 MotorDriver.cpp:241 [ERROR] Error: The input motor type is undefined, please check motor type!
2024-09-11 14:14:11,003 MotorDriver.cpp:241 [ERROR] Error: The input motor type is undefined, please check motor type!
2024-09-11 14:14:11,005 MotorDriver.cpp:241 [ERROR] Error: The input motor type is undefined, please check motor type!
2024-09-11 14:14:11,006 MotorDriver.cpp:241 [ERROR] Error: The input motor type is undefined, please check motor type!
2024-09-11 14:14:11,007 MotorDriver.cpp:241 [ERROR] Error: The input motor type is undefined, please check motor type!
2024-09-11 14:14:11,008 MotorDriver.cpp:241 [ERROR] Error: The input motor type is undefined, please check motor type!
2024-09-11 14:14:11,009 MotorDriver.cpp:241 [ERROR] Error: The input motor type is undefined, please check motor type!
2024-09-11 14:14:11,010 MotorDriver.cpp:241 [ERROR] Error: The input motor type is undefined, please check motor type!
2024-09-11 14:14:11,011 MotorDriver.cpp:241 [ERROR] Error: The input motor type is undefined, please check motor type!
2024-09-11 14:14:11,012 MotorDriver.cpp:241 [ERROR] Error: The input motor type is undefined, please check motor type!
2024-09-11 14:14:11,013 MotorDriver.cpp:241 [ERROR] Error: The input motor type is undefined, please check motor type!
2024-09-11 14:14:11,014 MotorDriver.cpp:241 [ERROR] Error: The input motor type is undefined, please check motor type!
2024-09-11 14:14:11,015 MotorDriver.cpp:241 [ERROR] Error: The input motor type is undefined, please check motor type!
2024-09-11 14:14:11,016 MotorDriver.cpp:241 [ERROR] Error: The input motor type is undefined, please check motor type!
2024-09-11 14:14:11,017 MotorDriver.cpp:241 [ERROR] Error: The input motor type is undefined, please check motor type!
2024-09-11 14:14:11,019 MotorDriver.cpp:241 [ERROR] Error: The input motor type is undefined, please check motor type!
2024-09-11 14:14:11,020 MotorDriver.cpp:241 [ERROR] Error: The input motor type is undefined, please check motor type!
2024-09-11 14:14:11,021 MotorDriver.cpp:241 [ERROR] Error: The input motor type is undefined, please check motor type!
2024-09-11 14:14:11,022 MotorDriver.cpp:241 [ERROR] Error: The input motor type is undefined, please check motor type!
2024-09-11 14:14:11,023 MotorDriver.cpp:241 [ERROR] Error: The input motor type is undefined, please check motor type!
2024-09-11 14:14:11,024 MotorDriver.cpp:241 [ERROR] Error: The input motor type is undefined, please check motor type!
2024-09-11 14:14:11,025 MotorDriver.cpp:241 [ERROR] Error: The input motor type is undefined, please check motor type!
2024-09-11 14:14:11,026 MotorDriver.cpp:241 [ERROR] Error: The input motor type is undefined, please check motor type!
2024-09-11 14:14:11,027 MotorDriver.cpp:241 [ERROR] Error: The input motor type is undefined, please check motor type!
2024-09-11 14:14:11,028 MotorDriver.cpp:241 [ERROR] Error: The input motor type is undefined, please check motor type!
2024-09-11 14:14:11,029 MotorDriver.cpp:241 [ERROR] Error: The input motor type is undefined, please check motor type!
2024-09-11 14:14:11,030 MotorDriver.cpp:241 [ERROR] Error: The input motor type is undefined, please check motor type!
2024-09-11 14:14:11,031 MotorDriver.cpp:241 [ERROR] Error: The input motor type is undefined, please check motor type!
2024-09-11 14:14:11,033 MotorDriver.cpp:241 [ERROR] Error: The input motor type is undefined, please check motor type!
2024-09-11 14:14:11,034 MotorDriver.cpp:241 [ERROR] Error: The input motor type is undefined, please check motor type!
2024-09-11 14:14:11,035 MotorDriver.cpp:241 [ERROR] Error: The input motor type is undefined, please check motor type!
2024-09-11 14:14:11,036 MotorDriver.cpp:241 [ERROR] Error: The input motor type is undefined, please check motor type!
2024-09-11 14:14:11,037 MotorDriver.cpp:241 [ERROR] Error: The input motor type is undefined, please check motor type!
2024-09-11 14:14:11,038 MotorDriver.cpp:241 [ERROR] Error: The input motor type is undefined, please check motor type!
2024-09-11 14:14:11,039 MotorDriver.cpp:241 [ERROR] Error: The input motor type is undefined, please check motor type!
2024-09-11 14:14:11,040 MotorDriver.cpp:241 [ERROR] Error: The input motor type is undefined, please check motor type!
2024-09-11 14:14:11,041 MotorDriver.cpp:241 [ERROR] Error: The input motor type is undefined, please check motor type!
2024-09-11 14:14:11,042 MotorDriver.cpp:241 [ERROR] Error: The input motor type is undefined, please check motor type!
2024-09-11 14:14:11,043 MotorDriver.cpp:241 [ERROR] Error: The input motor type is undefined, please check motor type!
2024-09-11 14:14:11,044 MotorDriver.cpp:241 [ERROR] Error: The input motor type is undefined, please check motor type!
2024-09-11 14:14:11,046 MotorDriver.cpp:241 [ERROR] Error: The input motor type is undefined, please check motor type!
2024-09-11 14:14:11,047 MotorDriver.cpp:241 [ERROR] Error: The input motor type is undefined, please check motor type!
2024-09-11 14:14:11,048 MotorDriver.cpp:241 [ERROR] Error: The input motor type is undefined, please check motor type!
2024-09-11 14:14:11,049 MotorDriver.cpp:241 [ERROR] Error: The input motor type is undefined, please check motor type!
2024-09-11 14:14:11,050 MotorDriver.cpp:241 [ERROR] Error: The input motor type is undefined, please check motor type!
2024-09-11 14:14:11,051 MotorDriver.cpp:241 [ERROR] Error: The input motor type is undefined, please check motor type!
2024-09-11 14:14:11,052 MotorDriver.cpp:241 [ERROR] Error: The input motor type is undefined, please check motor type!
2024-09-11 14:14:11,053 MotorDriver.cpp:241 [ERROR] Error: The input motor type is undefined, please check motor type!
2024-09-11 14:14:11,054 MotorDriver.cpp:241 [ERROR] Error: The input motor type is undefined, please check motor type!
2024-09-11 14:14:11,055 MotorDriver.cpp:241 [ERROR] Error: The input motor type is undefined, please check motor type!
2024-09-11 14:14:11,056 MotorDriver.cpp:241 [ERROR] Error: The input motor type is undefined, please check motor type!
2024-09-11 14:14:11,058 MotorDriver.cpp:241 [ERROR] Error: The input motor type is undefined, please check motor type!
2024-09-11 14:14:11,059 MotorDriver.cpp:241 [ERROR] Error: The input motor type is undefined, please check motor type!
2024-09-11 14:14:11,060 MotorDriver.cpp:241 [ERROR] Error: The input motor type is undefined, please check motor type!
2024-09-11 14:14:11,061 MotorDriver.cpp:241 [ERROR] Error: The input motor type is undefined, please check motor type!
2024-09-11 14:14:11,062 MotorDriver.cpp:241 [ERROR] Error: The input motor type is undefined, please check motor type!
2024-09-11 14:14:11,063 MotorDriver.cpp:241 [ERROR] Error: The input motor type is undefined, please check motor type!
2024-09-11 14:14:11,064 MotorDriver.cpp:241 [ERROR] Error: The input motor type is undefined, please check motor type!
2024-09-11 14:14:11,065 MotorDriver.cpp:241 [ERROR] Error: The input motor type is undefined, please check motor type!
2024-09-11 14:14:11,066 MotorDriver.cpp:241 [ERROR] Error: The input motor type is undefined, please check motor type!
2024-09-11 14:14:11,067 MotorDriver.cpp:241 [ERROR] Error: The input motor type is undefined, please check motor type!
2024-09-11 14:14:11,068 MotorDriver.cpp:241 [ERROR] Error: The input motor type is undefined, please check motor type!
2024-09-11 14:14:11,069 MotorDriver.cpp:241 [ERROR] Error: The input motor type is undefined, please check motor type!
2024-09-11 14:14:11,070 MotorDriver.cpp:241 [ERROR] Error: The input motor type is undefined, please check motor type!
2024-09-11 14:14:11,072 MotorDriver.cpp:241 [ERROR] Error: The input motor type is undefined, please check motor type!
2024-09-11 14:14:11,073 MotorDriver.cpp:241 [ERROR] Error: The input motor type is undefined, please check motor type!
2024-09-11 14:14:11,074 MotorDriver.cpp:241 [ERROR] Error: The input motor type is undefined, please check motor type!
2024-09-11 14:14:11,075 MotorDriver.cpp:241 [ERROR] Error: The input motor type is undefined, please check motor type!
2024-09-11 14:14:11,076 MotorDriver.cpp:241 [ERROR] Error: The input motor type is undefined, please check motor type!
2024-09-11 14:14:11,077 MotorDriver.cpp:241 [ERROR] Error: The input motor type is undefined, please check motor type!
2024-09-11 14:14:11,078 MotorDriver.cpp:241 [ERROR] Error: The input motor type is undefined, please check motor type!
2024-09-11 14:14:11,079 MotorDriver.cpp:241 [ERROR] Error: The input motor type is undefined, please check motor type!
2024-09-11 14:14:11,080 MotorDriver.cpp:241 [ERROR] Error: The input motor type is undefined, please check motor type!
2024-09-11 14:14:11,081 MotorDriver.cpp:241 [ERROR] Error: The input motor type is undefined, please check motor type!
2024-09-11 14:14:11,082 MotorDriver.cpp:241 [ERROR] Error: The input motor type is undefined, please check motor type!
2024-09-11 14:14:11,083 MotorDriver.cpp:241 [ERROR] Error: The input motor type is undefined, please check motor type!
2024-09-11 14:14:11,084 MotorDriver.cpp:241 [ERROR] Error: The input motor type is undefined, please check motor type!
2024-09-11 14:14:11,086 MotorDriver.cpp:241 [ERROR] Error: The input motor type is undefined, please check motor type!
2024-09-11 14:14:11,087 MotorDriver.cpp:241 [ERROR] Error: The input motor type is undefined, please check motor type!
2024-09-11 14:14:11,088 MotorDriver.cpp:241 [ERROR] Error: The input motor type is undefined, please check motor type!
2024-09-11 14:14:11,089 MotorDriver.cpp:241 [ERROR] Error: The input motor type is undefined, please check motor type!
2024-09-11 14:14:11,090 MotorDriver.cpp:241 [ERROR] Error: The input motor type is undefined, please check motor type!
2024-09-11 14:14:11,091 MotorDriver.cpp:241 [ERROR] Error: The input motor type is undefined, please check motor type!
2024-09-11 14:14:11,092 MotorDriver.cpp:241 [ERROR] Error: The input motor type is undefined, please check motor type!
2024-09-11 14:14:11,093 MotorDriver.cpp:241 [ERROR] Error: The input motor type is undefined, please check motor type!
2024-09-11 14:14:11,094 MotorDriver.cpp:241 [ERROR] Error: The input motor type is undefined, please check motor type!
2024-09-11 14:14:11,095 MotorDriver.cpp:241 [ERROR] Error: The input motor type is undefined, please check motor type!
2024-09-11 14:14:11,096 MotorDriver.cpp:241 [ERROR] Error: The input motor type is undefined, please check motor type!
2024-09-11 14:14:11,097 MotorDriver.cpp:241 [ERROR] Error: The input motor type is undefined, please check motor type!
2024-09-11 14:14:11,099 MotorDriver.cpp:241 [ERROR] Error: The input motor type is undefined, please check motor type!
2024-09-11 14:14:11,100 MotorDriver.cpp:241 [ERROR] Error: The input motor type is undefined, please check motor type!
2024-09-11 14:14:11,101 MotorDriver.cpp:241 [ERROR] Error: The input motor type is undefined, please check motor type!
2024-09-11 14:14:11,102 MotorDriver.cpp:241 [ERROR] Error: The input motor type is undefined, please check motor type!
2024-09-11 14:14:11,103 MotorDriver.cpp:241 [ERROR] Error: The input motor type is undefined, please check motor type!
2024-09-11 14:14:11,104 MotorDriver.cpp:241 [ERROR] Error: The input motor type is undefined, please check motor type!
2024-09-11 14:14:11,105 MotorDriver.cpp:241 [ERROR] Error: The input motor type is undefined, please check motor type!
2024-09-11 14:14:11,106 MotorDriver.cpp:241 [ERROR] Error: The input motor type is undefined, please check motor type!
2024-09-11 14:14:11,107 MotorDriver.cpp:241 [ERROR] Error: The input motor type is undefined, please check motor type!
2024-09-11 14:14:11,108 MotorDriver.cpp:241 [ERROR] Error: The input motor type is undefined, please check motor type!
2024-09-11 14:14:11,109 MotorDriver.cpp:241 [ERROR] Error: The input motor type is undefined, please check motor type!
2024-09-11 14:14:11,110 MotorDriver.cpp:241 [ERROR] Error: The input motor type is undefined, please check motor type!
2024-09-11 14:14:11,111 MotorDriver.cpp:241 [ERROR] Error: The input motor type is undefined, please check motor type!
2024-09-11 14:14:11,112 MotorDriver.cpp:241 [ERROR] Error: The input motor type is undefined, please check motor type!
2024-09-11 14:14:11,114 MotorDriver.cpp:241 [ERROR] Error: The input motor type is undefined, please check motor type!
2024-09-11 14:14:11,115 MotorDriver.cpp:241 [ERROR] Error: The input motor type is undefined, please check motor type!
2024-09-11 14:14:11,116 MotorDriver.cpp:241 [ERROR] Error: The input motor type is undefined, please check motor type!
2024-09-11 14:14:11,117 MotorDriver.cpp:241 [ERROR] Error: The input motor type is undefined, please check motor type!
2024-09-11 14:14:11,118 MotorDriver.cpp:241 [ERROR] Error: The input motor type is undefined, please check motor type!
2024-09-11 14:14:11,119 MotorDriver.cpp:241 [ERROR] Error: The input motor type is undefined, please check motor type!
2024-09-11 14:14:11,120 MotorDriver.cpp:241 [ERROR] Error: The input motor type is undefined, please check motor type!
2024-09-11 14:14:11,121 MotorDriver.cpp:241 [ERROR] Error: The input motor type is undefined, please check motor type!
2024-09-11 14:14:11,122 MotorDriver.cpp:241 [ERROR] Error: The input motor type is undefined, please check motor type!
2024-09-11 14:14:11,123 MotorDriver.cpp:241 [ERROR] Error: The input motor type is undefined, please check motor type!
2024-09-11 14:14:11,124 MotorDriver.cpp:241 [ERROR] Error: The input motor type is undefined, please check motor type!
2024-09-11 14:14:11,125 MotorDriver.cpp:241 [ERROR] Error: The input motor type is undefined, please check motor type!
2024-09-11 14:14:11,127 MotorDriver.cpp:241 [ERROR] Error: The input motor type is undefined, please check motor type!
2024-09-11 14:14:11,128 MotorDriver.cpp:241 [ERROR] Error: The input motor type is undefined, please check motor type!
2024-09-11 14:14:11,129 MotorDriver.cpp:241 [ERROR] Error: The input motor type is undefined, please check motor type!
2024-09-11 14:14:11,130 MotorDriver.cpp:241 [ERROR] Error: The input motor type is undefined, please check motor type!
2024-09-11 14:14:11,134 MotorDriver.cpp:241 [ERROR] Error: The input motor type is undefined, please check motor type!
2024-09-11 14:14:11,135 MotorDriver.cpp:241 [ERROR] Error: The input motor type is undefined, please check motor type!
2024-09-11 14:14:11,137 MotorDriver.cpp:241 [ERROR] Error: The input motor type is undefined, please check motor type!
2024-09-11 14:14:11,138 MotorDriver.cpp:241 [ERROR] Error: The input motor type is undefined, please check motor type!
2024-09-11 14:14:11,139 MotorDriver.cpp:241 [ERROR] Error: The input motor type is undefined, please check motor type!
2024-09-11 14:14:11,140 MotorDriver.cpp:241 [ERROR] Error: The input motor type is undefined, please check motor type!
2024-09-11 14:14:11,141 MotorDriver.cpp:241 [ERROR] Error: The input motor type is undefined, please check motor type!
2024-09-11 14:14:11,142 MotorDriver.cpp:241 [ERROR] Error: The input motor type is undefined, please check motor type!
2024-09-11 14:14:11,143 MotorDriver.cpp:241 [ERROR] Error: The input motor type is undefined, please check motor type!
2024-09-11 14:14:11,144 MotorDriver.cpp:241 [ERROR] Error: The input motor type is undefined, please check motor type!
2024-09-11 14:14:11,145 MotorDriver.cpp:241 [ERROR] Error: The input motor type is undefined, please check motor type!
2024-09-11 14:14:11,146 MotorDriver.cpp:241 [ERROR] Error: The input motor type is undefined, please check motor type!
2024-09-11 14:14:11,147 MotorDriver.cpp:241 [ERROR] Error: The input motor type is undefined, please check motor type!
2024-09-11 14:14:11,148 MotorDriver.cpp:241 [ERROR] Error: The input motor type is undefined, please check motor type!
2024-09-11 14:14:11,150 MotorDriver.cpp:241 [ERROR] Error: The input motor type is undefined, please check motor type!
2024-09-11 14:14:11,151 MotorDriver.cpp:241 [ERROR] Error: The input motor type is undefined, please check motor type!
2024-09-11 14:14:11,152 MotorDriver.cpp:241 [ERROR] Error: The input motor type is undefined, please check motor type!
2024-09-11 14:14:11,153 MotorDriver.cpp:241 [ERROR] Error: The input motor type is undefined, please check motor type!
2024-09-11 14:14:11,154 MotorDriver.cpp:241 [ERROR] Error: The input motor type is undefined, please check motor type!
2024-09-11 14:14:11,155 MotorDriver.cpp:241 [ERROR] Error: The input motor type is undefined, please check motor type!
2024-09-11 14:14:11,156 MotorDriver.cpp:241 [ERROR] Error: The input motor type is undefined, please check motor type!
2024-09-11 14:14:11,157 MotorDriver.cpp:241 [ERROR] Error: The input motor type is undefined, please check motor type!
2024-09-11 14:14:11,158 MotorDriver.cpp:241 [ERROR] Error: The input motor type is undefined, please check motor type!
2024-09-11 14:14:11,159 MotorDriver.cpp:241 [ERROR] Error: The input motor type is undefined, please check motor type!
2024-09-11 14:14:11,160 MotorDriver.cpp:241 [ERROR] Error: The input motor type is undefined, please check motor type!
2024-09-11 14:14:11,161 MotorDriver.cpp:241 [ERROR] Error: The input motor type is undefined, please check motor type!
2024-09-11 14:14:11,162 MotorDriver.cpp:241 [ERROR] Error: The input motor type is undefined, please check motor type!
2024-09-11 14:14:11,164 MotorDriver.cpp:241 [ERROR] Error: The input motor type is undefined, please check motor type!
2024-09-11 14:14:11,165 MotorDriver.cpp:241 [ERROR] Error: The input motor type is undefined, please check motor type!
2024-09-11 14:14:11,166 MotorDriver.cpp:241 [ERROR] Error: The input motor type is undefined, please check motor type!
2024-09-11 14:14:11,167 MotorDriver.cpp:241 [ERROR] Error: The input motor type is undefined, please check motor type!
2024-09-11 14:14:11,168 MotorDriver.cpp:241 [ERROR] Error: The input motor type is undefined, please check motor type!
2024-09-11 14:14:11,169 MotorDriver.cpp:241 [ERROR] Error: The input motor type is undefined, please check motor type!
2024-09-11 14:14:11,170 MotorDriver.cpp:241 [ERROR] Error: The input motor type is undefined, please check motor type!
2024-09-11 14:14:11,171 MotorDriver.cpp:241 [ERROR] Error: The input motor type is undefined, please check motor type!
2024-09-11 14:14:11,172 MotorDriver.cpp:241 [ERROR] Error: The input motor type is undefined, please check motor type!
2024-09-11 14:14:11,173 MotorDriver.cpp:241 [ERROR] Error: The input motor type is undefined, please check motor type!
2024-09-11 14:14:11,174 MotorDriver.cpp:241 [ERROR] Error: The input motor type is undefined, please check motor type!
2024-09-11 14:14:11,176 MotorDriver.cpp:241 [ERROR] Error: The input motor type is undefined, please check motor type!
2024-09-11 14:14:11,177 MotorDriver.cpp:241 [ERROR] Error: The input motor type is undefined, please check motor type!
2024-09-11 14:14:11,178 MotorDriver.cpp:241 [ERROR] Error: The input motor type is undefined, please check motor type!
2024-09-11 14:14:11,179 MotorDriver.cpp:241 [ERROR] Error: The input motor type is undefined, please check motor type!
2024-09-11 14:14:11,180 MotorDriver.cpp:241 [ERROR] Error: The input motor type is undefined, please check motor type!
2024-09-11 14:14:11,181 MotorDriver.cpp:241 [ERROR] Error: The input motor type is undefined, please check motor type!
2024-09-11 14:14:11,182 MotorDriver.cpp:241 [ERROR] Error: The input motor type is undefined, please check motor type!
2024-09-11 14:14:11,183 MotorDriver.cpp:241 [ERROR] Error: The input motor type is undefined, please check motor type!
2024-09-11 14:14:11,184 MotorDriver.cpp:241 [ERROR] Error: The input motor type is undefined, please check motor type!
2024-09-11 14:14:11,185 MotorDriver.cpp:241 [ERROR] Error: The input motor type is undefined, please check motor type!
2024-09-11 14:14:11,186 MotorDriver.cpp:241 [ERROR] Error: The input motor type is undefined, please check motor type!
2024-09-11 14:14:11,187 MotorDriver.cpp:241 [ERROR] Error: The input motor type is undefined, please check motor type!
2024-09-11 14:14:11,188 MotorDriver.cpp:241 [ERROR] Error: The input motor type is undefined, please check motor type!
2024-09-11 14:14:11,189 MotorDriver.cpp:241 [ERROR] Error: The input motor type is undefined, please check motor type!
2024-09-11 14:14:11,190 MotorDriver.cpp:241 [ERROR] Error: The input motor type is undefined, please check motor type!
2024-09-11 14:14:11,192 MotorDriver.cpp:241 [ERROR] Error: The input motor type is undefined, please check motor type!
2024-09-11 14:14:11,193 MotorDriver.cpp:241 [ERROR] Error: The input motor type is undefined, please check motor type!
2024-09-11 14:14:11,194 MotorDriver.cpp:241 [ERROR] Error: The input motor type is undefined, please check motor type!
2024-09-11 14:14:11,195 MotorDriver.cpp:241 [ERROR] Error: The input motor type is undefined, please check motor type!
2024-09-11 14:14:11,196 MotorDriver.cpp:241 [ERROR] Error: The input motor type is undefined, please check motor type!
2024-09-11 14:14:11,197 MotorDriver.cpp:241 [ERROR] Error: The input motor type is undefined, please check motor type!
2024-09-11 14:14:11,198 MotorDriver.cpp:241 [ERROR] Error: The input motor type is undefined, please check motor type!
2024-09-11 14:14:11,199 MotorDriver.cpp:241 [ERROR] Error: The input motor type is undefined, please check motor type!
2024-09-11 14:14:11,200 MotorDriver.cpp:241 [ERROR] Error: The input motor type is undefined, please check motor type!
2024-09-11 14:14:11,201 MotorDriver.cpp:241 [ERROR] Error: The input motor type is undefined, please check motor type!
2024-09-11 14:14:11,202 MotorDriver.cpp:241 [ERROR] Error: The input motor type is undefined, please check motor type!
2024-09-11 14:14:11,204 MotorDriver.cpp:241 [ERROR] Error: The input motor type is undefined, please check motor type!
2024-09-11 14:14:11,205 MotorDriver.cpp:241 [ERROR] Error: The input motor type is undefined, please check motor type!
2024-09-11 14:14:11,206 MotorDriver.cpp:241 [ERROR] Error: The input motor type is undefined, please check motor type!
2024-09-11 14:14:11,207 MotorDriver.cpp:241 [ERROR] Error: The input motor type is undefined, please check motor type!
2024-09-11 14:14:11,208 MotorDriver.cpp:241 [ERROR] Error: The input motor type is undefined, please check motor type!
2024-09-11 14:14:11,209 MotorDriver.cpp:241 [ERROR] Error: The input motor type is undefined, please check motor type!
2024-09-11 14:14:11,210 MotorDriver.cpp:241 [ERROR] Error: The input motor type is undefined, please check motor type!
2024-09-11 14:14:11,211 MotorDriver.cpp:241 [ERROR] Error: The input motor type is undefined, please check motor type!
2024-09-11 14:14:11,212 MotorDriver.cpp:241 [ERROR] Error: The input motor type is undefined, please check motor type!
2024-09-11 14:14:11,213 MotorDriver.cpp:241 [ERROR] Error: The input motor type is undefined, please check motor type!
2024-09-11 14:14:11,214 MotorDriver.cpp:241 [ERROR] Error: The input motor type is undefined, please check motor type!
2024-09-11 14:14:11,215 MotorDriver.cpp:241 [ERROR] Error: The input motor type is undefined, please check motor type!
2024-09-11 14:14:11,217 MotorDriver.cpp:241 [ERROR] Error: The input motor type is undefined, please check motor type!
2024-09-11 14:14:11,218 MotorDriver.cpp:241 [ERROR] Error: The input motor type is undefined, please check motor type!
2024-09-11 14:14:11,219 MotorDriver.cpp:241 [ERROR] Error: The input motor type is undefined, please check motor type!
2024-09-11 14:14:11,220 MotorDriver.cpp:241 [ERROR] Error: The input motor type is undefined, please check motor type!
2024-09-11 14:14:11,221 MotorDriver.cpp:241 [ERROR] Error: The input motor type is undefined, please check motor type!
2024-09-11 14:14:11,222 MotorDriver.cpp:241 [ERROR] Error: The input motor type is undefined, please check motor type!
2024-09-11 14:14:11,223 MotorDriver.cpp:241 [ERROR] Error: The input motor type is undefined, please check motor type!
2024-09-11 14:14:11,224 MotorDriver.cpp:241 [ERROR] Error: The input motor type is undefined, please check motor type!
2024-09-11 14:14:11,225 MotorDriver.cpp:241 [ERROR] Error: The input motor type is undefined, please check motor type!
2024-09-11 14:14:11,226 MotorDriver.cpp:241 [ERROR] Error: The input motor type is undefined, please check motor type!
2024-09-11 14:14:11,227 MotorDriver.cpp:241 [ERROR] Error: The input motor type is undefined, please check motor type!
2024-09-11 14:14:11,228 MotorDriver.cpp:241 [ERROR] Error: The input motor type is undefined, please check motor type!
2024-09-11 14:14:11,229 MotorDriver.cpp:241 [ERROR] Error: The input motor type is undefined, please check motor type!
2024-09-11 14:14:11,230 MotorDriver.cpp:241 [ERROR] Error: The input motor type is undefined, please check motor type!
2024-09-11 14:14:11,231 MotorDriver.cpp:241 [ERROR] Error: The input motor type is undefined, please check motor type!
2024-09-11 14:14:11,233 MotorDriver.cpp:241 [ERROR] Error: The input motor type is undefined, please check motor type!
2024-09-11 14:14:11,234 MotorDriver.cpp:241 [ERROR] Error: The input motor type is undefined, please check motor type!
2024-09-11 14:14:11,235 MotorDriver.cpp:241 [ERROR] Error: The input motor type is undefined, please check motor type!
2024-09-11 14:14:11,236 MotorDriver.cpp:241 [ERROR] Error: The input motor type is undefined, please check motor type!
2024-09-11 14:14:11,237 MotorDriver.cpp:241 [ERROR] Error: The input motor type is undefined, please check motor type!
2024-09-11 14:14:11,238 MotorDriver.cpp:241 [ERROR] Error: The input motor type is undefined, please check motor type!
2024-09-11 14:14:11,239 MotorDriver.cpp:241 [ERROR] Error: The input motor type is undefined, please check motor type!
2024-09-11 14:14:11,240 MotorDriver.cpp:241 [ERROR] Error: The input motor type is undefined, please check motor type!
2024-09-11 14:14:11,241 MotorDriver.cpp:241 [ERROR] Error: The input motor type is undefined, please check motor type!
2024-09-11 14:14:11,242 MotorDriver.cpp:241 [ERROR] Error: The input motor type is undefined, please check motor type!
2024-09-11 14:14:11,243 MotorDriver.cpp:241 [ERROR] Error: The input motor type is undefined, please check motor type!
2024-09-11 14:14:11,244 MotorDriver.cpp:241 [ERROR] Error: The input motor type is undefined, please check motor type!
2024-09-11 14:14:11,245 MotorDriver.cpp:241 [ERROR] Error: The input motor type is undefined, please check motor type!
2024-09-11 14:14:11,246 MotorDriver.cpp:241 [ERROR] Error: The input motor type is undefined, please check motor type!
2024-09-11 14:14:11,247 MotorDriver.cpp:241 [ERROR] Error: The input motor type is undefined, please check motor type!
2024-09-11 14:14:11,248 MotorDriver.cpp:241 [ERROR] Error: The input motor type is undefined, please check motor type!
2024-09-11 14:14:11,250 MotorDriver.cpp:241 [ERROR] Error: The input motor type is undefined, please check motor type!
2024-09-11 14:14:11,251 MotorDriver.cpp:241 [ERROR] Error: The input motor type is undefined, please check motor type!
2024-09-11 14:14:11,252 MotorDriver.cpp:241 [ERROR] Error: The input motor type is undefined, please check motor type!
2024-09-11 14:14:11,253 MotorDriver.cpp:241 [ERROR] Error: The input motor type is undefined, please check motor type!
2024-09-11 14:14:11,254 MotorDriver.cpp:241 [ERROR] Error: The input motor type is undefined, please check motor type!
2024-09-11 14:14:11,255 MotorDriver.cpp:241 [ERROR] Error: The input motor type is undefined, please check motor type!
2024-09-11 14:14:11,256 MotorDriver.cpp:241 [ERROR] Error: The input motor type is undefined, please check motor type!
2024-09-11 14:14:11,257 MotorDriver.cpp:241 [ERROR] Error: The input motor type is undefined, please check motor type!
2024-09-11 14:14:11,258 MotorDriver.cpp:241 [ERROR] Error: The input motor type is undefined, please check motor type!
2024-09-11 14:14:11,259 MotorDriver.cpp:241 [ERROR] Error: The input motor type is undefined, please check motor type!
2024-09-11 14:14:11,260 MotorDriver.cpp:241 [ERROR] Error: The input motor type is undefined, please check motor type!
2024-09-11 14:14:11,261 MotorDriver.cpp:241 [ERROR] Error: The input motor type is undefined, please check motor type!
2024-09-11 14:14:11,262 MotorDriver.cpp:241 [ERROR] Error: The input motor type is undefined, please check motor type!
2024-09-11 14:14:11,263 MotorDriver.cpp:241 [ERROR] Error: The input motor type is undefined, please check motor type!
2024-09-11 14:14:11,264 MotorDriver.cpp:241 [ERROR] Error: The input motor type is undefined, please check motor type!
2024-09-11 14:14:11,265 MotorDriver.cpp:241 [ERROR] Error: The input motor type is undefined, please check motor type!
2024-09-11 14:14:11,267 MotorDriver.cpp:241 [ERROR] Error: The input motor type is undefined, please check motor type!
2024-09-11 14:14:11,268 MotorDriver.cpp:241 [ERROR] Error: The input motor type is undefined, please check motor type!
2024-09-11 14:14:11,269 MotorDriver.cpp:241 [ERROR] Error: The input motor type is undefined, please check motor type!
2024-09-11 14:14:11,270 MotorDriver.cpp:241 [ERROR] Error: The input motor type is undefined, please check motor type!
2024-09-11 14:14:11,271 MotorDriver.cpp:241 [ERROR] Error: The input motor type is undefined, please check motor type!
2024-09-11 14:14:11,272 MotorDriver.cpp:241 [ERROR] Error: The input motor type is undefined, please check motor type!
2024-09-11 14:14:11,273 MotorDriver.cpp:241 [ERROR] Error: The input motor type is undefined, please check motor type!
2024-09-11 14:14:11,274 MotorDriver.cpp:241 [ERROR] Error: The input motor type is undefined, please check motor type!
2024-09-11 14:14:11,275 MotorDriver.cpp:241 [ERROR] Error: The input motor type is undefined, please check motor type!
2024-09-11 14:14:11,276 MotorDriver.cpp:241 [ERROR] Error: The input motor type is undefined, please check motor type!
2024-09-11 14:14:11,277 MotorDriver.cpp:241 [ERROR] Error: The input motor type is undefined, please check motor type!
2024-09-11 14:14:11,278 MotorDriver.cpp:241 [ERROR] Error: The input motor type is undefined, please check motor type!
2024-09-11 14:14:11,279 MotorDriver.cpp:241 [ERROR] Error: The input motor type is undefined, please check motor type!
2024-09-11 14:14:11,280 MotorDriver.cpp:241 [ERROR] Error: The input motor type is undefined, please check motor type!
2024-09-11 14:14:11,281 MotorDriver.cpp:241 [ERROR] Error: The input motor type is undefined, please check motor type!
2024-09-11 14:14:11,282 MotorDriver.cpp:241 [ERROR] Error: The input motor type is undefined, please check motor type!
2024-09-11 14:14:11,284 MotorDriver.cpp:241 [ERROR] Error: The input motor type is undefined, please check motor type!
2024-09-11 14:14:11,285 MotorDriver.cpp:241 [ERROR] Error: The input motor type is undefined, please check motor type!
2024-09-11 14:14:11,286 MotorDriver.cpp:241 [ERROR] Error: The input motor type is undefined, please check motor type!
2024-09-11 14:14:11,287 MotorDriver.cpp:241 [ERROR] Error: The input motor type is undefined, please check motor type!
2024-09-11 14:14:11,288 MotorDriver.cpp:241 [ERROR] Error: The input motor type is undefined, please check motor type!
2024-09-11 14:14:11,289 MotorDriver.cpp:241 [ERROR] Error: The input motor type is undefined, please check motor type!
2024-09-11 14:14:11,290 MotorDriver.cpp:241 [ERROR] Error: The input motor type is undefined, please check motor type!
2024-09-11 14:14:11,291 MotorDriver.cpp:241 [ERROR] Error: The input motor type is undefined, please check motor type!
2024-09-11 14:14:11,292 MotorDriver.cpp:241 [ERROR] Error: The input motor type is undefined, please check motor type!
2024-09-11 14:14:11,293 MotorDriver.cpp:241 [ERROR] Error: The input motor type is undefined, please check motor type!
2024-09-11 14:14:11,294 MotorDriver.cpp:241 [ERROR] Error: The input motor type is undefined, please check motor type!
2024-09-11 14:14:11,295 MotorDriver.cpp:241 [ERROR] Error: The input motor type is undefined, please check motor type!
2024-09-11 14:14:11,296 MotorDriver.cpp:241 [ERROR] Error: The input motor type is undefined, please check motor type!
2024-09-11 14:14:11,297 MotorDriver.cpp:241 [ERROR] Error: The input motor type is undefined, please check motor type!
2024-09-11 14:14:11,298 MotorDriver.cpp:241 [ERROR] Error: The input motor type is undefined, please check motor type!
2024-09-11 14:14:11,299 MotorDriver.cpp:241 [ERROR] Error: The input motor type is undefined, please check motor type!
2024-09-11 14:14:11,301 MotorDriver.cpp:241 [ERROR] Error: The input motor type is undefined, please check motor type!
2024-09-11 14:14:11,302 MotorDriver.cpp:241 [ERROR] Error: The input motor type is undefined, please check motor type!
2024-09-11 14:14:11,303 MotorDriver.cpp:241 [ERROR] Error: The input motor type is undefined, please check motor type!
2024-09-11 14:14:11,304 MotorDriver.cpp:241 [ERROR] Error: The input motor type is undefined, please check motor type!
2024-09-11 14:14:11,305 MotorDriver.cpp:241 [ERROR] Error: The input motor type is undefined, please check motor type!
2024-09-11 14:14:11,306 MotorDriver.cpp:241 [ERROR] Error: The input motor type is undefined, please check motor type!
2024-09-11 14:14:11,307 MotorDriver.cpp:241 [ERROR] Error: The input motor type is undefined, please check motor type!
2024-09-11 14:14:11,308 MotorDriver.cpp:241 [ERROR] Error: The input motor type is undefined, please check motor type!
2024-09-11 14:14:11,309 MotorDriver.cpp:241 [ERROR] Error: The input motor type is undefined, please check motor type!
2024-09-11 14:14:11,310 MotorDriver.cpp:241 [ERROR] Error: The input motor type is undefined, please check motor type!
2024-09-11 14:14:11,311 MotorDriver.cpp:241 [ERROR] Error: The input motor type is undefined, please check motor type!
2024-09-11 14:14:11,312 MotorDriver.cpp:241 [ERROR] Error: The input motor type is undefined, please check motor type!
2024-09-11 14:14:11,313 MotorDriver.cpp:241 [ERROR] Error: The input motor type is undefined, please check motor type!
2024-09-11 14:14:11,314 MotorDriver.cpp:241 [ERROR] Error: The input motor type is undefined, please check motor type!
2024-09-11 14:14:11,315 MotorDriver.cpp:241 [ERROR] Error: The input motor type is undefined, please check motor type!
2024-09-11 14:14:11,316 MotorDriver.cpp:241 [ERROR] Error: The input motor type is undefined, please check motor type!
2024-09-11 14:14:11,318 MotorDriver.cpp:241 [ERROR] Error: The input motor type is undefined, please check motor type!
2024-09-11 14:14:11,319 MotorDriver.cpp:241 [ERROR] Error: The input motor type is undefined, please check motor type!
2024-09-11 14:14:11,320 MotorDriver.cpp:241 [ERROR] Error: The input motor type is undefined, please check motor type!
2024-09-11 14:14:11,321 MotorDriver.cpp:241 [ERROR] Error: The input motor type is undefined, please check motor type!
2024-09-11 14:14:11,322 MotorDriver.cpp:241 [ERROR] Error: The input motor type is undefined, please check motor type!
2024-09-11 14:14:11,323 MotorDriver.cpp:241 [ERROR] Error: The input motor type is undefined, please check motor type!
2024-09-11 14:14:11,324 MotorDriver.cpp:241 [ERROR] Error: The input motor type is undefined, please check motor type!
2024-09-11 14:14:11,325 MotorDriver.cpp:241 [ERROR] Error: The input motor type is undefined, please check motor type!
2024-09-11 14:14:11,326 MotorDriver.cpp:241 [ERROR] Error: The input motor type is undefined, please check motor type!
2024-09-11 14:14:11,327 MotorDriver.cpp:241 [ERROR] Error: The input motor type is undefined, please check motor type!
2024-09-11 14:14:11,328 MotorDriver.cpp:241 [ERROR] Error: The input motor type is undefined, please check motor type!
2024-09-11 14:14:11,329 MotorDriver.cpp:241 [ERROR] Error: The input motor type is undefined, please check motor type!
2024-09-11 14:14:11,330 MotorDriver.cpp:241 [ERROR] Error: The input motor type is undefined, please check motor type!
2024-09-11 14:14:11,331 MotorDriver.cpp:241 [ERROR] Error: The input motor type is undefined, please check motor type!
2024-09-11 14:14:11,333 MotorDriver.cpp:241 [ERROR] Error: The input motor type is undefined, please check motor type!
2024-09-11 14:14:11,334 MotorDriver.cpp:241 [ERROR] Error: The input motor type is undefined, please check motor type!
2024-09-11 14:14:11,335 MotorDriver.cpp:241 [ERROR] Error: The input motor type is undefined, please check motor type!
2024-09-11 14:14:11,336 MotorDriver.cpp:241 [ERROR] Error: The input motor type is undefined, please check motor type!
2024-09-11 14:14:11,337 MotorDriver.cpp:241 [ERROR] Error: The input motor type is undefined, please check motor type!
2024-09-11 14:14:11,338 MotorDriver.cpp:241 [ERROR] Error: The input motor type is undefined, please check motor type!
2024-09-11 14:14:11,339 MotorDriver.cpp:241 [ERROR] Error: The input motor type is undefined, please check motor type!
2024-09-11 14:14:11,340 MotorDriver.cpp:241 [ERROR] Error: The input motor type is undefined, please check motor type!
2024-09-11 14:14:11,341 MotorDriver.cpp:241 [ERROR] Error: The input motor type is undefined, please check motor type!
2024-09-11 14:14:11,342 MotorDriver.cpp:241 [ERROR] Error: The input motor type is undefined, please check motor type!
2024-09-11 14:14:11,343 MotorDriver.cpp:241 [ERROR] Error: The input motor type is undefined, please check motor type!
2024-09-11 14:14:11,344 MotorDriver.cpp:241 [ERROR] Error: The input motor type is undefined, please check motor type!
2024-09-11 14:14:11,345 MotorDriver.cpp:241 [ERROR] Error: The input motor type is undefined, please check motor type!
2024-09-11 14:14:11,347 MotorDriver.cpp:241 [ERROR] Error: The input motor type is undefined, please check motor type!
2024-09-11 14:14:11,348 MotorDriver.cpp:241 [ERROR] Error: The input motor type is undefined, please check motor type!
2024-09-11 14:14:11,349 MotorDriver.cpp:241 [ERROR] Error: The input motor type is undefined, please check motor type!
2024-09-11 14:14:11,350 MotorDriver.cpp:241 [ERROR] Error: The input motor type is undefined, please check motor type!
2024-09-11 14:14:11,351 MotorDriver.cpp:241 [ERROR] Error: The input motor type is undefined, please check motor type!
2024-09-11 14:14:11,352 MotorDriver.cpp:241 [ERROR] Error: The input motor type is undefined, please check motor type!
2024-09-11 14:14:11,353 MotorDriver.cpp:241 [ERROR] Error: The input motor type is undefined, please check motor type!
2024-09-11 14:14:11,354 MotorDriver.cpp:241 [ERROR] Error: The input motor type is undefined, please check motor type!
2024-09-11 14:14:11,355 MotorDriver.cpp:241 [ERROR] Error: The input motor type is undefined, please check motor type!
2024-09-11 14:14:11,356 MotorDriver.cpp:241 [ERROR] Error: The input motor type is undefined, please check motor type!
2024-09-11 14:14:11,357 MotorDriver.cpp:241 [ERROR] Error: The input motor type is undefined, please check motor type!
2024-09-11 14:14:11,358 MotorDriver.cpp:241 [ERROR] Error: The input motor type is undefined, please check motor type!
2024-09-11 14:14:11,359 MotorDriver.cpp:241 [ERROR] Error: The input motor type is undefined, please check motor type!
2024-09-11 14:14:11,360 MotorDriver.cpp:241 [ERROR] Error: The input motor type is undefined, please check motor type!
2024-09-11 14:14:11,362 MotorDriver.cpp:241 [ERROR] Error: The input motor type is undefined, please check motor type!
2024-09-11 14:14:11,363 MotorDriver.cpp:241 [ERROR] Error: The input motor type is undefined, please check motor type!
2024-09-11 14:14:11,364 MotorDriver.cpp:241 [ERROR] Error: The input motor type is undefined, please check motor type!
2024-09-11 14:14:11,365 MotorDriver.cpp:241 [ERROR] Error: The input motor type is undefined, please check motor type!
2024-09-11 14:14:11,366 MotorDriver.cpp:241 [ERROR] Error: The input motor type is undefined, please check motor type!
2024-09-11 14:14:11,367 MotorDriver.cpp:241 [ERROR] Error: The input motor type is undefined, please check motor type!
2024-09-11 14:14:11,368 MotorDriver.cpp:241 [ERROR] Error: The input motor type is undefined, please check motor type!
2024-09-11 14:14:11,369 MotorDriver.cpp:241 [ERROR] Error: The input motor type is undefined, please check motor type!
2024-09-11 14:14:11,370 MotorDriver.cpp:241 [ERROR] Error: The input motor type is undefined, please check motor type!
2024-09-11 14:14:11,371 MotorDriver.cpp:241 [ERROR] Error: The input motor type is undefined, please check motor type!
2024-09-11 14:14:11,372 MotorDriver.cpp:241 [ERROR] Error: The input motor type is undefined, please check motor type!
2024-09-11 14:14:11,373 MotorDriver.cpp:241 [ERROR] Error: The input motor type is undefined, please check motor type!
2024-09-11 14:14:11,374 MotorDriver.cpp:241 [ERROR] Error: The input motor type is undefined, please check motor type!
2024-09-11 14:14:11,375 MotorDriver.cpp:241 [ERROR] Error: The input motor type is undefined, please check motor type!
2024-09-11 14:14:11,376 MotorDriver.cpp:241 [ERROR] Error: The input motor type is undefined, please check motor type!
2024-09-11 14:14:11,377 MotorDriver.cpp:241 [ERROR] Error: The input motor type is undefined, please check motor type!
2024-09-11 14:14:11,379 MotorDriver.cpp:241 [ERROR] Error: The input motor type is undefined, please check motor type!
2024-09-11 14:14:11,380 MotorDriver.cpp:241 [ERROR] Error: The input motor type is undefined, please check motor type!
2024-09-11 14:14:11,381 MotorDriver.cpp:241 [ERROR] Error: The input motor type is undefined, please check motor type!
2024-09-11 14:14:11,382 MotorDriver.cpp:241 [ERROR] Error: The input motor type is undefined, please check motor type!
2024-09-11 14:14:11,383 MotorDriver.cpp:241 [ERROR] Error: The input motor type is undefined, please check motor type!
2024-09-11 14:14:11,384 MotorDriver.cpp:241 [ERROR] Error: The input motor type is undefined, please check motor type!
2024-09-11 14:14:11,385 MotorDriver.cpp:241 [ERROR] Error: The input motor type is undefined, please check motor type!
2024-09-11 14:14:11,386 MotorDriver.cpp:241 [ERROR] Error: The input motor type is undefined, please check motor type!
2024-09-11 14:14:11,387 MotorDriver.cpp:241 [ERROR] Error: The input motor type is undefined, please check motor type!
2024-09-11 14:14:11,388 MotorDriver.cpp:241 [ERROR] Error: The input motor type is undefined, please check motor type!
2024-09-11 14:14:11,389 MotorDriver.cpp:241 [ERROR] Error: The input motor type is undefined, please check motor type!
2024-09-11 14:14:11,390 MotorDriver.cpp:241 [ERROR] Error: The input motor type is undefined, please check motor type!
2024-09-11 14:14:11,391 MotorDriver.cpp:241 [ERROR] Error: The input motor type is undefined, please check motor type!
2024-09-11 14:14:11,392 MotorDriver.cpp:241 [ERROR] Error: The input motor type is undefined, please check motor type!
2024-09-11 14:14:11,394 MotorDriver.cpp:241 [ERROR] Error: The input motor type is undefined, please check motor type!
2024-09-11 14:14:11,395 MotorDriver.cpp:241 [ERROR] Error: The input motor type is undefined, please check motor type!
2024-09-11 14:14:11,396 MotorDriver.cpp:241 [ERROR] Error: The input motor type is undefined, please check motor type!
2024-09-11 14:14:11,397 MotorDriver.cpp:241 [ERROR] Error: The input motor type is undefined, please check motor type!
2024-09-11 14:14:11,398 MotorDriver.cpp:241 [ERROR] Error: The input motor type is undefined, please check motor type!
2024-09-11 14:14:11,399 MotorDriver.cpp:241 [ERROR] Error: The input motor type is undefined, please check motor type!
2024-09-11 14:14:11,400 MotorDriver.cpp:241 [ERROR] Error: The input motor type is undefined, please check motor type!
2024-09-11 14:14:11,401 MotorDriver.cpp:241 [ERROR] Error: The input motor type is undefined, please check motor type!
2024-09-11 14:14:11,402 MotorDriver.cpp:241 [ERROR] Error: The input motor type is undefined, please check motor type!
2024-09-11 14:14:11,403 MotorDriver.cpp:241 [ERROR] Error: The input motor type is undefined, please check motor type!
2024-09-11 14:14:11,404 MotorDriver.cpp:241 [ERROR] Error: The input motor type is undefined, please check motor type!
2024-09-11 14:14:11,405 MotorDriver.cpp:241 [ERROR] Error: The input motor type is undefined, please check motor type!
2024-09-11 14:14:11,406 MotorDriver.cpp:241 [ERROR] Error: The input motor type is undefined, please check motor type!
2024-09-11 14:14:11,407 MotorDriver.cpp:241 [ERROR] Error: The input motor type is undefined, please check motor type!
2024-09-11 14:14:11,408 MotorDriver.cpp:241 [ERROR] Error: The input motor type is undefined, please check motor type!
2024-09-11 14:14:11,410 MotorDriver.cpp:241 [ERROR] Error: The input motor type is undefined, please check motor type!
2024-09-11 14:14:11,411 MotorDriver.cpp:241 [ERROR] Error: The input motor type is undefined, please check motor type!
2024-09-11 14:14:11,412 MotorDriver.cpp:241 [ERROR] Error: The input motor type is undefined, please check motor type!
2024-09-11 14:14:11,413 MotorDriver.cpp:241 [ERROR] Error: The input motor type is undefined, please check motor type!
2024-09-11 14:14:11,414 MotorDriver.cpp:241 [ERROR] Error: The input motor type is undefined, please check motor type!
2024-09-11 14:14:11,415 MotorDriver.cpp:241 [ERROR] Error: The input motor type is undefined, please check motor type!
2024-09-11 14:14:11,416 MotorDriver.cpp:241 [ERROR] Error: The input motor type is undefined, please check motor type!
2024-09-11 14:14:11,417 MotorDriver.cpp:241 [ERROR] Error: The input motor type is undefined, please check motor type!
2024-09-11 14:14:11,418 MotorDriver.cpp:241 [ERROR] Error: The input motor type is undefined, please check motor type!
2024-09-11 14:14:11,419 MotorDriver.cpp:241 [ERROR] Error: The input motor type is undefined, please check motor type!
2024-09-11 14:14:11,420 MotorDriver.cpp:241 [ERROR] Error: The input motor type is undefined, please check motor type!
2024-09-11 14:14:11,421 MotorDriver.cpp:241 [ERROR] Error: The input motor type is undefined, please check motor type!
2024-09-11 14:14:11,422 MotorDriver.cpp:241 [ERROR] Error: The input motor type is undefined, please check motor type!
2024-09-11 14:14:11,423 MotorDriver.cpp:241 [ERROR] Error: The input motor type is undefined, please check motor type!
2024-09-11 14:14:11,424 MotorDriver.cpp:241 [ERROR] Error: The input motor type is undefined, please check motor type!
2024-09-11 14:14:11,425 MotorDriver.cpp:241 [ERROR] Error: The input motor type is undefined, please check motor type!
2024-09-11 14:14:11,427 MotorDriver.cpp:241 [ERROR] Error: The input motor type is undefined, please check motor type!
2024-09-11 14:14:11,428 MotorDriver.cpp:241 [ERROR] Error: The input motor type is undefined, please check motor type!
2024-09-11 14:14:11,429 MotorDriver.cpp:241 [ERROR] Error: The input motor type is undefined, please check motor type!
2024-09-11 14:14:11,430 MotorDriver.cpp:241 [ERROR] Error: The input motor type is undefined, please check motor type!
2024-09-11 14:14:11,431 MotorDriver.cpp:241 [ERROR] Error: The input motor type is undefined, please check motor type!
2024-09-11 14:14:11,432 MotorDriver.cpp:241 [ERROR] Error: The input motor type is undefined, please check motor type!
2024-09-11 14:14:11,433 MotorDriver.cpp:241 [ERROR] Error: The input motor type is undefined, please check motor type!
2024-09-11 14:14:11,434 MotorDriver.cpp:241 [ERROR] Error: The input motor type is undefined, please check motor type!
2024-09-11 14:14:11,435 MotorDriver.cpp:241 [ERROR] Error: The input motor type is undefined, please check motor type!
2024-09-11 14:14:11,436 MotorDriver.cpp:241 [ERROR] Error: The input motor type is undefined, please check motor type!
2024-09-11 14:14:11,437 MotorDriver.cpp:241 [ERROR] Error: The input motor type is undefined, please check motor type!
2024-09-11 14:14:11,438 MotorDriver.cpp:241 [ERROR] Error: The input motor type is undefined, please check motor type!
2024-09-11 14:14:11,439 MotorDriver.cpp:241 [ERROR] Error: The input motor type is undefined, please check motor type!
2024-09-11 14:14:11,440 MotorDriver.cpp:241 [ERROR] Error: The input motor type is undefined, please check motor type!
2024-09-11 14:14:11,441 MotorDriver.cpp:241 [ERROR] Error: The input motor type is undefined, please check motor type!
2024-09-11 14:14:11,442 MotorDriver.cpp:241 [ERROR] Error: The input motor type is undefined, please check motor type!
2024-09-11 14:14:11,443 MotorDriver.cpp:241 [ERROR] Error: The input motor type is undefined, please check motor type!
2024-09-11 14:14:11,445 MotorDriver.cpp:241 [ERROR] Error: The input motor type is undefined, please check motor type!
2024-09-11 14:14:11,446 MotorDriver.cpp:241 [ERROR] Error: The input motor type is undefined, please check motor type!
2024-09-11 14:14:11,447 MotorDriver.cpp:241 [ERROR] Error: The input motor type is undefined, please check motor type!
2024-09-11 14:14:11,448 MotorDriver.cpp:241 [ERROR] Error: The input motor type is undefined, please check motor type!
2024-09-11 14:14:11,449 MotorDriver.cpp:241 [ERROR] Error: The input motor type is undefined, please check motor type!
2024-09-11 14:14:11,450 MotorDriver.cpp:241 [ERROR] Error: The input motor type is undefined, please check motor type!
2024-09-11 14:14:11,451 MotorDriver.cpp:241 [ERROR] Error: The input motor type is undefined, please check motor type!
2024-09-11 14:14:11,452 MotorDriver.cpp:241 [ERROR] Error: The input motor type is undefined, please check motor type!
2024-09-11 14:14:11,453 MotorDriver.cpp:241 [ERROR] Error: The input motor type is undefined, please check motor type!
2024-09-11 14:14:11,454 MotorDriver.cpp:241 [ERROR] Error: The input motor type is undefined, please check motor type!
2024-09-11 14:14:11,455 MotorDriver.cpp:241 [ERROR] Error: The input motor type is undefined, please check motor type!
2024-09-11 14:14:11,456 MotorDriver.cpp:241 [ERROR] Error: The input motor type is undefined, please check motor type!
2024-09-11 14:14:11,457 MotorDriver.cpp:241 [ERROR] Error: The input motor type is undefined, please check motor type!
2024-09-11 14:14:11,458 MotorDriver.cpp:241 [ERROR] Error: The input motor type is undefined, please check motor type!
2024-09-11 14:14:11,459 MotorDriver.cpp:241 [ERROR] Error: The input motor type is undefined, please check motor type!
2024-09-11 14:14:11,460 MotorDriver.cpp:241 [ERROR] Error: The input motor type is undefined, please check motor type!
2024-09-11 14:14:11,462 MotorDriver.cpp:241 [ERROR] Error: The input motor type is undefined, please check motor type!
2024-09-11 14:14:11,463 MotorDriver.cpp:241 [ERROR] Error: The input motor type is undefined, please check motor type!
2024-09-11 14:14:11,464 MotorDriver.cpp:241 [ERROR] Error: The input motor type is undefined, please check motor type!
2024-09-11 14:14:11,465 MotorDriver.cpp:241 [ERROR] Error: The input motor type is undefined, please check motor type!
2024-09-11 14:14:11,466 MotorDriver.cpp:241 [ERROR] Error: The input motor type is undefined, please check motor type!
2024-09-11 14:14:11,467 MotorDriver.cpp:241 [ERROR] Error: The input motor type is undefined, please check motor type!
2024-09-11 14:14:11,468 MotorDriver.cpp:241 [ERROR] Error: The input motor type is undefined, please check motor type!
2024-09-11 14:14:11,469 MotorDriver.cpp:241 [ERROR] Error: The input motor type is undefined, please check motor type!
2024-09-11 14:14:11,470 MotorDriver.cpp:241 [ERROR] Error: The input motor type is undefined, please check motor type!
2024-09-11 14:14:11,471 MotorDriver.cpp:241 [ERROR] Error: The input motor type is undefined, please check motor type!
2024-09-11 14:14:11,472 MotorDriver.cpp:241 [ERROR] Error: The input motor type is undefined, please check motor type!
2024-09-11 14:14:11,473 MotorDriver.cpp:241 [ERROR] Error: The input motor type is undefined, please check motor type!
2024-09-11 14:14:11,474 MotorDriver.cpp:241 [ERROR] Error: The input motor type is undefined, please check motor type!
2024-09-11 14:14:11,475 MotorDriver.cpp:241 [ERROR] Error: The input motor type is undefined, please check motor type!
2024-09-11 14:14:11,476 MotorDriver.cpp:241 [ERROR] Error: The input motor type is undefined, please check motor type!
2024-09-11 14:14:11,477 MotorDriver.cpp:241 [ERROR] Error: The input motor type is undefined, please check motor type!
2024-09-11 14:14:11,479 MotorDriver.cpp:241 [ERROR] Error: The input motor type is undefined, please check motor type!
2024-09-11 14:14:11,480 MotorDriver.cpp:241 [ERROR] Error: The input motor type is undefined, please check motor type!
2024-09-11 14:14:11,481 MotorDriver.cpp:241 [ERROR] Error: The input motor type is undefined, please check motor type!
2024-09-11 14:14:11,482 MotorDriver.cpp:241 [ERROR] Error: The input motor type is undefined, please check motor type!
2024-09-11 14:14:11,483 MotorDriver.cpp:241 [ERROR] Error: The input motor type is undefined, please check motor type!
2024-09-11 14:14:11,484 MotorDriver.cpp:241 [ERROR] Error: The input motor type is undefined, please check motor type!
2024-09-11 14:14:11,485 MotorDriver.cpp:241 [ERROR] Error: The input motor type is undefined, please check motor type!
2024-09-11 14:14:11,486 MotorDriver.cpp:241 [ERROR] Error: The input motor type is undefined, please check motor type!
2024-09-11 14:14:11,487 MotorDriver.cpp:241 [ERROR] Error: The input motor type is undefined, please check motor type!
2024-09-11 14:14:11,488 MotorDriver.cpp:241 [ERROR] Error: The input motor type is undefined, please check motor type!
2024-09-11 14:14:11,489 MotorDriver.cpp:241 [ERROR] Error: The input motor type is undefined, please check motor type!
2024-09-11 14:14:11,490 MotorDriver.cpp:241 [ERROR] Error: The input motor type is undefined, please check motor type!
2024-09-11 14:14:11,491 MotorDriver.cpp:241 [ERROR] Error: The input motor type is undefined, please check motor type!
2024-09-11 14:14:11,493 MotorDriver.cpp:241 [ERROR] Error: The input motor type is undefined, please check motor type!
2024-09-11 14:14:11,494 MotorDriver.cpp:241 [ERROR] Error: The input motor type is undefined, please check motor type!
2024-09-11 14:14:11,495 MotorDriver.cpp:241 [ERROR] Error: The input motor type is undefined, please check motor type!
2024-09-11 14:14:11,496 MotorDriver.cpp:241 [ERROR] Error: The input motor type is undefined, please check motor type!
2024-09-11 14:14:11,497 MotorDriver.cpp:241 [ERROR] Error: The input motor type is undefined, please check motor type!
2024-09-11 14:14:11,498 MotorDriver.cpp:241 [ERROR] Error: The input motor type is undefined, please check motor type!
2024-09-11 14:14:11,499 MotorDriver.cpp:241 [ERROR] Error: The input motor type is undefined, please check motor type!
2024-09-11 14:14:11,500 MotorDriver.cpp:241 [ERROR] Error: The input motor type is undefined, please check motor type!
2024-09-11 14:14:11,501 MotorDriver.cpp:241 [ERROR] Error: The input motor type is undefined, please check motor type!
2024-09-11 14:14:11,502 MotorDriver.cpp:241 [ERROR] Error: The input motor type is undefined, please check motor type!
2024-09-11 14:14:11,503 MotorDriver.cpp:241 [ERROR] Error: The input motor type is undefined, please check motor type!
2024-09-11 14:14:11,505 MotorDriver.cpp:241 [ERROR] Error: The input motor type is undefined, please check motor type!
2024-09-11 14:14:11,506 MotorDriver.cpp:241 [ERROR] Error: The input motor type is undefined, please check motor type!
2024-09-11 14:14:11,507 MotorDriver.cpp:241 [ERROR] Error: The input motor type is undefined, please check motor type!
2024-09-11 14:14:11,508 MotorDriver.cpp:241 [ERROR] Error: The input motor type is undefined, please check motor type!
2024-09-11 14:14:11,509 MotorDriver.cpp:241 [ERROR] Error: The input motor type is undefined, please check motor type!
2024-09-11 14:14:11,510 MotorDriver.cpp:241 [ERROR] Error: The input motor type is undefined, please check motor type!
2024-09-11 14:14:11,511 MotorDriver.cpp:241 [ERROR] Error: The input motor type is undefined, please check motor type!
2024-09-11 14:14:11,512 MotorDriver.cpp:241 [ERROR] Error: The input motor type is undefined, please check motor type!
2024-09-11 14:14:11,513 MotorDriver.cpp:241 [ERROR] Error: The input motor type is undefined, please check motor type!
2024-09-11 14:14:11,514 MotorDriver.cpp:241 [ERROR] Error: The input motor type is undefined, please check motor type!
2024-09-11 14:14:11,515 MotorDriver.cpp:241 [ERROR] Error: The input motor type is undefined, please check motor type!
2024-09-11 14:14:11,516 MotorDriver.cpp:241 [ERROR] Error: The input motor type is undefined, please check motor type!
2024-09-11 14:14:11,517 MotorDriver.cpp:241 [ERROR] Error: The input motor type is undefined, please check motor type!
2024-09-11 14:14:11,518 MotorDriver.cpp:241 [ERROR] Error: The input motor type is undefined, please check motor type!
2024-09-11 14:14:11,519 MotorDriver.cpp:241 [ERROR] Error: The input motor type is undefined, please check motor type!
2024-09-11 14:14:11,521 MotorDriver.cpp:241 [ERROR] Error: The input motor type is undefined, please check motor type!
2024-09-11 14:14:11,522 MotorDriver.cpp:241 [ERROR] Error: The input motor type is undefined, please check motor type!
2024-09-11 14:14:11,523 MotorDriver.cpp:241 [ERROR] Error: The input motor type is undefined, please check motor type!
2024-09-11 14:14:11,524 MotorDriver.cpp:241 [ERROR] Error: The input motor type is undefined, please check motor type!
2024-09-11 14:14:11,525 MotorDriver.cpp:241 [ERROR] Error: The input motor type is undefined, please check motor type!
2024-09-11 14:14:11,526 MotorDriver.cpp:241 [ERROR] Error: The input motor type is undefined, please check motor type!
2024-09-11 14:14:11,527 MotorDriver.cpp:241 [ERROR] Error: The input motor type is undefined, please check motor type!
2024-09-11 14:14:11,528 MotorDriver.cpp:241 [ERROR] Error: The input motor type is undefined, please check motor type!
2024-09-11 14:14:11,529 MotorDriver.cpp:241 [ERROR] Error: The input motor type is undefined, please check motor type!
2024-09-11 14:14:11,530 MotorDriver.cpp:241 [ERROR] Error: The input motor type is undefined, please check motor type!
2024-09-11 14:14:11,531 MotorDriver.cpp:241 [ERROR] Error: The input motor type is undefined, please check motor type!
2024-09-11 14:14:11,532 MotorDriver.cpp:241 [ERROR] Error: The input motor type is undefined, please check motor type!
2024-09-11 14:14:11,534 MotorDriver.cpp:241 [ERROR] Error: The input motor type is undefined, please check motor type!
2024-09-11 14:14:11,535 MotorDriver.cpp:241 [ERROR] Error: The input motor type is undefined, please check motor type!
2024-09-11 14:14:11,536 MotorDriver.cpp:241 [ERROR] Error: The input motor type is undefined, please check motor type!
2024-09-11 14:14:11,537 MotorDriver.cpp:241 [ERROR] Error: The input motor type is undefined, please check motor type!
2024-09-11 14:14:11,538 MotorDriver.cpp:241 [ERROR] Error: The input motor type is undefined, please check motor type!
2024-09-11 14:14:11,539 MotorDriver.cpp:241 [ERROR] Error: The input motor type is undefined, please check motor type!
2024-09-11 14:14:11,540 MotorDriver.cpp:241 [ERROR] Error: The input motor type is undefined, please check motor type!
2024-09-11 14:14:11,541 MotorDriver.cpp:241 [ERROR] Error: The input motor type is undefined, please check motor type!
2024-09-11 14:14:11,542 MotorDriver.cpp:241 [ERROR] Error: The input motor type is undefined, please check motor type!
2024-09-11 14:14:11,543 MotorDriver.cpp:241 [ERROR] Error: The input motor type is undefined, please check motor type!
2024-09-11 14:14:11,544 MotorDriver.cpp:241 [ERROR] Error: The input motor type is undefined, please check motor type!
2024-09-11 14:14:11,545 MotorDriver.cpp:241 [ERROR] Error: The input motor type is undefined, please check motor type!
2024-09-11 14:14:11,546 MotorDriver.cpp:241 [ERROR] Error: The input motor type is undefined, please check motor type!
2024-09-11 14:14:11,548 MotorDriver.cpp:241 [ERROR] Error: The input motor type is undefined, please check motor type!
2024-09-11 14:14:11,549 MotorDriver.cpp:241 [ERROR] Error: The input motor type is undefined, please check motor type!
2024-09-11 14:14:11,550 MotorDriver.cpp:241 [ERROR] Error: The input motor type is undefined, please check motor type!
2024-09-11 14:14:11,551 MotorDriver.cpp:241 [ERROR] Error: The input motor type is undefined, please check motor type!
2024-09-11 14:14:11,552 MotorDriver.cpp:241 [ERROR] Error: The input motor type is undefined, please check motor type!
2024-09-11 14:14:11,553 MotorDriver.cpp:241 [ERROR] Error: The input motor type is undefined, please check motor type!
2024-09-11 14:14:11,554 MotorDriver.cpp:241 [ERROR] Error: The input motor type is undefined, please check motor type!
2024-09-11 14:14:11,555 MotorDriver.cpp:241 [ERROR] Error: The input motor type is undefined, please check motor type!
2024-09-11 14:14:11,556 MotorDriver.cpp:241 [ERROR] Error: The input motor type is undefined, please check motor type!
2024-09-11 14:14:11,557 MotorDriver.cpp:241 [ERROR] Error: The input motor type is undefined, please check motor type!
2024-09-11 14:14:11,558 MotorDriver.cpp:241 [ERROR] Error: The input motor type is undefined, please check motor type!
2024-09-11 14:14:11,559 MotorDriver.cpp:241 [ERROR] Error: The input motor type is undefined, please check motor type!
2024-09-11 14:14:11,560 MotorDriver.cpp:241 [ERROR] Error: The input motor type is undefined, please check motor type!
2024-09-11 14:14:11,561 MotorDriver.cpp:241 [ERROR] Error: The input motor type is undefined, please check motor type!
2024-09-11 14:14:11,562 MotorDriver.cpp:241 [ERROR] Error: The input motor type is undefined, please check motor type!
2024-09-11 14:14:11,563 MotorDriver.cpp:241 [ERROR] Error: The input motor type is undefined, please check motor type!
2024-09-11 14:14:11,564 MotorDriver.cpp:241 [ERROR] Error: The input motor type is undefined, please check motor type!
2024-09-11 14:14:11,566 MotorDriver.cpp:241 [ERROR] Error: The input motor type is undefined, please check motor type!
2024-09-11 14:14:11,567 MotorDriver.cpp:241 [ERROR] Error: The input motor type is undefined, please check motor type!
2024-09-11 14:14:11,568 MotorDriver.cpp:241 [ERROR] Error: The input motor type is undefined, please check motor type!
2024-09-11 14:14:11,569 MotorDriver.cpp:241 [ERROR] Error: The input motor type is undefined, please check motor type!
2024-09-11 14:14:11,570 MotorDriver.cpp:241 [ERROR] Error: The input motor type is undefined, please check motor type!
2024-09-11 14:14:11,571 MotorDriver.cpp:241 [ERROR] Error: The input motor type is undefined, please check motor type!
2024-09-11 14:14:11,572 MotorDriver.cpp:241 [ERROR] Error: The input motor type is undefined, please check motor type!
2024-09-11 14:14:11,573 MotorDriver.cpp:241 [ERROR] Error: The input motor type is undefined, please check motor type!
2024-09-11 14:14:11,574 MotorDriver.cpp:241 [ERROR] Error: The input motor type is undefined, please check motor type!
2024-09-11 14:14:11,575 MotorDriver.cpp:241 [ERROR] Error: The input motor type is undefined, please check motor type!
2024-09-11 14:14:11,576 MotorDriver.cpp:241 [ERROR] Error: The input motor type is undefined, please check motor type!
2024-09-11 14:14:11,577 MotorDriver.cpp:241 [ERROR] Error: The input motor type is undefined, please check motor type!
2024-09-11 14:14:11,578 MotorDriver.cpp:241 [ERROR] Error: The input motor type is undefined, please check motor type!
2024-09-11 14:14:11,579 MotorDriver.cpp:241 [ERROR] Error: The input motor type is undefined, please check motor type!
2024-09-11 14:14:11,580 MotorDriver.cpp:241 [ERROR] Error: The input motor type is undefined, please check motor type!
2024-09-11 14:14:11,582 MotorDriver.cpp:241 [ERROR] Error: The input motor type is undefined, please check motor type!
2024-09-11 14:14:11,583 MotorDriver.cpp:241 [ERROR] Error: The input motor type is undefined, please check motor type!
2024-09-11 14:14:11,584 MotorDriver.cpp:241 [ERROR] Error: The input motor type is undefined, please check motor type!
2024-09-11 14:14:11,585 MotorDriver.cpp:241 [ERROR] Error: The input motor type is undefined, please check motor type!
2024-09-11 14:14:11,586 MotorDriver.cpp:241 [ERROR] Error: The input motor type is undefined, please check motor type!
2024-09-11 14:14:11,587 MotorDriver.cpp:241 [ERROR] Error: The input motor type is undefined, please check motor type!
2024-09-11 14:14:11,588 MotorDriver.cpp:241 [ERROR] Error: The input motor type is undefined, please check motor type!
2024-09-11 14:14:11,589 MotorDriver.cpp:241 [ERROR] Error: The input motor type is undefined, please check motor type!
2024-09-11 14:14:11,590 MotorDriver.cpp:241 [ERROR] Error: The input motor type is undefined, please check motor type!
2024-09-11 14:14:11,591 MotorDriver.cpp:241 [ERROR] Error: The input motor type is undefined, please check motor type!
2024-09-11 14:14:11,592 MotorDriver.cpp:241 [ERROR] Error: The input motor type is undefined, please check motor type!
2024-09-11 14:14:11,593 MotorDriver.cpp:241 [ERROR] Error: The input motor type is undefined, please check motor type!
2024-09-11 14:14:11,594 MotorDriver.cpp:241 [ERROR] Error: The input motor type is undefined, please check motor type!
2024-09-11 14:14:11,595 MotorDriver.cpp:241 [ERROR] Error: The input motor type is undefined, please check motor type!
2024-09-11 14:14:11,597 MotorDriver.cpp:241 [ERROR] Error: The input motor type is undefined, please check motor type!
2024-09-11 14:14:11,598 MotorDriver.cpp:241 [ERROR] Error: The input motor type is undefined, please check motor type!
2024-09-11 14:14:11,599 MotorDriver.cpp:241 [ERROR] Error: The input motor type is undefined, please check motor type!
2024-09-11 14:14:11,600 MotorDriver.cpp:241 [ERROR] Error: The input motor type is undefined, please check motor type!
2024-09-11 14:14:11,601 MotorDriver.cpp:241 [ERROR] Error: The input motor type is undefined, please check motor type!
2024-09-11 14:14:11,602 MotorDriver.cpp:241 [ERROR] Error: The input motor type is undefined, please check motor type!
2024-09-11 14:14:11,603 MotorDriver.cpp:241 [ERROR] Error: The input motor type is undefined, please check motor type!
2024-09-11 14:14:11,604 MotorDriver.cpp:241 [ERROR] Error: The input motor type is undefined, please check motor type!
2024-09-11 14:14:11,605 MotorDriver.cpp:241 [ERROR] Error: The input motor type is undefined, please check motor type!
2024-09-11 14:14:11,606 MotorDriver.cpp:241 [ERROR] Error: The input motor type is undefined, please check motor type!
2024-09-11 14:14:11,607 MotorDriver.cpp:241 [ERROR] Error: The input motor type is undefined, please check motor type!
2024-09-11 14:14:11,608 MotorDriver.cpp:241 [ERROR] Error: The input motor type is undefined, please check motor type!
2024-09-11 14:14:11,610 MotorDriver.cpp:241 [ERROR] Error: The input motor type is undefined, please check motor type!
2024-09-11 14:14:11,611 MotorDriver.cpp:241 [ERROR] Error: The input motor type is undefined, please check motor type!
2024-09-11 14:14:11,612 MotorDriver.cpp:241 [ERROR] Error: The input motor type is undefined, please check motor type!
2024-09-11 14:14:11,613 MotorDriver.cpp:241 [ERROR] Error: The input motor type is undefined, please check motor type!
2024-09-11 14:14:11,614 MotorDriver.cpp:241 [ERROR] Error: The input motor type is undefined, please check motor type!
2024-09-11 14:14:11,615 MotorDriver.cpp:241 [ERROR] Error: The input motor type is undefined, please check motor type!
2024-09-11 14:14:11,616 MotorDriver.cpp:241 [ERROR] Error: The input motor type is undefined, please check motor type!
2024-09-11 14:14:11,617 MotorDriver.cpp:241 [ERROR] Error: The input motor type is undefined, please check motor type!
2024-09-11 14:14:11,618 MotorDriver.cpp:241 [ERROR] Error: The input motor type is undefined, please check motor type!
2024-09-11 14:14:11,619 MotorDriver.cpp:241 [ERROR] Error: The input motor type is undefined, please check motor type!
2024-09-11 14:14:11,620 MotorDriver.cpp:241 [ERROR] Error: The input motor type is undefined, please check motor type!
2024-09-11 14:14:11,621 MotorDriver.cpp:241 [ERROR] Error: The input motor type is undefined, please check motor type!
2024-09-11 14:14:11,623 MotorDriver.cpp:241 [ERROR] Error: The input motor type is undefined, please check motor type!
2024-09-11 14:14:11,624 MotorDriver.cpp:241 [ERROR] Error: The input motor type is undefined, please check motor type!
2024-09-11 14:14:11,625 MotorDriver.cpp:241 [ERROR] Error: The input motor type is undefined, please check motor type!
2024-09-11 14:14:11,626 MotorDriver.cpp:241 [ERROR] Error: The input motor type is undefined, please check motor type!
2024-09-11 14:14:11,627 MotorDriver.cpp:241 [ERROR] Error: The input motor type is undefined, please check motor type!
2024-09-11 14:14:11,628 MotorDriver.cpp:241 [ERROR] Error: The input motor type is undefined, please check motor type!
2024-09-11 14:14:11,629 MotorDriver.cpp:241 [ERROR] Error: The input motor type is undefined, please check motor type!
2024-09-11 14:14:11,630 MotorDriver.cpp:241 [ERROR] Error: The input motor type is undefined, please check motor type!
2024-09-11 14:14:11,631 MotorDriver.cpp:241 [ERROR] Error: The input motor type is undefined, please check motor type!
2024-09-11 14:14:11,632 MotorDriver.cpp:241 [ERROR] Error: The input motor type is undefined, please check motor type!
2024-09-11 14:14:11,633 MotorDriver.cpp:241 [ERROR] Error: The input motor type is undefined, please check motor type!
2024-09-11 14:14:11,634 MotorDriver.cpp:241 [ERROR] Error: The input motor type is undefined, please check motor type!
2024-09-11 14:14:11,635 MotorDriver.cpp:241 [ERROR] Error: The input motor type is undefined, please check motor type!
2024-09-11 14:14:11,636 MotorDriver.cpp:241 [ERROR] Error: The input motor type is undefined, please check motor type!
2024-09-11 14:14:11,638 MotorDriver.cpp:241 [ERROR] Error: The input motor type is undefined, please check motor type!
2024-09-11 14:14:11,639 MotorDriver.cpp:241 [ERROR] Error: The input motor type is undefined, please check motor type!
2024-09-11 14:14:11,640 MotorDriver.cpp:241 [ERROR] Error: The input motor type is undefined, please check motor type!
2024-09-11 14:14:11,641 MotorDriver.cpp:241 [ERROR] Error: The input motor type is undefined, please check motor type!
2024-09-11 14:14:11,642 MotorDriver.cpp:241 [ERROR] Error: The input motor type is undefined, please check motor type!
2024-09-11 14:14:11,643 MotorDriver.cpp:241 [ERROR] Error: The input motor type is undefined, please check motor type!
2024-09-11 14:14:11,644 MotorDriver.cpp:241 [ERROR] Error: The input motor type is undefined, please check motor type!
2024-09-11 14:14:11,645 MotorDriver.cpp:241 [ERROR] Error: The input motor type is undefined, please check motor type!
2024-09-11 14:14:11,646 MotorDriver.cpp:241 [ERROR] Error: The input motor type is undefined, please check motor type!
2024-09-11 14:14:11,647 MotorDriver.cpp:241 [ERROR] Error: The input motor type is undefined, please check motor type!
2024-09-11 14:14:11,648 MotorDriver.cpp:241 [ERROR] Error: The input motor type is undefined, please check motor type!
2024-09-11 14:14:11,649 MotorDriver.cpp:241 [ERROR] Error: The input motor type is undefined, please check motor type!
2024-09-11 14:14:11,650 MotorDriver.cpp:241 [ERROR] Error: The input motor type is undefined, please check motor type!
2024-09-11 14:14:11,651 MotorDriver.cpp:241 [ERROR] Error: The input motor type is undefined, please check motor type!
2024-09-11 14:14:11,653 MotorDriver.cpp:241 [ERROR] Error: The input motor type is undefined, please check motor type!
2024-09-11 14:14:11,654 MotorDriver.cpp:241 [ERROR] Error: The input motor type is undefined, please check motor type!
2024-09-11 14:14:11,655 MotorDriver.cpp:241 [ERROR] Error: The input motor type is undefined, please check motor type!
2024-09-11 14:14:11,656 MotorDriver.cpp:241 [ERROR] Error: The input motor type is undefined, please check motor type!
2024-09-11 14:14:11,657 MotorDriver.cpp:241 [ERROR] Error: The input motor type is undefined, please check motor type!
2024-09-11 14:14:11,658 MotorDriver.cpp:241 [ERROR] Error: The input motor type is undefined, please check motor type!
2024-09-11 14:14:11,659 MotorDriver.cpp:241 [ERROR] Error: The input motor type is undefined, please check motor type!
2024-09-11 14:14:11,660 MotorDriver.cpp:241 [ERROR] Error: The input motor type is undefined, please check motor type!
2024-09-11 14:14:11,661 MotorDriver.cpp:241 [ERROR] Error: The input motor type is undefined, please check motor type!
2024-09-11 14:14:11,662 MotorDriver.cpp:241 [ERROR] Error: The input motor type is undefined, please check motor type!
2024-09-11 14:14:11,663 MotorDriver.cpp:241 [ERROR] Error: The input motor type is undefined, please check motor type!
2024-09-11 14:14:11,664 MotorDriver.cpp:241 [ERROR] Error: The input motor type is undefined, please check motor type!
2024-09-11 14:14:11,666 MotorDriver.cpp:241 [ERROR] Error: The input motor type is undefined, please check motor type!
2024-09-11 14:14:11,667 MotorDriver.cpp:241 [ERROR] Error: The input motor type is undefined, please check motor type!
2024-09-11 14:14:11,668 MotorDriver.cpp:241 [ERROR] Error: The input motor type is undefined, please check motor type!
2024-09-11 14:14:11,669 MotorDriver.cpp:241 [ERROR] Error: The input motor type is undefined, please check motor type!
2024-09-11 14:14:11,670 MotorDriver.cpp:241 [ERROR] Error: The input motor type is undefined, please check motor type!
2024-09-11 14:14:11,671 MotorDriver.cpp:241 [ERROR] Error: The input motor type is undefined, please check motor type!
2024-09-11 14:14:11,672 MotorDriver.cpp:241 [ERROR] Error: The input motor type is undefined, please check motor type!
2024-09-11 14:14:11,673 MotorDriver.cpp:241 [ERROR] Error: The input motor type is undefined, please check motor type!
2024-09-11 14:14:11,674 MotorDriver.cpp:241 [ERROR] Error: The input motor type is undefined, please check motor type!
2024-09-11 14:14:11,675 MotorDriver.cpp:241 [ERROR] Error: The input motor type is undefined, please check motor type!
2024-09-11 14:14:11,676 MotorDriver.cpp:241 [ERROR] Error: The input motor type is undefined, please check motor type!
2024-09-11 14:14:11,677 MotorDriver.cpp:241 [ERROR] Error: The input motor type is undefined, please check motor type!
2024-09-11 14:14:11,678 MotorDriver.cpp:241 [ERROR] Error: The input motor type is undefined, please check motor type!
2024-09-11 14:14:11,680 MotorDriver.cpp:241 [ERROR] Error: The input motor type is undefined, please check motor type!
2024-09-11 14:14:11,681 MotorDriver.cpp:241 [ERROR] Error: The input motor type is undefined, please check motor type!
2024-09-11 14:14:11,682 MotorDriver.cpp:241 [ERROR] Error: The input motor type is undefined, please check motor type!
2024-09-11 14:14:11,683 MotorDriver.cpp:241 [ERROR] Error: The input motor type is undefined, please check motor type!
2024-09-11 14:14:11,684 MotorDriver.cpp:241 [ERROR] Error: The input motor type is undefined, please check motor type!
2024-09-11 14:14:11,685 MotorDriver.cpp:241 [ERROR] Error: The input motor type is undefined, please check motor type!
2024-09-11 14:14:11,686 MotorDriver.cpp:241 [ERROR] Error: The input motor type is undefined, please check motor type!
2024-09-11 14:14:11,687 MotorDriver.cpp:241 [ERROR] Error: The input motor type is undefined, please check motor type!
2024-09-11 14:14:11,688 MotorDriver.cpp:241 [ERROR] Error: The input motor type is undefined, please check motor type!
2024-09-11 14:14:11,689 MotorDriver.cpp:241 [ERROR] Error: The input motor type is undefined, please check motor type!
2024-09-11 14:14:11,690 MotorDriver.cpp:241 [ERROR] Error: The input motor type is undefined, please check motor type!
2024-09-11 14:14:11,691 MotorDriver.cpp:241 [ERROR] Error: The input motor type is undefined, please check motor type!
2024-09-11 14:14:11,692 MotorDriver.cpp:241 [ERROR] Error: The input motor type is undefined, please check motor type!
2024-09-11 14:14:11,693 MotorDriver.cpp:241 [ERROR] Error: The input motor type is undefined, please check motor type!
2024-09-11 14:14:11,694 MotorDriver.cpp:241 [ERROR] Error: The input motor type is undefined, please check motor type!
2024-09-11 14:14:11,696 MotorDriver.cpp:241 [ERROR] Error: The input motor type is undefined, please check motor type!
2024-09-11 14:14:11,697 MotorDriver.cpp:241 [ERROR] Error: The input motor type is undefined, please check motor type!
2024-09-11 14:14:11,698 MotorDriver.cpp:241 [ERROR] Error: The input motor type is undefined, please check motor type!
2024-09-11 14:14:11,699 MotorDriver.cpp:241 [ERROR] Error: The input motor type is undefined, please check motor type!
2024-09-11 14:14:11,700 MotorDriver.cpp:241 [ERROR] Error: The input motor type is undefined, please check motor type!
2024-09-11 14:14:11,701 MotorDriver.cpp:241 [ERROR] Error: The input motor type is undefined, please check motor type!
2024-09-11 14:14:11,702 MotorDriver.cpp:241 [ERROR] Error: The input motor type is undefined, please check motor type!
2024-09-11 14:14:11,703 MotorDriver.cpp:241 [ERROR] Error: The input motor type is undefined, please check motor type!
2024-09-11 14:14:11,704 MotorDriver.cpp:241 [ERROR] Error: The input motor type is undefined, please check motor type!
2024-09-11 14:14:11,705 MotorDriver.cpp:241 [ERROR] Error: The input motor type is undefined, please check motor type!
2024-09-11 14:14:11,706 MotorDriver.cpp:241 [ERROR] Error: The input motor type is undefined, please check motor type!
2024-09-11 14:14:11,707 MotorDriver.cpp:241 [ERROR] Error: The input motor type is undefined, please check motor type!
2024-09-11 14:14:11,708 MotorDriver.cpp:241 [ERROR] Error: The input motor type is undefined, please check motor type!
2024-09-11 14:14:11,709 MotorDriver.cpp:241 [ERROR] Error: The input motor type is undefined, please check motor type!
2024-09-11 14:14:11,710 MotorDriver.cpp:241 [ERROR] Error: The input motor type is undefined, please check motor type!
2024-09-11 14:14:11,712 MotorDriver.cpp:241 [ERROR] Error: The input motor type is undefined, please check motor type!
2024-09-11 14:14:11,713 MotorDriver.cpp:241 [ERROR] Error: The input motor type is undefined, please check motor type!
2024-09-11 14:14:11,714 MotorDriver.cpp:241 [ERROR] Error: The input motor type is undefined, please check motor type!
2024-09-11 14:14:11,715 MotorDriver.cpp:241 [ERROR] Error: The input motor type is undefined, please check motor type!
2024-09-11 14:14:11,716 MotorDriver.cpp:241 [ERROR] Error: The input motor type is undefined, please check motor type!
2024-09-11 14:14:11,717 MotorDriver.cpp:241 [ERROR] Error: The input motor type is undefined, please check motor type!
2024-09-11 14:14:11,718 MotorDriver.cpp:241 [ERROR] Error: The input motor type is undefined, please check motor type!
2024-09-11 14:14:11,719 MotorDriver.cpp:241 [ERROR] Error: The input motor type is undefined, please check motor type!
2024-09-11 14:14:11,720 MotorDriver.cpp:241 [ERROR] Error: The input motor type is undefined, please check motor type!
2024-09-11 14:14:11,721 MotorDriver.cpp:241 [ERROR] Error: The input motor type is undefined, please check motor type!
2024-09-11 14:14:11,722 MotorDriver.cpp:241 [ERROR] Error: The input motor type is undefined, please check motor type!
2024-09-11 14:14:11,724 MotorDriver.cpp:241 [ERROR] Error: The input motor type is undefined, please check motor type!
2024-09-11 14:14:11,725 MotorDriver.cpp:241 [ERROR] Error: The input motor type is undefined, please check motor type!
2024-09-11 14:14:11,726 MotorDriver.cpp:241 [ERROR] Error: The input motor type is undefined, please check motor type!
2024-09-11 14:14:11,727 MotorDriver.cpp:241 [ERROR] Error: The input motor type is undefined, please check motor type!
2024-09-11 14:14:11,728 MotorDriver.cpp:241 [ERROR] Error: The input motor type is undefined, please check motor type!
2024-09-11 14:14:11,729 MotorDriver.cpp:241 [ERROR] Error: The input motor type is undefined, please check motor type!
2024-09-11 14:14:11,730 MotorDriver.cpp:241 [ERROR] Error: The input motor type is undefined, please check motor type!
2024-09-11 14:14:11,731 MotorDriver.cpp:241 [ERROR] Error: The input motor type is undefined, please check motor type!
2024-09-11 14:14:11,732 MotorDriver.cpp:241 [ERROR] Error: The input motor type is undefined, please check motor type!
2024-09-11 14:14:11,733 MotorDriver.cpp:241 [ERROR] Error: The input motor type is undefined, please check motor type!
2024-09-11 14:14:11,734 MotorDriver.cpp:241 [ERROR] Error: The input motor type is undefined, please check motor type!
2024-09-11 14:14:11,735 MotorDriver.cpp:241 [ERROR] Error: The input motor type is undefined, please check motor type!
2024-09-11 14:14:11,736 MotorDriver.cpp:241 [ERROR] Error: The input motor type is undefined, please check motor type!
2024-09-11 14:14:11,738 MotorDriver.cpp:241 [ERROR] Error: The input motor type is undefined, please check motor type!
2024-09-11 14:14:11,739 MotorDriver.cpp:241 [ERROR] Error: The input motor type is undefined, please check motor type!
2024-09-11 14:14:11,740 MotorDriver.cpp:241 [ERROR] Error: The input motor type is undefined, please check motor type!
2024-09-11 14:14:11,741 MotorDriver.cpp:241 [ERROR] Error: The input motor type is undefined, please check motor type!
2024-09-11 14:14:11,742 MotorDriver.cpp:241 [ERROR] Error: The input motor type is undefined, please check motor type!
2024-09-11 14:14:11,743 MotorDriver.cpp:241 [ERROR] Error: The input motor type is undefined, please check motor type!
2024-09-11 14:14:11,744 MotorDriver.cpp:241 [ERROR] Error: The input motor type is undefined, please check motor type!
2024-09-11 14:14:11,745 MotorDriver.cpp:241 [ERROR] Error: The input motor type is undefined, please check motor type!
2024-09-11 14:14:11,746 MotorDriver.cpp:241 [ERROR] Error: The input motor type is undefined, please check motor type!
2024-09-11 14:14:11,747 MotorDriver.cpp:241 [ERROR] Error: The input motor type is undefined, please check motor type!
2024-09-11 14:14:11,748 MotorDriver.cpp:241 [ERROR] Error: The input motor type is undefined, please check motor type!
2024-09-11 14:14:11,749 MotorDriver.cpp:241 [ERROR] Error: The input motor type is undefined, please check motor type!
2024-09-11 14:14:11,750 MotorDriver.cpp:241 [ERROR] Error: The input motor type is undefined, please check motor type!
2024-09-11 14:14:11,751 MotorDriver.cpp:241 [ERROR] Error: The input motor type is undefined, please check motor type!
2024-09-11 14:14:11,753 MotorDriver.cpp:241 [ERROR] Error: The input motor type is undefined, please check motor type!
2024-09-11 14:14:11,754 MotorDriver.cpp:241 [ERROR] Error: The input motor type is undefined, please check motor type!
2024-09-11 14:14:11,755 MotorDriver.cpp:241 [ERROR] Error: The input motor type is undefined, please check motor type!
2024-09-11 14:14:11,756 MotorDriver.cpp:241 [ERROR] Error: The input motor type is undefined, please check motor type!
2024-09-11 14:14:11,757 MotorDriver.cpp:241 [ERROR] Error: The input motor type is undefined, please check motor type!
2024-09-11 14:14:11,758 MotorDriver.cpp:241 [ERROR] Error: The input motor type is undefined, please check motor type!
2024-09-11 14:14:11,759 MotorDriver.cpp:241 [ERROR] Error: The input motor type is undefined, please check motor type!
2024-09-11 14:14:11,760 MotorDriver.cpp:241 [ERROR] Error: The input motor type is undefined, please check motor type!
2024-09-11 14:14:11,761 MotorDriver.cpp:241 [ERROR] Error: The input motor type is undefined, please check motor type!
2024-09-11 14:14:11,762 MotorDriver.cpp:241 [ERROR] Error: The input motor type is undefined, please check motor type!
2024-09-11 14:14:11,763 MotorDriver.cpp:241 [ERROR] Error: The input motor type is undefined, please check motor type!
2024-09-11 14:14:11,764 MotorDriver.cpp:241 [ERROR] Error: The input motor type is undefined, please check motor type!
2024-09-11 14:14:11,766 MotorDriver.cpp:241 [ERROR] Error: The input motor type is undefined, please check motor type!
2024-09-11 14:14:11,767 MotorDriver.cpp:241 [ERROR] Error: The input motor type is undefined, please check motor type!
2024-09-11 14:14:11,768 MotorDriver.cpp:241 [ERROR] Error: The input motor type is undefined, please check motor type!
2024-09-11 14:14:11,769 MotorDriver.cpp:241 [ERROR] Error: The input motor type is undefined, please check motor type!
2024-09-11 14:14:11,770 MotorDriver.cpp:241 [ERROR] Error: The input motor type is undefined, please check motor type!
2024-09-11 14:14:11,771 MotorDriver.cpp:241 [ERROR] Error: The input motor type is undefined, please check motor type!
2024-09-11 14:14:11,772 MotorDriver.cpp:241 [ERROR] Error: The input motor type is undefined, please check motor type!
2024-09-11 14:14:11,773 MotorDriver.cpp:241 [ERROR] Error: The input motor type is undefined, please check motor type!
2024-09-11 14:14:11,774 MotorDriver.cpp:241 [ERROR] Error: The input motor type is undefined, please check motor type!
2024-09-11 14:14:11,775 MotorDriver.cpp:241 [ERROR] Error: The input motor type is undefined, please check motor type!
2024-09-11 14:14:11,776 MotorDriver.cpp:241 [ERROR] Error: The input motor type is undefined, please check motor type!
2024-09-11 14:14:11,777 MotorDriver.cpp:241 [ERROR] Error: The input motor type is undefined, please check motor type!
2024-09-11 14:14:11,778 MotorDriver.cpp:241 [ERROR] Error: The input motor type is undefined, please check motor type!
2024-09-11 14:14:11,780 MotorDriver.cpp:241 [ERROR] Error: The input motor type is undefined, please check motor type!
2024-09-11 14:14:11,781 MotorDriver.cpp:241 [ERROR] Error: The input motor type is undefined, please check motor type!
2024-09-11 14:14:11,782 MotorDriver.cpp:241 [ERROR] Error: The input motor type is undefined, please check motor type!
2024-09-11 14:14:11,783 MotorDriver.cpp:241 [ERROR] Error: The input motor type is undefined, please check motor type!
2024-09-11 14:14:11,784 MotorDriver.cpp:241 [ERROR] Error: The input motor type is undefined, please check motor type!
2024-09-11 14:14:11,785 MotorDriver.cpp:241 [ERROR] Error: The input motor type is undefined, please check motor type!
2024-09-11 14:14:11,786 MotorDriver.cpp:241 [ERROR] Error: The input motor type is undefined, please check motor type!
2024-09-11 14:14:11,787 MotorDriver.cpp:241 [ERROR] Error: The input motor type is undefined, please check motor type!
2024-09-11 14:14:11,788 MotorDriver.cpp:241 [ERROR] Error: The input motor type is undefined, please check motor type!
2024-09-11 14:14:11,789 MotorDriver.cpp:241 [ERROR] Error: The input motor type is undefined, please check motor type!
2024-09-11 14:14:11,790 MotorDriver.cpp:241 [ERROR] Error: The input motor type is undefined, please check motor type!
2024-09-11 14:14:11,791 MotorDriver.cpp:241 [ERROR] Error: The input motor type is undefined, please check motor type!
2024-09-11 14:14:11,793 MotorDriver.cpp:241 [ERROR] Error: The input motor type is undefined, please check motor type!
2024-09-11 14:14:11,794 MotorDriver.cpp:241 [ERROR] Error: The input motor type is undefined, please check motor type!
2024-09-11 14:14:11,795 MotorDriver.cpp:241 [ERROR] Error: The input motor type is undefined, please check motor type!
2024-09-11 14:14:11,796 MotorDriver.cpp:241 [ERROR] Error: The input motor type is undefined, please check motor type!
2024-09-11 14:14:11,797 MotorDriver.cpp:241 [ERROR] Error: The input motor type is undefined, please check motor type!
2024-09-11 14:14:11,798 MotorDriver.cpp:241 [ERROR] Error: The input motor type is undefined, please check motor type!
2024-09-11 14:14:11,799 MotorDriver.cpp:241 [ERROR] Error: The input motor type is undefined, please check motor type!
2024-09-11 14:14:11,800 MotorDriver.cpp:241 [ERROR] Error: The input motor type is undefined, please check motor type!
2024-09-11 14:14:11,801 MotorDriver.cpp:241 [ERROR] Error: The input motor type is undefined, please check motor type!
2024-09-11 14:14:11,802 MotorDriver.cpp:241 [ERROR] Error: The input motor type is undefined, please check motor type!
2024-09-11 14:14:11,803 MotorDriver.cpp:241 [ERROR] Error: The input motor type is undefined, please check motor type!
2024-09-11 14:14:11,804 MotorDriver.cpp:241 [ERROR] Error: The input motor type is undefined, please check motor type!
2024-09-11 14:14:11,806 MotorDriver.cpp:241 [ERROR] Error: The input motor type is undefined, please check motor type!
2024-09-11 14:14:11,807 MotorDriver.cpp:241 [ERROR] Error: The input motor type is undefined, please check motor type!
2024-09-11 14:14:11,808 MotorDriver.cpp:241 [ERROR] Error: The input motor type is undefined, please check motor type!
2024-09-11 14:14:11,809 MotorDriver.cpp:241 [ERROR] Error: The input motor type is undefined, please check motor type!
2024-09-11 14:14:11,810 MotorDriver.cpp:241 [ERROR] Error: The input motor type is undefined, please check motor type!
2024-09-11 14:14:11,811 MotorDriver.cpp:241 [ERROR] Error: The input motor type is undefined, please check motor type!
2024-09-11 14:14:11,812 MotorDriver.cpp:241 [ERROR] Error: The input motor type is undefined, please check motor type!
2024-09-11 14:14:11,813 MotorDriver.cpp:241 [ERROR] Error: The input motor type is undefined, please check motor type!
2024-09-11 14:14:11,814 MotorDriver.cpp:241 [ERROR] Error: The input motor type is undefined, please check motor type!
2024-09-11 14:14:11,815 MotorDriver.cpp:241 [ERROR] Error: The input motor type is undefined, please check motor type!
2024-09-11 14:14:11,816 MotorDriver.cpp:241 [ERROR] Error: The input motor type is undefined, please check motor type!
2024-09-11 14:14:11,817 MotorDriver.cpp:241 [ERROR] Error: The input motor type is undefined, please check motor type!
2024-09-11 14:14:11,818 MotorDriver.cpp:241 [ERROR] Error: The input motor type is undefined, please check motor type!
2024-09-11 14:14:11,819 MotorDriver.cpp:241 [ERROR] Error: The input motor type is undefined, please check motor type!
2024-09-11 14:14:11,820 MotorDriver.cpp:241 [ERROR] Error: The input motor type is undefined, please check motor type!
2024-09-11 14:14:11,822 MotorDriver.cpp:241 [ERROR] Error: The input motor type is undefined, please check motor type!
2024-09-11 14:14:11,823 MotorDriver.cpp:241 [ERROR] Error: The input motor type is undefined, please check motor type!
2024-09-11 14:14:11,824 MotorDriver.cpp:241 [ERROR] Error: The input motor type is undefined, please check motor type!
2024-09-11 14:14:11,825 MotorDriver.cpp:241 [ERROR] Error: The input motor type is undefined, please check motor type!
2024-09-11 14:14:11,826 MotorDriver.cpp:241 [ERROR] Error: The input motor type is undefined, please check motor type!
2024-09-11 14:14:11,827 MotorDriver.cpp:241 [ERROR] Error: The input motor type is undefined, please check motor type!
2024-09-11 14:14:11,828 MotorDriver.cpp:241 [ERROR] Error: The input motor type is undefined, please check motor type!
2024-09-11 14:14:11,829 MotorDriver.cpp:241 [ERROR] Error: The input motor type is undefined, please check motor type!
2024-09-11 14:14:11,830 MotorDriver.cpp:241 [ERROR] Error: The input motor type is undefined, please check motor type!
2024-09-11 14:14:11,831 MotorDriver.cpp:241 [ERROR] Error: The input motor type is undefined, please check motor type!
2024-09-11 14:14:11,832 MotorDriver.cpp:241 [ERROR] Error: The input motor type is undefined, please check motor type!
2024-09-11 14:14:11,833 MotorDriver.cpp:241 [ERROR] Error: The input motor type is undefined, please check motor type!
2024-09-11 14:14:11,834 MotorDriver.cpp:241 [ERROR] Error: The input motor type is undefined, please check motor type!
2024-09-11 14:14:11,835 MotorDriver.cpp:241 [ERROR] Error: The input motor type is undefined, please check motor type!
2024-09-11 14:14:11,837 MotorDriver.cpp:241 [ERROR] Error: The input motor type is undefined, please check motor type!
2024-09-11 14:14:11,838 MotorDriver.cpp:241 [ERROR] Error: The input motor type is undefined, please check motor type!
2024-09-11 14:14:11,839 MotorDriver.cpp:241 [ERROR] Error: The input motor type is undefined, please check motor type!
2024-09-11 14:14:11,840 MotorDriver.cpp:241 [ERROR] Error: The input motor type is undefined, please check motor type!
2024-09-11 14:14:11,841 MotorDriver.cpp:241 [ERROR] Error: The input motor type is undefined, please check motor type!
2024-09-11 14:14:11,842 MotorDriver.cpp:241 [ERROR] Error: The input motor type is undefined, please check motor type!
2024-09-11 14:14:11,843 MotorDriver.cpp:241 [ERROR] Error: The input motor type is undefined, please check motor type!
2024-09-11 14:14:11,844 MotorDriver.cpp:241 [ERROR] Error: The input motor type is undefined, please check motor type!
2024-09-11 14:14:11,845 MotorDriver.cpp:241 [ERROR] Error: The input motor type is undefined, please check motor type!
2024-09-11 14:14:11,846 MotorDriver.cpp:241 [ERROR] Error: The input motor type is undefined, please check motor type!
2024-09-11 14:14:11,847 MotorDriver.cpp:241 [ERROR] Error: The input motor type is undefined, please check motor type!
2024-09-11 14:14:11,848 MotorDriver.cpp:241 [ERROR] Error: The input motor type is undefined, please check motor type!
2024-09-11 14:14:11,850 MotorDriver.cpp:241 [ERROR] Error: The input motor type is undefined, please check motor type!
2024-09-11 14:14:11,851 MotorDriver.cpp:241 [ERROR] Error: The input motor type is undefined, please check motor type!
2024-09-11 14:14:11,852 MotorDriver.cpp:241 [ERROR] Error: The input motor type is undefined, please check motor type!
2024-09-11 14:14:11,853 MotorDriver.cpp:241 [ERROR] Error: The input motor type is undefined, please check motor type!
2024-09-11 14:14:11,854 MotorDriver.cpp:241 [ERROR] Error: The input motor type is undefined, please check motor type!
2024-09-11 14:14:11,855 MotorDriver.cpp:241 [ERROR] Error: The input motor type is undefined, please check motor type!
2024-09-11 14:14:11,856 MotorDriver.cpp:241 [ERROR] Error: The input motor type is undefined, please check motor type!
2024-09-11 14:14:11,857 MotorDriver.cpp:241 [ERROR] Error: The input motor type is undefined, please check motor type!
2024-09-11 14:14:11,858 MotorDriver.cpp:241 [ERROR] Error: The input motor type is undefined, please check motor type!
2024-09-11 14:14:11,859 MotorDriver.cpp:241 [ERROR] Error: The input motor type is undefined, please check motor type!
2024-09-11 14:14:11,860 MotorDriver.cpp:241 [ERROR] Error: The input motor type is undefined, please check motor type!
2024-09-11 14:14:11,861 MotorDriver.cpp:241 [ERROR] Error: The input motor type is undefined, please check motor type!
2024-09-11 14:14:11,862 MotorDriver.cpp:241 [ERROR] Error: The input motor type is undefined, please check motor type!
2024-09-11 14:14:11,863 MotorDriver.cpp:241 [ERROR] Error: The input motor type is undefined, please check motor type!
2024-09-11 14:14:11,865 MotorDriver.cpp:241 [ERROR] Error: The input motor type is undefined, please check motor type!
2024-09-11 14:14:11,866 MotorDriver.cpp:241 [ERROR] Error: The input motor type is undefined, please check motor type!
2024-09-11 14:14:11,867 MotorDriver.cpp:241 [ERROR] Error: The input motor type is undefined, please check motor type!
2024-09-11 14:14:11,868 MotorDriver.cpp:241 [ERROR] Error: The input motor type is undefined, please check motor type!
2024-09-11 14:14:11,869 MotorDriver.cpp:241 [ERROR] Error: The input motor type is undefined, please check motor type!
2024-09-11 14:14:11,870 MotorDriver.cpp:241 [ERROR] Error: The input motor type is undefined, please check motor type!
2024-09-11 14:14:11,871 MotorDriver.cpp:241 [ERROR] Error: The input motor type is undefined, please check motor type!
2024-09-11 14:14:11,872 MotorDriver.cpp:241 [ERROR] Error: The input motor type is undefined, please check motor type!
2024-09-11 14:14:11,873 MotorDriver.cpp:241 [ERROR] Error: The input motor type is undefined, please check motor type!
2024-09-11 14:14:11,874 MotorDriver.cpp:241 [ERROR] Error: The input motor type is undefined, please check motor type!
2024-09-11 14:14:11,875 MotorDriver.cpp:241 [ERROR] Error: The input motor type is undefined, please check motor type!
2024-09-11 14:14:11,876 MotorDriver.cpp:241 [ERROR] Error: The input motor type is undefined, please check motor type!
2024-09-11 14:14:11,877 MotorDriver.cpp:241 [ERROR] Error: The input motor type is undefined, please check motor type!
2024-09-11 14:14:11,878 MotorDriver.cpp:241 [ERROR] Error: The input motor type is undefined, please check motor type!
2024-09-11 14:14:11,879 MotorDriver.cpp:241 [ERROR] Error: The input motor type is undefined, please check motor type!
2024-09-11 14:14:11,881 MotorDriver.cpp:241 [ERROR] Error: The input motor type is undefined, please check motor type!
2024-09-11 14:14:11,882 MotorDriver.cpp:241 [ERROR] Error: The input motor type is undefined, please check motor type!
2024-09-11 14:14:11,883 MotorDriver.cpp:241 [ERROR] Error: The input motor type is undefined, please check motor type!
2024-09-11 14:14:11,884 MotorDriver.cpp:241 [ERROR] Error: The input motor type is undefined, please check motor type!
2024-09-11 14:14:11,885 MotorDriver.cpp:241 [ERROR] Error: The input motor type is undefined, please check motor type!
2024-09-11 14:14:11,886 MotorDriver.cpp:241 [ERROR] Error: The input motor type is undefined, please check motor type!
2024-09-11 14:14:11,887 MotorDriver.cpp:241 [ERROR] Error: The input motor type is undefined, please check motor type!
2024-09-11 14:14:11,888 MotorDriver.cpp:241 [ERROR] Error: The input motor type is undefined, please check motor type!
2024-09-11 14:14:11,889 MotorDriver.cpp:241 [ERROR] Error: The input motor type is undefined, please check motor type!
2024-09-11 14:14:11,890 MotorDriver.cpp:241 [ERROR] Error: The input motor type is undefined, please check motor type!
2024-09-11 14:14:11,891 MotorDriver.cpp:241 [ERROR] Error: The input motor type is undefined, please check motor type!
2024-09-11 14:14:11,892 MotorDriver.cpp:241 [ERROR] Error: The input motor type is undefined, please check motor type!
2024-09-11 14:14:11,893 MotorDriver.cpp:241 [ERROR] Error: The input motor type is undefined, please check motor type!
2024-09-11 14:14:11,894 MotorDriver.cpp:241 [ERROR] Error: The input motor type is undefined, please check motor type!
2024-09-11 14:14:11,895 MotorDriver.cpp:241 [ERROR] Error: The input motor type is undefined, please check motor type!
2024-09-11 14:14:11,896 MotorDriver.cpp:241 [ERROR] Error: The input motor type is undefined, please check motor type!
2024-09-11 14:14:11,898 MotorDriver.cpp:241 [ERROR] Error: The input motor type is undefined, please check motor type!
2024-09-11 14:14:11,899 MotorDriver.cpp:241 [ERROR] Error: The input motor type is undefined, please check motor type!
2024-09-11 14:14:11,900 MotorDriver.cpp:241 [ERROR] Error: The input motor type is undefined, please check motor type!
2024-09-11 14:14:11,901 MotorDriver.cpp:241 [ERROR] Error: The input motor type is undefined, please check motor type!
2024-09-11 14:14:11,902 MotorDriver.cpp:241 [ERROR] Error: The input motor type is undefined, please check motor type!
2024-09-11 14:14:11,903 MotorDriver.cpp:241 [ERROR] Error: The input motor type is undefined, please check motor type!
2024-09-11 14:14:11,904 MotorDriver.cpp:241 [ERROR] Error: The input motor type is undefined, please check motor type!
2024-09-11 14:14:11,905 MotorDriver.cpp:241 [ERROR] Error: The input motor type is undefined, please check motor type!
2024-09-11 14:14:11,906 MotorDriver.cpp:241 [ERROR] Error: The input motor type is undefined, please check motor type!
2024-09-11 14:14:11,907 MotorDriver.cpp:241 [ERROR] Error: The input motor type is undefined, please check motor type!
2024-09-11 14:14:11,908 MotorDriver.cpp:241 [ERROR] Error: The input motor type is undefined, please check motor type!
2024-09-11 14:14:11,909 MotorDriver.cpp:241 [ERROR] Error: The input motor type is undefined, please check motor type!
2024-09-11 14:14:11,910 MotorDriver.cpp:241 [ERROR] Error: The input motor type is undefined, please check motor type!
2024-09-11 14:14:11,911 MotorDriver.cpp:241 [ERROR] Error: The input motor type is undefined, please check motor type!
2024-09-11 14:14:11,912 MotorDriver.cpp:241 [ERROR] Error: The input motor type is undefined, please check motor type!
2024-09-11 14:14:11,914 MotorDriver.cpp:241 [ERROR] Error: The input motor type is undefined, please check motor type!
2024-09-11 14:14:11,915 MotorDriver.cpp:241 [ERROR] Error: The input motor type is undefined, please check motor type!
2024-09-11 14:14:11,916 MotorDriver.cpp:241 [ERROR] Error: The input motor type is undefined, please check motor type!
2024-09-11 14:14:11,917 MotorDriver.cpp:241 [ERROR] Error: The input motor type is undefined, please check motor type!
2024-09-11 14:14:11,918 MotorDriver.cpp:241 [ERROR] Error: The input motor type is undefined, please check motor type!
2024-09-11 14:14:11,919 MotorDriver.cpp:241 [ERROR] Error: The input motor type is undefined, please check motor type!
2024-09-11 14:14:11,920 MotorDriver.cpp:241 [ERROR] Error: The input motor type is undefined, please check motor type!
2024-09-11 14:14:11,921 MotorDriver.cpp:241 [ERROR] Error: The input motor type is undefined, please check motor type!
2024-09-11 14:14:11,922 MotorDriver.cpp:241 [ERROR] Error: The input motor type is undefined, please check motor type!
2024-09-11 14:14:11,923 MotorDriver.cpp:241 [ERROR] Error: The input motor type is undefined, please check motor type!
2024-09-11 14:14:11,924 MotorDriver.cpp:241 [ERROR] Error: The input motor type is undefined, please check motor type!
2024-09-11 14:14:11,925 MotorDriver.cpp:241 [ERROR] Error: The input motor type is undefined, please check motor type!
2024-09-11 14:14:11,926 MotorDriver.cpp:241 [ERROR] Error: The input motor type is undefined, please check motor type!
2024-09-11 14:14:11,927 MotorDriver.cpp:241 [ERROR] Error: The input motor type is undefined, please check motor type!
2024-09-11 14:14:11,928 MotorDriver.cpp:241 [ERROR] Error: The input motor type is undefined, please check motor type!
2024-09-11 14:14:11,930 MotorDriver.cpp:241 [ERROR] Error: The input motor type is undefined, please check motor type!
2024-09-11 14:14:11,931 MotorDriver.cpp:241 [ERROR] Error: The input motor type is undefined, please check motor type!
2024-09-11 14:14:11,932 MotorDriver.cpp:241 [ERROR] Error: The input motor type is undefined, please check motor type!
2024-09-11 14:14:11,933 MotorDriver.cpp:241 [ERROR] Error: The input motor type is undefined, please check motor type!
2024-09-11 14:14:11,934 MotorDriver.cpp:241 [ERROR] Error: The input motor type is undefined, please check motor type!
2024-09-11 14:14:11,935 MotorDriver.cpp:241 [ERROR] Error: The input motor type is undefined, please check motor type!
2024-09-11 14:14:11,936 MotorDriver.cpp:241 [ERROR] Error: The input motor type is undefined, please check motor type!
2024-09-11 14:14:11,937 MotorDriver.cpp:241 [ERROR] Error: The input motor type is undefined, please check motor type!
2024-09-11 14:14:11,938 MotorDriver.cpp:241 [ERROR] Error: The input motor type is undefined, please check motor type!
2024-09-11 14:14:11,939 MotorDriver.cpp:241 [ERROR] Error: The input motor type is undefined, please check motor type!
2024-09-11 14:14:11,940 MotorDriver.cpp:241 [ERROR] Error: The input motor type is undefined, please check motor type!
2024-09-11 14:14:11,941 MotorDriver.cpp:241 [ERROR] Error: The input motor type is undefined, please check motor type!
2024-09-11 14:14:11,942 MotorDriver.cpp:241 [ERROR] Error: The input motor type is undefined, please check motor type!
2024-09-11 14:14:11,943 MotorDriver.cpp:241 [ERROR] Error: The input motor type is undefined, please check motor type!
2024-09-11 14:14:11,945 MotorDriver.cpp:241 [ERROR] Error: The input motor type is undefined, please check motor type!
2024-09-11 14:14:11,946 MotorDriver.cpp:241 [ERROR] Error: The input motor type is undefined, please check motor type!
2024-09-11 14:14:11,947 MotorDriver.cpp:241 [ERROR] Error: The input motor type is undefined, please check motor type!
2024-09-11 14:14:11,948 MotorDriver.cpp:241 [ERROR] Error: The input motor type is undefined, please check motor type!
2024-09-11 14:14:11,949 MotorDriver.cpp:241 [ERROR] Error: The input motor type is undefined, please check motor type!
2024-09-11 14:14:11,950 MotorDriver.cpp:241 [ERROR] Error: The input motor type is undefined, please check motor type!
2024-09-11 14:14:11,951 MotorDriver.cpp:241 [ERROR] Error: The input motor type is undefined, please check motor type!
2024-09-11 14:14:11,952 MotorDriver.cpp:241 [ERROR] Error: The input motor type is undefined, please check motor type!
2024-09-11 14:14:11,953 MotorDriver.cpp:241 [ERROR] Error: The input motor type is undefined, please check motor type!
2024-09-11 14:14:11,954 MotorDriver.cpp:241 [ERROR] Error: The input motor type is undefined, please check motor type!
2024-09-11 14:14:11,955 MotorDriver.cpp:241 [ERROR] Error: The input motor type is undefined, please check motor type!
2024-09-11 14:14:11,956 MotorDriver.cpp:241 [ERROR] Error: The input motor type is undefined, please check motor type!
2024-09-11 14:14:11,958 MotorDriver.cpp:241 [ERROR] Error: The input motor type is undefined, please check motor type!
2024-09-11 14:14:11,959 MotorDriver.cpp:241 [ERROR] Error: The input motor type is undefined, please check motor type!
2024-09-11 14:14:11,960 MotorDriver.cpp:241 [ERROR] Error: The input motor type is undefined, please check motor type!
2024-09-11 14:14:11,961 MotorDriver.cpp:241 [ERROR] Error: The input motor type is undefined, please check motor type!
2024-09-11 14:14:11,962 MotorDriver.cpp:241 [ERROR] Error: The input motor type is undefined, please check motor type!
2024-09-11 14:14:11,963 MotorDriver.cpp:241 [ERROR] Error: The input motor type is undefined, please check motor type!
2024-09-11 14:14:11,964 MotorDriver.cpp:241 [ERROR] Error: The input motor type is undefined, please check motor type!
2024-09-11 14:14:11,965 MotorDriver.cpp:241 [ERROR] Error: The input motor type is undefined, please check motor type!
2024-09-11 14:14:11,966 MotorDriver.cpp:241 [ERROR] Error: The input motor type is undefined, please check motor type!
2024-09-11 14:14:11,967 MotorDriver.cpp:241 [ERROR] Error: The input motor type is undefined, please check motor type!
2024-09-11 14:14:11,968 MotorDriver.cpp:241 [ERROR] Error: The input motor type is undefined, please check motor type!
2024-09-11 14:14:11,969 MotorDriver.cpp:241 [ERROR] Error: The input motor type is undefined, please check motor type!
2024-09-11 14:14:11,970 MotorDriver.cpp:241 [ERROR] Error: The input motor type is undefined, please check motor type!
2024-09-11 14:14:11,972 MotorDriver.cpp:241 [ERROR] Error: The input motor type is undefined, please check motor type!
2024-09-11 14:14:11,973 MotorDriver.cpp:241 [ERROR] Error: The input motor type is undefined, please check motor type!
2024-09-11 14:14:11,974 MotorDriver.cpp:241 [ERROR] Error: The input motor type is undefined, please check motor type!
2024-09-11 14:14:11,975 MotorDriver.cpp:241 [ERROR] Error: The input motor type is undefined, please check motor type!
2024-09-11 14:14:11,976 MotorDriver.cpp:241 [ERROR] Error: The input motor type is undefined, please check motor type!
2024-09-11 14:14:11,977 MotorDriver.cpp:241 [ERROR] Error: The input motor type is undefined, please check motor type!
2024-09-11 14:14:11,978 MotorDriver.cpp:241 [ERROR] Error: The input motor type is undefined, please check motor type!
2024-09-11 14:14:11,979 MotorDriver.cpp:241 [ERROR] Error: The input motor type is undefined, please check motor type!
2024-09-11 14:14:11,980 MotorDriver.cpp:241 [ERROR] Error: The input motor type is undefined, please check motor type!
2024-09-11 14:14:11,981 MotorDriver.cpp:241 [ERROR] Error: The input motor type is undefined, please check motor type!
2024-09-11 14:14:11,982 MotorDriver.cpp:241 [ERROR] Error: The input motor type is undefined, please check motor type!
2024-09-11 14:14:11,983 MotorDriver.cpp:241 [ERROR] Error: The input motor type is undefined, please check motor type!
2024-09-11 14:14:11,985 MotorDriver.cpp:241 [ERROR] Error: The input motor type is undefined, please check motor type!
2024-09-11 14:14:11,986 MotorDriver.cpp:241 [ERROR] Error: The input motor type is undefined, please check motor type!
2024-09-11 14:14:11,987 MotorDriver.cpp:241 [ERROR] Error: The input motor type is undefined, please check motor type!
2024-09-11 14:14:11,988 MotorDriver.cpp:241 [ERROR] Error: The input motor type is undefined, please check motor type!
2024-09-11 14:14:11,989 MotorDriver.cpp:241 [ERROR] Error: The input motor type is undefined, please check motor type!
2024-09-11 14:14:11,990 MotorDriver.cpp:241 [ERROR] Error: The input motor type is undefined, please check motor type!
2024-09-11 14:14:11,991 MotorDriver.cpp:241 [ERROR] Error: The input motor type is undefined, please check motor type!
2024-09-11 14:14:11,992 MotorDriver.cpp:241 [ERROR] Error: The input motor type is undefined, please check motor type!
2024-09-11 14:14:11,993 MotorDriver.cpp:241 [ERROR] Error: The input motor type is undefined, please check motor type!
2024-09-11 14:14:11,994 MotorDriver.cpp:241 [ERROR] Error: The input motor type is undefined, please check motor type!
2024-09-11 14:14:11,995 MotorDriver.cpp:241 [ERROR] Error: The input motor type is undefined, please check motor type!
2024-09-11 14:14:11,996 MotorDriver.cpp:241 [ERROR] Error: The input motor type is undefined, please check motor type!
2024-09-11 14:14:11,997 MotorDriver.cpp:241 [ERROR] Error: The input motor type is undefined, please check motor type!
2024-09-11 14:14:11,999 MotorDriver.cpp:241 [ERROR] Error: The input motor type is undefined, please check motor type!
2024-09-11 14:14:12,000 MotorDriver.cpp:241 [ERROR] Error: The input motor type is undefined, please check motor type!
2024-09-11 14:14:12,001 MotorDriver.cpp:241 [ERROR] Error: The input motor type is undefined, please check motor type!
2024-09-11 14:14:12,002 MotorDriver.cpp:241 [ERROR] Error: The input motor type is undefined, please check motor type!
2024-09-11 14:14:12,003 MotorDriver.cpp:241 [ERROR] Error: The input motor type is undefined, please check motor type!
2024-09-11 14:14:12,004 MotorDriver.cpp:241 [ERROR] Error: The input motor type is undefined, please check motor type!
2024-09-11 14:14:12,005 MotorDriver.cpp:241 [ERROR] Error: The input motor type is undefined, please check motor type!
2024-09-11 14:14:12,006 MotorDriver.cpp:241 [ERROR] Error: The input motor type is undefined, please check motor type!
2024-09-11 14:14:12,007 MotorDriver.cpp:241 [ERROR] Error: The input motor type is undefined, please check motor type!
2024-09-11 14:14:12,008 MotorDriver.cpp:241 [ERROR] Error: The input motor type is undefined, please check motor type!
2024-09-11 14:14:12,009 MotorDriver.cpp:241 [ERROR] Error: The input motor type is undefined, please check motor type!
2024-09-11 14:14:12,010 MotorDriver.cpp:241 [ERROR] Error: The input motor type is undefined, please check motor type!
2024-09-11 14:14:12,011 MotorDriver.cpp:241 [ERROR] Error: The input motor type is undefined, please check motor type!
2024-09-11 14:14:12,012 MotorDriver.cpp:241 [ERROR] Error: The input motor type is undefined, please check motor type!
2024-09-11 14:14:12,013 MotorDriver.cpp:241 [ERROR] Error: The input motor type is undefined, please check motor type!
2024-09-11 14:14:12,015 MotorDriver.cpp:241 [ERROR] Error: The input motor type is undefined, please check motor type!
2024-09-11 14:14:12,016 MotorDriver.cpp:241 [ERROR] Error: The input motor type is undefined, please check motor type!
2024-09-11 14:14:12,017 MotorDriver.cpp:241 [ERROR] Error: The input motor type is undefined, please check motor type!
2024-09-11 14:14:12,018 MotorDriver.cpp:241 [ERROR] Error: The input motor type is undefined, please check motor type!
2024-09-11 14:14:12,019 MotorDriver.cpp:241 [ERROR] Error: The input motor type is undefined, please check motor type!
2024-09-11 14:14:12,020 MotorDriver.cpp:241 [ERROR] Error: The input motor type is undefined, please check motor type!
2024-09-11 14:14:12,021 MotorDriver.cpp:241 [ERROR] Error: The input motor type is undefined, please check motor type!
2024-09-11 14:14:12,022 MotorDriver.cpp:241 [ERROR] Error: The input motor type is undefined, please check motor type!
2024-09-11 14:14:12,023 MotorDriver.cpp:241 [ERROR] Error: The input motor type is undefined, please check motor type!
2024-09-11 14:14:12,024 MotorDriver.cpp:241 [ERROR] Error: The input motor type is undefined, please check motor type!
2024-09-11 14:14:12,025 MotorDriver.cpp:241 [ERROR] Error: The input motor type is undefined, please check motor type!
2024-09-11 14:14:12,026 MotorDriver.cpp:241 [ERROR] Error: The input motor type is undefined, please check motor type!
2024-09-11 14:14:12,027 MotorDriver.cpp:241 [ERROR] Error: The input motor type is undefined, please check motor type!
2024-09-11 14:14:12,029 MotorDriver.cpp:241 [ERROR] Error: The input motor type is undefined, please check motor type!
2024-09-11 14:14:12,030 MotorDriver.cpp:241 [ERROR] Error: The input motor type is undefined, please check motor type!
2024-09-11 14:14:12,031 MotorDriver.cpp:241 [ERROR] Error: The input motor type is undefined, please check motor type!
2024-09-11 14:14:12,032 MotorDriver.cpp:241 [ERROR] Error: The input motor type is undefined, please check motor type!
2024-09-11 14:14:12,033 MotorDriver.cpp:241 [ERROR] Error: The input motor type is undefined, please check motor type!
2024-09-11 14:14:12,034 MotorDriver.cpp:241 [ERROR] Error: The input motor type is undefined, please check motor type!
2024-09-11 14:14:12,035 MotorDriver.cpp:241 [ERROR] Error: The input motor type is undefined, please check motor type!
2024-09-11 14:14:12,036 MotorDriver.cpp:241 [ERROR] Error: The input motor type is undefined, please check motor type!
2024-09-11 14:14:12,037 MotorDriver.cpp:241 [ERROR] Error: The input motor type is undefined, please check motor type!
2024-09-11 14:14:12,038 MotorDriver.cpp:241 [ERROR] Error: The input motor type is undefined, please check motor type!
2024-09-11 14:14:12,039 MotorDriver.cpp:241 [ERROR] Error: The input motor type is undefined, please check motor type!
2024-09-11 14:14:12,040 MotorDriver.cpp:241 [ERROR] Error: The input motor type is undefined, please check motor type!
2024-09-11 14:14:12,041 MotorDriver.cpp:241 [ERROR] Error: The input motor type is undefined, please check motor type!
2024-09-11 14:14:12,042 MotorDriver.cpp:241 [ERROR] Error: The input motor type is undefined, please check motor type!
2024-09-11 14:14:12,043 MotorDriver.cpp:241 [ERROR] Error: The input motor type is undefined, please check motor type!
2024-09-11 14:14:12,045 MotorDriver.cpp:241 [ERROR] Error: The input motor type is undefined, please check motor type!
2024-09-11 14:14:12,046 MotorDriver.cpp:241 [ERROR] Error: The input motor type is undefined, please check motor type!
2024-09-11 14:14:12,047 MotorDriver.cpp:241 [ERROR] Error: The input motor type is undefined, please check motor type!
2024-09-11 14:14:12,048 MotorDriver.cpp:241 [ERROR] Error: The input motor type is undefined, please check motor type!
2024-09-11 14:14:12,049 MotorDriver.cpp:241 [ERROR] Error: The input motor type is undefined, please check motor type!
2024-09-11 14:14:12,050 MotorDriver.cpp:241 [ERROR] Error: The input motor type is undefined, please check motor type!
2024-09-11 14:14:12,051 MotorDriver.cpp:241 [ERROR] Error: The input motor type is undefined, please check motor type!
2024-09-11 14:14:12,052 MotorDriver.cpp:241 [ERROR] Error: The input motor type is undefined, please check motor type!
2024-09-11 14:14:12,053 MotorDriver.cpp:241 [ERROR] Error: The input motor type is undefined, please check motor type!
2024-09-11 14:14:12,054 MotorDriver.cpp:241 [ERROR] Error: The input motor type is undefined, please check motor type!
2024-09-11 14:14:12,055 MotorDriver.cpp:241 [ERROR] Error: The input motor type is undefined, please check motor type!
2024-09-11 14:14:12,056 MotorDriver.cpp:241 [ERROR] Error: The input motor type is undefined, please check motor type!
2024-09-11 14:14:12,058 MotorDriver.cpp:241 [ERROR] Error: The input motor type is undefined, please check motor type!
2024-09-11 14:14:12,059 MotorDriver.cpp:241 [ERROR] Error: The input motor type is undefined, please check motor type!
2024-09-11 14:14:12,060 MotorDriver.cpp:241 [ERROR] Error: The input motor type is undefined, please check motor type!
2024-09-11 14:14:12,061 MotorDriver.cpp:241 [ERROR] Error: The input motor type is undefined, please check motor type!
2024-09-11 14:14:12,062 MotorDriver.cpp:241 [ERROR] Error: The input motor type is undefined, please check motor type!
2024-09-11 14:14:12,063 MotorDriver.cpp:241 [ERROR] Error: The input motor type is undefined, please check motor type!
2024-09-11 14:14:12,064 MotorDriver.cpp:241 [ERROR] Error: The input motor type is undefined, please check motor type!
2024-09-11 14:14:12,065 MotorDriver.cpp:241 [ERROR] Error: The input motor type is undefined, please check motor type!
2024-09-11 14:14:12,066 MotorDriver.cpp:241 [ERROR] Error: The input motor type is undefined, please check motor type!
2024-09-11 14:14:12,067 MotorDriver.cpp:241 [ERROR] Error: The input motor type is undefined, please check motor type!
2024-09-11 14:14:12,068 MotorDriver.cpp:241 [ERROR] Error: The input motor type is undefined, please check motor type!
2024-09-11 14:14:12,069 MotorDriver.cpp:241 [ERROR] Error: The input motor type is undefined, please check motor type!
2024-09-11 14:14:12,071 MotorDriver.cpp:241 [ERROR] Error: The input motor type is undefined, please check motor type!
2024-09-11 14:14:12,072 MotorDriver.cpp:241 [ERROR] Error: The input motor type is undefined, please check motor type!
2024-09-11 14:14:12,073 MotorDriver.cpp:241 [ERROR] Error: The input motor type is undefined, please check motor type!
2024-09-11 14:14:12,074 MotorDriver.cpp:241 [ERROR] Error: The input motor type is undefined, please check motor type!
2024-09-11 14:14:12,075 MotorDriver.cpp:241 [ERROR] Error: The input motor type is undefined, please check motor type!
2024-09-11 14:14:12,076 MotorDriver.cpp:241 [ERROR] Error: The input motor type is undefined, please check motor type!
2024-09-11 14:14:12,077 MotorDriver.cpp:241 [ERROR] Error: The input motor type is undefined, please check motor type!
2024-09-11 14:14:12,078 MotorDriver.cpp:241 [ERROR] Error: The input motor type is undefined, please check motor type!
2024-09-11 14:14:12,079 MotorDriver.cpp:241 [ERROR] Error: The input motor type is undefined, please check motor type!
2024-09-11 14:14:12,080 MotorDriver.cpp:241 [ERROR] Error: The input motor type is undefined, please check motor type!
2024-09-11 14:14:12,081 MotorDriver.cpp:241 [ERROR] Error: The input motor type is undefined, please check motor type!
2024-09-11 14:14:12,082 MotorDriver.cpp:241 [ERROR] Error: The input motor type is undefined, please check motor type!
2024-09-11 14:14:12,083 MotorDriver.cpp:241 [ERROR] Error: The input motor type is undefined, please check motor type!
2024-09-11 14:14:12,085 MotorDriver.cpp:241 [ERROR] Error: The input motor type is undefined, please check motor type!
2024-09-11 14:14:12,086 MotorDriver.cpp:241 [ERROR] Error: The input motor type is undefined, please check motor type!
2024-09-11 14:14:12,087 MotorDriver.cpp:241 [ERROR] Error: The input motor type is undefined, please check motor type!
2024-09-11 14:14:12,088 MotorDriver.cpp:241 [ERROR] Error: The input motor type is undefined, please check motor type!
2024-09-11 14:14:12,089 MotorDriver.cpp:241 [ERROR] Error: The input motor type is undefined, please check motor type!
2024-09-11 14:14:12,090 MotorDriver.cpp:241 [ERROR] Error: The input motor type is undefined, please check motor type!
2024-09-11 14:14:12,091 MotorDriver.cpp:241 [ERROR] Error: The input motor type is undefined, please check motor type!
2024-09-11 14:14:12,092 MotorDriver.cpp:241 [ERROR] Error: The input motor type is undefined, please check motor type!
2024-09-11 14:14:12,093 MotorDriver.cpp:241 [ERROR] Error: The input motor type is undefined, please check motor type!
2024-09-11 14:14:12,094 MotorDriver.cpp:241 [ERROR] Error: The input motor type is undefined, please check motor type!
2024-09-11 14:14:12,095 MotorDriver.cpp:241 [ERROR] Error: The input motor type is undefined, please check motor type!
2024-09-11 14:14:12,096 MotorDriver.cpp:241 [ERROR] Error: The input motor type is undefined, please check motor type!
2024-09-11 14:14:12,097 MotorDriver.cpp:241 [ERROR] Error: The input motor type is undefined, please check motor type!
2024-09-11 14:14:12,099 MotorDriver.cpp:241 [ERROR] Error: The input motor type is undefined, please check motor type!
2024-09-11 14:14:12,100 MotorDriver.cpp:241 [ERROR] Error: The input motor type is undefined, please check motor type!
2024-09-11 14:14:12,101 MotorDriver.cpp:241 [ERROR] Error: The input motor type is undefined, please check motor type!
2024-09-11 14:14:12,102 MotorDriver.cpp:241 [ERROR] Error: The input motor type is undefined, please check motor type!
2024-09-11 14:14:12,103 MotorDriver.cpp:241 [ERROR] Error: The input motor type is undefined, please check motor type!
2024-09-11 14:14:12,104 MotorDriver.cpp:241 [ERROR] Error: The input motor type is undefined, please check motor type!
2024-09-11 14:14:12,105 MotorDriver.cpp:241 [ERROR] Error: The input motor type is undefined, please check motor type!
2024-09-11 14:14:12,106 MotorDriver.cpp:241 [ERROR] Error: The input motor type is undefined, please check motor type!
2024-09-11 14:14:12,107 MotorDriver.cpp:241 [ERROR] Error: The input motor type is undefined, please check motor type!
2024-09-11 14:14:12,108 MotorDriver.cpp:241 [ERROR] Error: The input motor type is undefined, please check motor type!
2024-09-11 14:14:12,109 MotorDriver.cpp:241 [ERROR] Error: The input motor type is undefined, please check motor type!
2024-09-11 14:14:12,110 MotorDriver.cpp:241 [ERROR] Error: The input motor type is undefined, please check motor type!
2024-09-11 14:14:12,111 MotorDriver.cpp:241 [ERROR] Error: The input motor type is undefined, please check motor type!
2024-09-11 14:14:12,112 MotorDriver.cpp:241 [ERROR] Error: The input motor type is undefined, please check motor type!
2024-09-11 14:14:12,114 MotorDriver.cpp:241 [ERROR] Error: The input motor type is undefined, please check motor type!
2024-09-11 14:14:12,115 MotorDriver.cpp:241 [ERROR] Error: The input motor type is undefined, please check motor type!
2024-09-11 14:14:12,116 MotorDriver.cpp:241 [ERROR] Error: The input motor type is undefined, please check motor type!
2024-09-11 14:14:12,117 MotorDriver.cpp:241 [ERROR] Error: The input motor type is undefined, please check motor type!
2024-09-11 14:14:12,118 MotorDriver.cpp:241 [ERROR] Error: The input motor type is undefined, please check motor type!
2024-09-11 14:14:12,119 MotorDriver.cpp:241 [ERROR] Error: The input motor type is undefined, please check motor type!
2024-09-11 14:14:12,120 MotorDriver.cpp:241 [ERROR] Error: The input motor type is undefined, please check motor type!
2024-09-11 14:14:12,121 MotorDriver.cpp:241 [ERROR] Error: The input motor type is undefined, please check motor type!
2024-09-11 14:14:12,122 MotorDriver.cpp:241 [ERROR] Error: The input motor type is undefined, please check motor type!
2024-09-11 14:14:12,123 MotorDriver.cpp:241 [ERROR] Error: The input motor type is undefined, please check motor type!
2024-09-11 14:14:12,124 MotorDriver.cpp:241 [ERROR] Error: The input motor type is undefined, please check motor type!
2024-09-11 14:14:12,125 MotorDriver.cpp:241 [ERROR] Error: The input motor type is undefined, please check motor type!
2024-09-11 14:14:12,127 MotorDriver.cpp:241 [ERROR] Error: The input motor type is undefined, please check motor type!
2024-09-11 14:14:12,128 MotorDriver.cpp:241 [ERROR] Error: The input motor type is undefined, please check motor type!
2024-09-11 14:14:12,129 MotorDriver.cpp:241 [ERROR] Error: The input motor type is undefined, please check motor type!
2024-09-11 14:14:12,130 MotorDriver.cpp:241 [ERROR] Error: The input motor type is undefined, please check motor type!
2024-09-11 14:14:12,131 MotorDriver.cpp:241 [ERROR] Error: The input motor type is undefined, please check motor type!
2024-09-11 14:14:12,132 MotorDriver.cpp:241 [ERROR] Error: The input motor type is undefined, please check motor type!
2024-09-11 14:14:12,133 MotorDriver.cpp:241 [ERROR] Error: The input motor type is undefined, please check motor type!
2024-09-11 14:14:12,134 MotorDriver.cpp:241 [ERROR] Error: The input motor type is undefined, please check motor type!
2024-09-11 14:14:12,135 MotorDriver.cpp:241 [ERROR] Error: The input motor type is undefined, please check motor type!
2024-09-11 14:14:12,136 MotorDriver.cpp:241 [ERROR] Error: The input motor type is undefined, please check motor type!
2024-09-11 14:14:12,137 MotorDriver.cpp:241 [ERROR] Error: The input motor type is undefined, please check motor type!
2024-09-11 14:14:12,138 MotorDriver.cpp:241 [ERROR] Error: The input motor type is undefined, please check motor type!
2024-09-11 14:14:12,140 MotorDriver.cpp:241 [ERROR] Error: The input motor type is undefined, please check motor type!
2024-09-11 14:14:12,141 MotorDriver.cpp:241 [ERROR] Error: The input motor type is undefined, please check motor type!
2024-09-11 14:14:12,142 MotorDriver.cpp:241 [ERROR] Error: The input motor type is undefined, please check motor type!
2024-09-11 14:14:12,143 MotorDriver.cpp:241 [ERROR] Error: The input motor type is undefined, please check motor type!
2024-09-11 14:14:12,144 MotorDriver.cpp:241 [ERROR] Error: The input motor type is undefined, please check motor type!
2024-09-11 14:14:12,145 MotorDriver.cpp:241 [ERROR] Error: The input motor type is undefined, please check motor type!
2024-09-11 14:14:12,146 MotorDriver.cpp:241 [ERROR] Error: The input motor type is undefined, please check motor type!
2024-09-11 14:14:12,147 MotorDriver.cpp:241 [ERROR] Error: The input motor type is undefined, please check motor type!
2024-09-11 14:14:12,148 MotorDriver.cpp:241 [ERROR] Error: The input motor type is undefined, please check motor type!
2024-09-11 14:14:12,149 MotorDriver.cpp:241 [ERROR] Error: The input motor type is undefined, please check motor type!
2024-09-11 14:14:12,150 MotorDriver.cpp:241 [ERROR] Error: The input motor type is undefined, please check motor type!
2024-09-11 14:14:12,151 MotorDriver.cpp:241 [ERROR] Error: The input motor type is undefined, please check motor type!
2024-09-11 14:14:12,152 MotorDriver.cpp:241 [ERROR] Error: The input motor type is undefined, please check motor type!
2024-09-11 14:14:12,154 MotorDriver.cpp:241 [ERROR] Error: The input motor type is undefined, please check motor type!
2024-09-11 14:14:12,155 MotorDriver.cpp:241 [ERROR] Error: The input motor type is undefined, please check motor type!
2024-09-11 14:14:12,156 MotorDriver.cpp:241 [ERROR] Error: The input motor type is undefined, please check motor type!
2024-09-11 14:14:12,157 MotorDriver.cpp:241 [ERROR] Error: The input motor type is undefined, please check motor type!
2024-09-11 14:14:12,158 MotorDriver.cpp:241 [ERROR] Error: The input motor type is undefined, please check motor type!
2024-09-11 14:14:12,159 MotorDriver.cpp:241 [ERROR] Error: The input motor type is undefined, please check motor type!
2024-09-11 14:14:12,160 MotorDriver.cpp:241 [ERROR] Error: The input motor type is undefined, please check motor type!
2024-09-11 14:14:12,161 MotorDriver.cpp:241 [ERROR] Error: The input motor type is undefined, please check motor type!
2024-09-11 14:14:12,162 MotorDriver.cpp:241 [ERROR] Error: The input motor type is undefined, please check motor type!
2024-09-11 14:14:12,163 MotorDriver.cpp:241 [ERROR] Error: The input motor type is undefined, please check motor type!
2024-09-11 14:14:12,164 MotorDriver.cpp:241 [ERROR] Error: The input motor type is undefined, please check motor type!
2024-09-11 14:14:12,165 MotorDriver.cpp:241 [ERROR] Error: The input motor type is undefined, please check motor type!
2024-09-11 14:14:12,166 MotorDriver.cpp:241 [ERROR] Error: The input motor type is undefined, please check motor type!
2024-09-11 14:14:12,167 MotorDriver.cpp:241 [ERROR] Error: The input motor type is undefined, please check motor type!
2024-09-11 14:14:12,168 MotorDriver.cpp:241 [ERROR] Error: The input motor type is undefined, please check motor type!
2024-09-11 14:14:12,170 MotorDriver.cpp:241 [ERROR] Error: The input motor type is undefined, please check motor type!
2024-09-11 14:14:12,171 MotorDriver.cpp:241 [ERROR] Error: The input motor type is undefined, please check motor type!
2024-09-11 14:14:12,172 MotorDriver.cpp:241 [ERROR] Error: The input motor type is undefined, please check motor type!
2024-09-11 14:14:12,173 MotorDriver.cpp:241 [ERROR] Error: The input motor type is undefined, please check motor type!
2024-09-11 14:14:12,174 MotorDriver.cpp:241 [ERROR] Error: The input motor type is undefined, please check motor type!
2024-09-11 14:14:12,175 MotorDriver.cpp:241 [ERROR] Error: The input motor type is undefined, please check motor type!
2024-09-11 14:14:12,176 MotorDriver.cpp:241 [ERROR] Error: The input motor type is undefined, please check motor type!
2024-09-11 14:14:12,177 MotorDriver.cpp:241 [ERROR] Error: The input motor type is undefined, please check motor type!
2024-09-11 14:14:12,178 MotorDriver.cpp:241 [ERROR] Error: The input motor type is undefined, please check motor type!
2024-09-11 14:14:12,179 MotorDriver.cpp:241 [ERROR] Error: The input motor type is undefined, please check motor type!
2024-09-11 14:14:12,180 MotorDriver.cpp:241 [ERROR] Error: The input motor type is undefined, please check motor type!
2024-09-11 14:14:12,181 MotorDriver.cpp:241 [ERROR] Error: The input motor type is undefined, please check motor type!
2024-09-11 14:14:12,182 MotorDriver.cpp:241 [ERROR] Error: The input motor type is undefined, please check motor type!
2024-09-11 14:14:12,183 MotorDriver.cpp:241 [ERROR] Error: The input motor type is undefined, please check motor type!
2024-09-11 14:14:12,184 MotorDriver.cpp:241 [ERROR] Error: The input motor type is undefined, please check motor type!
2024-09-11 14:14:12,186 MotorDriver.cpp:241 [ERROR] Error: The input motor type is undefined, please check motor type!
2024-09-11 14:14:12,187 MotorDriver.cpp:241 [ERROR] Error: The input motor type is undefined, please check motor type!
2024-09-11 14:14:12,188 MotorDriver.cpp:241 [ERROR] Error: The input motor type is undefined, please check motor type!
2024-09-11 14:14:12,189 MotorDriver.cpp:241 [ERROR] Error: The input motor type is undefined, please check motor type!
2024-09-11 14:14:12,190 MotorDriver.cpp:241 [ERROR] Error: The input motor type is undefined, please check motor type!
2024-09-11 14:14:12,191 MotorDriver.cpp:241 [ERROR] Error: The input motor type is undefined, please check motor type!
2024-09-11 14:14:12,192 MotorDriver.cpp:241 [ERROR] Error: The input motor type is undefined, please check motor type!
2024-09-11 14:14:12,193 MotorDriver.cpp:241 [ERROR] Error: The input motor type is undefined, please check motor type!
2024-09-11 14:14:12,194 MotorDriver.cpp:241 [ERROR] Error: The input motor type is undefined, please check motor type!
2024-09-11 14:14:12,195 MotorDriver.cpp:241 [ERROR] Error: The input motor type is undefined, please check motor type!
2024-09-11 14:14:12,196 MotorDriver.cpp:241 [ERROR] Error: The input motor type is undefined, please check motor type!
2024-09-11 14:14:12,197 MotorDriver.cpp:241 [ERROR] Error: The input motor type is undefined, please check motor type!
2024-09-11 14:14:12,198 MotorDriver.cpp:241 [ERROR] Error: The input motor type is undefined, please check motor type!
2024-09-11 14:14:12,200 MotorDriver.cpp:241 [ERROR] Error: The input motor type is undefined, please check motor type!
2024-09-11 14:14:12,201 MotorDriver.cpp:241 [ERROR] Error: The input motor type is undefined, please check motor type!
2024-09-11 14:14:12,202 MotorDriver.cpp:241 [ERROR] Error: The input motor type is undefined, please check motor type!
2024-09-11 14:14:12,203 MotorDriver.cpp:241 [ERROR] Error: The input motor type is undefined, please check motor type!
2024-09-11 14:14:12,204 MotorDriver.cpp:241 [ERROR] Error: The input motor type is undefined, please check motor type!
2024-09-11 14:14:12,205 MotorDriver.cpp:241 [ERROR] Error: The input motor type is undefined, please check motor type!
2024-09-11 14:14:12,206 MotorDriver.cpp:241 [ERROR] Error: The input motor type is undefined, please check motor type!
2024-09-11 14:14:12,207 MotorDriver.cpp:241 [ERROR] Error: The input motor type is undefined, please check motor type!
2024-09-11 14:14:12,208 MotorDriver.cpp:241 [ERROR] Error: The input motor type is undefined, please check motor type!
2024-09-11 14:14:12,209 MotorDriver.cpp:241 [ERROR] Error: The input motor type is undefined, please check motor type!
2024-09-11 14:14:12,210 MotorDriver.cpp:241 [ERROR] Error: The input motor type is undefined, please check motor type!
2024-09-11 14:14:12,211 MotorDriver.cpp:241 [ERROR] Error: The input motor type is undefined, please check motor type!
2024-09-11 14:14:12,212 MotorDriver.cpp:241 [ERROR] Error: The input motor type is undefined, please check motor type!
2024-09-11 14:14:12,214 MotorDriver.cpp:241 [ERROR] Error: The input motor type is undefined, please check motor type!
2024-09-11 14:14:12,215 MotorDriver.cpp:241 [ERROR] Error: The input motor type is undefined, please check motor type!
2024-09-11 14:14:12,216 MotorDriver.cpp:241 [ERROR] Error: The input motor type is undefined, please check motor type!
2024-09-11 14:14:12,217 MotorDriver.cpp:241 [ERROR] Error: The input motor type is undefined, please check motor type!
2024-09-11 14:14:12,218 MotorDriver.cpp:241 [ERROR] Error: The input motor type is undefined, please check motor type!
2024-09-11 14:14:12,219 MotorDriver.cpp:241 [ERROR] Error: The input motor type is undefined, please check motor type!
2024-09-11 14:14:12,220 MotorDriver.cpp:241 [ERROR] Error: The input motor type is undefined, please check motor type!
2024-09-11 14:14:12,221 MotorDriver.cpp:241 [ERROR] Error: The input motor type is undefined, please check motor type!
2024-09-11 14:14:12,222 MotorDriver.cpp:241 [ERROR] Error: The input motor type is undefined, please check motor type!
2024-09-11 14:14:12,223 MotorDriver.cpp:241 [ERROR] Error: The input motor type is undefined, please check motor type!
2024-09-11 14:14:12,224 MotorDriver.cpp:241 [ERROR] Error: The input motor type is undefined, please check motor type!
2024-09-11 14:14:12,226 MotorDriver.cpp:241 [ERROR] Error: The input motor type is undefined, please check motor type!
2024-09-11 14:14:12,227 MotorDriver.cpp:241 [ERROR] Error: The input motor type is undefined, please check motor type!
2024-09-11 14:14:12,228 MotorDriver.cpp:241 [ERROR] Error: The input motor type is undefined, please check motor type!
2024-09-11 14:14:12,229 MotorDriver.cpp:241 [ERROR] Error: The input motor type is undefined, please check motor type!
2024-09-11 14:14:12,230 MotorDriver.cpp:241 [ERROR] Error: The input motor type is undefined, please check motor type!
2024-09-11 14:14:12,231 MotorDriver.cpp:241 [ERROR] Error: The input motor type is undefined, please check motor type!
2024-09-11 14:14:12,232 MotorDriver.cpp:241 [ERROR] Error: The input motor type is undefined, please check motor type!
2024-09-11 14:14:12,233 MotorDriver.cpp:241 [ERROR] Error: The input motor type is undefined, please check motor type!
2024-09-11 14:14:12,234 MotorDriver.cpp:241 [ERROR] Error: The input motor type is undefined, please check motor type!
2024-09-11 14:14:12,235 MotorDriver.cpp:241 [ERROR] Error: The input motor type is undefined, please check motor type!
2024-09-11 14:14:12,236 MotorDriver.cpp:241 [ERROR] Error: The input motor type is undefined, please check motor type!
2024-09-11 14:14:12,237 MotorDriver.cpp:241 [ERROR] Error: The input motor type is undefined, please check motor type!
2024-09-11 14:14:12,238 MotorDriver.cpp:241 [ERROR] Error: The input motor type is undefined, please check motor type!
2024-09-11 14:14:12,240 MotorDriver.cpp:241 [ERROR] Error: The input motor type is undefined, please check motor type!
2024-09-11 14:14:12,241 MotorDriver.cpp:241 [ERROR] Error: The input motor type is undefined, please check motor type!
2024-09-11 14:14:12,242 MotorDriver.cpp:241 [ERROR] Error: The input motor type is undefined, please check motor type!
2024-09-11 14:14:12,243 MotorDriver.cpp:241 [ERROR] Error: The input motor type is undefined, please check motor type!
2024-09-11 14:14:12,244 MotorDriver.cpp:241 [ERROR] Error: The input motor type is undefined, please check motor type!
2024-09-11 14:14:12,245 MotorDriver.cpp:241 [ERROR] Error: The input motor type is undefined, please check motor type!
2024-09-11 14:14:12,246 MotorDriver.cpp:241 [ERROR] Error: The input motor type is undefined, please check motor type!
2024-09-11 14:14:12,247 MotorDriver.cpp:241 [ERROR] Error: The input motor type is undefined, please check motor type!
2024-09-11 14:14:12,248 MotorDriver.cpp:241 [ERROR] Error: The input motor type is undefined, please check motor type!
2024-09-11 14:14:12,249 MotorDriver.cpp:241 [ERROR] Error: The input motor type is undefined, please check motor type!
2024-09-11 14:14:12,250 MotorDriver.cpp:241 [ERROR] Error: The input motor type is undefined, please check motor type!
2024-09-11 14:14:12,251 MotorDriver.cpp:241 [ERROR] Error: The input motor type is undefined, please check motor type!
2024-09-11 14:14:12,252 MotorDriver.cpp:241 [ERROR] Error: The input motor type is undefined, please check motor type!
2024-09-11 14:14:12,254 MotorDriver.cpp:241 [ERROR] Error: The input motor type is undefined, please check motor type!
2024-09-11 14:14:12,255 MotorDriver.cpp:241 [ERROR] Error: The input motor type is undefined, please check motor type!
2024-09-11 14:14:12,256 MotorDriver.cpp:241 [ERROR] Error: The input motor type is undefined, please check motor type!
2024-09-11 14:14:12,257 MotorDriver.cpp:241 [ERROR] Error: The input motor type is undefined, please check motor type!
2024-09-11 14:14:12,258 MotorDriver.cpp:241 [ERROR] Error: The input motor type is undefined, please check motor type!
2024-09-11 14:14:12,259 MotorDriver.cpp:241 [ERROR] Error: The input motor type is undefined, please check motor type!
2024-09-11 14:14:12,260 MotorDriver.cpp:241 [ERROR] Error: The input motor type is undefined, please check motor type!
2024-09-11 14:14:12,261 MotorDriver.cpp:241 [ERROR] Error: The input motor type is undefined, please check motor type!
2024-09-11 14:14:12,262 MotorDriver.cpp:241 [ERROR] Error: The input motor type is undefined, please check motor type!
2024-09-11 14:14:12,263 MotorDriver.cpp:241 [ERROR] Error: The input motor type is undefined, please check motor type!
2024-09-11 14:14:12,264 MotorDriver.cpp:241 [ERROR] Error: The input motor type is undefined, please check motor type!
2024-09-11 14:14:12,265 MotorDriver.cpp:241 [ERROR] Error: The input motor type is undefined, please check motor type!
2024-09-11 14:14:12,267 MotorDriver.cpp:241 [ERROR] Error: The input motor type is undefined, please check motor type!
2024-09-11 14:14:12,268 MotorDriver.cpp:241 [ERROR] Error: The input motor type is undefined, please check motor type!
2024-09-11 14:14:12,269 MotorDriver.cpp:241 [ERROR] Error: The input motor type is undefined, please check motor type!
2024-09-11 14:14:12,270 MotorDriver.cpp:241 [ERROR] Error: The input motor type is undefined, please check motor type!
2024-09-11 14:14:12,271 MotorDriver.cpp:241 [ERROR] Error: The input motor type is undefined, please check motor type!
2024-09-11 14:14:12,272 MotorDriver.cpp:241 [ERROR] Error: The input motor type is undefined, please check motor type!
2024-09-11 14:14:12,273 MotorDriver.cpp:241 [ERROR] Error: The input motor type is undefined, please check motor type!
2024-09-11 14:14:12,274 MotorDriver.cpp:241 [ERROR] Error: The input motor type is undefined, please check motor type!
2024-09-11 14:14:12,275 MotorDriver.cpp:241 [ERROR] Error: The input motor type is undefined, please check motor type!
2024-09-11 14:14:12,276 MotorDriver.cpp:241 [ERROR] Error: The input motor type is undefined, please check motor type!
2024-09-11 14:14:12,277 MotorDriver.cpp:241 [ERROR] Error: The input motor type is undefined, please check motor type!
2024-09-11 14:14:12,278 MotorDriver.cpp:241 [ERROR] Error: The input motor type is undefined, please check motor type!
2024-09-11 14:14:12,279 MotorDriver.cpp:241 [ERROR] Error: The input motor type is undefined, please check motor type!
2024-09-11 14:14:12,280 MotorDriver.cpp:241 [ERROR] Error: The input motor type is undefined, please check motor type!
2024-09-11 14:14:12,281 MotorDriver.cpp:241 [ERROR] Error: The input motor type is undefined, please check motor type!
2024-09-11 14:14:12,283 MotorDriver.cpp:241 [ERROR] Error: The input motor type is undefined, please check motor type!
2024-09-11 14:14:12,284 MotorDriver.cpp:241 [ERROR] Error: The input motor type is undefined, please check motor type!
2024-09-11 14:14:12,285 MotorDriver.cpp:241 [ERROR] Error: The input motor type is undefined, please check motor type!
2024-09-11 14:14:12,286 MotorDriver.cpp:241 [ERROR] Error: The input motor type is undefined, please check motor type!
2024-09-11 14:14:12,287 MotorDriver.cpp:241 [ERROR] Error: The input motor type is undefined, please check motor type!
2024-09-11 14:14:12,288 MotorDriver.cpp:241 [ERROR] Error: The input motor type is undefined, please check motor type!
2024-09-11 14:14:12,289 MotorDriver.cpp:241 [ERROR] Error: The input motor type is undefined, please check motor type!
2024-09-11 14:14:12,290 MotorDriver.cpp:241 [ERROR] Error: The input motor type is undefined, please check motor type!
2024-09-11 14:14:12,291 MotorDriver.cpp:241 [ERROR] Error: The input motor type is undefined, please check motor type!
2024-09-11 14:14:12,292 MotorDriver.cpp:241 [ERROR] Error: The input motor type is undefined, please check motor type!
2024-09-11 14:14:12,293 MotorDriver.cpp:241 [ERROR] Error: The input motor type is undefined, please check motor type!
2024-09-11 14:14:12,294 MotorDriver.cpp:241 [ERROR] Error: The input motor type is undefined, please check motor type!
2024-09-11 14:14:12,295 MotorDriver.cpp:241 [ERROR] Error: The input motor type is undefined, please check motor type!
2024-09-11 14:14:12,296 MotorDriver.cpp:241 [ERROR] Error: The input motor type is undefined, please check motor type!
2024-09-11 14:14:12,297 MotorDriver.cpp:241 [ERROR] Error: The input motor type is undefined, please check motor type!
2024-09-11 14:14:12,298 MotorDriver.cpp:241 [ERROR] Error: The input motor type is undefined, please check motor type!
2024-09-11 14:14:12,300 MotorDriver.cpp:241 [ERROR] Error: The input motor type is undefined, please check motor type!
2024-09-11 14:14:12,301 MotorDriver.cpp:241 [ERROR] Error: The input motor type is undefined, please check motor type!
2024-09-11 14:14:12,302 MotorDriver.cpp:241 [ERROR] Error: The input motor type is undefined, please check motor type!
2024-09-11 14:14:12,303 MotorDriver.cpp:241 [ERROR] Error: The input motor type is undefined, please check motor type!
2024-09-11 14:14:12,304 MotorDriver.cpp:241 [ERROR] Error: The input motor type is undefined, please check motor type!
2024-09-11 14:14:12,305 MotorDriver.cpp:241 [ERROR] Error: The input motor type is undefined, please check motor type!
2024-09-11 14:14:12,306 MotorDriver.cpp:241 [ERROR] Error: The input motor type is undefined, please check motor type!
2024-09-11 14:14:12,307 MotorDriver.cpp:241 [ERROR] Error: The input motor type is undefined, please check motor type!
2024-09-11 14:14:12,308 MotorDriver.cpp:241 [ERROR] Error: The input motor type is undefined, please check motor type!
2024-09-11 14:14:12,309 MotorDriver.cpp:241 [ERROR] Error: The input motor type is undefined, please check motor type!
2024-09-11 14:14:12,310 MotorDriver.cpp:241 [ERROR] Error: The input motor type is undefined, please check motor type!
2024-09-11 14:14:12,311 MotorDriver.cpp:241 [ERROR] Error: The input motor type is undefined, please check motor type!
2024-09-11 14:14:12,313 MotorDriver.cpp:241 [ERROR] Error: The input motor type is undefined, please check motor type!
2024-09-11 14:14:12,314 MotorDriver.cpp:241 [ERROR] Error: The input motor type is undefined, please check motor type!
2024-09-11 14:14:12,315 MotorDriver.cpp:241 [ERROR] Error: The input motor type is undefined, please check motor type!
2024-09-11 14:14:12,316 MotorDriver.cpp:241 [ERROR] Error: The input motor type is undefined, please check motor type!
2024-09-11 14:14:12,317 MotorDriver.cpp:241 [ERROR] Error: The input motor type is undefined, please check motor type!
2024-09-11 14:14:12,318 MotorDriver.cpp:241 [ERROR] Error: The input motor type is undefined, please check motor type!
2024-09-11 14:14:12,319 MotorDriver.cpp:241 [ERROR] Error: The input motor type is undefined, please check motor type!
2024-09-11 14:14:12,320 MotorDriver.cpp:241 [ERROR] Error: The input motor type is undefined, please check motor type!
2024-09-11 14:14:12,321 MotorDriver.cpp:241 [ERROR] Error: The input motor type is undefined, please check motor type!
2024-09-11 14:14:12,322 MotorDriver.cpp:241 [ERROR] Error: The input motor type is undefined, please check motor type!
2024-09-11 14:14:12,323 MotorDriver.cpp:241 [ERROR] Error: The input motor type is undefined, please check motor type!
2024-09-11 14:14:12,324 MotorDriver.cpp:241 [ERROR] Error: The input motor type is undefined, please check motor type!
2024-09-11 14:14:12,325 MotorDriver.cpp:241 [ERROR] Error: The input motor type is undefined, please check motor type!
2024-09-11 14:14:12,326 MotorDriver.cpp:241 [ERROR] Error: The input motor type is undefined, please check motor type!
2024-09-11 14:14:12,328 MotorDriver.cpp:241 [ERROR] Error: The input motor type is undefined, please check motor type!
2024-09-11 14:14:12,329 MotorDriver.cpp:241 [ERROR] Error: The input motor type is undefined, please check motor type!
2024-09-11 14:14:12,330 MotorDriver.cpp:241 [ERROR] Error: The input motor type is undefined, please check motor type!
2024-09-11 14:14:12,331 MotorDriver.cpp:241 [ERROR] Error: The input motor type is undefined, please check motor type!
2024-09-11 14:14:12,332 MotorDriver.cpp:241 [ERROR] Error: The input motor type is undefined, please check motor type!
2024-09-11 14:14:12,333 MotorDriver.cpp:241 [ERROR] Error: The input motor type is undefined, please check motor type!
2024-09-11 14:14:12,334 MotorDriver.cpp:241 [ERROR] Error: The input motor type is undefined, please check motor type!
2024-09-11 14:14:12,335 MotorDriver.cpp:241 [ERROR] Error: The input motor type is undefined, please check motor type!
2024-09-11 14:14:12,336 MotorDriver.cpp:241 [ERROR] Error: The input motor type is undefined, please check motor type!
2024-09-11 14:14:12,337 MotorDriver.cpp:241 [ERROR] Error: The input motor type is undefined, please check motor type!
2024-09-11 14:14:12,338 MotorDriver.cpp:241 [ERROR] Error: The input motor type is undefined, please check motor type!
2024-09-11 14:14:12,339 MotorDriver.cpp:241 [ERROR] Error: The input motor type is undefined, please check motor type!
2024-09-11 14:14:12,340 MotorDriver.cpp:241 [ERROR] Error: The input motor type is undefined, please check motor type!
2024-09-11 14:14:12,342 MotorDriver.cpp:241 [ERROR] Error: The input motor type is undefined, please check motor type!
2024-09-11 14:14:12,343 MotorDriver.cpp:241 [ERROR] Error: The input motor type is undefined, please check motor type!
2024-09-11 14:14:12,344 MotorDriver.cpp:241 [ERROR] Error: The input motor type is undefined, please check motor type!
2024-09-11 14:14:12,345 MotorDriver.cpp:241 [ERROR] Error: The input motor type is undefined, please check motor type!
2024-09-11 14:14:12,346 MotorDriver.cpp:241 [ERROR] Error: The input motor type is undefined, please check motor type!
2024-09-11 14:14:12,347 MotorDriver.cpp:241 [ERROR] Error: The input motor type is undefined, please check motor type!
2024-09-11 14:14:12,348 MotorDriver.cpp:241 [ERROR] Error: The input motor type is undefined, please check motor type!
2024-09-11 14:14:12,349 MotorDriver.cpp:241 [ERROR] Error: The input motor type is undefined, please check motor type!
2024-09-11 14:14:12,350 MotorDriver.cpp:241 [ERROR] Error: The input motor type is undefined, please check motor type!
2024-09-11 14:14:12,351 MotorDriver.cpp:241 [ERROR] Error: The input motor type is undefined, please check motor type!
2024-09-11 14:14:12,352 MotorDriver.cpp:241 [ERROR] Error: The input motor type is undefined, please check motor type!
2024-09-11 14:14:12,353 MotorDriver.cpp:241 [ERROR] Error: The input motor type is undefined, please check motor type!
2024-09-11 14:14:12,355 MotorDriver.cpp:241 [ERROR] Error: The input motor type is undefined, please check motor type!
2024-09-11 14:14:12,356 MotorDriver.cpp:241 [ERROR] Error: The input motor type is undefined, please check motor type!
2024-09-11 14:14:12,357 MotorDriver.cpp:241 [ERROR] Error: The input motor type is undefined, please check motor type!
2024-09-11 14:14:12,358 MotorDriver.cpp:241 [ERROR] Error: The input motor type is undefined, please check motor type!
2024-09-11 14:14:12,359 MotorDriver.cpp:241 [ERROR] Error: The input motor type is undefined, please check motor type!
2024-09-11 14:14:12,360 MotorDriver.cpp:241 [ERROR] Error: The input motor type is undefined, please check motor type!
2024-09-11 14:14:12,361 MotorDriver.cpp:241 [ERROR] Error: The input motor type is undefined, please check motor type!
2024-09-11 14:14:12,362 MotorDriver.cpp:241 [ERROR] Error: The input motor type is undefined, please check motor type!
2024-09-11 14:14:12,363 MotorDriver.cpp:241 [ERROR] Error: The input motor type is undefined, please check motor type!
2024-09-11 14:14:12,364 MotorDriver.cpp:241 [ERROR] Error: The input motor type is undefined, please check motor type!
2024-09-11 14:14:12,365 MotorDriver.cpp:241 [ERROR] Error: The input motor type is undefined, please check motor type!
2024-09-11 14:14:12,366 MotorDriver.cpp:241 [ERROR] Error: The input motor type is undefined, please check motor type!
2024-09-11 14:14:12,367 MotorDriver.cpp:241 [ERROR] Error: The input motor type is undefined, please check motor type!
2024-09-11 14:14:12,369 MotorDriver.cpp:241 [ERROR] Error: The input motor type is undefined, please check motor type!
2024-09-11 14:14:12,370 MotorDriver.cpp:241 [ERROR] Error: The input motor type is undefined, please check motor type!
2024-09-11 14:14:12,371 MotorDriver.cpp:241 [ERROR] Error: The input motor type is undefined, please check motor type!
2024-09-11 14:14:12,372 MotorDriver.cpp:241 [ERROR] Error: The input motor type is undefined, please check motor type!
2024-09-11 14:14:12,373 MotorDriver.cpp:241 [ERROR] Error: The input motor type is undefined, please check motor type!
2024-09-11 14:14:12,374 MotorDriver.cpp:241 [ERROR] Error: The input motor type is undefined, please check motor type!
2024-09-11 14:14:12,375 MotorDriver.cpp:241 [ERROR] Error: The input motor type is undefined, please check motor type!
2024-09-11 14:14:12,376 MotorDriver.cpp:241 [ERROR] Error: The input motor type is undefined, please check motor type!
2024-09-11 14:14:12,377 MotorDriver.cpp:241 [ERROR] Error: The input motor type is undefined, please check motor type!
2024-09-11 14:14:12,378 MotorDriver.cpp:241 [ERROR] Error: The input motor type is undefined, please check motor type!
2024-09-11 14:14:12,379 MotorDriver.cpp:241 [ERROR] Error: The input motor type is undefined, please check motor type!
2024-09-11 14:14:12,380 MotorDriver.cpp:241 [ERROR] Error: The input motor type is undefined, please check motor type!
2024-09-11 14:14:12,381 MotorDriver.cpp:241 [ERROR] Error: The input motor type is undefined, please check motor type!
2024-09-11 14:14:12,383 MotorDriver.cpp:241 [ERROR] Error: The input motor type is undefined, please check motor type!
2024-09-11 14:14:12,384 MotorDriver.cpp:241 [ERROR] Error: The input motor type is undefined, please check motor type!
2024-09-11 14:14:12,385 MotorDriver.cpp:241 [ERROR] Error: The input motor type is undefined, please check motor type!
2024-09-11 14:14:12,386 MotorDriver.cpp:241 [ERROR] Error: The input motor type is undefined, please check motor type!
2024-09-11 14:14:12,387 MotorDriver.cpp:241 [ERROR] Error: The input motor type is undefined, please check motor type!
2024-09-11 14:14:12,388 MotorDriver.cpp:241 [ERROR] Error: The input motor type is undefined, please check motor type!
2024-09-11 14:14:12,389 MotorDriver.cpp:241 [ERROR] Error: The input motor type is undefined, please check motor type!
2024-09-11 14:14:12,390 MotorDriver.cpp:241 [ERROR] Error: The input motor type is undefined, please check motor type!
2024-09-11 14:14:12,391 MotorDriver.cpp:241 [ERROR] Error: The input motor type is undefined, please check motor type!
2024-09-11 14:14:12,392 MotorDriver.cpp:241 [ERROR] Error: The input motor type is undefined, please check motor type!
2024-09-11 14:14:12,393 MotorDriver.cpp:241 [ERROR] Error: The input motor type is undefined, please check motor type!
2024-09-11 14:14:12,394 MotorDriver.cpp:241 [ERROR] Error: The input motor type is undefined, please check motor type!
2024-09-11 14:14:12,395 MotorDriver.cpp:241 [ERROR] Error: The input motor type is undefined, please check motor type!
2024-09-11 14:14:12,396 MotorDriver.cpp:241 [ERROR] Error: The input motor type is undefined, please check motor type!
2024-09-11 14:14:12,397 MotorDriver.cpp:241 [ERROR] Error: The input motor type is undefined, please check motor type!
2024-09-11 14:14:12,399 MotorDriver.cpp:241 [ERROR] Error: The input motor type is undefined, please check motor type!
2024-09-11 14:14:12,400 MotorDriver.cpp:241 [ERROR] Error: The input motor type is undefined, please check motor type!
2024-09-11 14:14:12,401 MotorDriver.cpp:241 [ERROR] Error: The input motor type is undefined, please check motor type!
2024-09-11 14:14:12,402 MotorDriver.cpp:241 [ERROR] Error: The input motor type is undefined, please check motor type!
2024-09-11 14:14:12,403 MotorDriver.cpp:241 [ERROR] Error: The input motor type is undefined, please check motor type!
2024-09-11 14:14:12,404 MotorDriver.cpp:241 [ERROR] Error: The input motor type is undefined, please check motor type!
2024-09-11 14:14:12,405 MotorDriver.cpp:241 [ERROR] Error: The input motor type is undefined, please check motor type!
2024-09-11 14:14:12,406 MotorDriver.cpp:241 [ERROR] Error: The input motor type is undefined, please check motor type!
2024-09-11 14:14:12,407 MotorDriver.cpp:241 [ERROR] Error: The input motor type is undefined, please check motor type!
2024-09-11 14:14:12,408 MotorDriver.cpp:241 [ERROR] Error: The input motor type is undefined, please check motor type!
2024-09-11 14:14:12,409 MotorDriver.cpp:241 [ERROR] Error: The input motor type is undefined, please check motor type!
2024-09-11 14:14:12,410 MotorDriver.cpp:241 [ERROR] Error: The input motor type is undefined, please check motor type!
2024-09-11 14:14:12,411 MotorDriver.cpp:241 [ERROR] Error: The input motor type is undefined, please check motor type!
2024-09-11 14:14:12,412 MotorDriver.cpp:241 [ERROR] Error: The input motor type is undefined, please check motor type!
2024-09-11 14:14:12,414 MotorDriver.cpp:241 [ERROR] Error: The input motor type is undefined, please check motor type!
2024-09-11 14:14:12,415 MotorDriver.cpp:241 [ERROR] Error: The input motor type is undefined, please check motor type!
2024-09-11 14:14:12,416 MotorDriver.cpp:241 [ERROR] Error: The input motor type is undefined, please check motor type!
2024-09-11 14:14:12,417 MotorDriver.cpp:241 [ERROR] Error: The input motor type is undefined, please check motor type!
2024-09-11 14:14:12,418 MotorDriver.cpp:241 [ERROR] Error: The input motor type is undefined, please check motor type!
2024-09-11 14:14:12,419 MotorDriver.cpp:241 [ERROR] Error: The input motor type is undefined, please check motor type!
2024-09-11 14:14:12,420 MotorDriver.cpp:241 [ERROR] Error: The input motor type is undefined, please check motor type!
2024-09-11 14:14:12,421 MotorDriver.cpp:241 [ERROR] Error: The input motor type is undefined, please check motor type!
2024-09-11 14:14:12,422 MotorDriver.cpp:241 [ERROR] Error: The input motor type is undefined, please check motor type!
2024-09-11 14:14:12,423 MotorDriver.cpp:241 [ERROR] Error: The input motor type is undefined, please check motor type!
2024-09-11 14:14:12,424 MotorDriver.cpp:241 [ERROR] Error: The input motor type is undefined, please check motor type!
2024-09-11 14:14:12,426 MotorDriver.cpp:241 [ERROR] Error: The input motor type is undefined, please check motor type!
2024-09-11 14:14:12,427 MotorDriver.cpp:241 [ERROR] Error: The input motor type is undefined, please check motor type!
2024-09-11 14:14:12,428 MotorDriver.cpp:241 [ERROR] Error: The input motor type is undefined, please check motor type!
2024-09-11 14:14:12,429 MotorDriver.cpp:241 [ERROR] Error: The input motor type is undefined, please check motor type!
2024-09-11 14:14:12,430 MotorDriver.cpp:241 [ERROR] Error: The input motor type is undefined, please check motor type!
2024-09-11 14:14:12,431 MotorDriver.cpp:241 [ERROR] Error: The input motor type is undefined, please check motor type!
2024-09-11 14:14:12,432 MotorDriver.cpp:241 [ERROR] Error: The input motor type is undefined, please check motor type!
2024-09-11 14:14:12,433 MotorDriver.cpp:241 [ERROR] Error: The input motor type is undefined, please check motor type!
2024-09-11 14:14:12,434 MotorDriver.cpp:241 [ERROR] Error: The input motor type is undefined, please check motor type!
2024-09-11 14:14:12,435 MotorDriver.cpp:241 [ERROR] Error: The input motor type is undefined, please check motor type!
2024-09-11 14:14:12,436 MotorDriver.cpp:241 [ERROR] Error: The input motor type is undefined, please check motor type!
2024-09-11 14:14:12,437 MotorDriver.cpp:241 [ERROR] Error: The input motor type is undefined, please check motor type!
2024-09-11 14:14:12,438 MotorDriver.cpp:241 [ERROR] Error: The input motor type is undefined, please check motor type!
2024-09-11 14:14:12,439 MotorDriver.cpp:241 [ERROR] Error: The input motor type is undefined, please check motor type!
2024-09-11 14:14:12,441 MotorDriver.cpp:241 [ERROR] Error: The input motor type is undefined, please check motor type!
2024-09-11 14:14:12,442 MotorDriver.cpp:241 [ERROR] Error: The input motor type is undefined, please check motor type!
2024-09-11 14:14:12,443 MotorDriver.cpp:241 [ERROR] Error: The input motor type is undefined, please check motor type!
2024-09-11 14:14:12,444 MotorDriver.cpp:241 [ERROR] Error: The input motor type is undefined, please check motor type!
2024-09-11 14:14:12,445 MotorDriver.cpp:241 [ERROR] Error: The input motor type is undefined, please check motor type!
2024-09-11 14:14:12,446 MotorDriver.cpp:241 [ERROR] Error: The input motor type is undefined, please check motor type!
2024-09-11 14:14:12,447 MotorDriver.cpp:241 [ERROR] Error: The input motor type is undefined, please check motor type!
2024-09-11 14:14:12,448 MotorDriver.cpp:241 [ERROR] Error: The input motor type is undefined, please check motor type!
2024-09-11 14:14:12,449 MotorDriver.cpp:241 [ERROR] Error: The input motor type is undefined, please check motor type!
2024-09-11 14:14:12,450 MotorDriver.cpp:241 [ERROR] Error: The input motor type is undefined, please check motor type!
2024-09-11 14:14:12,451 MotorDriver.cpp:241 [ERROR] Error: The input motor type is undefined, please check motor type!
2024-09-11 14:14:12,452 MotorDriver.cpp:241 [ERROR] Error: The input motor type is undefined, please check motor type!
2024-09-11 14:14:12,454 MotorDriver.cpp:241 [ERROR] Error: The input motor type is undefined, please check motor type!
2024-09-11 14:14:12,455 MotorDriver.cpp:241 [ERROR] Error: The input motor type is undefined, please check motor type!
2024-09-11 14:14:12,456 MotorDriver.cpp:241 [ERROR] Error: The input motor type is undefined, please check motor type!
2024-09-11 14:14:12,457 MotorDriver.cpp:241 [ERROR] Error: The input motor type is undefined, please check motor type!
2024-09-11 14:14:12,458 MotorDriver.cpp:241 [ERROR] Error: The input motor type is undefined, please check motor type!
2024-09-11 14:14:12,459 MotorDriver.cpp:241 [ERROR] Error: The input motor type is undefined, please check motor type!
2024-09-11 14:14:12,460 MotorDriver.cpp:241 [ERROR] Error: The input motor type is undefined, please check motor type!
2024-09-11 14:14:12,461 MotorDriver.cpp:241 [ERROR] Error: The input motor type is undefined, please check motor type!
2024-09-11 14:14:12,462 MotorDriver.cpp:241 [ERROR] Error: The input motor type is undefined, please check motor type!
2024-09-11 14:14:12,463 MotorDriver.cpp:241 [ERROR] Error: The input motor type is undefined, please check motor type!
2024-09-11 14:14:12,464 MotorDriver.cpp:241 [ERROR] Error: The input motor type is undefined, please check motor type!
2024-09-11 14:14:12,465 MotorDriver.cpp:241 [ERROR] Error: The input motor type is undefined, please check motor type!
2024-09-11 14:14:12,467 MotorDriver.cpp:241 [ERROR] Error: The input motor type is undefined, please check motor type!
2024-09-11 14:14:12,468 MotorDriver.cpp:241 [ERROR] Error: The input motor type is undefined, please check motor type!
2024-09-11 14:14:12,469 MotorDriver.cpp:241 [ERROR] Error: The input motor type is undefined, please check motor type!
2024-09-11 14:14:12,470 MotorDriver.cpp:241 [ERROR] Error: The input motor type is undefined, please check motor type!
2024-09-11 14:14:12,471 MotorDriver.cpp:241 [ERROR] Error: The input motor type is undefined, please check motor type!
2024-09-11 14:14:12,472 MotorDriver.cpp:241 [ERROR] Error: The input motor type is undefined, please check motor type!
2024-09-11 14:14:12,473 MotorDriver.cpp:241 [ERROR] Error: The input motor type is undefined, please check motor type!
2024-09-11 14:14:12,474 MotorDriver.cpp:241 [ERROR] Error: The input motor type is undefined, please check motor type!
2024-09-11 14:14:12,475 MotorDriver.cpp:241 [ERROR] Error: The input motor type is undefined, please check motor type!
2024-09-11 14:14:12,476 MotorDriver.cpp:241 [ERROR] Error: The input motor type is undefined, please check motor type!
2024-09-11 14:14:12,477 MotorDriver.cpp:241 [ERROR] Error: The input motor type is undefined, please check motor type!
2024-09-11 14:14:12,478 MotorDriver.cpp:241 [ERROR] Error: The input motor type is undefined, please check motor type!
2024-09-11 14:14:12,479 MotorDriver.cpp:241 [ERROR] Error: The input motor type is undefined, please check motor type!
2024-09-11 14:14:12,481 MotorDriver.cpp:241 [ERROR] Error: The input motor type is undefined, please check motor type!
2024-09-11 14:14:12,482 MotorDriver.cpp:241 [ERROR] Error: The input motor type is undefined, please check motor type!
2024-09-11 14:14:12,483 MotorDriver.cpp:241 [ERROR] Error: The input motor type is undefined, please check motor type!
2024-09-11 14:14:12,484 MotorDriver.cpp:241 [ERROR] Error: The input motor type is undefined, please check motor type!
2024-09-11 14:14:12,485 MotorDriver.cpp:241 [ERROR] Error: The input motor type is undefined, please check motor type!
2024-09-11 14:14:12,486 MotorDriver.cpp:241 [ERROR] Error: The input motor type is undefined, please check motor type!
2024-09-11 14:14:12,487 MotorDriver.cpp:241 [ERROR] Error: The input motor type is undefined, please check motor type!
2024-09-11 14:14:12,488 MotorDriver.cpp:241 [ERROR] Error: The input motor type is undefined, please check motor type!
2024-09-11 14:14:12,489 MotorDriver.cpp:241 [ERROR] Error: The input motor type is undefined, please check motor type!
2024-09-11 14:14:12,490 MotorDriver.cpp:241 [ERROR] Error: The input motor type is undefined, please check motor type!
2024-09-11 14:14:12,491 MotorDriver.cpp:241 [ERROR] Error: The input motor type is undefined, please check motor type!
2024-09-11 14:14:12,492 MotorDriver.cpp:241 [ERROR] Error: The input motor type is undefined, please check motor type!
2024-09-11 14:14:12,493 MotorDriver.cpp:241 [ERROR] Error: The input motor type is undefined, please check motor type!
2024-09-11 14:14:12,494 MotorDriver.cpp:241 [ERROR] Error: The input motor type is undefined, please check motor type!
2024-09-11 14:14:12,495 MotorDriver.cpp:241 [ERROR] Error: The input motor type is undefined, please check motor type!
2024-09-11 14:14:12,497 MotorDriver.cpp:241 [ERROR] Error: The input motor type is undefined, please check motor type!
2024-09-11 14:14:12,498 MotorDriver.cpp:241 [ERROR] Error: The input motor type is undefined, please check motor type!
2024-09-11 14:14:12,499 MotorDriver.cpp:241 [ERROR] Error: The input motor type is undefined, please check motor type!
2024-09-11 14:14:12,500 MotorDriver.cpp:241 [ERROR] Error: The input motor type is undefined, please check motor type!
2024-09-11 14:14:12,501 MotorDriver.cpp:241 [ERROR] Error: The input motor type is undefined, please check motor type!
2024-09-11 14:14:12,502 MotorDriver.cpp:241 [ERROR] Error: The input motor type is undefined, please check motor type!
2024-09-11 14:14:12,503 MotorDriver.cpp:241 [ERROR] Error: The input motor type is undefined, please check motor type!
2024-09-11 14:14:12,504 MotorDriver.cpp:241 [ERROR] Error: The input motor type is undefined, please check motor type!
2024-09-11 14:14:12,505 MotorDriver.cpp:241 [ERROR] Error: The input motor type is undefined, please check motor type!
2024-09-11 14:14:12,506 MotorDriver.cpp:241 [ERROR] Error: The input motor type is undefined, please check motor type!
2024-09-11 14:14:12,507 MotorDriver.cpp:241 [ERROR] Error: The input motor type is undefined, please check motor type!
2024-09-11 14:14:12,508 MotorDriver.cpp:241 [ERROR] Error: The input motor type is undefined, please check motor type!
2024-09-11 14:14:12,509 MotorDriver.cpp:241 [ERROR] Error: The input motor type is undefined, please check motor type!
2024-09-11 14:14:12,511 MotorDriver.cpp:241 [ERROR] Error: The input motor type is undefined, please check motor type!
2024-09-11 14:14:12,512 MotorDriver.cpp:241 [ERROR] Error: The input motor type is undefined, please check motor type!
2024-09-11 14:14:12,513 MotorDriver.cpp:241 [ERROR] Error: The input motor type is undefined, please check motor type!
2024-09-11 14:14:12,514 MotorDriver.cpp:241 [ERROR] Error: The input motor type is undefined, please check motor type!
2024-09-11 14:14:12,515 MotorDriver.cpp:241 [ERROR] Error: The input motor type is undefined, please check motor type!
2024-09-11 14:14:12,516 MotorDriver.cpp:241 [ERROR] Error: The input motor type is undefined, please check motor type!
2024-09-11 14:14:12,517 MotorDriver.cpp:241 [ERROR] Error: The input motor type is undefined, please check motor type!
2024-09-11 14:14:12,518 MotorDriver.cpp:241 [ERROR] Error: The input motor type is undefined, please check motor type!
2024-09-11 14:14:12,519 MotorDriver.cpp:241 [ERROR] Error: The input motor type is undefined, please check motor type!
2024-09-11 14:14:12,520 MotorDriver.cpp:241 [ERROR] Error: The input motor type is undefined, please check motor type!
2024-09-11 14:14:12,521 MotorDriver.cpp:241 [ERROR] Error: The input motor type is undefined, please check motor type!
2024-09-11 14:14:12,522 MotorDriver.cpp:241 [ERROR] Error: The input motor type is undefined, please check motor type!
2024-09-11 14:14:12,523 MotorDriver.cpp:241 [ERROR] Error: The input motor type is undefined, please check motor type!
2024-09-11 14:14:12,524 MotorDriver.cpp:241 [ERROR] Error: The input motor type is undefined, please check motor type!
2024-09-11 14:14:12,526 MotorDriver.cpp:241 [ERROR] Error: The input motor type is undefined, please check motor type!
2024-09-11 14:14:12,527 MotorDriver.cpp:241 [ERROR] Error: The input motor type is undefined, please check motor type!
2024-09-11 14:14:12,528 MotorDriver.cpp:241 [ERROR] Error: The input motor type is undefined, please check motor type!
2024-09-11 14:14:12,529 MotorDriver.cpp:241 [ERROR] Error: The input motor type is undefined, please check motor type!
2024-09-11 14:14:12,530 MotorDriver.cpp:241 [ERROR] Error: The input motor type is undefined, please check motor type!
2024-09-11 14:14:12,531 MotorDriver.cpp:241 [ERROR] Error: The input motor type is undefined, please check motor type!
2024-09-11 14:14:12,532 MotorDriver.cpp:241 [ERROR] Error: The input motor type is undefined, please check motor type!
2024-09-11 14:14:12,533 MotorDriver.cpp:241 [ERROR] Error: The input motor type is undefined, please check motor type!
2024-09-11 14:14:12,534 MotorDriver.cpp:241 [ERROR] Error: The input motor type is undefined, please check motor type!
2024-09-11 14:14:12,535 MotorDriver.cpp:241 [ERROR] Error: The input motor type is undefined, please check motor type!
2024-09-11 14:14:12,536 MotorDriver.cpp:241 [ERROR] Error: The input motor type is undefined, please check motor type!
2024-09-11 14:14:12,537 MotorDriver.cpp:241 [ERROR] Error: The input motor type is undefined, please check motor type!
2024-09-11 14:14:12,538 MotorDriver.cpp:241 [ERROR] Error: The input motor type is undefined, please check motor type!
2024-09-11 14:14:12,539 MotorDriver.cpp:241 [ERROR] Error: The input motor type is undefined, please check motor type!
2024-09-11 14:14:12,540 MotorDriver.cpp:241 [ERROR] Error: The input motor type is undefined, please check motor type!
2024-09-11 14:14:12,542 MotorDriver.cpp:241 [ERROR] Error: The input motor type is undefined, please check motor type!
2024-09-11 14:14:12,543 MotorDriver.cpp:241 [ERROR] Error: The input motor type is undefined, please check motor type!
2024-09-11 14:14:12,544 MotorDriver.cpp:241 [ERROR] Error: The input motor type is undefined, please check motor type!
2024-09-11 14:14:12,545 MotorDriver.cpp:241 [ERROR] Error: The input motor type is undefined, please check motor type!
2024-09-11 14:14:12,546 MotorDriver.cpp:241 [ERROR] Error: The input motor type is undefined, please check motor type!
2024-09-11 14:14:12,547 MotorDriver.cpp:241 [ERROR] Error: The input motor type is undefined, please check motor type!
2024-09-11 14:14:12,548 MotorDriver.cpp:241 [ERROR] Error: The input motor type is undefined, please check motor type!
2024-09-11 14:14:12,549 MotorDriver.cpp:241 [ERROR] Error: The input motor type is undefined, please check motor type!
2024-09-11 14:14:12,550 MotorDriver.cpp:241 [ERROR] Error: The input motor type is undefined, please check motor type!
2024-09-11 14:14:12,551 MotorDriver.cpp:241 [ERROR] Error: The input motor type is undefined, please check motor type!
2024-09-11 14:14:12,552 MotorDriver.cpp:241 [ERROR] Error: The input motor type is undefined, please check motor type!
2024-09-11 14:14:12,553 MotorDriver.cpp:241 [ERROR] Error: The input motor type is undefined, please check motor type!
2024-09-11 14:14:12,554 MotorDriver.cpp:241 [ERROR] Error: The input motor type is undefined, please check motor type!
2024-09-11 14:14:12,555 MotorDriver.cpp:241 [ERROR] Error: The input motor type is undefined, please check motor type!
2024-09-11 14:14:12,556 MotorDriver.cpp:241 [ERROR] Error: The input motor type is undefined, please check motor type!
2024-09-11 14:14:12,557 MotorDriver.cpp:241 [ERROR] Error: The input motor type is undefined, please check motor type!
2024-09-11 14:14:12,559 MotorDriver.cpp:241 [ERROR] Error: The input motor type is undefined, please check motor type!
2024-09-11 14:14:12,560 MotorDriver.cpp:241 [ERROR] Error: The input motor type is undefined, please check motor type!
2024-09-11 14:14:12,561 MotorDriver.cpp:241 [ERROR] Error: The input motor type is undefined, please check motor type!
2024-09-11 14:14:12,562 MotorDriver.cpp:241 [ERROR] Error: The input motor type is undefined, please check motor type!
2024-09-11 14:14:12,563 MotorDriver.cpp:241 [ERROR] Error: The input motor type is undefined, please check motor type!
2024-09-11 14:14:12,564 MotorDriver.cpp:241 [ERROR] Error: The input motor type is undefined, please check motor type!
2024-09-11 14:14:12,565 MotorDriver.cpp:241 [ERROR] Error: The input motor type is undefined, please check motor type!
2024-09-11 14:14:12,566 MotorDriver.cpp:241 [ERROR] Error: The input motor type is undefined, please check motor type!
2024-09-11 14:14:12,567 MotorDriver.cpp:241 [ERROR] Error: The input motor type is undefined, please check motor type!
2024-09-11 14:14:12,568 MotorDriver.cpp:241 [ERROR] Error: The input motor type is undefined, please check motor type!
2024-09-11 14:14:12,569 MotorDriver.cpp:241 [ERROR] Error: The input motor type is undefined, please check motor type!
2024-09-11 14:14:12,570 MotorDriver.cpp:241 [ERROR] Error: The input motor type is undefined, please check motor type!
2024-09-11 14:14:12,571 MotorDriver.cpp:241 [ERROR] Error: The input motor type is undefined, please check motor type!
2024-09-11 14:14:12,572 MotorDriver.cpp:241 [ERROR] Error: The input motor type is undefined, please check motor type!
2024-09-11 14:14:12,573 MotorDriver.cpp:241 [ERROR] Error: The input motor type is undefined, please check motor type!
2024-09-11 14:14:12,574 MotorDriver.cpp:241 [ERROR] Error: The input motor type is undefined, please check motor type!
2024-09-11 14:14:12,576 MotorDriver.cpp:241 [ERROR] Error: The input motor type is undefined, please check motor type!
2024-09-11 14:14:12,577 MotorDriver.cpp:241 [ERROR] Error: The input motor type is undefined, please check motor type!
2024-09-11 14:14:12,578 MotorDriver.cpp:241 [ERROR] Error: The input motor type is undefined, please check motor type!
2024-09-11 14:14:12,579 MotorDriver.cpp:241 [ERROR] Error: The input motor type is undefined, please check motor type!
2024-09-11 14:14:12,580 MotorDriver.cpp:241 [ERROR] Error: The input motor type is undefined, please check motor type!
2024-09-11 14:14:12,581 MotorDriver.cpp:241 [ERROR] Error: The input motor type is undefined, please check motor type!
2024-09-11 14:14:12,582 MotorDriver.cpp:241 [ERROR] Error: The input motor type is undefined, please check motor type!
2024-09-11 14:14:12,583 MotorDriver.cpp:241 [ERROR] Error: The input motor type is undefined, please check motor type!
2024-09-11 14:14:12,584 MotorDriver.cpp:241 [ERROR] Error: The input motor type is undefined, please check motor type!
2024-09-11 14:14:12,585 MotorDriver.cpp:241 [ERROR] Error: The input motor type is undefined, please check motor type!
2024-09-11 14:14:12,586 MotorDriver.cpp:241 [ERROR] Error: The input motor type is undefined, please check motor type!
2024-09-11 14:14:12,587 MotorDriver.cpp:241 [ERROR] Error: The input motor type is undefined, please check motor type!
2024-09-11 14:14:12,588 MotorDriver.cpp:241 [ERROR] Error: The input motor type is undefined, please check motor type!
2024-09-11 14:14:12,589 MotorDriver.cpp:241 [ERROR] Error: The input motor type is undefined, please check motor type!
2024-09-11 14:14:12,590 MotorDriver.cpp:241 [ERROR] Error: The input motor type is undefined, please check motor type!
2024-09-11 14:14:12,591 MotorDriver.cpp:241 [ERROR] Error: The input motor type is undefined, please check motor type!
2024-09-11 14:14:12,593 MotorDriver.cpp:241 [ERROR] Error: The input motor type is undefined, please check motor type!
2024-09-11 14:14:12,594 MotorDriver.cpp:241 [ERROR] Error: The input motor type is undefined, please check motor type!
2024-09-11 14:14:12,595 MotorDriver.cpp:241 [ERROR] Error: The input motor type is undefined, please check motor type!
2024-09-11 14:14:12,596 MotorDriver.cpp:241 [ERROR] Error: The input motor type is undefined, please check motor type!
2024-09-11 14:14:12,597 MotorDriver.cpp:241 [ERROR] Error: The input motor type is undefined, please check motor type!
2024-09-11 14:14:12,598 MotorDriver.cpp:241 [ERROR] Error: The input motor type is undefined, please check motor type!
2024-09-11 14:14:12,599 MotorDriver.cpp:241 [ERROR] Error: The input motor type is undefined, please check motor type!
2024-09-11 14:14:12,600 MotorDriver.cpp:241 [ERROR] Error: The input motor type is undefined, please check motor type!
2024-09-11 14:14:12,601 MotorDriver.cpp:241 [ERROR] Error: The input motor type is undefined, please check motor type!
2024-09-11 14:14:12,602 MotorDriver.cpp:241 [ERROR] Error: The input motor type is undefined, please check motor type!
2024-09-11 14:14:12,603 MotorDriver.cpp:241 [ERROR] Error: The input motor type is undefined, please check motor type!
2024-09-11 14:14:12,604 MotorDriver.cpp:241 [ERROR] Error: The input motor type is undefined, please check motor type!
2024-09-11 14:14:12,606 MotorDriver.cpp:241 [ERROR] Error: The input motor type is undefined, please check motor type!
2024-09-11 14:14:12,607 MotorDriver.cpp:241 [ERROR] Error: The input motor type is undefined, please check motor type!
2024-09-11 14:14:12,608 MotorDriver.cpp:241 [ERROR] Error: The input motor type is undefined, please check motor type!
2024-09-11 14:14:12,609 MotorDriver.cpp:241 [ERROR] Error: The input motor type is undefined, please check motor type!
2024-09-11 14:14:12,610 MotorDriver.cpp:241 [ERROR] Error: The input motor type is undefined, please check motor type!
2024-09-11 14:14:12,611 MotorDriver.cpp:241 [ERROR] Error: The input motor type is undefined, please check motor type!
2024-09-11 14:14:12,612 MotorDriver.cpp:241 [ERROR] Error: The input motor type is undefined, please check motor type!
2024-09-11 14:14:12,613 MotorDriver.cpp:241 [ERROR] Error: The input motor type is undefined, please check motor type!
2024-09-11 14:14:12,614 MotorDriver.cpp:241 [ERROR] Error: The input motor type is undefined, please check motor type!
2024-09-11 14:14:12,615 MotorDriver.cpp:241 [ERROR] Error: The input motor type is undefined, please check motor type!
2024-09-11 14:14:12,616 MotorDriver.cpp:241 [ERROR] Error: The input motor type is undefined, please check motor type!
2024-09-11 14:14:12,617 MotorDriver.cpp:241 [ERROR] Error: The input motor type is undefined, please check motor type!
2024-09-11 14:14:12,618 MotorDriver.cpp:241 [ERROR] Error: The input motor type is undefined, please check motor type!
2024-09-11 14:14:12,619 MotorDriver.cpp:241 [ERROR] Error: The input motor type is undefined, please check motor type!
2024-09-11 14:14:12,621 MotorDriver.cpp:241 [ERROR] Error: The input motor type is undefined, please check motor type!
2024-09-11 14:14:12,622 MotorDriver.cpp:241 [ERROR] Error: The input motor type is undefined, please check motor type!
2024-09-11 14:14:12,623 MotorDriver.cpp:241 [ERROR] Error: The input motor type is undefined, please check motor type!
2024-09-11 14:14:12,624 MotorDriver.cpp:241 [ERROR] Error: The input motor type is undefined, please check motor type!
2024-09-11 14:14:12,625 MotorDriver.cpp:241 [ERROR] Error: The input motor type is undefined, please check motor type!
2024-09-11 14:14:12,626 MotorDriver.cpp:241 [ERROR] Error: The input motor type is undefined, please check motor type!
2024-09-11 14:14:12,627 MotorDriver.cpp:241 [ERROR] Error: The input motor type is undefined, please check motor type!
2024-09-11 14:14:12,628 MotorDriver.cpp:241 [ERROR] Error: The input motor type is undefined, please check motor type!
2024-09-11 14:14:12,629 MotorDriver.cpp:241 [ERROR] Error: The input motor type is undefined, please check motor type!
2024-09-11 14:14:12,630 MotorDriver.cpp:241 [ERROR] Error: The input motor type is undefined, please check motor type!
2024-09-11 14:14:12,631 MotorDriver.cpp:241 [ERROR] Error: The input motor type is undefined, please check motor type!
2024-09-11 14:14:12,632 MotorDriver.cpp:241 [ERROR] Error: The input motor type is undefined, please check motor type!
2024-09-11 14:14:12,634 MotorDriver.cpp:241 [ERROR] Error: The input motor type is undefined, please check motor type!
2024-09-11 14:14:12,635 MotorDriver.cpp:241 [ERROR] Error: The input motor type is undefined, please check motor type!
2024-09-11 14:14:12,636 MotorDriver.cpp:241 [ERROR] Error: The input motor type is undefined, please check motor type!
2024-09-11 14:14:12,637 MotorDriver.cpp:241 [ERROR] Error: The input motor type is undefined, please check motor type!
2024-09-11 14:14:12,638 MotorDriver.cpp:241 [ERROR] Error: The input motor type is undefined, please check motor type!
2024-09-11 14:14:12,639 MotorDriver.cpp:241 [ERROR] Error: The input motor type is undefined, please check motor type!
2024-09-11 14:14:12,640 MotorDriver.cpp:241 [ERROR] Error: The input motor type is undefined, please check motor type!
2024-09-11 14:14:12,641 MotorDriver.cpp:241 [ERROR] Error: The input motor type is undefined, please check motor type!
2024-09-11 14:14:12,642 MotorDriver.cpp:241 [ERROR] Error: The input motor type is undefined, please check motor type!
2024-09-11 14:14:12,643 MotorDriver.cpp:241 [ERROR] Error: The input motor type is undefined, please check motor type!
2024-09-11 14:14:12,644 MotorDriver.cpp:241 [ERROR] Error: The input motor type is undefined, please check motor type!
2024-09-11 14:14:12,645 MotorDriver.cpp:241 [ERROR] Error: The input motor type is undefined, please check motor type!
2024-09-11 14:14:12,646 MotorDriver.cpp:241 [ERROR] Error: The input motor type is undefined, please check motor type!
2024-09-11 14:14:12,647 MotorDriver.cpp:241 [ERROR] Error: The input motor type is undefined, please check motor type!
2024-09-11 14:14:12,649 MotorDriver.cpp:241 [ERROR] Error: The input motor type is undefined, please check motor type!
2024-09-11 14:14:12,650 MotorDriver.cpp:241 [ERROR] Error: The input motor type is undefined, please check motor type!
2024-09-11 14:14:12,651 MotorDriver.cpp:241 [ERROR] Error: The input motor type is undefined, please check motor type!
2024-09-11 14:14:12,652 MotorDriver.cpp:241 [ERROR] Error: The input motor type is undefined, please check motor type!
2024-09-11 14:14:12,653 MotorDriver.cpp:241 [ERROR] Error: The input motor type is undefined, please check motor type!
2024-09-11 14:14:12,654 MotorDriver.cpp:241 [ERROR] Error: The input motor type is undefined, please check motor type!
2024-09-11 14:14:12,655 MotorDriver.cpp:241 [ERROR] Error: The input motor type is undefined, please check motor type!
2024-09-11 14:14:12,656 MotorDriver.cpp:241 [ERROR] Error: The input motor type is undefined, please check motor type!
2024-09-11 14:14:12,657 MotorDriver.cpp:241 [ERROR] Error: The input motor type is undefined, please check motor type!
2024-09-11 14:14:12,658 MotorDriver.cpp:241 [ERROR] Error: The input motor type is undefined, please check motor type!
2024-09-11 14:14:12,659 MotorDriver.cpp:241 [ERROR] Error: The input motor type is undefined, please check motor type!
2024-09-11 14:14:12,660 MotorDriver.cpp:241 [ERROR] Error: The input motor type is undefined, please check motor type!
2024-09-11 14:14:12,662 MotorDriver.cpp:241 [ERROR] Error: The input motor type is undefined, please check motor type!
2024-09-11 14:14:12,663 MotorDriver.cpp:241 [ERROR] Error: The input motor type is undefined, please check motor type!
2024-09-11 14:14:12,664 MotorDriver.cpp:241 [ERROR] Error: The input motor type is undefined, please check motor type!
2024-09-11 14:14:12,665 MotorDriver.cpp:241 [ERROR] Error: The input motor type is undefined, please check motor type!
2024-09-11 14:14:12,666 MotorDriver.cpp:241 [ERROR] Error: The input motor type is undefined, please check motor type!
2024-09-11 14:14:12,667 MotorDriver.cpp:241 [ERROR] Error: The input motor type is undefined, please check motor type!
2024-09-11 14:14:12,668 MotorDriver.cpp:241 [ERROR] Error: The input motor type is undefined, please check motor type!
2024-09-11 14:14:12,669 MotorDriver.cpp:241 [ERROR] Error: The input motor type is undefined, please check motor type!
2024-09-11 14:14:12,670 MotorDriver.cpp:241 [ERROR] Error: The input motor type is undefined, please check motor type!
2024-09-11 14:14:12,671 MotorDriver.cpp:241 [ERROR] Error: The input motor type is undefined, please check motor type!
2024-09-11 14:14:12,672 MotorDriver.cpp:241 [ERROR] Error: The input motor type is undefined, please check motor type!
2024-09-11 14:14:12,673 MotorDriver.cpp:241 [ERROR] Error: The input motor type is undefined, please check motor type!
2024-09-11 14:14:12,674 MotorDriver.cpp:241 [ERROR] Error: The input motor type is undefined, please check motor type!
2024-09-11 14:14:12,675 MotorDriver.cpp:241 [ERROR] Error: The input motor type is undefined, please check motor type!
2024-09-11 14:14:12,677 MotorDriver.cpp:241 [ERROR] Error: The input motor type is undefined, please check motor type!
2024-09-11 14:14:12,678 MotorDriver.cpp:241 [ERROR] Error: The input motor type is undefined, please check motor type!
2024-09-11 14:14:12,679 MotorDriver.cpp:241 [ERROR] Error: The input motor type is undefined, please check motor type!
2024-09-11 14:14:12,680 MotorDriver.cpp:241 [ERROR] Error: The input motor type is undefined, please check motor type!
2024-09-11 14:14:12,681 MotorDriver.cpp:241 [ERROR] Error: The input motor type is undefined, please check motor type!
2024-09-11 14:14:12,682 MotorDriver.cpp:241 [ERROR] Error: The input motor type is undefined, please check motor type!
2024-09-11 14:14:12,683 MotorDriver.cpp:241 [ERROR] Error: The input motor type is undefined, please check motor type!
2024-09-11 14:14:12,684 MotorDriver.cpp:241 [ERROR] Error: The input motor type is undefined, please check motor type!
2024-09-11 14:14:12,685 MotorDriver.cpp:241 [ERROR] Error: The input motor type is undefined, please check motor type!
2024-09-11 14:14:12,686 MotorDriver.cpp:241 [ERROR] Error: The input motor type is undefined, please check motor type!
2024-09-11 14:14:12,687 MotorDriver.cpp:241 [ERROR] Error: The input motor type is undefined, please check motor type!
2024-09-11 14:14:12,688 MotorDriver.cpp:241 [ERROR] Error: The input motor type is undefined, please check motor type!
2024-09-11 14:14:12,689 MotorDriver.cpp:241 [ERROR] Error: The input motor type is undefined, please check motor type!
2024-09-11 14:14:12,690 MotorDriver.cpp:241 [ERROR] Error: The input motor type is undefined, please check motor type!
2024-09-11 14:14:12,692 MotorDriver.cpp:241 [ERROR] Error: The input motor type is undefined, please check motor type!
2024-09-11 14:14:12,693 MotorDriver.cpp:241 [ERROR] Error: The input motor type is undefined, please check motor type!
2024-09-11 14:14:12,694 MotorDriver.cpp:241 [ERROR] Error: The input motor type is undefined, please check motor type!
2024-09-11 14:14:12,695 MotorDriver.cpp:241 [ERROR] Error: The input motor type is undefined, please check motor type!
2024-09-11 14:14:12,696 MotorDriver.cpp:241 [ERROR] Error: The input motor type is undefined, please check motor type!
2024-09-11 14:14:12,697 MotorDriver.cpp:241 [ERROR] Error: The input motor type is undefined, please check motor type!
2024-09-11 14:14:12,698 MotorDriver.cpp:241 [ERROR] Error: The input motor type is undefined, please check motor type!
2024-09-11 14:14:12,699 MotorDriver.cpp:241 [ERROR] Error: The input motor type is undefined, please check motor type!
2024-09-11 14:14:12,700 MotorDriver.cpp:241 [ERROR] Error: The input motor type is undefined, please check motor type!
2024-09-11 14:14:12,701 MotorDriver.cpp:241 [ERROR] Error: The input motor type is undefined, please check motor type!
2024-09-11 14:14:12,702 MotorDriver.cpp:241 [ERROR] Error: The input motor type is undefined, please check motor type!
2024-09-11 14:14:12,703 MotorDriver.cpp:241 [ERROR] Error: The input motor type is undefined, please check motor type!
2024-09-11 14:14:12,704 MotorDriver.cpp:241 [ERROR] Error: The input motor type is undefined, please check motor type!
2024-09-11 14:14:12,705 MotorDriver.cpp:241 [ERROR] Error: The input motor type is undefined, please check motor type!
2024-09-11 14:14:12,706 MotorDriver.cpp:241 [ERROR] Error: The input motor type is undefined, please check motor type!
2024-09-11 14:14:12,708 MotorDriver.cpp:241 [ERROR] Error: The input motor type is undefined, please check motor type!
2024-09-11 14:14:12,709 MotorDriver.cpp:241 [ERROR] Error: The input motor type is undefined, please check motor type!
2024-09-11 14:14:12,710 MotorDriver.cpp:241 [ERROR] Error: The input motor type is undefined, please check motor type!
2024-09-11 14:14:12,711 MotorDriver.cpp:241 [ERROR] Error: The input motor type is undefined, please check motor type!
2024-09-11 14:14:12,712 MotorDriver.cpp:241 [ERROR] Error: The input motor type is undefined, please check motor type!
2024-09-11 14:14:12,713 MotorDriver.cpp:241 [ERROR] Error: The input motor type is undefined, please check motor type!
2024-09-11 14:14:12,714 MotorDriver.cpp:241 [ERROR] Error: The input motor type is undefined, please check motor type!
2024-09-11 14:14:12,715 MotorDriver.cpp:241 [ERROR] Error: The input motor type is undefined, please check motor type!
2024-09-11 14:14:12,716 MotorDriver.cpp:241 [ERROR] Error: The input motor type is undefined, please check motor type!
2024-09-11 14:14:12,717 MotorDriver.cpp:241 [ERROR] Error: The input motor type is undefined, please check motor type!
2024-09-11 14:14:12,718 MotorDriver.cpp:241 [ERROR] Error: The input motor type is undefined, please check motor type!
2024-09-11 14:14:12,719 MotorDriver.cpp:241 [ERROR] Error: The input motor type is undefined, please check motor type!
2024-09-11 14:14:12,720 MotorDriver.cpp:241 [ERROR] Error: The input motor type is undefined, please check motor type!
2024-09-11 14:14:12,721 MotorDriver.cpp:241 [ERROR] Error: The input motor type is undefined, please check motor type!
2024-09-11 14:14:12,722 MotorDriver.cpp:241 [ERROR] Error: The input motor type is undefined, please check motor type!
2024-09-11 14:14:12,724 MotorDriver.cpp:241 [ERROR] Error: The input motor type is undefined, please check motor type!
2024-09-11 14:14:12,725 MotorDriver.cpp:241 [ERROR] Error: The input motor type is undefined, please check motor type!
2024-09-11 14:14:12,726 MotorDriver.cpp:241 [ERROR] Error: The input motor type is undefined, please check motor type!
2024-09-11 14:14:12,727 MotorDriver.cpp:241 [ERROR] Error: The input motor type is undefined, please check motor type!
2024-09-11 14:14:12,728 MotorDriver.cpp:241 [ERROR] Error: The input motor type is undefined, please check motor type!
2024-09-11 14:14:12,729 MotorDriver.cpp:241 [ERROR] Error: The input motor type is undefined, please check motor type!
2024-09-11 14:14:12,730 MotorDriver.cpp:241 [ERROR] Error: The input motor type is undefined, please check motor type!
2024-09-11 14:14:12,731 MotorDriver.cpp:241 [ERROR] Error: The input motor type is undefined, please check motor type!
2024-09-11 14:14:12,732 MotorDriver.cpp:241 [ERROR] Error: The input motor type is undefined, please check motor type!
2024-09-11 14:14:12,733 MotorDriver.cpp:241 [ERROR] Error: The input motor type is undefined, please check motor type!
2024-09-11 14:14:12,734 MotorDriver.cpp:241 [ERROR] Error: The input motor type is undefined, please check motor type!
2024-09-11 14:14:12,735 MotorDriver.cpp:241 [ERROR] Error: The input motor type is undefined, please check motor type!
2024-09-11 14:14:12,736 MotorDriver.cpp:241 [ERROR] Error: The input motor type is undefined, please check motor type!
2024-09-11 14:14:12,737 MotorDriver.cpp:241 [ERROR] Error: The input motor type is undefined, please check motor type!
2024-09-11 14:14:12,739 MotorDriver.cpp:241 [ERROR] Error: The input motor type is undefined, please check motor type!
2024-09-11 14:14:12,740 MotorDriver.cpp:241 [ERROR] Error: The input motor type is undefined, please check motor type!
2024-09-11 14:14:12,741 MotorDriver.cpp:241 [ERROR] Error: The input motor type is undefined, please check motor type!
2024-09-11 14:14:12,742 MotorDriver.cpp:241 [ERROR] Error: The input motor type is undefined, please check motor type!
2024-09-11 14:14:12,743 MotorDriver.cpp:241 [ERROR] Error: The input motor type is undefined, please check motor type!
2024-09-11 14:14:12,744 MotorDriver.cpp:241 [ERROR] Error: The input motor type is undefined, please check motor type!
2024-09-11 14:14:12,745 MotorDriver.cpp:241 [ERROR] Error: The input motor type is undefined, please check motor type!
2024-09-11 14:14:12,746 MotorDriver.cpp:241 [ERROR] Error: The input motor type is undefined, please check motor type!
2024-09-11 14:14:12,747 MotorDriver.cpp:241 [ERROR] Error: The input motor type is undefined, please check motor type!
2024-09-11 14:14:12,748 MotorDriver.cpp:241 [ERROR] Error: The input motor type is undefined, please check motor type!
2024-09-11 14:14:12,749 MotorDriver.cpp:241 [ERROR] Error: The input motor type is undefined, please check motor type!
2024-09-11 14:14:12,750 MotorDriver.cpp:241 [ERROR] Error: The input motor type is undefined, please check motor type!
2024-09-11 14:14:12,751 MotorDriver.cpp:241 [ERROR] Error: The input motor type is undefined, please check motor type!
2024-09-11 14:14:12,753 MotorDriver.cpp:241 [ERROR] Error: The input motor type is undefined, please check motor type!
2024-09-11 14:14:12,754 MotorDriver.cpp:241 [ERROR] Error: The input motor type is undefined, please check motor type!
2024-09-11 14:14:12,755 MotorDriver.cpp:241 [ERROR] Error: The input motor type is undefined, please check motor type!
2024-09-11 14:14:12,756 MotorDriver.cpp:241 [ERROR] Error: The input motor type is undefined, please check motor type!
2024-09-11 14:14:12,757 MotorDriver.cpp:241 [ERROR] Error: The input motor type is undefined, please check motor type!
2024-09-11 14:14:12,758 MotorDriver.cpp:241 [ERROR] Error: The input motor type is undefined, please check motor type!
2024-09-11 14:14:12,759 MotorDriver.cpp:241 [ERROR] Error: The input motor type is undefined, please check motor type!
2024-09-11 14:14:12,760 MotorDriver.cpp:241 [ERROR] Error: The input motor type is undefined, please check motor type!
2024-09-11 14:14:12,761 MotorDriver.cpp:241 [ERROR] Error: The input motor type is undefined, please check motor type!
2024-09-11 14:14:12,762 MotorDriver.cpp:241 [ERROR] Error: The input motor type is undefined, please check motor type!
2024-09-11 14:14:12,763 MotorDriver.cpp:241 [ERROR] Error: The input motor type is undefined, please check motor type!
2024-09-11 14:14:12,764 MotorDriver.cpp:241 [ERROR] Error: The input motor type is undefined, please check motor type!
2024-09-11 14:14:12,766 MotorDriver.cpp:241 [ERROR] Error: The input motor type is undefined, please check motor type!
2024-09-11 14:14:12,767 MotorDriver.cpp:241 [ERROR] Error: The input motor type is undefined, please check motor type!
2024-09-11 14:14:12,768 MotorDriver.cpp:241 [ERROR] Error: The input motor type is undefined, please check motor type!
2024-09-11 14:14:12,769 MotorDriver.cpp:241 [ERROR] Error: The input motor type is undefined, please check motor type!
2024-09-11 14:14:12,770 MotorDriver.cpp:241 [ERROR] Error: The input motor type is undefined, please check motor type!
2024-09-11 14:14:12,771 MotorDriver.cpp:241 [ERROR] Error: The input motor type is undefined, please check motor type!
2024-09-11 14:14:12,772 MotorDriver.cpp:241 [ERROR] Error: The input motor type is undefined, please check motor type!
2024-09-11 14:14:12,773 MotorDriver.cpp:241 [ERROR] Error: The input motor type is undefined, please check motor type!
2024-09-11 14:14:12,774 MotorDriver.cpp:241 [ERROR] Error: The input motor type is undefined, please check motor type!
2024-09-11 14:14:12,775 MotorDriver.cpp:241 [ERROR] Error: The input motor type is undefined, please check motor type!
2024-09-11 14:14:12,776 MotorDriver.cpp:241 [ERROR] Error: The input motor type is undefined, please check motor type!
2024-09-11 14:14:12,777 MotorDriver.cpp:241 [ERROR] Error: The input motor type is undefined, please check motor type!
2024-09-11 14:14:12,779 MotorDriver.cpp:241 [ERROR] Error: The input motor type is undefined, please check motor type!
2024-09-11 14:14:12,780 MotorDriver.cpp:241 [ERROR] Error: The input motor type is undefined, please check motor type!
2024-09-11 14:14:12,781 MotorDriver.cpp:241 [ERROR] Error: The input motor type is undefined, please check motor type!
2024-09-11 14:14:12,782 MotorDriver.cpp:241 [ERROR] Error: The input motor type is undefined, please check motor type!
2024-09-11 14:14:12,783 MotorDriver.cpp:241 [ERROR] Error: The input motor type is undefined, please check motor type!
2024-09-11 14:14:12,784 MotorDriver.cpp:241 [ERROR] Error: The input motor type is undefined, please check motor type!
2024-09-11 14:14:12,785 MotorDriver.cpp:241 [ERROR] Error: The input motor type is undefined, please check motor type!
2024-09-11 14:14:12,786 MotorDriver.cpp:241 [ERROR] Error: The input motor type is undefined, please check motor type!
2024-09-11 14:14:12,787 MotorDriver.cpp:241 [ERROR] Error: The input motor type is undefined, please check motor type!
2024-09-11 14:14:12,788 MotorDriver.cpp:241 [ERROR] Error: The input motor type is undefined, please check motor type!
2024-09-11 14:14:12,789 MotorDriver.cpp:241 [ERROR] Error: The input motor type is undefined, please check motor type!
2024-09-11 14:14:12,790 MotorDriver.cpp:241 [ERROR] Error: The input motor type is undefined, please check motor type!
2024-09-11 14:14:12,791 MotorDriver.cpp:241 [ERROR] Error: The input motor type is undefined, please check motor type!
2024-09-11 14:14:12,793 MotorDriver.cpp:241 [ERROR] Error: The input motor type is undefined, please check motor type!
2024-09-11 14:14:12,794 MotorDriver.cpp:241 [ERROR] Error: The input motor type is undefined, please check motor type!
2024-09-11 14:14:12,795 MotorDriver.cpp:241 [ERROR] Error: The input motor type is undefined, please check motor type!
2024-09-11 14:14:12,796 MotorDriver.cpp:241 [ERROR] Error: The input motor type is undefined, please check motor type!
2024-09-11 14:14:12,797 MotorDriver.cpp:241 [ERROR] Error: The input motor type is undefined, please check motor type!
2024-09-11 14:14:12,798 MotorDriver.cpp:241 [ERROR] Error: The input motor type is undefined, please check motor type!
2024-09-11 14:14:12,799 MotorDriver.cpp:241 [ERROR] Error: The input motor type is undefined, please check motor type!
2024-09-11 14:14:12,800 MotorDriver.cpp:241 [ERROR] Error: The input motor type is undefined, please check motor type!
2024-09-11 14:14:12,801 MotorDriver.cpp:241 [ERROR] Error: The input motor type is undefined, please check motor type!
2024-09-11 14:14:12,802 MotorDriver.cpp:241 [ERROR] Error: The input motor type is undefined, please check motor type!
2024-09-11 14:14:12,804 MotorDriver.cpp:241 [ERROR] Error: The input motor type is undefined, please check motor type!
2024-09-11 14:14:12,805 MotorDriver.cpp:241 [ERROR] Error: The input motor type is undefined, please check motor type!
2024-09-11 14:14:12,806 MotorDriver.cpp:241 [ERROR] Error: The input motor type is undefined, please check motor type!
2024-09-11 14:14:12,807 MotorDriver.cpp:241 [ERROR] Error: The input motor type is undefined, please check motor type!
2024-09-11 14:14:12,808 MotorDriver.cpp:241 [ERROR] Error: The input motor type is undefined, please check motor type!
2024-09-11 14:14:12,809 MotorDriver.cpp:241 [ERROR] Error: The input motor type is undefined, please check motor type!
2024-09-11 14:14:12,810 MotorDriver.cpp:241 [ERROR] Error: The input motor type is undefined, please check motor type!
2024-09-11 14:14:12,811 MotorDriver.cpp:241 [ERROR] Error: The input motor type is undefined, please check motor type!
2024-09-11 14:14:12,812 MotorDriver.cpp:241 [ERROR] Error: The input motor type is undefined, please check motor type!
2024-09-11 14:14:12,813 MotorDriver.cpp:241 [ERROR] Error: The input motor type is undefined, please check motor type!
2024-09-11 14:14:12,814 MotorDriver.cpp:241 [ERROR] Error: The input motor type is undefined, please check motor type!
2024-09-11 14:14:12,815 MotorDriver.cpp:241 [ERROR] Error: The input motor type is undefined, please check motor type!
2024-09-11 14:14:12,816 MotorDriver.cpp:241 [ERROR] Error: The input motor type is undefined, please check motor type!
2024-09-11 14:14:12,818 MotorDriver.cpp:241 [ERROR] Error: The input motor type is undefined, please check motor type!
2024-09-11 14:14:12,819 MotorDriver.cpp:241 [ERROR] Error: The input motor type is undefined, please check motor type!
2024-09-11 14:14:12,820 MotorDriver.cpp:241 [ERROR] Error: The input motor type is undefined, please check motor type!
2024-09-11 14:14:12,821 MotorDriver.cpp:241 [ERROR] Error: The input motor type is undefined, please check motor type!
2024-09-11 14:14:12,822 MotorDriver.cpp:241 [ERROR] Error: The input motor type is undefined, please check motor type!
2024-09-11 14:14:12,823 MotorDriver.cpp:241 [ERROR] Error: The input motor type is undefined, please check motor type!
2024-09-11 14:14:12,824 MotorDriver.cpp:241 [ERROR] Error: The input motor type is undefined, please check motor type!
2024-09-11 14:14:12,825 MotorDriver.cpp:241 [ERROR] Error: The input motor type is undefined, please check motor type!
2024-09-11 14:14:12,826 MotorDriver.cpp:241 [ERROR] Error: The input motor type is undefined, please check motor type!
2024-09-11 14:14:12,827 MotorDriver.cpp:241 [ERROR] Error: The input motor type is undefined, please check motor type!
2024-09-11 14:14:12,828 MotorDriver.cpp:241 [ERROR] Error: The input motor type is undefined, please check motor type!
2024-09-11 14:14:12,829 MotorDriver.cpp:241 [ERROR] Error: The input motor type is undefined, please check motor type!
2024-09-11 14:14:12,830 MotorDriver.cpp:241 [ERROR] Error: The input motor type is undefined, please check motor type!
2024-09-11 14:14:12,831 MotorDriver.cpp:241 [ERROR] Error: The input motor type is undefined, please check motor type!
2024-09-11 14:14:12,833 MotorDriver.cpp:241 [ERROR] Error: The input motor type is undefined, please check motor type!
2024-09-11 14:14:12,834 MotorDriver.cpp:241 [ERROR] Error: The input motor type is undefined, please check motor type!
2024-09-11 14:14:12,835 MotorDriver.cpp:241 [ERROR] Error: The input motor type is undefined, please check motor type!
2024-09-11 14:14:12,836 MotorDriver.cpp:241 [ERROR] Error: The input motor type is undefined, please check motor type!
2024-09-11 14:14:12,837 MotorDriver.cpp:241 [ERROR] Error: The input motor type is undefined, please check motor type!
2024-09-11 14:14:12,838 MotorDriver.cpp:241 [ERROR] Error: The input motor type is undefined, please check motor type!
2024-09-11 14:14:12,839 MotorDriver.cpp:241 [ERROR] Error: The input motor type is undefined, please check motor type!
2024-09-11 14:14:12,840 MotorDriver.cpp:241 [ERROR] Error: The input motor type is undefined, please check motor type!
2024-09-11 14:14:12,841 MotorDriver.cpp:241 [ERROR] Error: The input motor type is undefined, please check motor type!
2024-09-11 14:14:12,842 MotorDriver.cpp:241 [ERROR] Error: The input motor type is undefined, please check motor type!
2024-09-11 14:14:12,843 MotorDriver.cpp:241 [ERROR] Error: The input motor type is undefined, please check motor type!
2024-09-11 14:14:12,844 MotorDriver.cpp:241 [ERROR] Error: The input motor type is undefined, please check motor type!
2024-09-11 14:14:12,845 MotorDriver.cpp:241 [ERROR] Error: The input motor type is undefined, please check motor type!
2024-09-11 14:14:12,846 MotorDriver.cpp:241 [ERROR] Error: The input motor type is undefined, please check motor type!
2024-09-11 14:14:12,847 MotorDriver.cpp:241 [ERROR] Error: The input motor type is undefined, please check motor type!
2024-09-11 14:14:12,849 MotorDriver.cpp:241 [ERROR] Error: The input motor type is undefined, please check motor type!
2024-09-11 14:14:12,850 MotorDriver.cpp:241 [ERROR] Error: The input motor type is undefined, please check motor type!
2024-09-11 14:14:12,851 MotorDriver.cpp:241 [ERROR] Error: The input motor type is undefined, please check motor type!
2024-09-11 14:14:12,852 MotorDriver.cpp:241 [ERROR] Error: The input motor type is undefined, please check motor type!
2024-09-11 14:14:12,853 MotorDriver.cpp:241 [ERROR] Error: The input motor type is undefined, please check motor type!
2024-09-11 14:14:12,854 MotorDriver.cpp:241 [ERROR] Error: The input motor type is undefined, please check motor type!
2024-09-11 14:14:12,855 MotorDriver.cpp:241 [ERROR] Error: The input motor type is undefined, please check motor type!
2024-09-11 14:14:12,856 MotorDriver.cpp:241 [ERROR] Error: The input motor type is undefined, please check motor type!
2024-09-11 14:14:12,857 MotorDriver.cpp:241 [ERROR] Error: The input motor type is undefined, please check motor type!
2024-09-11 14:14:12,858 MotorDriver.cpp:241 [ERROR] Error: The input motor type is undefined, please check motor type!
2024-09-11 14:14:12,859 MotorDriver.cpp:241 [ERROR] Error: The input motor type is undefined, please check motor type!
2024-09-11 14:14:12,860 MotorDriver.cpp:241 [ERROR] Error: The input motor type is undefined, please check motor type!
2024-09-11 14:14:12,861 MotorDriver.cpp:241 [ERROR] Error: The input motor type is undefined, please check motor type!
2024-09-11 14:14:12,863 MotorDriver.cpp:241 [ERROR] Error: The input motor type is undefined, please check motor type!
2024-09-11 14:14:12,864 MotorDriver.cpp:241 [ERROR] Error: The input motor type is undefined, please check motor type!
2024-09-11 14:14:12,865 MotorDriver.cpp:241 [ERROR] Error: The input motor type is undefined, please check motor type!
2024-09-11 14:14:12,866 MotorDriver.cpp:241 [ERROR] Error: The input motor type is undefined, please check motor type!
2024-09-11 14:14:12,867 MotorDriver.cpp:241 [ERROR] Error: The input motor type is undefined, please check motor type!
2024-09-11 14:14:12,868 MotorDriver.cpp:241 [ERROR] Error: The input motor type is undefined, please check motor type!
2024-09-11 14:14:12,869 MotorDriver.cpp:241 [ERROR] Error: The input motor type is undefined, please check motor type!
2024-09-11 14:14:12,870 MotorDriver.cpp:241 [ERROR] Error: The input motor type is undefined, please check motor type!
2024-09-11 14:14:12,871 MotorDriver.cpp:241 [ERROR] Error: The input motor type is undefined, please check motor type!
2024-09-11 14:14:12,872 MotorDriver.cpp:241 [ERROR] Error: The input motor type is undefined, please check motor type!
2024-09-11 14:14:12,873 MotorDriver.cpp:241 [ERROR] Error: The input motor type is undefined, please check motor type!
2024-09-11 14:14:12,874 MotorDriver.cpp:241 [ERROR] Error: The input motor type is undefined, please check motor type!
2024-09-11 14:14:12,875 MotorDriver.cpp:241 [ERROR] Error: The input motor type is undefined, please check motor type!
2024-09-11 14:14:12,876 MotorDriver.cpp:241 [ERROR] Error: The input motor type is undefined, please check motor type!
2024-09-11 14:14:12,877 MotorDriver.cpp:241 [ERROR] Error: The input motor type is undefined, please check motor type!
2024-09-11 14:14:12,879 MotorDriver.cpp:241 [ERROR] Error: The input motor type is undefined, please check motor type!
2024-09-11 14:14:12,880 MotorDriver.cpp:241 [ERROR] Error: The input motor type is undefined, please check motor type!
2024-09-11 14:14:12,881 MotorDriver.cpp:241 [ERROR] Error: The input motor type is undefined, please check motor type!
2024-09-11 14:14:12,882 MotorDriver.cpp:241 [ERROR] Error: The input motor type is undefined, please check motor type!
2024-09-11 14:14:12,883 MotorDriver.cpp:241 [ERROR] Error: The input motor type is undefined, please check motor type!
2024-09-11 14:14:12,884 MotorDriver.cpp:241 [ERROR] Error: The input motor type is undefined, please check motor type!
2024-09-11 14:14:12,885 MotorDriver.cpp:241 [ERROR] Error: The input motor type is undefined, please check motor type!
2024-09-11 14:14:12,886 MotorDriver.cpp:241 [ERROR] Error: The input motor type is undefined, please check motor type!
2024-09-11 14:14:12,887 MotorDriver.cpp:241 [ERROR] Error: The input motor type is undefined, please check motor type!
2024-09-11 14:14:12,888 MotorDriver.cpp:241 [ERROR] Error: The input motor type is undefined, please check motor type!
2024-09-11 14:14:12,889 MotorDriver.cpp:241 [ERROR] Error: The input motor type is undefined, please check motor type!
2024-09-11 14:14:12,890 MotorDriver.cpp:241 [ERROR] Error: The input motor type is undefined, please check motor type!
2024-09-11 14:14:12,891 MotorDriver.cpp:241 [ERROR] Error: The input motor type is undefined, please check motor type!
2024-09-11 14:14:12,892 MotorDriver.cpp:241 [ERROR] Error: The input motor type is undefined, please check motor type!
2024-09-11 14:14:12,894 MotorDriver.cpp:241 [ERROR] Error: The input motor type is undefined, please check motor type!
2024-09-11 14:14:12,895 MotorDriver.cpp:241 [ERROR] Error: The input motor type is undefined, please check motor type!
2024-09-11 14:14:12,896 MotorDriver.cpp:241 [ERROR] Error: The input motor type is undefined, please check motor type!
2024-09-11 14:14:12,897 MotorDriver.cpp:241 [ERROR] Error: The input motor type is undefined, please check motor type!
2024-09-11 14:14:12,898 MotorDriver.cpp:241 [ERROR] Error: The input motor type is undefined, please check motor type!
2024-09-11 14:14:12,899 MotorDriver.cpp:241 [ERROR] Error: The input motor type is undefined, please check motor type!
2024-09-11 14:14:12,900 MotorDriver.cpp:241 [ERROR] Error: The input motor type is undefined, please check motor type!
2024-09-11 14:14:12,901 MotorDriver.cpp:241 [ERROR] Error: The input motor type is undefined, please check motor type!
2024-09-11 14:14:12,902 MotorDriver.cpp:241 [ERROR] Error: The input motor type is undefined, please check motor type!
2024-09-11 14:14:12,903 MotorDriver.cpp:241 [ERROR] Error: The input motor type is undefined, please check motor type!
2024-09-11 14:14:12,904 MotorDriver.cpp:241 [ERROR] Error: The input motor type is undefined, please check motor type!
2024-09-11 14:14:12,905 MotorDriver.cpp:241 [ERROR] Error: The input motor type is undefined, please check motor type!
2024-09-11 14:14:12,907 MotorDriver.cpp:241 [ERROR] Error: The input motor type is undefined, please check motor type!
2024-09-11 14:14:12,908 MotorDriver.cpp:241 [ERROR] Error: The input motor type is undefined, please check motor type!
2024-09-11 14:14:12,909 MotorDriver.cpp:241 [ERROR] Error: The input motor type is undefined, please check motor type!
2024-09-11 14:14:12,910 MotorDriver.cpp:241 [ERROR] Error: The input motor type is undefined, please check motor type!
2024-09-11 14:14:12,911 MotorDriver.cpp:241 [ERROR] Error: The input motor type is undefined, please check motor type!
2024-09-11 14:14:12,912 MotorDriver.cpp:241 [ERROR] Error: The input motor type is undefined, please check motor type!
2024-09-11 14:14:12,913 MotorDriver.cpp:241 [ERROR] Error: The input motor type is undefined, please check motor type!
2024-09-11 14:14:12,914 MotorDriver.cpp:241 [ERROR] Error: The input motor type is undefined, please check motor type!
2024-09-11 14:14:12,915 MotorDriver.cpp:241 [ERROR] Error: The input motor type is undefined, please check motor type!
2024-09-11 14:14:12,916 MotorDriver.cpp:241 [ERROR] Error: The input motor type is undefined, please check motor type!
2024-09-11 14:14:12,917 MotorDriver.cpp:241 [ERROR] Error: The input motor type is undefined, please check motor type!
2024-09-11 14:14:12,918 MotorDriver.cpp:241 [ERROR] Error: The input motor type is undefined, please check motor type!
2024-09-11 14:14:12,919 MotorDriver.cpp:241 [ERROR] Error: The input motor type is undefined, please check motor type!
2024-09-11 14:14:12,920 MotorDriver.cpp:241 [ERROR] Error: The input motor type is undefined, please check motor type!
2024-09-11 14:14:12,922 MotorDriver.cpp:241 [ERROR] Error: The input motor type is undefined, please check motor type!
2024-09-11 14:14:12,923 MotorDriver.cpp:241 [ERROR] Error: The input motor type is undefined, please check motor type!
2024-09-11 14:14:12,924 MotorDriver.cpp:241 [ERROR] Error: The input motor type is undefined, please check motor type!
2024-09-11 14:14:12,925 MotorDriver.cpp:241 [ERROR] Error: The input motor type is undefined, please check motor type!
2024-09-11 14:14:12,926 MotorDriver.cpp:241 [ERROR] Error: The input motor type is undefined, please check motor type!
2024-09-11 14:14:12,927 MotorDriver.cpp:241 [ERROR] Error: The input motor type is undefined, please check motor type!
2024-09-11 14:14:12,928 MotorDriver.cpp:241 [ERROR] Error: The input motor type is undefined, please check motor type!
2024-09-11 14:14:12,929 MotorDriver.cpp:241 [ERROR] Error: The input motor type is undefined, please check motor type!
2024-09-11 14:14:12,930 MotorDriver.cpp:241 [ERROR] Error: The input motor type is undefined, please check motor type!
2024-09-11 14:14:12,931 MotorDriver.cpp:241 [ERROR] Error: The input motor type is undefined, please check motor type!
2024-09-11 14:14:12,932 MotorDriver.cpp:241 [ERROR] Error: The input motor type is undefined, please check motor type!
2024-09-11 14:14:12,933 MotorDriver.cpp:241 [ERROR] Error: The input motor type is undefined, please check motor type!
2024-09-11 14:14:12,934 MotorDriver.cpp:241 [ERROR] Error: The input motor type is undefined, please check motor type!
2024-09-11 14:14:12,936 MotorDriver.cpp:241 [ERROR] Error: The input motor type is undefined, please check motor type!
2024-09-11 14:14:12,937 MotorDriver.cpp:241 [ERROR] Error: The input motor type is undefined, please check motor type!
2024-09-11 14:14:12,938 MotorDriver.cpp:241 [ERROR] Error: The input motor type is undefined, please check motor type!
2024-09-11 14:14:12,939 MotorDriver.cpp:241 [ERROR] Error: The input motor type is undefined, please check motor type!
2024-09-11 14:14:12,940 MotorDriver.cpp:241 [ERROR] Error: The input motor type is undefined, please check motor type!
2024-09-11 14:14:12,941 MotorDriver.cpp:241 [ERROR] Error: The input motor type is undefined, please check motor type!
2024-09-11 14:14:12,942 MotorDriver.cpp:241 [ERROR] Error: The input motor type is undefined, please check motor type!
2024-09-11 14:14:12,943 MotorDriver.cpp:241 [ERROR] Error: The input motor type is undefined, please check motor type!
2024-09-11 14:14:12,944 MotorDriver.cpp:241 [ERROR] Error: The input motor type is undefined, please check motor type!
2024-09-11 14:14:12,945 MotorDriver.cpp:241 [ERROR] Error: The input motor type is undefined, please check motor type!
2024-09-11 14:14:12,946 MotorDriver.cpp:241 [ERROR] Error: The input motor type is undefined, please check motor type!
2024-09-11 14:14:12,947 MotorDriver.cpp:241 [ERROR] Error: The input motor type is undefined, please check motor type!
2024-09-11 14:14:12,948 MotorDriver.cpp:241 [ERROR] Error: The input motor type is undefined, please check motor type!
2024-09-11 14:14:12,949 MotorDriver.cpp:241 [ERROR] Error: The input motor type is undefined, please check motor type!
2024-09-11 14:14:12,951 MotorDriver.cpp:241 [ERROR] Error: The input motor type is undefined, please check motor type!
2024-09-11 14:14:12,952 MotorDriver.cpp:241 [ERROR] Error: The input motor type is undefined, please check motor type!
2024-09-11 14:14:12,953 MotorDriver.cpp:241 [ERROR] Error: The input motor type is undefined, please check motor type!
2024-09-11 14:14:12,954 MotorDriver.cpp:241 [ERROR] Error: The input motor type is undefined, please check motor type!
2024-09-11 14:14:12,955 MotorDriver.cpp:241 [ERROR] Error: The input motor type is undefined, please check motor type!
2024-09-11 14:14:12,956 MotorDriver.cpp:241 [ERROR] Error: The input motor type is undefined, please check motor type!
2024-09-11 14:14:12,957 MotorDriver.cpp:241 [ERROR] Error: The input motor type is undefined, please check motor type!
2024-09-11 14:14:12,958 MotorDriver.cpp:241 [ERROR] Error: The input motor type is undefined, please check motor type!
2024-09-11 14:14:12,959 MotorDriver.cpp:241 [ERROR] Error: The input motor type is undefined, please check motor type!
2024-09-11 14:14:12,960 MotorDriver.cpp:241 [ERROR] Error: The input motor type is undefined, please check motor type!
2024-09-11 14:14:12,961 MotorDriver.cpp:241 [ERROR] Error: The input motor type is undefined, please check motor type!
2024-09-11 14:14:12,962 MotorDriver.cpp:241 [ERROR] Error: The input motor type is undefined, please check motor type!
2024-09-11 14:14:12,963 MotorDriver.cpp:241 [ERROR] Error: The input motor type is undefined, please check motor type!
2024-09-11 14:14:12,965 MotorDriver.cpp:241 [ERROR] Error: The input motor type is undefined, please check motor type!
2024-09-11 14:14:12,966 MotorDriver.cpp:241 [ERROR] Error: The input motor type is undefined, please check motor type!
2024-09-11 14:14:12,967 MotorDriver.cpp:241 [ERROR] Error: The input motor type is undefined, please check motor type!
2024-09-11 14:14:12,968 MotorDriver.cpp:241 [ERROR] Error: The input motor type is undefined, please check motor type!
2024-09-11 14:14:12,969 MotorDriver.cpp:241 [ERROR] Error: The input motor type is undefined, please check motor type!
2024-09-11 14:14:12,970 MotorDriver.cpp:241 [ERROR] Error: The input motor type is undefined, please check motor type!
2024-09-11 14:14:12,971 MotorDriver.cpp:241 [ERROR] Error: The input motor type is undefined, please check motor type!
2024-09-11 14:14:12,972 MotorDriver.cpp:241 [ERROR] Error: The input motor type is undefined, please check motor type!
2024-09-11 14:14:12,973 MotorDriver.cpp:241 [ERROR] Error: The input motor type is undefined, please check motor type!
2024-09-11 14:14:12,974 MotorDriver.cpp:241 [ERROR] Error: The input motor type is undefined, please check motor type!
2024-09-11 14:14:12,975 MotorDriver.cpp:241 [ERROR] Error: The input motor type is undefined, please check motor type!
2024-09-11 14:14:12,976 MotorDriver.cpp:241 [ERROR] Error: The input motor type is undefined, please check motor type!
2024-09-11 14:14:12,977 MotorDriver.cpp:241 [ERROR] Error: The input motor type is undefined, please check motor type!
2024-09-11 14:14:12,978 MotorDriver.cpp:241 [ERROR] Error: The input motor type is undefined, please check motor type!
2024-09-11 14:14:12,979 MotorDriver.cpp:241 [ERROR] Error: The input motor type is undefined, please check motor type!
2024-09-11 14:14:12,981 MotorDriver.cpp:241 [ERROR] Error: The input motor type is undefined, please check motor type!
2024-09-11 14:14:12,982 MotorDriver.cpp:241 [ERROR] Error: The input motor type is undefined, please check motor type!
2024-09-11 14:14:12,983 MotorDriver.cpp:241 [ERROR] Error: The input motor type is undefined, please check motor type!
2024-09-11 14:14:12,984 MotorDriver.cpp:241 [ERROR] Error: The input motor type is undefined, please check motor type!
2024-09-11 14:14:12,985 MotorDriver.cpp:241 [ERROR] Error: The input motor type is undefined, please check motor type!
2024-09-11 14:14:12,986 MotorDriver.cpp:241 [ERROR] Error: The input motor type is undefined, please check motor type!
2024-09-11 14:14:12,987 MotorDriver.cpp:241 [ERROR] Error: The input motor type is undefined, please check motor type!
2024-09-11 14:14:12,988 MotorDriver.cpp:241 [ERROR] Error: The input motor type is undefined, please check motor type!
2024-09-11 14:14:12,989 MotorDriver.cpp:241 [ERROR] Error: The input motor type is undefined, please check motor type!
2024-09-11 14:14:12,990 MotorDriver.cpp:241 [ERROR] Error: The input motor type is undefined, please check motor type!
2024-09-11 14:14:12,991 MotorDriver.cpp:241 [ERROR] Error: The input motor type is undefined, please check motor type!
2024-09-11 14:14:12,992 MotorDriver.cpp:241 [ERROR] Error: The input motor type is undefined, please check motor type!
2024-09-11 14:14:12,993 MotorDriver.cpp:241 [ERROR] Error: The input motor type is undefined, please check motor type!
2024-09-11 14:14:12,994 MotorDriver.cpp:241 [ERROR] Error: The input motor type is undefined, please check motor type!
2024-09-11 14:14:12,995 MotorDriver.cpp:241 [ERROR] Error: The input motor type is undefined, please check motor type!
2024-09-11 14:14:12,997 MotorDriver.cpp:241 [ERROR] Error: The input motor type is undefined, please check motor type!
2024-09-11 14:14:12,998 MotorDriver.cpp:241 [ERROR] Error: The input motor type is undefined, please check motor type!
2024-09-11 14:14:12,999 MotorDriver.cpp:241 [ERROR] Error: The input motor type is undefined, please check motor type!
2024-09-11 14:14:13,000 MotorDriver.cpp:241 [ERROR] Error: The input motor type is undefined, please check motor type!
2024-09-11 14:14:13,001 MotorDriver.cpp:241 [ERROR] Error: The input motor type is undefined, please check motor type!
2024-09-11 14:14:13,002 MotorDriver.cpp:241 [ERROR] Error: The input motor type is undefined, please check motor type!
2024-09-11 14:14:13,003 MotorDriver.cpp:241 [ERROR] Error: The input motor type is undefined, please check motor type!
2024-09-11 14:14:13,004 MotorDriver.cpp:241 [ERROR] Error: The input motor type is undefined, please check motor type!
2024-09-11 14:14:13,005 MotorDriver.cpp:241 [ERROR] Error: The input motor type is undefined, please check motor type!
2024-09-11 14:14:13,006 MotorDriver.cpp:241 [ERROR] Error: The input motor type is undefined, please check motor type!
2024-09-11 14:14:13,007 MotorDriver.cpp:241 [ERROR] Error: The input motor type is undefined, please check motor type!
2024-09-11 14:14:13,008 MotorDriver.cpp:241 [ERROR] Error: The input motor type is undefined, please check motor type!
2024-09-11 14:14:13,009 MotorDriver.cpp:241 [ERROR] Error: The input motor type is undefined, please check motor type!
2024-09-11 14:14:13,011 MotorDriver.cpp:241 [ERROR] Error: The input motor type is undefined, please check motor type!
2024-09-11 14:14:13,012 MotorDriver.cpp:241 [ERROR] Error: The input motor type is undefined, please check motor type!
2024-09-11 14:14:13,013 MotorDriver.cpp:241 [ERROR] Error: The input motor type is undefined, please check motor type!
2024-09-11 14:14:13,014 MotorDriver.cpp:241 [ERROR] Error: The input motor type is undefined, please check motor type!
2024-09-11 14:14:13,015 MotorDriver.cpp:241 [ERROR] Error: The input motor type is undefined, please check motor type!
2024-09-11 14:14:13,016 MotorDriver.cpp:241 [ERROR] Error: The input motor type is undefined, please check motor type!
2024-09-11 14:14:13,017 MotorDriver.cpp:241 [ERROR] Error: The input motor type is undefined, please check motor type!
2024-09-11 14:14:13,018 MotorDriver.cpp:241 [ERROR] Error: The input motor type is undefined, please check motor type!
2024-09-11 14:14:13,019 MotorDriver.cpp:241 [ERROR] Error: The input motor type is undefined, please check motor type!
2024-09-11 14:14:13,020 MotorDriver.cpp:241 [ERROR] Error: The input motor type is undefined, please check motor type!
2024-09-11 14:14:13,021 MotorDriver.cpp:241 [ERROR] Error: The input motor type is undefined, please check motor type!
2024-09-11 14:14:13,023 MotorDriver.cpp:241 [ERROR] Error: The input motor type is undefined, please check motor type!
2024-09-11 14:14:13,024 MotorDriver.cpp:241 [ERROR] Error: The input motor type is undefined, please check motor type!
2024-09-11 14:14:13,025 MotorDriver.cpp:241 [ERROR] Error: The input motor type is undefined, please check motor type!
2024-09-11 14:14:13,026 MotorDriver.cpp:241 [ERROR] Error: The input motor type is undefined, please check motor type!
2024-09-11 14:14:13,027 MotorDriver.cpp:241 [ERROR] Error: The input motor type is undefined, please check motor type!
2024-09-11 14:14:13,028 MotorDriver.cpp:241 [ERROR] Error: The input motor type is undefined, please check motor type!
2024-09-11 14:14:13,029 MotorDriver.cpp:241 [ERROR] Error: The input motor type is undefined, please check motor type!
2024-09-11 14:14:13,030 MotorDriver.cpp:241 [ERROR] Error: The input motor type is undefined, please check motor type!
2024-09-11 14:14:13,031 MotorDriver.cpp:241 [ERROR] Error: The input motor type is undefined, please check motor type!
2024-09-11 14:14:13,032 MotorDriver.cpp:241 [ERROR] Error: The input motor type is undefined, please check motor type!
2024-09-11 14:14:13,033 MotorDriver.cpp:241 [ERROR] Error: The input motor type is undefined, please check motor type!
2024-09-11 14:14:13,034 MotorDriver.cpp:241 [ERROR] Error: The input motor type is undefined, please check motor type!
2024-09-11 14:14:13,036 MotorDriver.cpp:241 [ERROR] Error: The input motor type is undefined, please check motor type!
2024-09-11 14:14:13,037 MotorDriver.cpp:241 [ERROR] Error: The input motor type is undefined, please check motor type!
2024-09-11 14:14:13,038 MotorDriver.cpp:241 [ERROR] Error: The input motor type is undefined, please check motor type!
2024-09-11 14:14:13,039 MotorDriver.cpp:241 [ERROR] Error: The input motor type is undefined, please check motor type!
2024-09-11 14:14:13,040 MotorDriver.cpp:241 [ERROR] Error: The input motor type is undefined, please check motor type!
2024-09-11 14:14:13,041 MotorDriver.cpp:241 [ERROR] Error: The input motor type is undefined, please check motor type!
2024-09-11 14:14:13,042 MotorDriver.cpp:241 [ERROR] Error: The input motor type is undefined, please check motor type!
2024-09-11 14:14:13,043 MotorDriver.cpp:241 [ERROR] Error: The input motor type is undefined, please check motor type!
2024-09-11 14:14:13,044 MotorDriver.cpp:241 [ERROR] Error: The input motor type is undefined, please check motor type!
2024-09-11 14:14:13,045 MotorDriver.cpp:241 [ERROR] Error: The input motor type is undefined, please check motor type!
2024-09-11 14:14:13,046 MotorDriver.cpp:241 [ERROR] Error: The input motor type is undefined, please check motor type!
2024-09-11 14:14:13,047 MotorDriver.cpp:241 [ERROR] Error: The input motor type is undefined, please check motor type!
2024-09-11 14:14:13,048 MotorDriver.cpp:241 [ERROR] Error: The input motor type is undefined, please check motor type!
2024-09-11 14:14:13,049 MotorDriver.cpp:241 [ERROR] Error: The input motor type is undefined, please check motor type!
2024-09-11 14:14:13,051 MotorDriver.cpp:241 [ERROR] Error: The input motor type is undefined, please check motor type!
2024-09-11 14:14:13,052 MotorDriver.cpp:241 [ERROR] Error: The input motor type is undefined, please check motor type!
2024-09-11 14:14:13,053 MotorDriver.cpp:241 [ERROR] Error: The input motor type is undefined, please check motor type!
2024-09-11 14:14:13,054 MotorDriver.cpp:241 [ERROR] Error: The input motor type is undefined, please check motor type!
2024-09-11 14:14:13,055 MotorDriver.cpp:241 [ERROR] Error: The input motor type is undefined, please check motor type!
2024-09-11 14:14:13,056 MotorDriver.cpp:241 [ERROR] Error: The input motor type is undefined, please check motor type!
2024-09-11 14:14:13,057 MotorDriver.cpp:241 [ERROR] Error: The input motor type is undefined, please check motor type!
2024-09-11 14:14:13,058 MotorDriver.cpp:241 [ERROR] Error: The input motor type is undefined, please check motor type!
2024-09-11 14:14:13,059 MotorDriver.cpp:241 [ERROR] Error: The input motor type is undefined, please check motor type!
2024-09-11 14:14:13,060 MotorDriver.cpp:241 [ERROR] Error: The input motor type is undefined, please check motor type!
2024-09-11 14:14:13,061 MotorDriver.cpp:241 [ERROR] Error: The input motor type is undefined, please check motor type!
2024-09-11 14:14:13,062 MotorDriver.cpp:241 [ERROR] Error: The input motor type is undefined, please check motor type!
2024-09-11 14:14:13,063 MotorDriver.cpp:241 [ERROR] Error: The input motor type is undefined, please check motor type!
2024-09-11 14:14:13,064 MotorDriver.cpp:241 [ERROR] Error: The input motor type is undefined, please check motor type!
2024-09-11 14:14:13,066 MotorDriver.cpp:241 [ERROR] Error: The input motor type is undefined, please check motor type!
2024-09-11 14:14:13,067 MotorDriver.cpp:241 [ERROR] Error: The input motor type is undefined, please check motor type!
2024-09-11 14:14:13,068 MotorDriver.cpp:241 [ERROR] Error: The input motor type is undefined, please check motor type!
2024-09-11 14:14:13,069 MotorDriver.cpp:241 [ERROR] Error: The input motor type is undefined, please check motor type!
2024-09-11 14:14:13,070 MotorDriver.cpp:241 [ERROR] Error: The input motor type is undefined, please check motor type!
2024-09-11 14:14:13,071 MotorDriver.cpp:241 [ERROR] Error: The input motor type is undefined, please check motor type!
2024-09-11 14:14:13,072 MotorDriver.cpp:241 [ERROR] Error: The input motor type is undefined, please check motor type!
2024-09-11 14:14:13,073 MotorDriver.cpp:241 [ERROR] Error: The input motor type is undefined, please check motor type!
2024-09-11 14:14:13,074 MotorDriver.cpp:241 [ERROR] Error: The input motor type is undefined, please check motor type!
2024-09-11 14:14:13,075 MotorDriver.cpp:241 [ERROR] Error: The input motor type is undefined, please check motor type!
2024-09-11 14:14:13,076 MotorDriver.cpp:241 [ERROR] Error: The input motor type is undefined, please check motor type!
2024-09-11 14:14:13,077 MotorDriver.cpp:241 [ERROR] Error: The input motor type is undefined, please check motor type!
2024-09-11 14:14:13,078 MotorDriver.cpp:241 [ERROR] Error: The input motor type is undefined, please check motor type!
2024-09-11 14:14:13,080 MotorDriver.cpp:241 [ERROR] Error: The input motor type is undefined, please check motor type!
2024-09-11 14:14:13,081 MotorDriver.cpp:241 [ERROR] Error: The input motor type is undefined, please check motor type!
2024-09-11 14:14:13,083 MotorDriver.cpp:241 [ERROR] Error: The input motor type is undefined, please check motor type!
2024-09-11 14:14:13,084 MotorDriver.cpp:241 [ERROR] Error: The input motor type is undefined, please check motor type!
2024-09-11 14:14:13,085 MotorDriver.cpp:241 [ERROR] Error: The input motor type is undefined, please check motor type!
2024-09-11 14:14:13,086 MotorDriver.cpp:241 [ERROR] Error: The input motor type is undefined, please check motor type!
2024-09-11 14:14:13,087 MotorDriver.cpp:241 [ERROR] Error: The input motor type is undefined, please check motor type!
2024-09-11 14:14:13,089 MotorDriver.cpp:241 [ERROR] Error: The input motor type is undefined, please check motor type!
2024-09-11 14:14:13,090 MotorDriver.cpp:241 [ERROR] Error: The input motor type is undefined, please check motor type!
2024-09-11 14:14:13,091 MotorDriver.cpp:241 [ERROR] Error: The input motor type is undefined, please check motor type!
2024-09-11 14:14:13,092 MotorDriver.cpp:241 [ERROR] Error: The input motor type is undefined, please check motor type!
2024-09-11 14:14:13,093 MotorDriver.cpp:241 [ERROR] Error: The input motor type is undefined, please check motor type!
2024-09-11 14:14:13,094 MotorDriver.cpp:241 [ERROR] Error: The input motor type is undefined, please check motor type!
2024-09-11 14:14:13,095 MotorDriver.cpp:241 [ERROR] Error: The input motor type is undefined, please check motor type!
2024-09-11 14:14:13,096 MotorDriver.cpp:241 [ERROR] Error: The input motor type is undefined, please check motor type!
2024-09-11 14:14:13,097 MotorDriver.cpp:241 [ERROR] Error: The input motor type is undefined, please check motor type!
2024-09-11 14:14:13,098 MotorDriver.cpp:241 [ERROR] Error: The input motor type is undefined, please check motor type!
2024-09-11 14:14:13,099 MotorDriver.cpp:241 [ERROR] Error: The input motor type is undefined, please check motor type!
2024-09-11 14:14:13,100 MotorDriver.cpp:241 [ERROR] Error: The input motor type is undefined, please check motor type!
2024-09-11 14:14:13,101 MotorDriver.cpp:241 [ERROR] Error: The input motor type is undefined, please check motor type!
2024-09-11 14:14:13,103 MotorDriver.cpp:241 [ERROR] Error: The input motor type is undefined, please check motor type!
2024-09-11 14:14:13,104 MotorDriver.cpp:241 [ERROR] Error: The input motor type is undefined, please check motor type!
2024-09-11 14:14:13,105 MotorDriver.cpp:241 [ERROR] Error: The input motor type is undefined, please check motor type!
2024-09-11 14:14:13,106 MotorDriver.cpp:241 [ERROR] Error: The input motor type is undefined, please check motor type!
2024-09-11 14:14:13,107 MotorDriver.cpp:241 [ERROR] Error: The input motor type is undefined, please check motor type!
2024-09-11 14:14:13,108 MotorDriver.cpp:241 [ERROR] Error: The input motor type is undefined, please check motor type!
2024-09-11 14:14:13,109 MotorDriver.cpp:241 [ERROR] Error: The input motor type is undefined, please check motor type!
2024-09-11 14:14:13,110 MotorDriver.cpp:241 [ERROR] Error: The input motor type is undefined, please check motor type!
2024-09-11 14:14:13,111 MotorDriver.cpp:241 [ERROR] Error: The input motor type is undefined, please check motor type!
2024-09-11 14:14:13,112 MotorDriver.cpp:241 [ERROR] Error: The input motor type is undefined, please check motor type!
2024-09-11 14:14:13,113 MotorDriver.cpp:241 [ERROR] Error: The input motor type is undefined, please check motor type!
2024-09-11 14:14:13,114 MotorDriver.cpp:241 [ERROR] Error: The input motor type is undefined, please check motor type!
2024-09-11 14:14:13,115 MotorDriver.cpp:241 [ERROR] Error: The input motor type is undefined, please check motor type!
2024-09-11 14:14:13,116 MotorDriver.cpp:241 [ERROR] Error: The input motor type is undefined, please check motor type!
2024-09-11 14:14:13,117 MotorDriver.cpp:241 [ERROR] Error: The input motor type is undefined, please check motor type!
2024-09-11 14:14:13,119 MotorDriver.cpp:241 [ERROR] Error: The input motor type is undefined, please check motor type!
2024-09-11 14:14:13,120 MotorDriver.cpp:241 [ERROR] Error: The input motor type is undefined, please check motor type!
2024-09-11 14:14:13,121 MotorDriver.cpp:241 [ERROR] Error: The input motor type is undefined, please check motor type!
2024-09-11 14:14:13,122 MotorDriver.cpp:241 [ERROR] Error: The input motor type is undefined, please check motor type!
2024-09-11 14:14:13,123 MotorDriver.cpp:241 [ERROR] Error: The input motor type is undefined, please check motor type!
2024-09-11 14:14:13,124 MotorDriver.cpp:241 [ERROR] Error: The input motor type is undefined, please check motor type!
2024-09-11 14:14:13,125 MotorDriver.cpp:241 [ERROR] Error: The input motor type is undefined, please check motor type!
2024-09-11 14:14:13,126 MotorDriver.cpp:241 [ERROR] Error: The input motor type is undefined, please check motor type!
2024-09-11 14:14:13,127 MotorDriver.cpp:241 [ERROR] Error: The input motor type is undefined, please check motor type!
2024-09-11 14:14:13,128 MotorDriver.cpp:241 [ERROR] Error: The input motor type is undefined, please check motor type!
2024-09-11 14:14:13,129 MotorDriver.cpp:241 [ERROR] Error: The input motor type is undefined, please check motor type!
2024-09-11 14:14:13,130 MotorDriver.cpp:241 [ERROR] Error: The input motor type is undefined, please check motor type!
2024-09-11 14:14:13,131 MotorDriver.cpp:241 [ERROR] Error: The input motor type is undefined, please check motor type!
2024-09-11 14:14:13,132 MotorDriver.cpp:241 [ERROR] Error: The input motor type is undefined, please check motor type!
2024-09-11 14:14:13,133 MotorDriver.cpp:241 [ERROR] Error: The input motor type is undefined, please check motor type!
2024-09-11 14:14:13,134 MotorDriver.cpp:241 [ERROR] Error: The input motor type is undefined, please check motor type!
2024-09-11 14:14:13,136 MotorDriver.cpp:241 [ERROR] Error: The input motor type is undefined, please check motor type!
2024-09-11 14:14:13,137 MotorDriver.cpp:241 [ERROR] Error: The input motor type is undefined, please check motor type!
2024-09-11 14:14:13,138 MotorDriver.cpp:241 [ERROR] Error: The input motor type is undefined, please check motor type!
2024-09-11 14:14:13,139 MotorDriver.cpp:241 [ERROR] Error: The input motor type is undefined, please check motor type!
2024-09-11 14:14:13,140 MotorDriver.cpp:241 [ERROR] Error: The input motor type is undefined, please check motor type!
2024-09-11 14:14:13,141 MotorDriver.cpp:241 [ERROR] Error: The input motor type is undefined, please check motor type!
2024-09-11 14:14:13,142 MotorDriver.cpp:241 [ERROR] Error: The input motor type is undefined, please check motor type!
2024-09-11 14:14:13,143 MotorDriver.cpp:241 [ERROR] Error: The input motor type is undefined, please check motor type!
2024-09-11 14:14:13,145 MotorDriver.cpp:241 [ERROR] Error: The input motor type is undefined, please check motor type!
2024-09-11 14:14:13,146 MotorDriver.cpp:241 [ERROR] Error: The input motor type is undefined, please check motor type!
2024-09-11 14:14:13,147 MotorDriver.cpp:241 [ERROR] Error: The input motor type is undefined, please check motor type!
2024-09-11 14:14:13,148 MotorDriver.cpp:241 [ERROR] Error: The input motor type is undefined, please check motor type!
2024-09-11 14:14:13,149 MotorDriver.cpp:241 [ERROR] Error: The input motor type is undefined, please check motor type!
2024-09-11 14:14:13,150 MotorDriver.cpp:241 [ERROR] Error: The input motor type is undefined, please check motor type!
2024-09-11 14:14:13,151 MotorDriver.cpp:241 [ERROR] Error: The input motor type is undefined, please check motor type!
2024-09-11 14:14:13,152 MotorDriver.cpp:241 [ERROR] Error: The input motor type is undefined, please check motor type!
2024-09-11 14:14:13,153 MotorDriver.cpp:241 [ERROR] Error: The input motor type is undefined, please check motor type!
2024-09-11 14:14:13,155 MotorDriver.cpp:241 [ERROR] Error: The input motor type is undefined, please check motor type!
2024-09-11 14:14:13,156 MotorDriver.cpp:241 [ERROR] Error: The input motor type is undefined, please check motor type!
2024-09-11 14:14:13,157 MotorDriver.cpp:241 [ERROR] Error: The input motor type is undefined, please check motor type!
2024-09-11 14:14:13,158 MotorDriver.cpp:241 [ERROR] Error: The input motor type is undefined, please check motor type!
2024-09-11 14:14:13,159 MotorDriver.cpp:241 [ERROR] Error: The input motor type is undefined, please check motor type!
2024-09-11 14:14:13,160 MotorDriver.cpp:241 [ERROR] Error: The input motor type is undefined, please check motor type!
2024-09-11 14:14:13,161 MotorDriver.cpp:241 [ERROR] Error: The input motor type is undefined, please check motor type!
2024-09-11 14:14:13,162 MotorDriver.cpp:241 [ERROR] Error: The input motor type is undefined, please check motor type!
2024-09-11 14:14:13,163 MotorDriver.cpp:241 [ERROR] Error: The input motor type is undefined, please check motor type!
2024-09-11 14:14:13,164 MotorDriver.cpp:241 [ERROR] Error: The input motor type is undefined, please check motor type!
2024-09-11 14:14:13,165 MotorDriver.cpp:241 [ERROR] Error: The input motor type is undefined, please check motor type!
2024-09-11 14:14:13,166 MotorDriver.cpp:241 [ERROR] Error: The input motor type is undefined, please check motor type!
2024-09-11 14:14:13,168 MotorDriver.cpp:241 [ERROR] Error: The input motor type is undefined, please check motor type!
2024-09-11 14:14:13,169 MotorDriver.cpp:241 [ERROR] Error: The input motor type is undefined, please check motor type!
2024-09-11 14:14:13,170 MotorDriver.cpp:241 [ERROR] Error: The input motor type is undefined, please check motor type!
2024-09-11 14:14:13,171 MotorDriver.cpp:241 [ERROR] Error: The input motor type is undefined, please check motor type!
2024-09-11 14:14:13,172 MotorDriver.cpp:241 [ERROR] Error: The input motor type is undefined, please check motor type!
2024-09-11 14:14:13,173 MotorDriver.cpp:241 [ERROR] Error: The input motor type is undefined, please check motor type!
2024-09-11 14:14:13,174 MotorDriver.cpp:241 [ERROR] Error: The input motor type is undefined, please check motor type!
2024-09-11 14:14:13,175 MotorDriver.cpp:241 [ERROR] Error: The input motor type is undefined, please check motor type!
2024-09-11 14:14:13,176 MotorDriver.cpp:241 [ERROR] Error: The input motor type is undefined, please check motor type!
2024-09-11 14:14:13,177 MotorDriver.cpp:241 [ERROR] Error: The input motor type is undefined, please check motor type!
2024-09-11 14:14:13,178 MotorDriver.cpp:241 [ERROR] Error: The input motor type is undefined, please check motor type!
2024-09-11 14:14:13,179 MotorDriver.cpp:241 [ERROR] Error: The input motor type is undefined, please check motor type!
2024-09-11 14:14:13,180 MotorDriver.cpp:241 [ERROR] Error: The input motor type is undefined, please check motor type!
2024-09-11 14:14:13,182 MotorDriver.cpp:241 [ERROR] Error: The input motor type is undefined, please check motor type!
2024-09-11 14:14:13,183 MotorDriver.cpp:241 [ERROR] Error: The input motor type is undefined, please check motor type!
2024-09-11 14:14:13,184 MotorDriver.cpp:241 [ERROR] Error: The input motor type is undefined, please check motor type!
2024-09-11 14:14:13,185 MotorDriver.cpp:241 [ERROR] Error: The input motor type is undefined, please check motor type!
2024-09-11 14:14:13,186 MotorDriver.cpp:241 [ERROR] Error: The input motor type is undefined, please check motor type!
2024-09-11 14:14:13,187 MotorDriver.cpp:241 [ERROR] Error: The input motor type is undefined, please check motor type!
2024-09-11 14:14:13,188 MotorDriver.cpp:241 [ERROR] Error: The input motor type is undefined, please check motor type!
2024-09-11 14:14:13,189 MotorDriver.cpp:241 [ERROR] Error: The input motor type is undefined, please check motor type!
2024-09-11 14:14:13,190 MotorDriver.cpp:241 [ERROR] Error: The input motor type is undefined, please check motor type!
2024-09-11 14:14:13,191 MotorDriver.cpp:241 [ERROR] Error: The input motor type is undefined, please check motor type!
2024-09-11 14:14:13,192 MotorDriver.cpp:241 [ERROR] Error: The input motor type is undefined, please check motor type!
2024-09-11 14:14:13,193 MotorDriver.cpp:241 [ERROR] Error: The input motor type is undefined, please check motor type!
2024-09-11 14:14:13,194 MotorDriver.cpp:241 [ERROR] Error: The input motor type is undefined, please check motor type!
2024-09-11 14:14:13,196 MotorDriver.cpp:241 [ERROR] Error: The input motor type is undefined, please check motor type!
2024-09-11 14:14:13,197 MotorDriver.cpp:241 [ERROR] Error: The input motor type is undefined, please check motor type!
2024-09-11 14:14:13,198 MotorDriver.cpp:241 [ERROR] Error: The input motor type is undefined, please check motor type!
2024-09-11 14:14:13,199 MotorDriver.cpp:241 [ERROR] Error: The input motor type is undefined, please check motor type!
2024-09-11 14:14:13,200 MotorDriver.cpp:241 [ERROR] Error: The input motor type is undefined, please check motor type!
2024-09-11 14:14:13,201 MotorDriver.cpp:241 [ERROR] Error: The input motor type is undefined, please check motor type!
2024-09-11 14:14:13,202 MotorDriver.cpp:241 [ERROR] Error: The input motor type is undefined, please check motor type!
2024-09-11 14:14:13,203 MotorDriver.cpp:241 [ERROR] Error: The input motor type is undefined, please check motor type!
2024-09-11 14:14:13,204 MotorDriver.cpp:241 [ERROR] Error: The input motor type is undefined, please check motor type!
2024-09-11 14:14:13,205 MotorDriver.cpp:241 [ERROR] Error: The input motor type is undefined, please check motor type!
2024-09-11 14:14:13,206 MotorDriver.cpp:241 [ERROR] Error: The input motor type is undefined, please check motor type!
2024-09-11 14:14:13,207 MotorDriver.cpp:241 [ERROR] Error: The input motor type is undefined, please check motor type!
2024-09-11 14:14:13,208 MotorDriver.cpp:241 [ERROR] Error: The input motor type is undefined, please check motor type!
2024-09-11 14:14:13,209 MotorDriver.cpp:241 [ERROR] Error: The input motor type is undefined, please check motor type!
2024-09-11 14:14:13,211 MotorDriver.cpp:241 [ERROR] Error: The input motor type is undefined, please check motor type!
2024-09-11 14:14:13,212 MotorDriver.cpp:241 [ERROR] Error: The input motor type is undefined, please check motor type!
2024-09-11 14:14:13,213 MotorDriver.cpp:241 [ERROR] Error: The input motor type is undefined, please check motor type!
2024-09-11 14:14:13,214 MotorDriver.cpp:241 [ERROR] Error: The input motor type is undefined, please check motor type!
2024-09-11 14:14:13,215 MotorDriver.cpp:241 [ERROR] Error: The input motor type is undefined, please check motor type!
2024-09-11 14:14:13,216 MotorDriver.cpp:241 [ERROR] Error: The input motor type is undefined, please check motor type!
2024-09-11 14:14:13,217 MotorDriver.cpp:241 [ERROR] Error: The input motor type is undefined, please check motor type!
2024-09-11 14:14:13,218 MotorDriver.cpp:241 [ERROR] Error: The input motor type is undefined, please check motor type!
2024-09-11 14:14:13,219 MotorDriver.cpp:241 [ERROR] Error: The input motor type is undefined, please check motor type!
2024-09-11 14:14:13,220 MotorDriver.cpp:241 [ERROR] Error: The input motor type is undefined, please check motor type!
2024-09-11 14:14:13,221 MotorDriver.cpp:241 [ERROR] Error: The input motor type is undefined, please check motor type!
2024-09-11 14:14:13,222 MotorDriver.cpp:241 [ERROR] Error: The input motor type is undefined, please check motor type!
2024-09-11 14:14:13,223 MotorDriver.cpp:241 [ERROR] Error: The input motor type is undefined, please check motor type!
2024-09-11 14:14:13,225 MotorDriver.cpp:241 [ERROR] Error: The input motor type is undefined, please check motor type!
2024-09-11 14:14:13,226 MotorDriver.cpp:241 [ERROR] Error: The input motor type is undefined, please check motor type!
2024-09-11 14:14:13,227 MotorDriver.cpp:241 [ERROR] Error: The input motor type is undefined, please check motor type!
2024-09-11 14:14:13,228 MotorDriver.cpp:241 [ERROR] Error: The input motor type is undefined, please check motor type!
2024-09-11 14:14:13,229 MotorDriver.cpp:241 [ERROR] Error: The input motor type is undefined, please check motor type!
2024-09-11 14:14:13,230 MotorDriver.cpp:241 [ERROR] Error: The input motor type is undefined, please check motor type!
2024-09-11 14:14:13,231 MotorDriver.cpp:241 [ERROR] Error: The input motor type is undefined, please check motor type!
2024-09-11 14:14:13,232 MotorDriver.cpp:241 [ERROR] Error: The input motor type is undefined, please check motor type!
2024-09-11 14:14:13,233 MotorDriver.cpp:241 [ERROR] Error: The input motor type is undefined, please check motor type!
2024-09-11 14:14:13,234 MotorDriver.cpp:241 [ERROR] Error: The input motor type is undefined, please check motor type!
2024-09-11 14:14:13,235 MotorDriver.cpp:241 [ERROR] Error: The input motor type is undefined, please check motor type!
2024-09-11 14:14:13,236 MotorDriver.cpp:241 [ERROR] Error: The input motor type is undefined, please check motor type!
2024-09-11 14:14:13,237 MotorDriver.cpp:241 [ERROR] Error: The input motor type is undefined, please check motor type!
2024-09-11 14:14:13,238 MotorDriver.cpp:241 [ERROR] Error: The input motor type is undefined, please check motor type!
2024-09-11 14:14:13,239 MotorDriver.cpp:241 [ERROR] Error: The input motor type is undefined, please check motor type!
2024-09-11 14:14:13,241 MotorDriver.cpp:241 [ERROR] Error: The input motor type is undefined, please check motor type!
2024-09-11 14:14:13,242 MotorDriver.cpp:241 [ERROR] Error: The input motor type is undefined, please check motor type!
2024-09-11 14:14:13,243 MotorDriver.cpp:241 [ERROR] Error: The input motor type is undefined, please check motor type!
2024-09-11 14:14:13,244 MotorDriver.cpp:241 [ERROR] Error: The input motor type is undefined, please check motor type!
2024-09-11 14:14:13,245 MotorDriver.cpp:241 [ERROR] Error: The input motor type is undefined, please check motor type!
2024-09-11 14:14:13,246 MotorDriver.cpp:241 [ERROR] Error: The input motor type is undefined, please check motor type!
2024-09-11 14:14:13,247 MotorDriver.cpp:241 [ERROR] Error: The input motor type is undefined, please check motor type!
2024-09-11 14:14:13,248 MotorDriver.cpp:241 [ERROR] Error: The input motor type is undefined, please check motor type!
2024-09-11 14:14:13,249 MotorDriver.cpp:241 [ERROR] Error: The input motor type is undefined, please check motor type!
2024-09-11 14:14:13,250 MotorDriver.cpp:241 [ERROR] Error: The input motor type is undefined, please check motor type!
2024-09-11 14:14:13,251 MotorDriver.cpp:241 [ERROR] Error: The input motor type is undefined, please check motor type!
2024-09-11 14:14:13,252 MotorDriver.cpp:241 [ERROR] Error: The input motor type is undefined, please check motor type!
2024-09-11 14:14:13,253 MotorDriver.cpp:241 [ERROR] Error: The input motor type is undefined, please check motor type!
2024-09-11 14:14:13,255 MotorDriver.cpp:241 [ERROR] Error: The input motor type is undefined, please check motor type!
2024-09-11 14:14:13,256 MotorDriver.cpp:241 [ERROR] Error: The input motor type is undefined, please check motor type!
2024-09-11 14:14:13,257 MotorDriver.cpp:241 [ERROR] Error: The input motor type is undefined, please check motor type!
2024-09-11 14:14:13,258 MotorDriver.cpp:241 [ERROR] Error: The input motor type is undefined, please check motor type!
2024-09-11 14:14:13,259 MotorDriver.cpp:241 [ERROR] Error: The input motor type is undefined, please check motor type!
2024-09-11 14:14:13,260 MotorDriver.cpp:241 [ERROR] Error: The input motor type is undefined, please check motor type!
2024-09-11 14:14:13,261 MotorDriver.cpp:241 [ERROR] Error: The input motor type is undefined, please check motor type!
2024-09-11 14:14:13,262 MotorDriver.cpp:241 [ERROR] Error: The input motor type is undefined, please check motor type!
2024-09-11 14:14:13,263 MotorDriver.cpp:241 [ERROR] Error: The input motor type is undefined, please check motor type!
2024-09-11 14:14:13,264 MotorDriver.cpp:241 [ERROR] Error: The input motor type is undefined, please check motor type!
2024-09-11 14:14:13,265 MotorDriver.cpp:241 [ERROR] Error: The input motor type is undefined, please check motor type!
2024-09-11 14:14:13,266 MotorDriver.cpp:241 [ERROR] Error: The input motor type is undefined, please check motor type!
2024-09-11 14:14:13,267 MotorDriver.cpp:241 [ERROR] Error: The input motor type is undefined, please check motor type!
2024-09-11 14:14:13,268 MotorDriver.cpp:241 [ERROR] Error: The input motor type is undefined, please check motor type!
2024-09-11 14:14:13,270 MotorDriver.cpp:241 [ERROR] Error: The input motor type is undefined, please check motor type!
2024-09-11 14:14:13,271 MotorDriver.cpp:241 [ERROR] Error: The input motor type is undefined, please check motor type!
2024-09-11 14:14:13,272 MotorDriver.cpp:241 [ERROR] Error: The input motor type is undefined, please check motor type!
2024-09-11 14:14:13,273 MotorDriver.cpp:241 [ERROR] Error: The input motor type is undefined, please check motor type!
2024-09-11 14:14:13,274 MotorDriver.cpp:241 [ERROR] Error: The input motor type is undefined, please check motor type!
2024-09-11 14:14:13,275 MotorDriver.cpp:241 [ERROR] Error: The input motor type is undefined, please check motor type!
2024-09-11 14:14:13,276 MotorDriver.cpp:241 [ERROR] Error: The input motor type is undefined, please check motor type!
2024-09-11 14:14:13,277 MotorDriver.cpp:241 [ERROR] Error: The input motor type is undefined, please check motor type!
2024-09-11 14:14:13,278 MotorDriver.cpp:241 [ERROR] Error: The input motor type is undefined, please check motor type!
2024-09-11 14:14:13,279 MotorDriver.cpp:241 [ERROR] Error: The input motor type is undefined, please check motor type!
2024-09-11 14:14:13,280 MotorDriver.cpp:241 [ERROR] Error: The input motor type is undefined, please check motor type!
2024-09-11 14:14:13,281 MotorDriver.cpp:241 [ERROR] Error: The input motor type is undefined, please check motor type!
2024-09-11 14:14:13,282 MotorDriver.cpp:241 [ERROR] Error: The input motor type is undefined, please check motor type!
2024-09-11 14:14:13,284 MotorDriver.cpp:241 [ERROR] Error: The input motor type is undefined, please check motor type!
2024-09-11 14:14:13,285 MotorDriver.cpp:241 [ERROR] Error: The input motor type is undefined, please check motor type!
2024-09-11 14:14:13,286 MotorDriver.cpp:241 [ERROR] Error: The input motor type is undefined, please check motor type!
2024-09-11 14:14:13,287 MotorDriver.cpp:241 [ERROR] Error: The input motor type is undefined, please check motor type!
2024-09-11 14:14:13,288 MotorDriver.cpp:241 [ERROR] Error: The input motor type is undefined, please check motor type!
2024-09-11 14:14:13,289 MotorDriver.cpp:241 [ERROR] Error: The input motor type is undefined, please check motor type!
2024-09-11 14:14:13,290 MotorDriver.cpp:241 [ERROR] Error: The input motor type is undefined, please check motor type!
2024-09-11 14:14:13,291 MotorDriver.cpp:241 [ERROR] Error: The input motor type is undefined, please check motor type!
2024-09-11 14:14:13,292 MotorDriver.cpp:241 [ERROR] Error: The input motor type is undefined, please check motor type!
2024-09-11 14:14:13,293 MotorDriver.cpp:241 [ERROR] Error: The input motor type is undefined, please check motor type!
2024-09-11 14:14:13,294 MotorDriver.cpp:241 [ERROR] Error: The input motor type is undefined, please check motor type!
2024-09-11 14:14:13,295 MotorDriver.cpp:241 [ERROR] Error: The input motor type is undefined, please check motor type!
2024-09-11 14:14:13,297 MotorDriver.cpp:241 [ERROR] Error: The input motor type is undefined, please check motor type!
2024-09-11 14:14:13,298 MotorDriver.cpp:241 [ERROR] Error: The input motor type is undefined, please check motor type!
2024-09-11 14:14:13,299 MotorDriver.cpp:241 [ERROR] Error: The input motor type is undefined, please check motor type!
2024-09-11 14:14:13,300 MotorDriver.cpp:241 [ERROR] Error: The input motor type is undefined, please check motor type!
2024-09-11 14:14:13,301 MotorDriver.cpp:241 [ERROR] Error: The input motor type is undefined, please check motor type!
2024-09-11 14:14:13,302 MotorDriver.cpp:241 [ERROR] Error: The input motor type is undefined, please check motor type!
2024-09-11 14:14:13,303 MotorDriver.cpp:241 [ERROR] Error: The input motor type is undefined, please check motor type!
2024-09-11 14:14:13,304 MotorDriver.cpp:241 [ERROR] Error: The input motor type is undefined, please check motor type!
2024-09-11 14:14:13,305 MotorDriver.cpp:241 [ERROR] Error: The input motor type is undefined, please check motor type!
2024-09-11 14:14:13,306 MotorDriver.cpp:241 [ERROR] Error: The input motor type is undefined, please check motor type!
2024-09-11 14:14:13,307 MotorDriver.cpp:241 [ERROR] Error: The input motor type is undefined, please check motor type!
2024-09-11 14:14:13,308 MotorDriver.cpp:241 [ERROR] Error: The input motor type is undefined, please check motor type!
2024-09-11 14:14:13,309 MotorDriver.cpp:241 [ERROR] Error: The input motor type is undefined, please check motor type!
2024-09-11 14:14:13,311 MotorDriver.cpp:241 [ERROR] Error: The input motor type is undefined, please check motor type!
2024-09-11 14:14:13,312 MotorDriver.cpp:241 [ERROR] Error: The input motor type is undefined, please check motor type!
2024-09-11 14:14:13,313 MotorDriver.cpp:241 [ERROR] Error: The input motor type is undefined, please check motor type!
2024-09-11 14:14:13,314 MotorDriver.cpp:241 [ERROR] Error: The input motor type is undefined, please check motor type!
2024-09-11 14:14:13,315 MotorDriver.cpp:241 [ERROR] Error: The input motor type is undefined, please check motor type!
2024-09-11 14:14:13,316 MotorDriver.cpp:241 [ERROR] Error: The input motor type is undefined, please check motor type!
2024-09-11 14:14:13,317 MotorDriver.cpp:241 [ERROR] Error: The input motor type is undefined, please check motor type!
2024-09-11 14:14:13,318 MotorDriver.cpp:241 [ERROR] Error: The input motor type is undefined, please check motor type!
2024-09-11 14:14:13,319 MotorDriver.cpp:241 [ERROR] Error: The input motor type is undefined, please check motor type!
2024-09-11 14:14:13,320 MotorDriver.cpp:241 [ERROR] Error: The input motor type is undefined, please check motor type!
2024-09-11 14:14:13,321 MotorDriver.cpp:241 [ERROR] Error: The input motor type is undefined, please check motor type!
2024-09-11 14:14:13,322 MotorDriver.cpp:241 [ERROR] Error: The input motor type is undefined, please check motor type!
2024-09-11 14:14:13,324 MotorDriver.cpp:241 [ERROR] Error: The input motor type is undefined, please check motor type!
2024-09-11 14:14:13,325 MotorDriver.cpp:241 [ERROR] Error: The input motor type is undefined, please check motor type!
2024-09-11 14:14:13,326 MotorDriver.cpp:241 [ERROR] Error: The input motor type is undefined, please check motor type!
2024-09-11 14:14:13,327 MotorDriver.cpp:241 [ERROR] Error: The input motor type is undefined, please check motor type!
2024-09-11 14:14:13,328 MotorDriver.cpp:241 [ERROR] Error: The input motor type is undefined, please check motor type!
2024-09-11 14:14:13,329 MotorDriver.cpp:241 [ERROR] Error: The input motor type is undefined, please check motor type!
2024-09-11 14:14:13,330 MotorDriver.cpp:241 [ERROR] Error: The input motor type is undefined, please check motor type!
2024-09-11 14:14:13,331 MotorDriver.cpp:241 [ERROR] Error: The input motor type is undefined, please check motor type!
2024-09-11 14:14:13,332 MotorDriver.cpp:241 [ERROR] Error: The input motor type is undefined, please check motor type!
2024-09-11 14:14:13,333 MotorDriver.cpp:241 [ERROR] Error: The input motor type is undefined, please check motor type!
2024-09-11 14:14:13,334 MotorDriver.cpp:241 [ERROR] Error: The input motor type is undefined, please check motor type!
2024-09-11 14:14:13,335 MotorDriver.cpp:241 [ERROR] Error: The input motor type is undefined, please check motor type!
2024-09-11 14:14:13,336 MotorDriver.cpp:241 [ERROR] Error: The input motor type is undefined, please check motor type!
2024-09-11 14:14:13,338 MotorDriver.cpp:241 [ERROR] Error: The input motor type is undefined, please check motor type!
2024-09-11 14:14:13,339 MotorDriver.cpp:241 [ERROR] Error: The input motor type is undefined, please check motor type!
2024-09-11 14:14:13,340 MotorDriver.cpp:241 [ERROR] Error: The input motor type is undefined, please check motor type!
2024-09-11 14:14:13,341 MotorDriver.cpp:241 [ERROR] Error: The input motor type is undefined, please check motor type!
2024-09-11 14:14:13,342 MotorDriver.cpp:241 [ERROR] Error: The input motor type is undefined, please check motor type!
2024-09-11 14:14:13,343 MotorDriver.cpp:241 [ERROR] Error: The input motor type is undefined, please check motor type!
2024-09-11 14:14:13,344 MotorDriver.cpp:241 [ERROR] Error: The input motor type is undefined, please check motor type!
2024-09-11 14:14:13,345 MotorDriver.cpp:241 [ERROR] Error: The input motor type is undefined, please check motor type!
2024-09-11 14:14:13,346 MotorDriver.cpp:241 [ERROR] Error: The input motor type is undefined, please check motor type!
2024-09-11 14:14:13,347 MotorDriver.cpp:241 [ERROR] Error: The input motor type is undefined, please check motor type!
2024-09-11 14:14:13,348 MotorDriver.cpp:241 [ERROR] Error: The input motor type is undefined, please check motor type!
2024-09-11 14:14:13,349 MotorDriver.cpp:241 [ERROR] Error: The input motor type is undefined, please check motor type!
2024-09-11 14:14:13,350 MotorDriver.cpp:241 [ERROR] Error: The input motor type is undefined, please check motor type!
2024-09-11 14:14:13,351 MotorDriver.cpp:241 [ERROR] Error: The input motor type is undefined, please check motor type!
2024-09-11 14:14:13,353 MotorDriver.cpp:241 [ERROR] Error: The input motor type is undefined, please check motor type!
2024-09-11 14:14:13,354 MotorDriver.cpp:241 [ERROR] Error: The input motor type is undefined, please check motor type!
2024-09-11 14:14:13,355 MotorDriver.cpp:241 [ERROR] Error: The input motor type is undefined, please check motor type!
2024-09-11 14:14:13,356 MotorDriver.cpp:241 [ERROR] Error: The input motor type is undefined, please check motor type!
2024-09-11 14:14:13,357 MotorDriver.cpp:241 [ERROR] Error: The input motor type is undefined, please check motor type!
2024-09-11 14:14:13,358 MotorDriver.cpp:241 [ERROR] Error: The input motor type is undefined, please check motor type!
2024-09-11 14:14:13,359 MotorDriver.cpp:241 [ERROR] Error: The input motor type is undefined, please check motor type!
2024-09-11 14:14:13,360 MotorDriver.cpp:241 [ERROR] Error: The input motor type is undefined, please check motor type!
2024-09-11 14:14:13,361 MotorDriver.cpp:241 [ERROR] Error: The input motor type is undefined, please check motor type!
2024-09-11 14:14:13,362 MotorDriver.cpp:241 [ERROR] Error: The input motor type is undefined, please check motor type!
2024-09-11 14:14:13,363 MotorDriver.cpp:241 [ERROR] Error: The input motor type is undefined, please check motor type!
2024-09-11 14:14:13,364 MotorDriver.cpp:241 [ERROR] Error: The input motor type is undefined, please check motor type!
2024-09-11 14:14:13,365 MotorDriver.cpp:241 [ERROR] Error: The input motor type is undefined, please check motor type!
2024-09-11 14:14:13,367 MotorDriver.cpp:241 [ERROR] Error: The input motor type is undefined, please check motor type!
2024-09-11 14:14:13,368 MotorDriver.cpp:241 [ERROR] Error: The input motor type is undefined, please check motor type!
2024-09-11 14:14:13,369 MotorDriver.cpp:241 [ERROR] Error: The input motor type is undefined, please check motor type!
2024-09-11 14:14:13,370 MotorDriver.cpp:241 [ERROR] Error: The input motor type is undefined, please check motor type!
2024-09-11 14:14:13,371 MotorDriver.cpp:241 [ERROR] Error: The input motor type is undefined, please check motor type!
2024-09-11 14:14:13,372 MotorDriver.cpp:241 [ERROR] Error: The input motor type is undefined, please check motor type!
2024-09-11 14:14:13,373 MotorDriver.cpp:241 [ERROR] Error: The input motor type is undefined, please check motor type!
2024-09-11 14:14:13,374 MotorDriver.cpp:241 [ERROR] Error: The input motor type is undefined, please check motor type!
2024-09-11 14:14:13,375 MotorDriver.cpp:241 [ERROR] Error: The input motor type is undefined, please check motor type!
2024-09-11 14:14:13,376 MotorDriver.cpp:241 [ERROR] Error: The input motor type is undefined, please check motor type!
2024-09-11 14:14:13,377 MotorDriver.cpp:241 [ERROR] Error: The input motor type is undefined, please check motor type!
2024-09-11 14:14:13,378 MotorDriver.cpp:241 [ERROR] Error: The input motor type is undefined, please check motor type!
2024-09-11 14:14:13,380 MotorDriver.cpp:241 [ERROR] Error: The input motor type is undefined, please check motor type!
2024-09-11 14:14:13,381 MotorDriver.cpp:241 [ERROR] Error: The input motor type is undefined, please check motor type!
2024-09-11 14:14:13,382 MotorDriver.cpp:241 [ERROR] Error: The input motor type is undefined, please check motor type!
2024-09-11 14:14:13,383 MotorDriver.cpp:241 [ERROR] Error: The input motor type is undefined, please check motor type!
2024-09-11 14:14:13,384 MotorDriver.cpp:241 [ERROR] Error: The input motor type is undefined, please check motor type!
2024-09-11 14:14:13,385 MotorDriver.cpp:241 [ERROR] Error: The input motor type is undefined, please check motor type!
2024-09-11 14:14:13,386 MotorDriver.cpp:241 [ERROR] Error: The input motor type is undefined, please check motor type!
2024-09-11 14:14:13,387 MotorDriver.cpp:241 [ERROR] Error: The input motor type is undefined, please check motor type!
2024-09-11 14:14:13,388 MotorDriver.cpp:241 [ERROR] Error: The input motor type is undefined, please check motor type!
2024-09-11 14:14:13,389 MotorDriver.cpp:241 [ERROR] Error: The input motor type is undefined, please check motor type!
2024-09-11 14:14:13,390 MotorDriver.cpp:241 [ERROR] Error: The input motor type is undefined, please check motor type!
2024-09-11 14:14:13,391 MotorDriver.cpp:241 [ERROR] Error: The input motor type is undefined, please check motor type!
2024-09-11 14:14:13,392 MotorDriver.cpp:241 [ERROR] Error: The input motor type is undefined, please check motor type!
2024-09-11 14:14:13,393 MotorDriver.cpp:241 [ERROR] Error: The input motor type is undefined, please check motor type!
2024-09-11 14:14:13,394 MotorDriver.cpp:241 [ERROR] Error: The input motor type is undefined, please check motor type!
2024-09-11 14:14:13,396 MotorDriver.cpp:241 [ERROR] Error: The input motor type is undefined, please check motor type!
2024-09-11 14:14:13,397 MotorDriver.cpp:241 [ERROR] Error: The input motor type is undefined, please check motor type!
2024-09-11 14:14:13,398 MotorDriver.cpp:241 [ERROR] Error: The input motor type is undefined, please check motor type!
2024-09-11 14:14:13,399 MotorDriver.cpp:241 [ERROR] Error: The input motor type is undefined, please check motor type!
2024-09-11 14:14:13,400 MotorDriver.cpp:241 [ERROR] Error: The input motor type is undefined, please check motor type!
2024-09-11 14:14:13,401 MotorDriver.cpp:241 [ERROR] Error: The input motor type is undefined, please check motor type!
2024-09-11 14:14:13,402 MotorDriver.cpp:241 [ERROR] Error: The input motor type is undefined, please check motor type!
2024-09-11 14:14:13,403 MotorDriver.cpp:241 [ERROR] Error: The input motor type is undefined, please check motor type!
2024-09-11 14:14:13,404 MotorDriver.cpp:241 [ERROR] Error: The input motor type is undefined, please check motor type!
2024-09-11 14:14:13,405 MotorDriver.cpp:241 [ERROR] Error: The input motor type is undefined, please check motor type!
2024-09-11 14:14:13,406 MotorDriver.cpp:241 [ERROR] Error: The input motor type is undefined, please check motor type!
2024-09-11 14:14:13,407 MotorDriver.cpp:241 [ERROR] Error: The input motor type is undefined, please check motor type!
2024-09-11 14:14:13,409 MotorDriver.cpp:241 [ERROR] Error: The input motor type is undefined, please check motor type!
2024-09-11 14:14:13,410 MotorDriver.cpp:241 [ERROR] Error: The input motor type is undefined, please check motor type!
2024-09-11 14:14:13,411 MotorDriver.cpp:241 [ERROR] Error: The input motor type is undefined, please check motor type!
2024-09-11 14:14:13,412 MotorDriver.cpp:241 [ERROR] Error: The input motor type is undefined, please check motor type!
2024-09-11 14:14:13,413 MotorDriver.cpp:241 [ERROR] Error: The input motor type is undefined, please check motor type!
2024-09-11 14:14:13,414 MotorDriver.cpp:241 [ERROR] Error: The input motor type is undefined, please check motor type!
2024-09-11 14:14:13,415 MotorDriver.cpp:241 [ERROR] Error: The input motor type is undefined, please check motor type!
2024-09-11 14:14:13,416 MotorDriver.cpp:241 [ERROR] Error: The input motor type is undefined, please check motor type!
2024-09-11 14:14:13,417 MotorDriver.cpp:241 [ERROR] Error: The input motor type is undefined, please check motor type!
2024-09-11 14:14:13,418 MotorDriver.cpp:241 [ERROR] Error: The input motor type is undefined, please check motor type!
2024-09-11 14:14:13,419 MotorDriver.cpp:241 [ERROR] Error: The input motor type is undefined, please check motor type!
2024-09-11 14:14:13,420 MotorDriver.cpp:241 [ERROR] Error: The input motor type is undefined, please check motor type!
2024-09-11 14:14:13,421 MotorDriver.cpp:241 [ERROR] Error: The input motor type is undefined, please check motor type!
2024-09-11 14:14:13,422 MotorDriver.cpp:241 [ERROR] Error: The input motor type is undefined, please check motor type!
2024-09-11 14:14:13,424 MotorDriver.cpp:241 [ERROR] Error: The input motor type is undefined, please check motor type!
2024-09-11 14:14:13,425 MotorDriver.cpp:241 [ERROR] Error: The input motor type is undefined, please check motor type!
2024-09-11 14:14:13,426 MotorDriver.cpp:241 [ERROR] Error: The input motor type is undefined, please check motor type!
2024-09-11 14:14:13,427 MotorDriver.cpp:241 [ERROR] Error: The input motor type is undefined, please check motor type!
2024-09-11 14:14:13,428 MotorDriver.cpp:241 [ERROR] Error: The input motor type is undefined, please check motor type!
2024-09-11 14:14:13,429 MotorDriver.cpp:241 [ERROR] Error: The input motor type is undefined, please check motor type!
2024-09-11 14:14:13,430 MotorDriver.cpp:241 [ERROR] Error: The input motor type is undefined, please check motor type!
2024-09-11 14:14:13,431 MotorDriver.cpp:241 [ERROR] Error: The input motor type is undefined, please check motor type!
2024-09-11 14:14:13,432 MotorDriver.cpp:241 [ERROR] Error: The input motor type is undefined, please check motor type!
2024-09-11 14:14:13,433 MotorDriver.cpp:241 [ERROR] Error: The input motor type is undefined, please check motor type!
2024-09-11 14:14:13,434 MotorDriver.cpp:241 [ERROR] Error: The input motor type is undefined, please check motor type!
2024-09-11 14:14:13,435 MotorDriver.cpp:241 [ERROR] Error: The input motor type is undefined, please check motor type!
2024-09-11 14:14:13,437 MotorDriver.cpp:241 [ERROR] Error: The input motor type is undefined, please check motor type!
2024-09-11 14:14:13,438 MotorDriver.cpp:241 [ERROR] Error: The input motor type is undefined, please check motor type!
2024-09-11 14:14:13,439 MotorDriver.cpp:241 [ERROR] Error: The input motor type is undefined, please check motor type!
2024-09-11 14:14:13,440 MotorDriver.cpp:241 [ERROR] Error: The input motor type is undefined, please check motor type!
2024-09-11 14:14:13,441 MotorDriver.cpp:241 [ERROR] Error: The input motor type is undefined, please check motor type!
2024-09-11 14:14:13,442 MotorDriver.cpp:241 [ERROR] Error: The input motor type is undefined, please check motor type!
2024-09-11 14:14:13,443 MotorDriver.cpp:241 [ERROR] Error: The input motor type is undefined, please check motor type!
2024-09-11 14:14:13,444 MotorDriver.cpp:241 [ERROR] Error: The input motor type is undefined, please check motor type!
2024-09-11 14:14:13,445 MotorDriver.cpp:241 [ERROR] Error: The input motor type is undefined, please check motor type!
2024-09-11 14:14:13,446 MotorDriver.cpp:241 [ERROR] Error: The input motor type is undefined, please check motor type!
2024-09-11 14:14:13,447 MotorDriver.cpp:241 [ERROR] Error: The input motor type is undefined, please check motor type!
2024-09-11 14:14:13,448 MotorDriver.cpp:241 [ERROR] Error: The input motor type is undefined, please check motor type!
2024-09-11 14:14:13,449 MotorDriver.cpp:241 [ERROR] Error: The input motor type is undefined, please check motor type!
2024-09-11 14:14:13,451 MotorDriver.cpp:241 [ERROR] Error: The input motor type is undefined, please check motor type!
2024-09-11 14:14:13,452 MotorDriver.cpp:241 [ERROR] Error: The input motor type is undefined, please check motor type!
2024-09-11 14:14:13,453 MotorDriver.cpp:241 [ERROR] Error: The input motor type is undefined, please check motor type!
2024-09-11 14:14:13,454 MotorDriver.cpp:241 [ERROR] Error: The input motor type is undefined, please check motor type!
2024-09-11 14:14:13,455 MotorDriver.cpp:241 [ERROR] Error: The input motor type is undefined, please check motor type!
2024-09-11 14:14:13,456 MotorDriver.cpp:241 [ERROR] Error: The input motor type is undefined, please check motor type!
2024-09-11 14:14:13,457 MotorDriver.cpp:241 [ERROR] Error: The input motor type is undefined, please check motor type!
2024-09-11 14:14:13,458 MotorDriver.cpp:241 [ERROR] Error: The input motor type is undefined, please check motor type!
2024-09-11 14:14:13,459 MotorDriver.cpp:241 [ERROR] Error: The input motor type is undefined, please check motor type!
2024-09-11 14:14:13,460 MotorDriver.cpp:241 [ERROR] Error: The input motor type is undefined, please check motor type!
2024-09-11 14:14:13,461 MotorDriver.cpp:241 [ERROR] Error: The input motor type is undefined, please check motor type!
2024-09-11 14:14:13,462 MotorDriver.cpp:241 [ERROR] Error: The input motor type is undefined, please check motor type!
2024-09-11 14:14:13,464 MotorDriver.cpp:241 [ERROR] Error: The input motor type is undefined, please check motor type!
2024-09-11 14:14:13,465 MotorDriver.cpp:241 [ERROR] Error: The input motor type is undefined, please check motor type!
2024-09-11 14:14:13,466 MotorDriver.cpp:241 [ERROR] Error: The input motor type is undefined, please check motor type!
2024-09-11 14:14:13,467 MotorDriver.cpp:241 [ERROR] Error: The input motor type is undefined, please check motor type!
2024-09-11 14:14:13,468 MotorDriver.cpp:241 [ERROR] Error: The input motor type is undefined, please check motor type!
2024-09-11 14:14:13,469 MotorDriver.cpp:241 [ERROR] Error: The input motor type is undefined, please check motor type!
2024-09-11 14:14:13,470 MotorDriver.cpp:241 [ERROR] Error: The input motor type is undefined, please check motor type!
2024-09-11 14:14:13,471 MotorDriver.cpp:241 [ERROR] Error: The input motor type is undefined, please check motor type!
2024-09-11 14:14:13,472 MotorDriver.cpp:241 [ERROR] Error: The input motor type is undefined, please check motor type!
2024-09-11 14:14:13,473 MotorDriver.cpp:241 [ERROR] Error: The input motor type is undefined, please check motor type!
2024-09-11 14:14:13,474 MotorDriver.cpp:241 [ERROR] Error: The input motor type is undefined, please check motor type!
2024-09-11 14:14:13,475 MotorDriver.cpp:241 [ERROR] Error: The input motor type is undefined, please check motor type!
2024-09-11 14:14:13,477 MotorDriver.cpp:241 [ERROR] Error: The input motor type is undefined, please check motor type!
2024-09-11 14:14:13,478 MotorDriver.cpp:241 [ERROR] Error: The input motor type is undefined, please check motor type!
2024-09-11 14:14:13,479 MotorDriver.cpp:241 [ERROR] Error: The input motor type is undefined, please check motor type!
2024-09-11 14:14:13,480 MotorDriver.cpp:241 [ERROR] Error: The input motor type is undefined, please check motor type!
2024-09-11 14:14:13,481 MotorDriver.cpp:241 [ERROR] Error: The input motor type is undefined, please check motor type!
2024-09-11 14:14:13,482 MotorDriver.cpp:241 [ERROR] Error: The input motor type is undefined, please check motor type!
2024-09-11 14:14:13,483 MotorDriver.cpp:241 [ERROR] Error: The input motor type is undefined, please check motor type!
2024-09-11 14:14:13,484 MotorDriver.cpp:241 [ERROR] Error: The input motor type is undefined, please check motor type!
2024-09-11 14:14:13,485 MotorDriver.cpp:241 [ERROR] Error: The input motor type is undefined, please check motor type!
2024-09-11 14:14:13,486 MotorDriver.cpp:241 [ERROR] Error: The input motor type is undefined, please check motor type!
2024-09-11 14:14:13,487 MotorDriver.cpp:241 [ERROR] Error: The input motor type is undefined, please check motor type!
2024-09-11 14:14:13,488 MotorDriver.cpp:241 [ERROR] Error: The input motor type is undefined, please check motor type!
2024-09-11 14:14:13,490 MotorDriver.cpp:241 [ERROR] Error: The input motor type is undefined, please check motor type!
2024-09-11 14:14:13,491 MotorDriver.cpp:241 [ERROR] Error: The input motor type is undefined, please check motor type!
2024-09-11 14:14:13,492 MotorDriver.cpp:241 [ERROR] Error: The input motor type is undefined, please check motor type!
2024-09-11 14:14:13,493 MotorDriver.cpp:241 [ERROR] Error: The input motor type is undefined, please check motor type!
2024-09-11 14:14:13,494 MotorDriver.cpp:241 [ERROR] Error: The input motor type is undefined, please check motor type!
2024-09-11 14:14:13,495 MotorDriver.cpp:241 [ERROR] Error: The input motor type is undefined, please check motor type!
2024-09-11 14:14:13,496 MotorDriver.cpp:241 [ERROR] Error: The input motor type is undefined, please check motor type!
2024-09-11 14:14:13,497 MotorDriver.cpp:241 [ERROR] Error: The input motor type is undefined, please check motor type!
2024-09-11 14:14:13,498 MotorDriver.cpp:241 [ERROR] Error: The input motor type is undefined, please check motor type!
2024-09-11 14:14:13,499 MotorDriver.cpp:241 [ERROR] Error: The input motor type is undefined, please check motor type!
2024-09-11 14:14:13,500 MotorDriver.cpp:241 [ERROR] Error: The input motor type is undefined, please check motor type!
2024-09-11 14:14:13,501 MotorDriver.cpp:241 [ERROR] Error: The input motor type is undefined, please check motor type!
2024-09-11 14:14:13,503 MotorDriver.cpp:241 [ERROR] Error: The input motor type is undefined, please check motor type!
2024-09-11 14:14:13,504 MotorDriver.cpp:241 [ERROR] Error: The input motor type is undefined, please check motor type!
2024-09-11 14:14:13,505 MotorDriver.cpp:241 [ERROR] Error: The input motor type is undefined, please check motor type!
2024-09-11 14:14:13,506 MotorDriver.cpp:241 [ERROR] Error: The input motor type is undefined, please check motor type!
2024-09-11 14:14:13,507 MotorDriver.cpp:241 [ERROR] Error: The input motor type is undefined, please check motor type!
2024-09-11 14:14:13,508 MotorDriver.cpp:241 [ERROR] Error: The input motor type is undefined, please check motor type!
2024-09-11 14:14:13,509 MotorDriver.cpp:241 [ERROR] Error: The input motor type is undefined, please check motor type!
2024-09-11 14:14:13,510 MotorDriver.cpp:241 [ERROR] Error: The input motor type is undefined, please check motor type!
2024-09-11 14:14:13,511 MotorDriver.cpp:241 [ERROR] Error: The input motor type is undefined, please check motor type!
2024-09-11 14:14:13,512 MotorDriver.cpp:241 [ERROR] Error: The input motor type is undefined, please check motor type!
2024-09-11 14:14:13,513 MotorDriver.cpp:241 [ERROR] Error: The input motor type is undefined, please check motor type!
2024-09-11 14:14:13,514 MotorDriver.cpp:241 [ERROR] Error: The input motor type is undefined, please check motor type!
2024-09-11 14:14:13,516 MotorDriver.cpp:241 [ERROR] Error: The input motor type is undefined, please check motor type!
2024-09-11 14:14:13,517 MotorDriver.cpp:241 [ERROR] Error: The input motor type is undefined, please check motor type!
2024-09-11 14:14:13,518 MotorDriver.cpp:241 [ERROR] Error: The input motor type is undefined, please check motor type!
2024-09-11 14:14:13,519 MotorDriver.cpp:241 [ERROR] Error: The input motor type is undefined, please check motor type!
2024-09-11 14:14:13,520 MotorDriver.cpp:241 [ERROR] Error: The input motor type is undefined, please check motor type!
2024-09-11 14:14:13,521 MotorDriver.cpp:241 [ERROR] Error: The input motor type is undefined, please check motor type!
2024-09-11 14:14:13,522 MotorDriver.cpp:241 [ERROR] Error: The input motor type is undefined, please check motor type!
2024-09-11 14:14:13,523 MotorDriver.cpp:241 [ERROR] Error: The input motor type is undefined, please check motor type!
2024-09-11 14:14:13,524 MotorDriver.cpp:241 [ERROR] Error: The input motor type is undefined, please check motor type!
2024-09-11 14:14:13,525 MotorDriver.cpp:241 [ERROR] Error: The input motor type is undefined, please check motor type!
2024-09-11 14:14:13,526 MotorDriver.cpp:241 [ERROR] Error: The input motor type is undefined, please check motor type!
2024-09-11 14:14:13,527 MotorDriver.cpp:241 [ERROR] Error: The input motor type is undefined, please check motor type!
2024-09-11 14:14:13,528 MotorDriver.cpp:241 [ERROR] Error: The input motor type is undefined, please check motor type!
2024-09-11 14:14:13,529 MotorDriver.cpp:241 [ERROR] Error: The input motor type is undefined, please check motor type!
2024-09-11 14:14:13,531 MotorDriver.cpp:241 [ERROR] Error: The input motor type is undefined, please check motor type!
2024-09-11 14:14:13,532 MotorDriver.cpp:241 [ERROR] Error: The input motor type is undefined, please check motor type!
2024-09-11 14:14:13,533 MotorDriver.cpp:241 [ERROR] Error: The input motor type is undefined, please check motor type!
2024-09-11 14:14:13,534 MotorDriver.cpp:241 [ERROR] Error: The input motor type is undefined, please check motor type!
2024-09-11 14:14:13,535 MotorDriver.cpp:241 [ERROR] Error: The input motor type is undefined, please check motor type!
2024-09-11 14:14:13,536 MotorDriver.cpp:241 [ERROR] Error: The input motor type is undefined, please check motor type!
2024-09-11 14:14:13,537 MotorDriver.cpp:241 [ERROR] Error: The input motor type is undefined, please check motor type!
2024-09-11 14:14:13,538 MotorDriver.cpp:241 [ERROR] Error: The input motor type is undefined, please check motor type!
2024-09-11 14:14:13,539 MotorDriver.cpp:241 [ERROR] Error: The input motor type is undefined, please check motor type!
2024-09-11 14:14:13,540 MotorDriver.cpp:241 [ERROR] Error: The input motor type is undefined, please check motor type!
2024-09-11 14:14:13,541 MotorDriver.cpp:241 [ERROR] Error: The input motor type is undefined, please check motor type!
2024-09-11 14:14:13,542 MotorDriver.cpp:241 [ERROR] Error: The input motor type is undefined, please check motor type!
2024-09-11 14:14:13,544 MotorDriver.cpp:241 [ERROR] Error: The input motor type is undefined, please check motor type!
2024-09-11 14:14:13,545 MotorDriver.cpp:241 [ERROR] Error: The input motor type is undefined, please check motor type!
2024-09-11 14:14:13,546 MotorDriver.cpp:241 [ERROR] Error: The input motor type is undefined, please check motor type!
2024-09-11 14:14:13,547 MotorDriver.cpp:241 [ERROR] Error: The input motor type is undefined, please check motor type!
2024-09-11 14:14:13,548 MotorDriver.cpp:241 [ERROR] Error: The input motor type is undefined, please check motor type!
2024-09-11 14:14:13,549 MotorDriver.cpp:241 [ERROR] Error: The input motor type is undefined, please check motor type!
2024-09-11 14:14:13,550 MotorDriver.cpp:241 [ERROR] Error: The input motor type is undefined, please check motor type!
2024-09-11 14:14:13,551 MotorDriver.cpp:241 [ERROR] Error: The input motor type is undefined, please check motor type!
2024-09-11 14:14:13,552 MotorDriver.cpp:241 [ERROR] Error: The input motor type is undefined, please check motor type!
2024-09-11 14:14:13,553 MotorDriver.cpp:241 [ERROR] Error: The input motor type is undefined, please check motor type!
2024-09-11 14:14:13,555 MotorDriver.cpp:241 [ERROR] Error: The input motor type is undefined, please check motor type!
2024-09-11 14:14:13,556 MotorDriver.cpp:241 [ERROR] Error: The input motor type is undefined, please check motor type!
2024-09-11 14:14:13,557 MotorDriver.cpp:241 [ERROR] Error: The input motor type is undefined, please check motor type!
2024-09-11 14:14:13,558 MotorDriver.cpp:241 [ERROR] Error: The input motor type is undefined, please check motor type!
2024-09-11 14:14:13,559 MotorDriver.cpp:241 [ERROR] Error: The input motor type is undefined, please check motor type!
2024-09-11 14:14:13,560 MotorDriver.cpp:241 [ERROR] Error: The input motor type is undefined, please check motor type!
2024-09-11 14:14:13,561 MotorDriver.cpp:241 [ERROR] Error: The input motor type is undefined, please check motor type!
2024-09-11 14:14:13,562 MotorDriver.cpp:241 [ERROR] Error: The input motor type is undefined, please check motor type!
2024-09-11 14:14:13,563 MotorDriver.cpp:241 [ERROR] Error: The input motor type is undefined, please check motor type!
2024-09-11 14:14:13,564 MotorDriver.cpp:241 [ERROR] Error: The input motor type is undefined, please check motor type!
2024-09-11 14:14:13,565 MotorDriver.cpp:241 [ERROR] Error: The input motor type is undefined, please check motor type!
2024-09-11 14:14:13,566 MotorDriver.cpp:241 [ERROR] Error: The input motor type is undefined, please check motor type!
2024-09-11 14:14:13,567 MotorDriver.cpp:241 [ERROR] Error: The input motor type is undefined, please check motor type!
2024-09-11 14:14:13,569 MotorDriver.cpp:241 [ERROR] Error: The input motor type is undefined, please check motor type!
2024-09-11 14:14:13,570 MotorDriver.cpp:241 [ERROR] Error: The input motor type is undefined, please check motor type!
2024-09-11 14:14:13,571 MotorDriver.cpp:241 [ERROR] Error: The input motor type is undefined, please check motor type!
2024-09-11 14:14:13,572 MotorDriver.cpp:241 [ERROR] Error: The input motor type is undefined, please check motor type!
2024-09-11 14:14:13,573 MotorDriver.cpp:241 [ERROR] Error: The input motor type is undefined, please check motor type!
2024-09-11 14:14:13,574 MotorDriver.cpp:241 [ERROR] Error: The input motor type is undefined, please check motor type!
2024-09-11 14:14:13,575 MotorDriver.cpp:241 [ERROR] Error: The input motor type is undefined, please check motor type!
2024-09-11 14:14:13,576 MotorDriver.cpp:241 [ERROR] Error: The input motor type is undefined, please check motor type!
2024-09-11 14:14:13,577 MotorDriver.cpp:241 [ERROR] Error: The input motor type is undefined, please check motor type!
2024-09-11 14:14:13,578 MotorDriver.cpp:241 [ERROR] Error: The input motor type is undefined, please check motor type!
2024-09-11 14:14:13,579 MotorDriver.cpp:241 [ERROR] Error: The input motor type is undefined, please check motor type!
2024-09-11 14:14:13,580 MotorDriver.cpp:241 [ERROR] Error: The input motor type is undefined, please check motor type!
2024-09-11 14:14:13,581 MotorDriver.cpp:241 [ERROR] Error: The input motor type is undefined, please check motor type!
2024-09-11 14:14:13,582 MotorDriver.cpp:241 [ERROR] Error: The input motor type is undefined, please check motor type!
2024-09-11 14:14:13,584 MotorDriver.cpp:241 [ERROR] Error: The input motor type is undefined, please check motor type!
2024-09-11 14:14:13,585 MotorDriver.cpp:241 [ERROR] Error: The input motor type is undefined, please check motor type!
2024-09-11 14:14:13,586 MotorDriver.cpp:241 [ERROR] Error: The input motor type is undefined, please check motor type!
2024-09-11 14:14:13,587 MotorDriver.cpp:241 [ERROR] Error: The input motor type is undefined, please check motor type!
2024-09-11 14:14:13,588 MotorDriver.cpp:241 [ERROR] Error: The input motor type is undefined, please check motor type!
2024-09-11 14:14:13,589 MotorDriver.cpp:241 [ERROR] Error: The input motor type is undefined, please check motor type!
2024-09-11 14:14:13,590 MotorDriver.cpp:241 [ERROR] Error: The input motor type is undefined, please check motor type!
2024-09-11 14:14:13,591 MotorDriver.cpp:241 [ERROR] Error: The input motor type is undefined, please check motor type!
2024-09-11 14:14:13,592 MotorDriver.cpp:241 [ERROR] Error: The input motor type is undefined, please check motor type!
2024-09-11 14:14:13,593 MotorDriver.cpp:241 [ERROR] Error: The input motor type is undefined, please check motor type!
2024-09-11 14:14:13,594 MotorDriver.cpp:241 [ERROR] Error: The input motor type is undefined, please check motor type!
2024-09-11 14:14:13,595 MotorDriver.cpp:241 [ERROR] Error: The input motor type is undefined, please check motor type!
2024-09-11 14:14:13,597 MotorDriver.cpp:241 [ERROR] Error: The input motor type is undefined, please check motor type!
2024-09-11 14:14:13,598 MotorDriver.cpp:241 [ERROR] Error: The input motor type is undefined, please check motor type!
2024-09-11 14:14:13,599 MotorDriver.cpp:241 [ERROR] Error: The input motor type is undefined, please check motor type!
2024-09-11 14:14:13,600 MotorDriver.cpp:241 [ERROR] Error: The input motor type is undefined, please check motor type!
2024-09-11 14:14:13,601 MotorDriver.cpp:241 [ERROR] Error: The input motor type is undefined, please check motor type!
2024-09-11 14:14:13,602 MotorDriver.cpp:241 [ERROR] Error: The input motor type is undefined, please check motor type!
2024-09-11 14:14:13,603 MotorDriver.cpp:241 [ERROR] Error: The input motor type is undefined, please check motor type!
2024-09-11 14:14:13,604 MotorDriver.cpp:241 [ERROR] Error: The input motor type is undefined, please check motor type!
2024-09-11 14:14:13,605 MotorDriver.cpp:241 [ERROR] Error: The input motor type is undefined, please check motor type!
2024-09-11 14:14:13,606 MotorDriver.cpp:241 [ERROR] Error: The input motor type is undefined, please check motor type!
2024-09-11 14:14:13,607 MotorDriver.cpp:241 [ERROR] Error: The input motor type is undefined, please check motor type!
2024-09-11 14:14:13,608 MotorDriver.cpp:241 [ERROR] Error: The input motor type is undefined, please check motor type!
2024-09-11 14:14:13,609 MotorDriver.cpp:241 [ERROR] Error: The input motor type is undefined, please check motor type!
2024-09-11 14:14:13,610 MotorDriver.cpp:241 [ERROR] Error: The input motor type is undefined, please check motor type!
2024-09-11 14:14:13,612 MotorDriver.cpp:241 [ERROR] Error: The input motor type is undefined, please check motor type!
2024-09-11 14:14:13,613 MotorDriver.cpp:241 [ERROR] Error: The input motor type is undefined, please check motor type!
2024-09-11 14:14:13,614 MotorDriver.cpp:241 [ERROR] Error: The input motor type is undefined, please check motor type!
2024-09-11 14:14:13,615 MotorDriver.cpp:241 [ERROR] Error: The input motor type is undefined, please check motor type!
2024-09-11 14:14:13,616 MotorDriver.cpp:241 [ERROR] Error: The input motor type is undefined, please check motor type!
2024-09-11 14:14:13,617 MotorDriver.cpp:241 [ERROR] Error: The input motor type is undefined, please check motor type!
2024-09-11 14:14:13,618 MotorDriver.cpp:241 [ERROR] Error: The input motor type is undefined, please check motor type!
2024-09-11 14:14:13,619 MotorDriver.cpp:241 [ERROR] Error: The input motor type is undefined, please check motor type!
2024-09-11 14:14:13,620 MotorDriver.cpp:241 [ERROR] Error: The input motor type is undefined, please check motor type!
2024-09-11 14:14:13,621 MotorDriver.cpp:241 [ERROR] Error: The input motor type is undefined, please check motor type!
2024-09-11 14:14:13,622 MotorDriver.cpp:241 [ERROR] Error: The input motor type is undefined, please check motor type!
2024-09-11 14:14:13,623 MotorDriver.cpp:241 [ERROR] Error: The input motor type is undefined, please check motor type!
2024-09-11 14:14:13,624 MotorDriver.cpp:241 [ERROR] Error: The input motor type is undefined, please check motor type!
2024-09-11 14:14:13,625 MotorDriver.cpp:241 [ERROR] Error: The input motor type is undefined, please check motor type!
2024-09-11 14:14:13,627 MotorDriver.cpp:241 [ERROR] Error: The input motor type is undefined, please check motor type!
2024-09-11 14:14:13,628 MotorDriver.cpp:241 [ERROR] Error: The input motor type is undefined, please check motor type!
2024-09-11 14:14:13,629 MotorDriver.cpp:241 [ERROR] Error: The input motor type is undefined, please check motor type!
2024-09-11 14:14:13,630 MotorDriver.cpp:241 [ERROR] Error: The input motor type is undefined, please check motor type!
2024-09-11 14:14:13,631 MotorDriver.cpp:241 [ERROR] Error: The input motor type is undefined, please check motor type!
2024-09-11 14:14:13,632 MotorDriver.cpp:241 [ERROR] Error: The input motor type is undefined, please check motor type!
2024-09-11 14:14:13,633 MotorDriver.cpp:241 [ERROR] Error: The input motor type is undefined, please check motor type!
2024-09-11 14:14:13,634 MotorDriver.cpp:241 [ERROR] Error: The input motor type is undefined, please check motor type!
2024-09-11 14:14:13,635 MotorDriver.cpp:241 [ERROR] Error: The input motor type is undefined, please check motor type!
2024-09-11 14:14:13,636 MotorDriver.cpp:241 [ERROR] Error: The input motor type is undefined, please check motor type!
2024-09-11 14:14:13,637 MotorDriver.cpp:241 [ERROR] Error: The input motor type is undefined, please check motor type!
2024-09-11 14:14:13,638 MotorDriver.cpp:241 [ERROR] Error: The input motor type is undefined, please check motor type!
2024-09-11 14:14:13,639 MotorDriver.cpp:241 [ERROR] Error: The input motor type is undefined, please check motor type!
2024-09-11 14:14:13,640 MotorDriver.cpp:241 [ERROR] Error: The input motor type is undefined, please check motor type!
2024-09-11 14:14:13,641 MotorDriver.cpp:241 [ERROR] Error: The input motor type is undefined, please check motor type!
2024-09-11 14:14:13,643 MotorDriver.cpp:241 [ERROR] Error: The input motor type is undefined, please check motor type!
2024-09-11 14:14:13,644 MotorDriver.cpp:241 [ERROR] Error: The input motor type is undefined, please check motor type!
2024-09-11 14:14:13,645 MotorDriver.cpp:241 [ERROR] Error: The input motor type is undefined, please check motor type!
2024-09-11 14:14:13,646 MotorDriver.cpp:241 [ERROR] Error: The input motor type is undefined, please check motor type!
2024-09-11 14:14:13,647 MotorDriver.cpp:241 [ERROR] Error: The input motor type is undefined, please check motor type!
2024-09-11 14:14:13,648 MotorDriver.cpp:241 [ERROR] Error: The input motor type is undefined, please check motor type!
2024-09-11 14:14:13,649 MotorDriver.cpp:241 [ERROR] Error: The input motor type is undefined, please check motor type!
2024-09-11 14:14:13,650 MotorDriver.cpp:241 [ERROR] Error: The input motor type is undefined, please check motor type!
2024-09-11 14:14:13,651 MotorDriver.cpp:241 [ERROR] Error: The input motor type is undefined, please check motor type!
2024-09-11 14:14:13,652 MotorDriver.cpp:241 [ERROR] Error: The input motor type is undefined, please check motor type!
2024-09-11 14:14:13,653 MotorDriver.cpp:241 [ERROR] Error: The input motor type is undefined, please check motor type!
2024-09-11 14:14:13,654 MotorDriver.cpp:241 [ERROR] Error: The input motor type is undefined, please check motor type!
2024-09-11 14:14:13,656 MotorDriver.cpp:241 [ERROR] Error: The input motor type is undefined, please check motor type!
2024-09-11 14:14:13,657 MotorDriver.cpp:241 [ERROR] Error: The input motor type is undefined, please check motor type!
2024-09-11 14:14:13,658 MotorDriver.cpp:241 [ERROR] Error: The input motor type is undefined, please check motor type!
2024-09-11 14:14:13,659 MotorDriver.cpp:241 [ERROR] Error: The input motor type is undefined, please check motor type!
2024-09-11 14:14:13,660 MotorDriver.cpp:241 [ERROR] Error: The input motor type is undefined, please check motor type!
2024-09-11 14:14:13,661 MotorDriver.cpp:241 [ERROR] Error: The input motor type is undefined, please check motor type!
2024-09-11 14:14:13,662 MotorDriver.cpp:241 [ERROR] Error: The input motor type is undefined, please check motor type!
2024-09-11 14:14:13,663 MotorDriver.cpp:241 [ERROR] Error: The input motor type is undefined, please check motor type!
2024-09-11 14:14:13,664 MotorDriver.cpp:241 [ERROR] Error: The input motor type is undefined, please check motor type!
2024-09-11 14:14:13,665 MotorDriver.cpp:241 [ERROR] Error: The input motor type is undefined, please check motor type!
2024-09-11 14:14:13,666 MotorDriver.cpp:241 [ERROR] Error: The input motor type is undefined, please check motor type!
2024-09-11 14:14:13,667 MotorDriver.cpp:241 [ERROR] Error: The input motor type is undefined, please check motor type!
2024-09-11 14:14:13,669 MotorDriver.cpp:241 [ERROR] Error: The input motor type is undefined, please check motor type!
2024-09-11 14:14:13,670 MotorDriver.cpp:241 [ERROR] Error: The input motor type is undefined, please check motor type!
2024-09-11 14:14:13,671 MotorDriver.cpp:241 [ERROR] Error: The input motor type is undefined, please check motor type!
2024-09-11 14:14:13,672 MotorDriver.cpp:241 [ERROR] Error: The input motor type is undefined, please check motor type!
2024-09-11 14:14:13,673 MotorDriver.cpp:241 [ERROR] Error: The input motor type is undefined, please check motor type!
2024-09-11 14:14:13,674 MotorDriver.cpp:241 [ERROR] Error: The input motor type is undefined, please check motor type!
2024-09-11 14:14:13,675 MotorDriver.cpp:241 [ERROR] Error: The input motor type is undefined, please check motor type!
2024-09-11 14:14:13,676 MotorDriver.cpp:241 [ERROR] Error: The input motor type is undefined, please check motor type!
2024-09-11 14:14:13,677 MotorDriver.cpp:241 [ERROR] Error: The input motor type is undefined, please check motor type!
2024-09-11 14:14:13,678 MotorDriver.cpp:241 [ERROR] Error: The input motor type is undefined, please check motor type!
2024-09-11 14:14:13,679 MotorDriver.cpp:241 [ERROR] Error: The input motor type is undefined, please check motor type!
2024-09-11 14:14:13,680 MotorDriver.cpp:241 [ERROR] Error: The input motor type is undefined, please check motor type!
2024-09-11 14:14:13,681 MotorDriver.cpp:241 [ERROR] Error: The input motor type is undefined, please check motor type!
2024-09-11 14:14:13,682 MotorDriver.cpp:241 [ERROR] Error: The input motor type is undefined, please check motor type!
2024-09-11 14:14:13,684 MotorDriver.cpp:241 [ERROR] Error: The input motor type is undefined, please check motor type!
2024-09-11 14:14:13,685 MotorDriver.cpp:241 [ERROR] Error: The input motor type is undefined, please check motor type!
2024-09-11 14:14:13,686 MotorDriver.cpp:241 [ERROR] Error: The input motor type is undefined, please check motor type!
2024-09-11 14:14:13,687 MotorDriver.cpp:241 [ERROR] Error: The input motor type is undefined, please check motor type!
2024-09-11 14:14:13,688 MotorDriver.cpp:241 [ERROR] Error: The input motor type is undefined, please check motor type!
2024-09-11 14:14:13,689 MotorDriver.cpp:241 [ERROR] Error: The input motor type is undefined, please check motor type!
2024-09-11 14:14:13,690 MotorDriver.cpp:241 [ERROR] Error: The input motor type is undefined, please check motor type!
2024-09-11 14:14:13,691 MotorDriver.cpp:241 [ERROR] Error: The input motor type is undefined, please check motor type!
2024-09-11 14:14:13,692 MotorDriver.cpp:241 [ERROR] Error: The input motor type is undefined, please check motor type!
2024-09-11 14:14:13,693 MotorDriver.cpp:241 [ERROR] Error: The input motor type is undefined, please check motor type!
2024-09-11 14:14:13,694 MotorDriver.cpp:241 [ERROR] Error: The input motor type is undefined, please check motor type!
2024-09-11 14:14:13,695 MotorDriver.cpp:241 [ERROR] Error: The input motor type is undefined, please check motor type!
2024-09-11 14:14:13,696 MotorDriver.cpp:241 [ERROR] Error: The input motor type is undefined, please check motor type!
2024-09-11 14:14:13,698 MotorDriver.cpp:241 [ERROR] Error: The input motor type is undefined, please check motor type!
2024-09-11 14:14:13,699 MotorDriver.cpp:241 [ERROR] Error: The input motor type is undefined, please check motor type!
2024-09-11 14:14:13,700 MotorDriver.cpp:241 [ERROR] Error: The input motor type is undefined, please check motor type!
2024-09-11 14:14:13,701 MotorDriver.cpp:241 [ERROR] Error: The input motor type is undefined, please check motor type!
2024-09-11 14:14:13,702 MotorDriver.cpp:241 [ERROR] Error: The input motor type is undefined, please check motor type!
2024-09-11 14:14:13,703 MotorDriver.cpp:241 [ERROR] Error: The input motor type is undefined, please check motor type!
2024-09-11 14:14:13,704 MotorDriver.cpp:241 [ERROR] Error: The input motor type is undefined, please check motor type!
2024-09-11 14:14:13,705 MotorDriver.cpp:241 [ERROR] Error: The input motor type is undefined, please check motor type!
2024-09-11 14:14:13,706 MotorDriver.cpp:241 [ERROR] Error: The input motor type is undefined, please check motor type!
2024-09-11 14:14:13,707 MotorDriver.cpp:241 [ERROR] Error: The input motor type is undefined, please check motor type!
2024-09-11 14:14:13,708 MotorDriver.cpp:241 [ERROR] Error: The input motor type is undefined, please check motor type!
2024-09-11 14:14:13,709 MotorDriver.cpp:241 [ERROR] Error: The input motor type is undefined, please check motor type!
2024-09-11 14:14:13,711 MotorDriver.cpp:241 [ERROR] Error: The input motor type is undefined, please check motor type!
2024-09-11 14:14:13,712 MotorDriver.cpp:241 [ERROR] Error: The input motor type is undefined, please check motor type!
2024-09-11 14:14:13,713 MotorDriver.cpp:241 [ERROR] Error: The input motor type is undefined, please check motor type!
2024-09-11 14:14:13,714 MotorDriver.cpp:241 [ERROR] Error: The input motor type is undefined, please check motor type!
2024-09-11 14:14:13,715 MotorDriver.cpp:241 [ERROR] Error: The input motor type is undefined, please check motor type!
2024-09-11 14:14:13,716 MotorDriver.cpp:241 [ERROR] Error: The input motor type is undefined, please check motor type!
2024-09-11 14:14:13,717 MotorDriver.cpp:241 [ERROR] Error: The input motor type is undefined, please check motor type!
2024-09-11 14:14:13,718 MotorDriver.cpp:241 [ERROR] Error: The input motor type is undefined, please check motor type!
2024-09-11 14:14:13,719 MotorDriver.cpp:241 [ERROR] Error: The input motor type is undefined, please check motor type!
2024-09-11 14:14:13,720 MotorDriver.cpp:241 [ERROR] Error: The input motor type is undefined, please check motor type!
2024-09-11 14:14:13,721 MotorDriver.cpp:241 [ERROR] Error: The input motor type is undefined, please check motor type!
2024-09-11 14:14:13,722 MotorDriver.cpp:241 [ERROR] Error: The input motor type is undefined, please check motor type!
2024-09-11 14:14:13,723 MotorDriver.cpp:241 [ERROR] Error: The input motor type is undefined, please check motor type!
2024-09-11 14:14:13,725 MotorDriver.cpp:241 [ERROR] Error: The input motor type is undefined, please check motor type!
2024-09-11 14:14:13,726 MotorDriver.cpp:241 [ERROR] Error: The input motor type is undefined, please check motor type!
2024-09-11 14:14:13,727 MotorDriver.cpp:241 [ERROR] Error: The input motor type is undefined, please check motor type!
2024-09-11 14:14:13,728 MotorDriver.cpp:241 [ERROR] Error: The input motor type is undefined, please check motor type!
2024-09-11 14:14:13,729 MotorDriver.cpp:241 [ERROR] Error: The input motor type is undefined, please check motor type!
2024-09-11 14:14:13,730 MotorDriver.cpp:241 [ERROR] Error: The input motor type is undefined, please check motor type!
2024-09-11 14:14:13,731 MotorDriver.cpp:241 [ERROR] Error: The input motor type is undefined, please check motor type!
2024-09-11 14:14:13,732 MotorDriver.cpp:241 [ERROR] Error: The input motor type is undefined, please check motor type!
2024-09-11 14:14:13,733 MotorDriver.cpp:241 [ERROR] Error: The input motor type is undefined, please check motor type!
2024-09-11 14:14:13,734 MotorDriver.cpp:241 [ERROR] Error: The input motor type is undefined, please check motor type!
2024-09-11 14:14:13,735 MotorDriver.cpp:241 [ERROR] Error: The input motor type is undefined, please check motor type!
2024-09-11 14:14:13,736 MotorDriver.cpp:241 [ERROR] Error: The input motor type is undefined, please check motor type!
2024-09-11 14:14:13,737 MotorDriver.cpp:241 [ERROR] Error: The input motor type is undefined, please check motor type!
2024-09-11 14:14:13,738 MotorDriver.cpp:241 [ERROR] Error: The input motor type is undefined, please check motor type!
2024-09-11 14:14:13,739 MotorDriver.cpp:241 [ERROR] Error: The input motor type is undefined, please check motor type!
2024-09-11 14:14:13,741 MotorDriver.cpp:241 [ERROR] Error: The input motor type is undefined, please check motor type!
2024-09-11 14:14:13,742 MotorDriver.cpp:241 [ERROR] Error: The input motor type is undefined, please check motor type!
2024-09-11 14:14:13,743 MotorDriver.cpp:241 [ERROR] Error: The input motor type is undefined, please check motor type!
2024-09-11 14:14:13,744 MotorDriver.cpp:241 [ERROR] Error: The input motor type is undefined, please check motor type!
2024-09-11 14:14:13,745 MotorDriver.cpp:241 [ERROR] Error: The input motor type is undefined, please check motor type!
2024-09-11 14:14:13,746 MotorDriver.cpp:241 [ERROR] Error: The input motor type is undefined, please check motor type!
2024-09-11 14:14:13,747 MotorDriver.cpp:241 [ERROR] Error: The input motor type is undefined, please check motor type!
2024-09-11 14:14:13,748 MotorDriver.cpp:241 [ERROR] Error: The input motor type is undefined, please check motor type!
2024-09-11 14:14:13,749 MotorDriver.cpp:241 [ERROR] Error: The input motor type is undefined, please check motor type!
2024-09-11 14:14:13,750 MotorDriver.cpp:241 [ERROR] Error: The input motor type is undefined, please check motor type!
2024-09-11 14:14:13,751 MotorDriver.cpp:241 [ERROR] Error: The input motor type is undefined, please check motor type!
2024-09-11 14:14:13,752 MotorDriver.cpp:241 [ERROR] Error: The input motor type is undefined, please check motor type!
2024-09-11 14:14:13,753 MotorDriver.cpp:241 [ERROR] Error: The input motor type is undefined, please check motor type!
2024-09-11 14:14:13,755 MotorDriver.cpp:241 [ERROR] Error: The input motor type is undefined, please check motor type!
2024-09-11 14:14:13,756 MotorDriver.cpp:241 [ERROR] Error: The input motor type is undefined, please check motor type!
2024-09-11 14:14:13,757 MotorDriver.cpp:241 [ERROR] Error: The input motor type is undefined, please check motor type!
2024-09-11 14:14:13,758 MotorDriver.cpp:241 [ERROR] Error: The input motor type is undefined, please check motor type!
2024-09-11 14:14:13,759 MotorDriver.cpp:241 [ERROR] Error: The input motor type is undefined, please check motor type!
2024-09-11 14:14:13,760 MotorDriver.cpp:241 [ERROR] Error: The input motor type is undefined, please check motor type!
2024-09-11 14:14:13,761 MotorDriver.cpp:241 [ERROR] Error: The input motor type is undefined, please check motor type!
2024-09-11 14:14:13,762 MotorDriver.cpp:241 [ERROR] Error: The input motor type is undefined, please check motor type!
2024-09-11 14:14:13,763 MotorDriver.cpp:241 [ERROR] Error: The input motor type is undefined, please check motor type!
2024-09-11 14:14:13,764 MotorDriver.cpp:241 [ERROR] Error: The input motor type is undefined, please check motor type!
2024-09-11 14:14:13,765 MotorDriver.cpp:241 [ERROR] Error: The input motor type is undefined, please check motor type!
2024-09-11 14:14:13,766 MotorDriver.cpp:241 [ERROR] Error: The input motor type is undefined, please check motor type!
2024-09-11 14:14:13,767 MotorDriver.cpp:241 [ERROR] Error: The input motor type is undefined, please check motor type!
2024-09-11 14:14:13,769 MotorDriver.cpp:241 [ERROR] Error: The input motor type is undefined, please check motor type!
2024-09-11 14:14:13,770 MotorDriver.cpp:241 [ERROR] Error: The input motor type is undefined, please check motor type!
2024-09-11 14:14:13,771 MotorDriver.cpp:241 [ERROR] Error: The input motor type is undefined, please check motor type!
2024-09-11 14:14:13,772 MotorDriver.cpp:241 [ERROR] Error: The input motor type is undefined, please check motor type!
2024-09-11 14:14:13,773 MotorDriver.cpp:241 [ERROR] Error: The input motor type is undefined, please check motor type!
2024-09-11 14:14:13,774 MotorDriver.cpp:241 [ERROR] Error: The input motor type is undefined, please check motor type!
2024-09-11 14:14:13,775 MotorDriver.cpp:241 [ERROR] Error: The input motor type is undefined, please check motor type!
2024-09-11 14:14:13,776 MotorDriver.cpp:241 [ERROR] Error: The input motor type is undefined, please check motor type!
2024-09-11 14:14:13,777 MotorDriver.cpp:241 [ERROR] Error: The input motor type is undefined, please check motor type!
2024-09-11 14:14:13,778 MotorDriver.cpp:241 [ERROR] Error: The input motor type is undefined, please check motor type!
2024-09-11 14:14:13,779 MotorDriver.cpp:241 [ERROR] Error: The input motor type is undefined, please check motor type!
2024-09-11 14:14:13,780 MotorDriver.cpp:241 [ERROR] Error: The input motor type is undefined, please check motor type!
2024-09-11 14:14:13,781 MotorDriver.cpp:241 [ERROR] Error: The input motor type is undefined, please check motor type!
2024-09-11 14:14:13,782 MotorDriver.cpp:241 [ERROR] Error: The input motor type is undefined, please check motor type!
2024-09-11 14:14:13,783 MotorDriver.cpp:241 [ERROR] Error: The input motor type is undefined, please check motor type!
2024-09-11 14:14:13,785 MotorDriver.cpp:241 [ERROR] Error: The input motor type is undefined, please check motor type!
2024-09-11 14:14:13,786 MotorDriver.cpp:241 [ERROR] Error: The input motor type is undefined, please check motor type!
2024-09-11 14:14:13,787 MotorDriver.cpp:241 [ERROR] Error: The input motor type is undefined, please check motor type!
2024-09-11 14:14:13,788 MotorDriver.cpp:241 [ERROR] Error: The input motor type is undefined, please check motor type!
2024-09-11 14:14:13,789 MotorDriver.cpp:241 [ERROR] Error: The input motor type is undefined, please check motor type!
2024-09-11 14:14:13,790 MotorDriver.cpp:241 [ERROR] Error: The input motor type is undefined, please check motor type!
2024-09-11 14:14:13,791 MotorDriver.cpp:241 [ERROR] Error: The input motor type is undefined, please check motor type!
2024-09-11 14:14:13,792 MotorDriver.cpp:241 [ERROR] Error: The input motor type is undefined, please check motor type!
2024-09-11 14:14:13,793 MotorDriver.cpp:241 [ERROR] Error: The input motor type is undefined, please check motor type!
2024-09-11 14:14:13,794 MotorDriver.cpp:241 [ERROR] Error: The input motor type is undefined, please check motor type!
2024-09-11 14:14:13,795 MotorDriver.cpp:241 [ERROR] Error: The input motor type is undefined, please check motor type!
2024-09-11 14:14:13,796 MotorDriver.cpp:241 [ERROR] Error: The input motor type is undefined, please check motor type!
2024-09-11 14:14:13,797 MotorDriver.cpp:241 [ERROR] Error: The input motor type is undefined, please check motor type!
2024-09-11 14:14:13,798 MotorDriver.cpp:241 [ERROR] Error: The input motor type is undefined, please check motor type!
2024-09-11 14:14:13,800 MotorDriver.cpp:241 [ERROR] Error: The input motor type is undefined, please check motor type!
2024-09-11 14:14:13,801 MotorDriver.cpp:241 [ERROR] Error: The input motor type is undefined, please check motor type!
2024-09-11 14:14:13,802 MotorDriver.cpp:241 [ERROR] Error: The input motor type is undefined, please check motor type!
2024-09-11 14:14:13,803 MotorDriver.cpp:241 [ERROR] Error: The input motor type is undefined, please check motor type!
2024-09-11 14:14:13,804 MotorDriver.cpp:241 [ERROR] Error: The input motor type is undefined, please check motor type!
2024-09-11 14:14:13,805 MotorDriver.cpp:241 [ERROR] Error: The input motor type is undefined, please check motor type!
2024-09-11 14:14:13,806 MotorDriver.cpp:241 [ERROR] Error: The input motor type is undefined, please check motor type!
2024-09-11 14:14:13,807 MotorDriver.cpp:241 [ERROR] Error: The input motor type is undefined, please check motor type!
2024-09-11 14:14:13,808 MotorDriver.cpp:241 [ERROR] Error: The input motor type is undefined, please check motor type!
2024-09-11 14:14:13,809 MotorDriver.cpp:241 [ERROR] Error: The input motor type is undefined, please check motor type!
2024-09-11 14:14:13,810 MotorDriver.cpp:241 [ERROR] Error: The input motor type is undefined, please check motor type!
2024-09-11 14:14:13,811 MotorDriver.cpp:241 [ERROR] Error: The input motor type is undefined, please check motor type!
2024-09-11 14:14:13,812 MotorDriver.cpp:241 [ERROR] Error: The input motor type is undefined, please check motor type!
2024-09-11 14:14:13,813 MotorDriver.cpp:241 [ERROR] Error: The input motor type is undefined, please check motor type!
2024-09-11 14:14:13,814 MotorDriver.cpp:241 [ERROR] Error: The input motor type is undefined, please check motor type!
2024-09-11 14:14:13,816 MotorDriver.cpp:241 [ERROR] Error: The input motor type is undefined, please check motor type!
2024-09-11 14:14:13,817 MotorDriver.cpp:241 [ERROR] Error: The input motor type is undefined, please check motor type!
2024-09-11 14:14:13,818 MotorDriver.cpp:241 [ERROR] Error: The input motor type is undefined, please check motor type!
2024-09-11 14:14:13,819 MotorDriver.cpp:241 [ERROR] Error: The input motor type is undefined, please check motor type!
