2024-07-29 10:39:36,771 MotorDriver.cpp:44 [INFO] MAXON RxPDO are as follow: 
2024-07-29 10:39:36,771 MotorDriver.cpp:46 [INFO] TrqOffset, INT, 20
2024-07-29 10:39:36,771 MotorDriver.cpp:46 [INFO] TargetVel, DINT, 2
2024-07-29 10:39:36,771 MotorDriver.cpp:46 [INFO] TargetTrq, INT, 10
2024-07-29 10:39:36,771 MotorDriver.cpp:46 [INFO] ProfileVel, UDINT, 30
2024-07-29 10:39:36,771 MotorDriver.cpp:46 [INFO] VelOffset, DINT, 12
2024-07-29 10:39:36,771 MotorDriver.cpp:46 [INFO] TargetPos, DINT, 6
2024-07-29 10:39:36,771 MotorDriver.cpp:46 [INFO] ProfileAcc, UDINT, 22
2024-07-29 10:39:36,771 MotorDriver.cpp:46 [INFO] ProfileDec, UDINT, 26
2024-07-29 10:39:36,771 MotorDriver.cpp:46 [INFO] ControlWord, UINT, 0
2024-07-29 10:39:36,771 MotorDriver.cpp:46 [INFO] OperationMode, SINT, 34
2024-07-29 10:39:36,771 MotorDriver.cpp:46 [INFO] DigitalOutputs, UDINT, 35
2024-07-29 10:39:36,771 MotorDriver.cpp:46 [INFO] PosOffset, DINT, 16
2024-07-29 10:39:36,771 MotorDriver.cpp:48 [INFO] MAXON TxPDO are as follow: 
2024-07-29 10:39:36,771 MotorDriver.cpp:50 [INFO] StatusWord, UINT, 0
2024-07-29 10:39:36,771 MotorDriver.cpp:50 [INFO] ModeDisplay, SINT, 22
2024-07-29 10:39:36,771 MotorDriver.cpp:50 [INFO] FollowingPosErr, DINT, 18
2024-07-29 10:39:36,771 MotorDriver.cpp:50 [INFO] ActPos, DINT, 4
2024-07-29 10:39:36,771 MotorDriver.cpp:50 [INFO] ErrorCode, UINT, 2
2024-07-29 10:39:36,771 MotorDriver.cpp:50 [INFO] ActCur, DINT, 14
2024-07-29 10:39:36,771 MotorDriver.cpp:50 [INFO] ActTrq, INT, 12
2024-07-29 10:39:36,771 MotorDriver.cpp:50 [INFO] ActVel, DINT, 8
2024-07-29 10:39:36,771 MotorDriver.cpp:50 [INFO] DigitalInputs, UDINT, 23
2024-07-29 10:39:36,771 MotorDriver.cpp:1514 [INFO] EtherCat thread ID: 139916710098688
2024-07-29 10:39:43,333 MotorDriver.cpp:1504 [INFO]  Set promise value to true!
2024-07-29 10:39:43,333 main.cpp:50 [INFO] EtherCat Communication thread status: 1

2024-07-29 10:39:43,334 MotorDriver.cpp:1226 [INFO] Start setting operation mode to CSP for MAXON.
2024-07-29 10:39:43,484 MotorDriver.cpp:1143 [INFO] Starting initialize Motor Type 2: joint 1
2024-07-29 10:39:43,534 MotorDriver.cpp:1150 [INFO] 1: the control word is: 128 status word is: 0x240
2024-07-29 10:39:43,584 MotorDriver.cpp:1157 [INFO] 2: the control word is: 6 status word is: 0x 221
2024-07-29 10:39:43,634 MotorDriver.cpp:1164 [INFO] 3: the control word is: 7 status word is: 0x 223
2024-07-29 10:39:43,684 MotorDriver.cpp:1171 [INFO] 4: the control word is: f status word is: 0x 1237
2024-07-29 10:39:43,684 MotorDriver.cpp:1174 [INFO] successfully enable Motor Type2: joint 1
2024-07-29 10:39:43,684 MotorDriver.cpp:1226 [INFO] Start setting operation mode to CSP for MAXON.
2024-07-29 10:39:43,834 MotorDriver.cpp:1143 [INFO] Starting initialize Motor Type 2: joint 2
2024-07-29 10:39:43,885 MotorDriver.cpp:1150 [INFO] 1: the control word is: 80 status word is: 0x240
2024-07-29 10:39:43,935 MotorDriver.cpp:1157 [INFO] 2: the control word is: 6 status word is: 0x 221
2024-07-29 10:39:43,985 MotorDriver.cpp:1164 [INFO] 3: the control word is: 7 status word is: 0x 223
2024-07-29 10:39:44,035 MotorDriver.cpp:1171 [INFO] 4: the control word is: f status word is: 0x 1237
2024-07-29 10:39:44,035 MotorDriver.cpp:1174 [INFO] successfully enable Motor Type2: joint 2
2024-07-29 10:39:44,035 MotorDriver.cpp:1226 [INFO] Start setting operation mode to CSP for MAXON.
2024-07-29 10:39:44,185 MotorDriver.cpp:1143 [INFO] Starting initialize Motor Type 2: joint 3
2024-07-29 10:39:44,235 MotorDriver.cpp:1150 [INFO] 1: the control word is: 80 status word is: 0x240
2024-07-29 10:39:44,285 MotorDriver.cpp:1157 [INFO] 2: the control word is: 6 status word is: 0x 221
2024-07-29 10:39:44,335 MotorDriver.cpp:1164 [INFO] 3: the control word is: 7 status word is: 0x 223
2024-07-29 10:39:44,386 MotorDriver.cpp:1171 [INFO] 4: the control word is: f status word is: 0x 1237
2024-07-29 10:39:44,386 MotorDriver.cpp:1174 [INFO] successfully enable Motor Type2: joint 3
2024-07-29 10:39:44,386 MotorDriver.cpp:1226 [INFO] Start setting operation mode to CSP for MAXON.
2024-07-29 10:39:44,536 MotorDriver.cpp:1143 [INFO] Starting initialize Motor Type 2: joint 4
2024-07-29 10:39:44,586 MotorDriver.cpp:1150 [INFO] 1: the control word is: 80 status word is: 0x240
2024-07-29 10:39:44,636 MotorDriver.cpp:1157 [INFO] 2: the control word is: 6 status word is: 0x 221
2024-07-29 10:39:44,686 MotorDriver.cpp:1164 [INFO] 3: the control word is: 7 status word is: 0x 223
2024-07-29 10:39:44,736 MotorDriver.cpp:1171 [INFO] 4: the control word is: f status word is: 0x 1237
2024-07-29 10:39:44,736 MotorDriver.cpp:1174 [INFO] successfully enable Motor Type2: joint 4
2024-07-29 10:39:45,343 viper_ui.cpp:509 [INFO] Alreay set value to True in Read Viper Continuous
2024-07-29 10:39:45,343 MasterConsole.cpp:20 [INFO] flagViper thread status: 1
2024-07-29 10:39:45,343 MasterConsole.cpp:24 [INFO] MasterConsole Data Update thread ID: 7f40df7fe700
2024-07-29 10:39:45,343 RobotKinematics.cpp:18 [INFO] MotionScaling: 14 c a 7
2024-07-29 10:39:45,343 RobotKinematics.cpp:30 [INFO] m_SpeedDirection_L: 1 -1 -1 1 1 1 1 1

2024-07-29 10:39:45,343 RobotKinematics.cpp:38 [INFO] Left Endeffector Initial Rotation Around Y  (in radius) = 0    In Degree: ffffffc4

2024-07-29 10:39:45,343 RobotKinematics.cpp:42 [INFO] Left Endeffector Initial Rotation Around X (in radius) = 0    In Degree: 1e

2024-07-29 10:39:45,343 RobotKinematics.cpp:55 [INFO] Load EncoderPerRevolution Left: 4e20 4e20 4e20
2024-07-29 10:39:45,343 RobotKinematics.cpp:58 [INFO] Load Lead Left: 5 5 5
2024-07-29 10:39:45,343 RobotKinematics.cpp:61 [INFO] Load EncoderPerMM Left: 186a0 186a0 186a0
2024-07-29 10:39:45,343 RobotKinematics.cpp:72 [INFO] Gimbal Encoder per m/s: 50000 83333 100000 142857
2024-07-29 10:39:45,343 RobotKinematics.cpp:73 [INFO] Max Gimbal Encoder per m/s: 2.5e+06 4.16667e+06 5e+06 7.14286e+06
2024-07-29 10:39:45,343 RobotKinematics.cpp:86 [INFO] m_SpeedDirection_R: 1 -1 -1 1 1 -1 1 1

2024-07-29 10:39:45,343 RobotKinematics.cpp:94 [INFO] Right Endeffector Initial Rotation Around Y  (in radius) = 0    In Degree: ffffffc4

2024-07-29 10:39:45,343 RobotKinematics.cpp:98 [INFO] Right Endeffector Initial Rotation Around X (in radius) = 0    In Degree: ffffffe2

2024-07-29 10:39:45,343 RobotKinematics.cpp:110 [INFO] Load EncoderPerRevolution Right: 4e20 4e20 4e20
2024-07-29 10:39:45,343 RobotKinematics.cpp:113 [INFO] Load Lead Right: 5 5 5
2024-07-29 10:39:45,343 RobotKinematics.cpp:116 [INFO] Load EncoderPerMM Right: 186a0 186a0 186a0
2024-07-29 10:39:45,343 RobotKinematics.cpp:127 [INFO] Master Sensor Source Rotation Around Y (in radius) = -1.5708    In Degree: ffffff88

2024-07-29 10:39:45,344 RobotKinematics.cpp:147 [INFO] Left Instrument Information: CZQ_4MM_1
2024-07-29 10:39:45,344 RobotKinematics.cpp:148 [INFO] Right Instrument Information: CZQ_4MM_1
2024-07-29 10:39:45,344 RobotKinematics.cpp:170 [INFO] Load EncoderPerDegree Left: 106.7 91.02 101.94 101.94
2024-07-29 10:39:45,344 RobotKinematics.cpp:179 [INFO] Load CompensationRatio Left = 0
2024-07-29 10:39:45,344 RobotKinematics.cpp:199 [INFO] Load EncoderPerDegree Right: 106.7 91.02 101.94 101.94
2024-07-29 10:39:45,344 RobotKinematics.cpp:208 [INFO] Load CompensationRatio Right = 0
2024-07-29 10:39:45,344 RobotKinematics.cpp:211 [INFO] Successfully load the right Instrument Infomation: 
2024-07-29 10:39:50,430 RobotKinematics.cpp:296 [INFO] controlValueCur_L: [0, 0, 0, 0, 0, 0, 0, 0]
2024-07-29 10:39:50,435 RobotKinematics.cpp:296 [INFO] controlValueCur_L: [-0.0090332, 0.00168991, -0.00749588, -0.00749588, 0.00989151, -0.0365806, -0.00282478, 0]
2024-07-29 10:39:50,440 RobotKinematics.cpp:296 [INFO] controlValueCur_L: [-0.0356293, -0.0048027, 0.01226, 0.01226, 0.0159283, -0.053041, -0.00285339, 0]
2024-07-29 10:39:50,446 RobotKinematics.cpp:296 [INFO] controlValueCur_L: [-0.0400543, -0.01614, -0.00143051, -0.00143051, 0.0181017, -0.0672851, -0.00330353, 0]
2024-07-29 10:39:50,451 RobotKinematics.cpp:296 [INFO] controlValueCur_L: [-0.0942841, -0.00183105, 0.0109258, 0.0109258, 0.0223007, -0.0822558, -0.00303078, 0]
2024-07-29 10:39:50,456 RobotKinematics.cpp:296 [INFO] controlValueCur_L: [-0.126266, -0.0199852, -0.00759506, -0.00759506, 0.0275316, -0.110488, -0.0024929, 0]
2024-07-29 10:39:50,461 RobotKinematics.cpp:296 [INFO] controlValueCur_L: [-0.133408, -0.0277138, -0.00463486, -0.00463486, 0.0268574, -0.123767, -0.00382042, 0]
2024-07-29 10:39:50,467 RobotKinematics.cpp:296 [INFO] controlValueCur_L: [-0.14801, -0.0383148, 0.00759935, 0.00759935, 0.0289803, -0.136661, -0.00458336, 0]
2024-07-29 10:39:50,472 RobotKinematics.cpp:296 [INFO] controlValueCur_L: [-0.2314, 0.00303268, 0.0153394, 0.0153394, 0.0285778, -0.164145, -0.00567436, 0]
2024-07-29 10:39:50,477 RobotKinematics.cpp:296 [INFO] controlValueCur_L: [-0.2314, 0.00303268, 0.0153394, 0.0153394, 0.0285778, -0.164145, -0.00567436, 0]
2024-07-29 10:39:50,482 RobotKinematics.cpp:296 [INFO] controlValueCur_L: [-0.327118, 0.000431061, 0.0107079, 0.0107079, 0.0307474, -0.197358, -0.00375366, 0]
2024-07-29 10:39:50,487 RobotKinematics.cpp:296 [INFO] controlValueCur_L: [-0.37825, -0.0139656, 0.0386801, 0.0386801, 0.0280876, -0.218237, -0.00450134, 0]
2024-07-29 10:39:50,493 RobotKinematics.cpp:296 [INFO] controlValueCur_L: [-0.437347, -0.00781631, 0.0651631, 0.0651631, 0.0297794, -0.237215, -0.00515938, 0]
2024-07-29 10:39:50,498 RobotKinematics.cpp:296 [INFO] controlValueCur_L: [-0.493164, -0.0290108, -0.00278282, -0.00278282, 0.0297937, -0.274664, -0.00662804, 0]
2024-07-29 10:39:50,503 RobotKinematics.cpp:296 [INFO] controlValueCur_L: [-0.512177, -0.0642586, -0.0439844, -0.0439844, 0.030365, -0.294092, -0.00657654, 0]
2024-07-29 10:39:50,508 RobotKinematics.cpp:296 [INFO] controlValueCur_L: [-0.573715, -0.0511131, 0.00959158, 0.00959158, 0.031106, -0.313537, -0.00595474, 0]
2024-07-29 10:39:50,513 RobotKinematics.cpp:296 [INFO] controlValueCur_L: [-0.570099, -0.0181847, 0.00947666, 0.00947666, 0.0355301, -0.35717, -0.00319672, 0]
2024-07-29 10:39:50,519 RobotKinematics.cpp:296 [INFO] controlValueCur_L: [-0.570099, -0.0181847, 0.00947666, 0.00947666, 0.0355301, -0.35717, -0.00319672, 0]
2024-07-29 10:39:50,524 RobotKinematics.cpp:296 [INFO] controlValueCur_L: [-0.508163, 0.00730515, 0.0187335, 0.0187335, 0.0381966, -0.401964, -0.00234222, 0]
2024-07-29 10:39:50,529 RobotKinematics.cpp:296 [INFO] controlValueCur_L: [-0.509827, -0.0220985, 0.0319223, 0.0319223, 0.0380297, -0.422543, -0.00263596, 0]
2024-07-29 10:39:50,534 RobotKinematics.cpp:296 [INFO] controlValueCur_L: [-0.454254, -0.0174866, 0.0514364, 0.0514364, 0.0396061, -0.444846, -0.00117493, 0]
2024-07-29 10:39:50,540 RobotKinematics.cpp:296 [INFO] controlValueCur_L: [-0.296219, -0.0502472, 0.0864244, 0.0864244, 0.0387907, -0.485301, 0.00034523, 0]
2024-07-29 10:39:50,545 RobotKinematics.cpp:296 [INFO] controlValueCur_L: [-0.216949, -0.0423431, 0.0848722, 0.0848722, 0.0366936, -0.504225, 0.000246048, 0]
2024-07-29 10:39:50,550 RobotKinematics.cpp:296 [INFO] controlValueCur_L: [-0.139297, -0.0171776, 0.0505276, 0.0505276, 0.0374908, -0.523512, 0.00110435, 0]
2024-07-29 10:39:50,555 RobotKinematics.cpp:296 [INFO] controlValueCur_L: [-0.121262, -0.00365067, 0.0530677, 0.0530677, 0.0352926, -0.566357, 0.000429153, 0]
2024-07-29 10:39:50,560 RobotKinematics.cpp:296 [INFO] controlValueCur_L: [-0.143112, -0.0082283, 0.0509515, 0.0509515, 0.0319786, -0.58504, -0.000961304, 0]
2024-07-29 10:39:50,566 RobotKinematics.cpp:296 [INFO] controlValueCur_L: [-0.146759, -0.00255585, 0.0451031, 0.0451031, 0.0335331, -0.603931, -0.00102043, 0]
2024-07-29 10:39:50,571 RobotKinematics.cpp:296 [INFO] controlValueCur_L: [-0.144638, -0.00232315, 0.0358329, 0.0358329, 0.0333223, -0.640523, -0.000659943, 0]
2024-07-29 10:39:50,576 RobotKinematics.cpp:296 [INFO] controlValueCur_L: [-0.144638, -0.00232315, 0.0358329, 0.0358329, 0.0333223, -0.640523, -0.000659943, 0]
2024-07-29 10:39:50,581 RobotKinematics.cpp:296 [INFO] controlValueCur_L: [-0.110306, 0.000667572, 0.00757742, 0.00757742, 0.0328283, -0.675391, -0.001091, 0]
2024-07-29 10:39:50,586 RobotKinematics.cpp:296 [INFO] controlValueCur_L: [-0.0889435, -0.00408936, 0.00462103, 0.00462103, 0.0328922, -0.691912, -0.00199509, 0]
2024-07-29 10:39:50,592 RobotKinematics.cpp:296 [INFO] controlValueCur_L: [-0.0550537, -0.00130844, -0.0315976, -0.0315976, 0.0332336, -0.711068, -0.00223923, 0]
2024-07-29 10:39:50,597 RobotKinematics.cpp:296 [INFO] controlValueCur_L: [-0.0318298, 0.00411224, -0.014204, -0.014204, 0.0338411, -0.727737, -0.0025425, 0]
2024-07-29 10:39:50,602 RobotKinematics.cpp:296 [INFO] controlValueCur_L: [-0.00585938, 0.00569534, -0.00473309, -0.00473309, 0.0356789, -0.76726, -0.00246429, 0]
2024-07-29 10:39:50,607 RobotKinematics.cpp:296 [INFO] controlValueCur_L: [0.00775146, 0.00470352, -0.0173464, -0.0173464, 0.0374737, -0.784229, -0.00208282, 0]
2024-07-29 10:39:50,612 RobotKinematics.cpp:296 [INFO] controlValueCur_L: [-0.00862122, -0.0060463, -0.0025692, -0.0025692, 0.0384541, -0.801196, -0.00203133, 0]
2024-07-29 10:39:50,618 RobotKinematics.cpp:296 [INFO] controlValueCur_L: [-0.018158, -0.0075798, -0.0145111, -0.0145111, 0.0389881, -0.816849, -0.00239754, 0]
2024-07-29 10:39:50,623 RobotKinematics.cpp:296 [INFO] controlValueCur_L: [-0.0704956, -0.023037, -0.00613022, -0.00613022, 0.041029, -0.84811, -0.00370026, 0]
2024-07-29 10:39:50,628 RobotKinematics.cpp:296 [INFO] controlValueCur_L: [-0.0913239, -0.0163193, -0.0236402, -0.0236402, 0.042304, -0.863739, -0.00503731, 0]
2024-07-29 10:39:50,633 RobotKinematics.cpp:296 [INFO] controlValueCur_L: [-0.131454, -0.022728, -0.00830317, -0.00830317, 0.0444784, -0.879627, -0.00716209, 0]
2024-07-29 10:39:50,639 RobotKinematics.cpp:296 [INFO] controlValueCur_L: [-0.165253, -0.0239487, -0.0261998, -0.0261998, 0.0430393, -0.893014, -0.010685, 0]
2024-07-29 10:39:50,644 RobotKinematics.cpp:296 [INFO] controlValueCur_L: [-0.340317, -0.0595207, -0.0335836, -0.0335836, 0.0494461, -0.916675, -0.0151081, 0]
2024-07-29 10:39:50,649 RobotKinematics.cpp:296 [INFO] controlValueCur_L: [-0.506592, -0.0630989, -0.0082984, -0.0082984, 0.0494051, -0.926108, -0.0173092, 0]
2024-07-29 10:39:50,654 RobotKinematics.cpp:296 [INFO] controlValueCur_L: [-0.704697, -0.109283, -0.0265179, -0.0265179, 0.049016, -0.935459, -0.0193748, 0]
2024-07-29 10:39:50,659 RobotKinematics.cpp:296 [INFO] controlValueCur_L: [-0.909531, -0.0857468, -0.00257158, -0.00257158, 0.0501137, -0.942571, -0.0216007, 0]
2024-07-29 10:39:50,664 RobotKinematics.cpp:296 [INFO] controlValueCur_L: [-1.1093, -0.0497894, 0.0513563, 0.0513563, 0.0505342, -0.956497, -0.0268002, 0]
2024-07-29 10:39:50,670 RobotKinematics.cpp:296 [INFO] controlValueCur_L: [-1.1093, -0.0497894, 0.0513563, 0.0513563, 0.0505342, -0.956497, -0.0268002, 0]
2024-07-29 10:39:50,675 RobotKinematics.cpp:296 [INFO] controlValueCur_L: [-1.07613, -0.0131416, 0.0725517, 0.0725517, 0.0515366, -0.969071, -0.0322838, 0]
2024-07-29 10:39:50,680 RobotKinematics.cpp:296 [INFO] controlValueCur_L: [-1.1243, -0.0532532, 0.0863566, 0.0863566, 0.0531855, -0.979033, -0.0371189, 0]
2024-07-29 10:39:50,685 RobotKinematics.cpp:296 [INFO] controlValueCur_L: [-1.1243, -0.0532532, 0.0863566, 0.0863566, 0.0531855, -0.979033, -0.0371189, 0]
2024-07-29 10:39:50,690 RobotKinematics.cpp:296 [INFO] controlValueCur_L: [-1.21077, -0.104847, 0.0556369, 0.0556369, 0.0555754, -0.987229, -0.0408154, 0]
2024-07-29 10:39:50,696 RobotKinematics.cpp:296 [INFO] controlValueCur_L: [-1.27911, -0.0815315, 0.0881391, 0.0881391, 0.0554543, -0.991164, -0.042738, 0]
2024-07-29 10:39:50,701 RobotKinematics.cpp:296 [INFO] controlValueCur_L: [-1.28033, -0.129692, 0.0720363, 0.0720363, 0.0590429, -0.993399, -0.0437183, 0]
2024-07-29 10:39:50,706 RobotKinematics.cpp:296 [INFO] controlValueCur_L: [-1.34497, -0.108658, 0.0733924, 0.0733924, 0.0638247, -0.998225, -0.0460873, 0]
2024-07-29 10:39:50,711 RobotKinematics.cpp:296 [INFO] controlValueCur_L: [-1.37332, -0.112434, 0.0623431, 0.0623431, 0.0676422, -1.00142, -0.0468121, 0]
2024-07-29 10:39:50,716 RobotKinematics.cpp:296 [INFO] controlValueCur_L: [-1.43329, -0.0955582, 0.0850191, 0.0850191, 0.0698032, -1.0012, -0.0480881, 0]
2024-07-29 10:39:50,722 RobotKinematics.cpp:296 [INFO] controlValueCur_L: [-1.46304, -0.0972862, 0.0562291, 0.0562291, 0.0745687, -1.00227, -0.0495338, 0]
2024-07-29 10:39:50,727 RobotKinematics.cpp:296 [INFO] controlValueCur_L: [-1.46304, -0.0972862, 0.0562291, 0.0562291, 0.0745687, -1.00227, -0.0495338, 0]
2024-07-29 10:39:50,732 RobotKinematics.cpp:296 [INFO] controlValueCur_L: [-1.42599, -0.131844, 0.0554299, 0.0554299, 0.079298, -1.00067, -0.0497169, 0]
2024-07-29 10:39:50,737 RobotKinematics.cpp:296 [INFO] controlValueCur_L: [-1.44252, -0.14043, 0.0351057, 0.0351057, 0.0799294, -0.999353, -0.0497379, 0]
2024-07-29 10:39:50,743 RobotKinematics.cpp:296 [INFO] controlValueCur_L: [-1.45671, -0.117645, 0.0567708, 0.0567708, 0.0818348, -0.996648, -0.0495701, 0]
2024-07-29 10:39:50,748 RobotKinematics.cpp:296 [INFO] controlValueCur_L: [-1.58788, -0.128479, 0.0516267, 0.0516267, 0.0834618, -0.991041, -0.0499306, 0]
2024-07-29 10:39:50,753 RobotKinematics.cpp:296 [INFO] controlValueCur_L: [-1.59071, -0.18853, -0.0220113, -0.0220113, 0.0840101, -0.988186, -0.0504189, 0]
2024-07-29 10:39:50,758 RobotKinematics.cpp:296 [INFO] controlValueCur_L: [-1.63913, -0.14843, 0.0354652, 0.0354652, 0.0851059, -0.985356, -0.0507774, 0]
2024-07-29 10:39:50,763 RobotKinematics.cpp:296 [INFO] controlValueCur_L: [-1.66994, -0.113384, 0.0592175, 0.0592175, 0.0868731, -0.980714, -0.0518646, 0]
2024-07-29 10:39:50,768 RobotKinematics.cpp:296 [INFO] controlValueCur_L: [-1.66994, -0.113384, 0.0592175, 0.0592175, 0.0868731, -0.980714, -0.0518646, 0]
2024-07-29 10:39:50,774 RobotKinematics.cpp:296 [INFO] controlValueCur_L: [-1.72141, -0.166092, 0.0958924, 0.0958924, 0.0894957, -0.977611, -0.0522652, 0]
2024-07-29 10:39:50,779 RobotKinematics.cpp:296 [INFO] controlValueCur_L: [-1.66289, -0.134701, 0.029511, 0.029511, 0.0905533, -0.975985, -0.0522232, 0]
2024-07-29 10:39:50,784 RobotKinematics.cpp:296 [INFO] controlValueCur_L: [-1.7307, -0.153099, 0.0655828, 0.0655828, 0.0925522, -0.974004, -0.0517693, 0]
2024-07-29 10:39:50,789 RobotKinematics.cpp:296 [INFO] controlValueCur_L: [-1.77644, -0.132217, 0.0654845, 0.0654845, 0.096179, -0.970541, -0.0499268, 0]
2024-07-29 10:39:50,794 RobotKinematics.cpp:296 [INFO] controlValueCur_L: [-1.77249, -0.153152, 0.114589, 0.114589, 0.0973434, -0.96768, -0.0489731, 0]
2024-07-29 10:39:50,800 RobotKinematics.cpp:296 [INFO] controlValueCur_L: [-1.67709, -0.155727, 0.0710683, 0.0710683, 0.0996294, -0.965561, -0.0475101, 0]
2024-07-29 10:39:50,805 RobotKinematics.cpp:296 [INFO] controlValueCur_L: [-1.63753, -0.117924, 0.0582719, 0.0582719, 0.100954, -0.96264, -0.0462532, 0]
2024-07-29 10:39:50,810 RobotKinematics.cpp:296 [INFO] controlValueCur_L: [-1.49666, -0.112026, 0.0716825, 0.0716825, 0.103935, -0.956795, -0.04352, 0]
2024-07-29 10:39:50,815 RobotKinematics.cpp:296 [INFO] controlValueCur_L: [-1.44051, -0.118813, 0.0797439, 0.0797439, 0.105836, -0.953683, -0.0419407, 0]
2024-07-29 10:39:50,820 RobotKinematics.cpp:296 [INFO] controlValueCur_L: [-1.43454, -0.0958595, 0.077796, 0.077796, 0.106767, -0.949929, -0.040575, 0]
2024-07-29 10:39:50,826 RobotKinematics.cpp:296 [INFO] controlValueCur_L: [-1.41946, -0.117924, 0.078589, 0.078589, 0.108039, -0.94643, -0.0390244, 0]
2024-07-29 10:39:50,831 RobotKinematics.cpp:296 [INFO] controlValueCur_L: [-1.42033, -0.124714, 0.0529561, 0.0529561, 0.10924, -0.939394, -0.0358143, 0]
2024-07-29 10:39:50,836 RobotKinematics.cpp:296 [INFO] controlValueCur_L: [-1.42194, -0.12011, 0.0564685, 0.0564685, 0.108838, -0.934928, -0.0342979, 0]
2024-07-29 10:39:50,841 RobotKinematics.cpp:296 [INFO] controlValueCur_L: [-1.37579, -0.125179, 0.0134873, 0.0134873, 0.109069, -0.930174, -0.0319996, 0]
2024-07-29 10:39:50,846 RobotKinematics.cpp:296 [INFO] controlValueCur_L: [-1.37163, -0.0906639, 0.0494313, 0.0494313, 0.10842, -0.924417, -0.0294743, 0]
2024-07-29 10:39:50,851 RobotKinematics.cpp:296 [INFO] controlValueCur_L: [-1.35201, -0.0890961, 0.0237336, 0.0237336, 0.106936, -0.908664, -0.023283, 0]
2024-07-29 10:39:50,857 RobotKinematics.cpp:296 [INFO] controlValueCur_L: [-1.3475, -0.100727, 0.0262508, 0.0262508, 0.10503, -0.898258, -0.0200958, 0]
2024-07-29 10:39:50,862 RobotKinematics.cpp:296 [INFO] controlValueCur_L: [-1.33913, -0.0938683, 0.0192857, 0.0192857, 0.102549, -0.887027, -0.0168037, 0]
2024-07-29 10:39:50,867 RobotKinematics.cpp:296 [INFO] controlValueCur_L: [-1.35301, -0.0975456, 0.0311241, 0.0311241, 0.0998564, -0.873922, -0.0136585, 0]
2024-07-29 10:39:50,872 RobotKinematics.cpp:296 [INFO] controlValueCur_L: [-1.36723, -0.0949898, 0.02667, 0.02667, 0.093792, -0.844636, -0.00720215, 0]
2024-07-29 10:39:50,877 RobotKinematics.cpp:296 [INFO] controlValueCur_L: [-1.38278, -0.0934181, 0.0393925, 0.0393925, 0.0897264, -0.8287, -0.00407982, 0]
2024-07-29 10:39:50,883 RobotKinematics.cpp:296 [INFO] controlValueCur_L: [-1.3839, -0.0987129, 0.0311842, 0.0311842, 0.0880985, -0.8129, -0.00019455, 0]
2024-07-29 10:39:50,888 RobotKinematics.cpp:296 [INFO] controlValueCur_L: [-1.37289, -0.0888557, 0.0323486, 0.0323486, 0.0863152, -0.79688, 0.00404739, 0]
2024-07-29 10:39:50,893 RobotKinematics.cpp:296 [INFO] controlValueCur_L: [-1.27098, -0.0846443, 0.0298586, 0.0298586, 0.0832767, -0.765485, 0.0138302, 0]
2024-07-29 10:39:50,898 RobotKinematics.cpp:296 [INFO] controlValueCur_L: [-1.19931, -0.103115, 0.018693, 0.018693, 0.0812168, -0.748473, 0.0193787, 0]
2024-07-29 10:39:50,903 RobotKinematics.cpp:296 [INFO] controlValueCur_L: [-1.13644, -0.0763817, 0.0624342, 0.0624342, 0.080411, -0.733561, 0.0265007, 0]
2024-07-29 10:39:50,908 RobotKinematics.cpp:296 [INFO] controlValueCur_L: [-0.992081, -0.0855255, 0.019197, 0.019197, 0.0795498, -0.714935, 0.0338097, 0]
2024-07-29 10:39:50,914 RobotKinematics.cpp:296 [INFO] controlValueCur_L: [-0.708908, -0.0145264, -0.0197692, -0.0197692, 0.0799303, -0.679449, 0.0506687, 0]
2024-07-29 10:39:50,919 RobotKinematics.cpp:296 [INFO] controlValueCur_L: [-0.708908, -0.0145264, -0.0197692, -0.0197692, 0.0799303, -0.679449, 0.0506687, 0]
2024-07-29 10:39:50,924 RobotKinematics.cpp:296 [INFO] controlValueCur_L: [-0.61232, -0.0129929, -0.00973368, -0.00973368, 0.082675, -0.642972, 0.0691833, 0]
2024-07-29 10:39:50,929 RobotKinematics.cpp:296 [INFO] controlValueCur_L: [-0.650528, -0.0370293, 0.00574875, 0.00574875, 0.0803337, -0.622722, 0.0777588, 0]
2024-07-29 10:39:50,934 RobotKinematics.cpp:296 [INFO] controlValueCur_L: [-0.639954, -0.0378532, -0.0168242, -0.0168242, 0.0831442, -0.603063, 0.0878239, 0]
2024-07-29 10:39:50,939 RobotKinematics.cpp:296 [INFO] controlValueCur_L: [-0.576019, -0.0681953, 0.0361462, 0.0361462, 0.0836048, -0.559436, 0.107315, 0]
2024-07-29 10:39:50,945 RobotKinematics.cpp:296 [INFO] controlValueCur_L: [-0.504196, -0.0215797, -0.00927544, -0.00927544, 0.0839586, -0.537012, 0.117809, 0]
2024-07-29 10:39:50,950 RobotKinematics.cpp:296 [INFO] controlValueCur_L: [-0.450577, -0.0611382, 0.0488329, 0.0488329, 0.0832195, -0.512656, 0.128185, 0]
2024-07-29 10:39:50,955 RobotKinematics.cpp:296 [INFO] controlValueCur_L: [-0.322357, -0.0685463, -0.00373697, -0.00373697, 0.0820246, -0.46163, 0.149483, 0]
2024-07-29 10:39:50,960 RobotKinematics.cpp:296 [INFO] controlValueCur_L: [-0.322357, -0.0685463, -0.00373697, -0.00373697, 0.0820246, -0.46163, 0.149483, 0]
2024-07-29 10:39:50,965 RobotKinematics.cpp:296 [INFO] controlValueCur_L: [-0.116089, 0.045742, 0.0465212, 0.0465212, 0.080287, -0.407834, 0.17161, 0]
2024-07-29 10:39:50,971 RobotKinematics.cpp:296 [INFO] controlValueCur_L: [-0.0783386, -0.0152283, -0.0344844, -0.0344844, 0.0793381, -0.380662, 0.183804, 0]
2024-07-29 10:39:50,976 RobotKinematics.cpp:296 [INFO] controlValueCur_L: [-0.222397, 0.0194016, 0.0376329, 0.0376329, 0.0780659, -0.354032, 0.196152, 0]
2024-07-29 10:39:50,981 RobotKinematics.cpp:296 [INFO] controlValueCur_L: [-0.380386, -0.0158157, -0.0255194, -0.0255194, 0.0719156, -0.304816, 0.218821, 0]
2024-07-29 10:39:50,986 RobotKinematics.cpp:296 [INFO] controlValueCur_L: [-0.500381, -0.0554695, 0.00863743, 0.00863743, 0.0685997, -0.282687, 0.228897, 0]
2024-07-29 10:39:50,991 RobotKinematics.cpp:296 [INFO] controlValueCur_L: [-0.607407, -0.0217247, -0.0215602, -0.0215602, 0.0652637, -0.262399, 0.23793, 0]
2024-07-29 10:39:50,997 RobotKinematics.cpp:296 [INFO] controlValueCur_L: [-0.755341, -0.0693626, -0.0481281, -0.0481281, 0.0589638, -0.22547, 0.252569, 0]
2024-07-29 10:39:51,002 RobotKinematics.cpp:296 [INFO] controlValueCur_L: [-0.755341, -0.0693626, -0.0481281, -0.0481281, 0.0589638, -0.22547, 0.252569, 0]
2024-07-29 10:39:51,007 RobotKinematics.cpp:296 [INFO] controlValueCur_L: [-0.992569, -0.0811996, -0.026557, -0.026557, 0.0508327, -0.190303, 0.263662, 0]
2024-07-29 10:39:51,012 RobotKinematics.cpp:296 [INFO] controlValueCur_L: [-1.10712, -0.0880013, 0.0463338, 0.0463338, 0.0464373, -0.17294, 0.269384, 0]
2024-07-29 10:39:51,018 RobotKinematics.cpp:296 [INFO] controlValueCur_L: [-1.1386, -0.0684891, 0.0393491, 0.0393491, 0.0435066, -0.157252, 0.276735, 0]
2024-07-29 10:39:51,023 RobotKinematics.cpp:296 [INFO] controlValueCur_L: [-1.24257, -0.11026, 0.0439615, 0.0439615, 0.0346718, -0.1234, 0.290695, 0]
2024-07-29 10:39:51,028 RobotKinematics.cpp:296 [INFO] controlValueCur_L: [-1.26352, -0.0811005, 0.0768352, 0.0768352, 0.02806, -0.105924, 0.296785, 0]
2024-07-29 10:39:51,033 RobotKinematics.cpp:296 [INFO] controlValueCur_L: [-1.2907, -0.10709, 0.0616074, 0.0616074, 0.025322, -0.0883822, 0.303242, 0]
2024-07-29 10:39:51,038 RobotKinematics.cpp:296 [INFO] controlValueCur_L: [-1.35541, -0.107883, 0.0960741, 0.0960741, 0.0162325, -0.0511422, 0.314173, 0]
2024-07-29 10:39:51,044 RobotKinematics.cpp:296 [INFO] controlValueCur_L: [-1.36711, -0.10453, 0.0972733, 0.0972733, 0.00971699, -0.0309997, 0.319237, 0]
2024-07-29 10:39:51,049 RobotKinematics.cpp:296 [INFO] controlValueCur_L: [-1.35271, -0.0881386, 0.0732818, 0.0732818, 0.00726604, -0.0105076, 0.325144, 0]
2024-07-29 10:39:51,054 RobotKinematics.cpp:296 [INFO] controlValueCur_L: [-1.36865, -0.0947571, 0.0995569, 0.0995569, 0.00286674, 0.0105062, 0.331095, 0]
2024-07-29 10:39:51,059 RobotKinematics.cpp:296 [INFO] controlValueCur_L: [-1.3515, -0.118526, 0.0705576, 0.0705576, -0.00069046, 0.0322175, 0.33721, 0]
2024-07-29 10:39:51,065 RobotKinematics.cpp:296 [INFO] controlValueCur_L: [-1.40567, -0.130714, 0.0495214, 0.0495214, -0.0119734, 0.0782433, 0.347883, 0]
2024-07-29 10:39:51,070 RobotKinematics.cpp:296 [INFO] controlValueCur_L: [-1.45413, -0.138149, 0.0646033, 0.0646033, -0.0197153, 0.101637, 0.352814, 0]
2024-07-29 10:39:51,075 RobotKinematics.cpp:296 [INFO] controlValueCur_L: [-1.43675, -0.125919, 0.0714283, 0.0714283, -0.0251513, 0.126406, 0.358316, 0]
2024-07-29 10:39:51,080 RobotKinematics.cpp:296 [INFO] controlValueCur_L: [-1.38008, -0.136742, 0.0571351, 0.0571351, -0.0325794, 0.148631, 0.364264, 0]
2024-07-29 10:39:51,085 RobotKinematics.cpp:296 [INFO] controlValueCur_L: [-1.30658, -0.109783, 0.0685315, 0.0685315, -0.0513239, 0.194432, 0.375626, 0]
2024-07-29 10:39:51,091 RobotKinematics.cpp:296 [INFO] controlValueCur_L: [-1.23134, -0.0960732, 0.0662208, 0.0662208, -0.0608749, 0.218012, 0.380758, 0]
2024-07-29 10:39:51,096 RobotKinematics.cpp:296 [INFO] controlValueCur_L: [-1.17725, -0.0918732, 0.0676646, 0.0676646, -0.0720797, 0.240348, 0.385674, 0]
2024-07-29 10:39:51,101 RobotKinematics.cpp:296 [INFO] controlValueCur_L: [-1.13902, -0.0932541, 0.0669761, 0.0669761, -0.0842152, 0.264001, 0.3899, 0]
2024-07-29 10:39:51,106 RobotKinematics.cpp:296 [INFO] controlValueCur_L: [-1.07736, -0.0821075, 0.0532327, 0.0532327, -0.112074, 0.31267, 0.397829, 0]
2024-07-29 10:39:51,111 RobotKinematics.cpp:296 [INFO] controlValueCur_L: [-1.03908, -0.0714378, 0.0322356, 0.0322356, -0.12861, 0.338212, 0.401173, 0]
2024-07-29 10:39:51,117 RobotKinematics.cpp:296 [INFO] controlValueCur_L: [-1.00914, -0.0845375, 0.0400219, 0.0400219, -0.143048, 0.363245, 0.405342, 0]
2024-07-29 10:39:51,122 RobotKinematics.cpp:296 [INFO] controlValueCur_L: [-0.973114, -0.0741272, 0.034842, 0.034842, -0.159606, 0.38797, 0.408669, 0]
2024-07-29 10:39:51,127 RobotKinematics.cpp:296 [INFO] controlValueCur_L: [-0.899841, -0.0979424, 0.0469446, 0.0469446, -0.192708, 0.438035, 0.416714, 0]
2024-07-29 10:39:51,132 RobotKinematics.cpp:296 [INFO] controlValueCur_L: [-0.884064, -0.0860634, 0.0504198, 0.0504198, -0.209505, 0.462525, 0.421419, 0]
2024-07-29 10:39:51,137 RobotKinematics.cpp:296 [INFO] controlValueCur_L: [-0.892395, -0.107555, 0.0292482, 0.0292482, -0.228155, 0.486341, 0.425865, 0]
2024-07-29 10:39:51,143 RobotKinematics.cpp:296 [INFO] controlValueCur_L: [-0.922211, -0.101341, 0.0385299, 0.0385299, -0.244183, 0.509965, 0.431177, 0]
2024-07-29 10:39:51,148 RobotKinematics.cpp:296 [INFO] controlValueCur_L: [-0.961578, -0.101753, 0.0293117, 0.0293117, -0.279718, 0.557991, 0.441473, 0]
2024-07-29 10:39:51,153 RobotKinematics.cpp:296 [INFO] controlValueCur_L: [-0.962418, -0.0876427, 0.0359778, 0.0359778, -0.298203, 0.581696, 0.447424, 0]
2024-07-29 10:39:51,158 RobotKinematics.cpp:296 [INFO] controlValueCur_L: [-0.95282, -0.0930634, 0.0350914, 0.0350914, -0.31621, 0.605836, 0.454071, 0]
2024-07-29 10:39:51,163 RobotKinematics.cpp:296 [INFO] controlValueCur_L: [-0.945984, -0.0934944, 0.0353355, 0.0353355, -0.355866, 0.653915, 0.469072, 0]
2024-07-29 10:39:51,169 RobotKinematics.cpp:296 [INFO] controlValueCur_L: [-0.945984, -0.0934944, 0.0353355, 0.0353355, -0.355866, 0.653915, 0.469072, 0]
2024-07-29 10:39:51,174 RobotKinematics.cpp:296 [INFO] controlValueCur_L: [-0.919067, -0.102737, 0.0260959, 0.0260959, -0.398521, 0.697922, 0.490673, 0]
2024-07-29 10:39:51,179 RobotKinematics.cpp:296 [INFO] controlValueCur_L: [-0.893784, -0.104721, 0.0331421, 0.0331421, -0.41985, 0.718946, 0.503643, 0]
2024-07-29 10:39:51,184 RobotKinematics.cpp:296 [INFO] controlValueCur_L: [-0.856491, -0.0970955, 0.0559549, 0.0559549, -0.442389, 0.739697, 0.51667, 0]
2024-07-29 10:39:51,189 RobotKinematics.cpp:296 [INFO] controlValueCur_L: [-0.772934, -0.113518, 0.028985, 0.028985, -0.488746, 0.778893, 0.543489, 0]
2024-07-29 10:39:51,194 RobotKinematics.cpp:296 [INFO] controlValueCur_L: [-0.770981, -0.0622025, 0.0207486, 0.0207486, -0.511581, 0.795828, 0.558115, 0]
2024-07-29 10:39:51,200 RobotKinematics.cpp:296 [INFO] controlValueCur_L: [-0.769424, -0.0942802, 0.0125928, 0.0125928, -0.535252, 0.813726, 0.572407, 0]
2024-07-29 10:39:51,205 RobotKinematics.cpp:296 [INFO] controlValueCur_L: [-0.776474, -0.0673676, 0.00491714, 0.00491714, -0.5831, 0.845431, 0.602892, 0]
2024-07-29 10:39:51,210 RobotKinematics.cpp:296 [INFO] controlValueCur_L: [-0.776474, -0.0673676, 0.00491714, 0.00491714, -0.5831, 0.845431, 0.602892, 0]
2024-07-29 10:39:51,215 RobotKinematics.cpp:296 [INFO] controlValueCur_L: [-0.765396, -0.077919, 0.00439978, 0.00439978, -0.632205, 0.874309, 0.635963, 0]
2024-07-29 10:39:51,220 RobotKinematics.cpp:296 [INFO] controlValueCur_L: [-0.747437, -0.0561638, 0.0171113, 0.0171113, -0.659504, 0.88658, 0.653881, 0]
2024-07-29 10:39:51,226 RobotKinematics.cpp:296 [INFO] controlValueCur_L: [-0.721634, -0.0465164, 0.0113082, 0.0113082, -0.683432, 0.897678, 0.67445, 0]
2024-07-29 10:39:51,231 RobotKinematics.cpp:296 [INFO] controlValueCur_L: [-0.697952, -0.0570259, 0.00872421, 0.00872421, -0.733993, 0.917673, 0.715307, 0]
2024-07-29 10:39:51,236 RobotKinematics.cpp:296 [INFO] controlValueCur_L: [-0.698669, -0.0574417, 0.00549746, 0.00549746, -0.761938, 0.926269, 0.735214, 0]
2024-07-29 10:39:51,241 RobotKinematics.cpp:296 [INFO] controlValueCur_L: [-0.719223, -0.0768776, 0.0146842, 0.0146842, -0.784552, 0.933812, 0.756149, 0]
2024-07-29 10:39:51,247 RobotKinematics.cpp:296 [INFO] controlValueCur_L: [-0.758163, -0.079628, 0.0204539, 0.0204539, -0.833754, 0.947581, 0.796471, 0]
2024-07-29 10:39:51,252 RobotKinematics.cpp:296 [INFO] controlValueCur_L: [-0.758163, -0.079628, 0.0204539, 0.0204539, -0.833754, 0.947581, 0.796471, 0]
2024-07-29 10:39:51,257 RobotKinematics.cpp:296 [INFO] controlValueCur_L: [-0.777817, -0.0686302, 0.0194302, 0.0194302, -0.882191, 0.958158, 0.836168, 0]
2024-07-29 10:39:51,262 RobotKinematics.cpp:296 [INFO] controlValueCur_L: [-0.816284, -0.0651817, 0.0449815, 0.0449815, -0.905937, 0.962654, 0.85508, 0]
2024-07-29 10:39:51,267 RobotKinematics.cpp:296 [INFO] controlValueCur_L: [-0.823257, -0.0704575, 0.037612, 0.037612, -0.928676, 0.967139, 0.873844, 0]
2024-07-29 10:39:51,272 RobotKinematics.cpp:296 [INFO] controlValueCur_L: [-0.818497, -0.0702286, 0.0204988, 0.0204988, -0.975811, 0.975994, 0.909246, 0]
2024-07-29 10:39:51,278 RobotKinematics.cpp:296 [INFO] controlValueCur_L: [-0.825119, -0.0462112, 0.0221615, 0.0221615, -1.00101, 0.981122, 0.926458, 0]
2024-07-29 10:39:51,283 RobotKinematics.cpp:296 [INFO] controlValueCur_L: [-0.828888, -0.0660057, 0.016088, 0.016088, -1.02482, 0.987786, 0.943182, 0]
2024-07-29 10:39:51,288 RobotKinematics.cpp:296 [INFO] controlValueCur_L: [-0.839905, -0.0549011, 0.0291009, 0.0291009, -1.0507, 0.994848, 0.958897, 0]
2024-07-29 10:39:51,293 RobotKinematics.cpp:296 [INFO] controlValueCur_L: [-0.850143, -0.0448532, 0.0343156, 0.0343156, -1.10287, 1.00884, 0.988499, 0]
2024-07-29 10:39:51,298 RobotKinematics.cpp:296 [INFO] controlValueCur_L: [-0.872437, -0.0510826, 0.0429339, 0.0429339, -1.12911, 1.01668, 1.00198, 0]
2024-07-29 10:39:51,304 RobotKinematics.cpp:296 [INFO] controlValueCur_L: [-0.898865, -0.0561218, 0.0489168, 0.0489168, -1.15556, 1.02394, 1.01616, 0]
2024-07-29 10:39:51,309 RobotKinematics.cpp:296 [INFO] controlValueCur_L: [-0.93869, -0.070507, 0.0611372, 0.0611372, -1.18189, 1.03164, 1.02982, 0]
2024-07-29 10:39:51,314 RobotKinematics.cpp:296 [INFO] controlValueCur_L: [-1.02661, -0.1012, 0.084568, 0.084568, -1.2082, 1.03906, 1.04375, 0]
2024-07-29 10:39:51,319 RobotKinematics.cpp:296 [INFO] controlValueCur_L: [-1.22772, -0.147732, 0.0827622, 0.0827622, -1.25471, 1.06224, 1.05996, 0]
2024-07-29 10:39:51,324 RobotKinematics.cpp:296 [INFO] controlValueCur_L: [-1.39861, -0.125835, 0.124928, 0.124928, -1.28319, 1.0683, 1.06815, 0]
2024-07-29 10:39:51,330 RobotKinematics.cpp:296 [INFO] controlValueCur_L: [-1.4131, -0.165306, 0.0996175, 0.0996175, -1.30803, 1.07743, 1.07525, 0]
2024-07-29 10:39:51,335 RobotKinematics.cpp:296 [INFO] controlValueCur_L: [-1.4437, -0.129356, 0.0620489, 0.0620489, -1.35063, 1.09542, 1.08558, 0]
2024-07-29 10:39:51,340 RobotKinematics.cpp:296 [INFO] controlValueCur_L: [-1.46313, -0.094574, 0.0958023, 0.0958023, -1.3722, 1.10445, 1.08785, 0]
2024-07-29 10:39:51,345 RobotKinematics.cpp:296 [INFO] controlValueCur_L: [-1.45885, -0.123688, 0.0737362, 0.0737362, -1.3933, 1.11265, 1.08943, 0]
2024-07-29 10:39:51,350 RobotKinematics.cpp:296 [INFO] controlValueCur_L: [-1.43837, -0.161407, 0.0714211, 0.0714211, -1.41174, 1.12142, 1.08977, 0]
2024-07-29 10:39:51,356 RobotKinematics.cpp:296 [INFO] controlValueCur_L: [-1.36786, -0.146549, 0.0878611, 0.0878611, -1.44719, 1.14021, 1.08489, 0]
2024-07-29 10:39:51,361 RobotKinematics.cpp:296 [INFO] controlValueCur_L: [-1.32918, -0.0895653, 0.0704541, 0.0704541, -1.46495, 1.14889, 1.08103, 0]
2024-07-29 10:39:51,366 RobotKinematics.cpp:296 [INFO] controlValueCur_L: [-1.2847, -0.136051, 0.106198, 0.106198, -1.47984, 1.15648, 1.07724, 0]
2024-07-29 10:39:51,371 RobotKinematics.cpp:296 [INFO] controlValueCur_L: [-1.24341, -0.100651, 0.0855498, 0.0855498, -1.49655, 1.16414, 1.07234, 0]
2024-07-29 10:39:51,376 RobotKinematics.cpp:296 [INFO] controlValueCur_L: [-1.17848, -0.10442, 0.0886426, 0.0886426, -1.52462, 1.18017, 1.06056, 0]
2024-07-29 10:39:51,381 RobotKinematics.cpp:296 [INFO] controlValueCur_L: [-1.17848, -0.10442, 0.0886426, 0.0886426, -1.52462, 1.18017, 1.06056, 0]
2024-07-29 10:39:51,387 RobotKinematics.cpp:296 [INFO] controlValueCur_L: [-1.09052, -0.120132, 0.0659146, 0.0659146, -1.55094, 1.19714, 1.04484, 0]
2024-07-29 10:39:51,392 RobotKinematics.cpp:296 [INFO] controlValueCur_L: [-1.0522, -0.101353, 0.0534172, 0.0534172, -1.56301, 1.20614, 1.03552, 0]
2024-07-29 10:39:51,397 RobotKinematics.cpp:296 [INFO] controlValueCur_L: [-1.0101, -0.0904388, 0.0697341, 0.0697341, -1.57561, 1.21499, 1.02546, 0]
2024-07-29 10:39:51,402 RobotKinematics.cpp:296 [INFO] controlValueCur_L: [-0.903824, -0.0590439, 0.0544624, 0.0544624, -1.59841, 1.23347, 1.00403, 0]
2024-07-29 10:39:51,407 RobotKinematics.cpp:296 [INFO] controlValueCur_L: [-0.863663, -0.0614433, 0.0563021, 0.0563021, -1.6079, 1.2418, 0.992817, 0]
2024-07-29 10:39:51,413 RobotKinematics.cpp:296 [INFO] controlValueCur_L: [-0.811676, -0.0511932, 0.0512075, 0.0512075, -1.61748, 1.24972, 0.980883, 0]
2024-07-29 10:39:51,418 RobotKinematics.cpp:296 [INFO] controlValueCur_L: [-0.540863, -0.0108719, 0.0552897, 0.0552897, -1.62908, 1.26271, 0.957338, 0]
2024-07-29 10:39:51,423 RobotKinematics.cpp:296 [INFO] controlValueCur_L: [-0.540863, -0.0108719, 0.0552897, 0.0552897, -1.62908, 1.26271, 0.957338, 0]
2024-07-29 10:39:51,428 RobotKinematics.cpp:296 [INFO] controlValueCur_L: [0.0197296, 0.0218925, 0.0181384, 0.0181384, -1.63677, 1.27316, 0.933025, 0]
2024-07-29 10:39:51,433 RobotKinematics.cpp:296 [INFO] controlValueCur_L: [0.190842, 0.0485649, 0.0952487, 0.0952487, -1.63879, 1.27811, 0.921461, 0]
2024-07-29 10:39:51,439 RobotKinematics.cpp:296 [INFO] controlValueCur_L: [0.309814, -0.0378151, -0.0144286, -0.0144286, -1.64142, 1.28262, 0.909678, 0]
2024-07-29 10:39:51,444 RobotKinematics.cpp:296 [INFO] controlValueCur_L: [0.354568, 0.00755692, -0.0653825, -0.0653825, -1.64393, 1.29253, 0.885815, 0]
2024-07-29 10:39:51,449 RobotKinematics.cpp:296 [INFO] controlValueCur_L: [0.218536, 0.0147057, 0.0346546, 0.0346546, -1.6443, 1.29798, 0.87339, 0]
2024-07-29 10:39:51,454 RobotKinematics.cpp:296 [INFO] controlValueCur_L: [0.218185, 0.0338364, -0.0128617, -0.0128617, -1.64476, 1.30374, 0.860407, 0]
2024-07-29 10:39:51,459 RobotKinematics.cpp:296 [INFO] controlValueCur_L: [0.08815, 0.0183067, -0.0309644, -0.0309644, -1.64115, 1.31476, 0.833778, 0]
2024-07-29 10:39:51,465 RobotKinematics.cpp:296 [INFO] controlValueCur_L: [-0.0144653, 0.0492249, -0.00624084, -0.00624084, -1.63884, 1.32026, 0.819139, 0]
2024-07-29 10:39:51,470 RobotKinematics.cpp:296 [INFO] controlValueCur_L: [-0.0184479, 0.0156326, -0.0417991, -0.0417991, -1.63398, 1.32428, 0.80444, 0]
2024-07-29 10:39:51,475 RobotKinematics.cpp:296 [INFO] controlValueCur_L: [-0.0783081, -0.0187035, -0.0586848, -0.0586848, -1.621, 1.3287, 0.772924, 0]
2024-07-29 10:39:51,480 RobotKinematics.cpp:296 [INFO] controlValueCur_L: [-0.0783081, -0.0187035, -0.0586848, -0.0586848, -1.621, 1.3287, 0.772924, 0]
2024-07-29 10:39:51,485 RobotKinematics.cpp:296 [INFO] controlValueCur_L: [-0.126572, -0.0206413, -0.0936036, -0.0936036, -1.59862, 1.32713, 0.738556, 0]
2024-07-29 10:39:51,491 RobotKinematics.cpp:296 [INFO] controlValueCur_L: [-0.226913, -0.02211, -0.0466323, -0.0466323, -1.58337, 1.32369, 0.720207, 0]
2024-07-29 10:39:51,496 RobotKinematics.cpp:296 [INFO] controlValueCur_L: [-0.288132, -0.0577698, -0.0473533, -0.0473533, -1.56611, 1.31807, 0.701048, 0]
2024-07-29 10:39:51,501 RobotKinematics.cpp:296 [INFO] controlValueCur_L: [-0.348846, -0.0564651, -0.0135832, -0.0135832, -1.52123, 1.29919, 0.659403, 0]
2024-07-29 10:39:51,506 RobotKinematics.cpp:296 [INFO] controlValueCur_L: [-0.355911, -0.0399742, 0.00652122, 0.00652122, -1.49416, 1.28481, 0.637417, 0]
2024-07-29 10:39:51,511 RobotKinematics.cpp:296 [INFO] controlValueCur_L: [-0.360123, -0.0678558, -0.00033474, -0.00033474, -1.46387, 1.26601, 0.615837, 0]
2024-07-29 10:39:51,517 RobotKinematics.cpp:296 [INFO] controlValueCur_L: [-0.367981, -0.0307579, 0.0229583, 0.0229583, -1.43086, 1.24297, 0.59514, 0]
2024-07-29 10:39:51,522 RobotKinematics.cpp:296 [INFO] controlValueCur_L: [-0.387634, -0.0579185, 0.0178914, 0.0178914, -1.395, 1.2148, 0.576401, 0]
2024-07-29 10:39:51,527 RobotKinematics.cpp:296 [INFO] controlValueCur_L: [-0.465836, -0.032444, 0.0472722, 0.0472722, -1.31816, 1.14276, 0.544619, 0]
2024-07-29 10:39:51,532 RobotKinematics.cpp:296 [INFO] controlValueCur_L: [-0.502457, -0.0424423, -0.00200796, -0.00200796, -1.27609, 1.09852, 0.531183, 0]
2024-07-29 10:39:51,537 RobotKinematics.cpp:296 [INFO] controlValueCur_L: [-0.55925, -0.0380783, 0.0397325, 0.0397325, -1.23122, 1.04829, 0.51862, 0]
2024-07-29 10:39:51,543 RobotKinematics.cpp:296 [INFO] controlValueCur_L: [-0.561813, -0.0499229, 0.000864029, 0.000864029, -1.18375, 0.992836, 0.50667, 0]
2024-07-29 10:39:51,548 RobotKinematics.cpp:296 [INFO] controlValueCur_L: [-0.655548, -0.0554352, 0.00550127, 0.00550127, -1.08236, 0.866049, 0.482111, 0]
2024-07-29 10:39:51,553 RobotKinematics.cpp:296 [INFO] controlValueCur_L: [-0.696472, -0.0813408, 0.0240955, 0.0240955, -1.03039, 0.794554, 0.46826, 0]
2024-07-29 10:39:51,558 RobotKinematics.cpp:296 [INFO] controlValueCur_L: [-0.676743, -0.0683746, -0.00565147, -0.00565147, -0.978425, 0.720002, 0.452934, 0]
2024-07-29 10:39:51,563 RobotKinematics.cpp:296 [INFO] controlValueCur_L: [-0.657669, -0.0570526, -0.0155339, -0.0155339, -0.92606, 0.641578, 0.436539, 0]
2024-07-29 10:39:51,569 RobotKinematics.cpp:296 [INFO] controlValueCur_L: [-0.649033, -0.0629082, -0.0133615, -0.0133615, -0.826358, 0.480654, 0.398195, 0]
2024-07-29 10:39:51,574 RobotKinematics.cpp:296 [INFO] controlValueCur_L: [-0.627991, -0.069046, -0.0127859, -0.0127859, -0.777744, 0.397336, 0.376295, 0]
2024-07-29 10:39:51,579 RobotKinematics.cpp:296 [INFO] controlValueCur_L: [-0.624405, -0.0668755, -0.00992727, -0.00992727, -0.730608, 0.312585, 0.352425, 0]
2024-07-29 10:39:51,584 RobotKinematics.cpp:296 [INFO] controlValueCur_L: [-0.625412, -0.0712013, -0.0228148, -0.0228148, -0.685348, 0.227616, 0.327009, 0]
2024-07-29 10:39:51,589 RobotKinematics.cpp:296 [INFO] controlValueCur_L: [-0.654297, -0.0681, 0.000989914, 0.000989914, -0.60113, 0.0532489, 0.275524, 0]
2024-07-29 10:39:51,595 RobotKinematics.cpp:296 [INFO] controlValueCur_L: [-0.661591, -0.0689392, 0.00973129, 0.00973129, -0.563687, -0.0369515, 0.249512, 0]
2024-07-29 10:39:51,600 RobotKinematics.cpp:296 [INFO] controlValueCur_L: [-0.654388, -0.0692863, 0.00533724, 0.00533724, -0.525889, -0.128235, 0.223326, 0]
2024-07-29 10:39:51,605 RobotKinematics.cpp:296 [INFO] controlValueCur_L: [-0.659027, -0.0648079, 0.0127988, 0.0127988, -0.457344, -0.319554, 0.169121, 0]
2024-07-29 10:39:51,610 RobotKinematics.cpp:296 [INFO] controlValueCur_L: [-0.673187, -0.0762825, 0.0240393, 0.0240393, -0.424951, -0.417258, 0.140852, 0]
2024-07-29 10:39:51,615 RobotKinematics.cpp:296 [INFO] controlValueCur_L: [-0.69313, -0.0638847, 0.0131488, 0.0131488, -0.391331, -0.514987, 0.112612, 0]
2024-07-29 10:39:51,621 RobotKinematics.cpp:296 [INFO] controlValueCur_L: [-0.769119, -0.0769424, 0.0220308, 0.0220308, -0.361077, -0.614201, 0.0836105, 0]
2024-07-29 10:39:51,626 RobotKinematics.cpp:296 [INFO] controlValueCur_L: [-0.906631, -0.0908051, 0.019908, 0.019908, -0.307169, -0.802919, 0.0252247, 0]
2024-07-29 10:39:51,631 RobotKinematics.cpp:296 [INFO] controlValueCur_L: [-0.906631, -0.0908051, 0.019908, 0.019908, -0.307169, -0.802919, 0.0252247, 0]
2024-07-29 10:39:51,636 RobotKinematics.cpp:296 [INFO] controlValueCur_L: [-1.03905, -0.127041, 0.0599737, 0.0599737, -0.261292, -0.982889, -0.0292149, 0]
2024-07-29 10:39:51,641 RobotKinematics.cpp:296 [INFO] controlValueCur_L: [-1.04784, -0.0889587, 0.103322, 0.103322, -0.242302, -1.0707, -0.0542564, 0]
2024-07-29 10:39:51,647 RobotKinematics.cpp:296 [INFO] controlValueCur_L: [-0.98999, -0.0796623, 0.063158, 0.063158, -0.226348, -1.15605, -0.0772648, 0]
2024-07-29 10:39:51,652 RobotKinematics.cpp:296 [INFO] controlValueCur_L: [-0.981415, -0.081543, 0.0285783, 0.0285783, -0.205057, -1.31218, -0.116331, 0]
2024-07-29 10:39:51,657 RobotKinematics.cpp:296 [INFO] controlValueCur_L: [-0.97258, -0.0696793, 0.0293398, 0.0293398, -0.193841, -1.38704, -0.130901, 0]
2024-07-29 10:39:51,662 RobotKinematics.cpp:296 [INFO] controlValueCur_L: [-0.980484, -0.0578194, 0.0541506, 0.0541506, -0.184175, -1.46196, -0.143322, 0]
2024-07-29 10:39:51,667 RobotKinematics.cpp:296 [INFO] controlValueCur_L: [-0.943161, -0.0642662, 0.0279727, 0.0279727, -0.171012, -1.60093, -0.164938, 0]
2024-07-29 10:39:51,672 RobotKinematics.cpp:296 [INFO] controlValueCur_L: [-0.943161, -0.0642662, 0.0279727, 0.0279727, -0.171012, -1.60093, -0.164938, 0]
2024-07-29 10:39:51,678 RobotKinematics.cpp:296 [INFO] controlValueCur_L: [-0.888031, -0.0515022, 0.0213332, 0.0213332, -0.154396, -1.7257, -0.179701, 0]
2024-07-29 10:39:51,683 RobotKinematics.cpp:296 [INFO] controlValueCur_L: [-0.882523, -0.0552025, 0.0280623, 0.0280623, -0.146476, -1.78268, -0.185648, 0]
2024-07-29 10:39:51,688 RobotKinematics.cpp:296 [INFO] controlValueCur_L: [-0.887482, -0.0522308, 0.0409145, 0.0409145, -0.140795, -1.84044, -0.191299, 0]
2024-07-29 10:39:51,693 RobotKinematics.cpp:296 [INFO] controlValueCur_L: [-0.780548, -0.056839, 0.0406437, 0.0406437, -0.124492, -1.95251, -0.202541, 0]
2024-07-29 10:39:51,698 RobotKinematics.cpp:296 [INFO] controlValueCur_L: [-0.725021, -0.0485153, 0.0287952, 0.0287952, -0.115244, -2.00716, -0.208055, 0]
2024-07-29 10:39:51,704 RobotKinematics.cpp:296 [INFO] controlValueCur_L: [-0.68689, -0.0504684, 0.0168657, 0.0168657, -0.109311, -2.06316, -0.21319, 0]
2024-07-29 10:39:51,709 RobotKinematics.cpp:296 [INFO] controlValueCur_L: [-0.634857, -0.0473022, 0.0238299, 0.0238299, -0.0952969, -2.16391, -0.220678, 0]
2024-07-29 10:39:51,714 RobotKinematics.cpp:296 [INFO] controlValueCur_L: [-0.634857, -0.0473022, 0.0238299, 0.0238299, -0.0952969, -2.16391, -0.220678, 0]
2024-07-29 10:39:51,719 RobotKinematics.cpp:296 [INFO] controlValueCur_L: [-0.580521, -0.0368004, 0.00452089, 0.00452089, -0.0815258, -2.25205, -0.225712, 0]
2024-07-29 10:39:51,724 RobotKinematics.cpp:296 [INFO] controlValueCur_L: [-0.58754, -0.0143433, 0.0161185, 0.0161185, -0.0754814, -2.29928, -0.227528, 0]
2024-07-29 10:39:51,729 RobotKinematics.cpp:296 [INFO] controlValueCur_L: [-0.556686, -0.0214272, -0.00507975, -0.00507975, -0.0735264, -2.3428, -0.231478, 0]
2024-07-29 10:39:51,735 RobotKinematics.cpp:296 [INFO] controlValueCur_L: [-0.51976, 0.0158386, 0.00960875, 0.00960875, -0.0646725, -2.38977, -0.233978, 0]
2024-07-29 10:39:51,740 RobotKinematics.cpp:296 [INFO] controlValueCur_L: [-0.408859, 0.0159035, 0.0161004, 0.0161004, -0.054019, -2.47753, -0.240753, 0]
2024-07-29 10:39:51,745 RobotKinematics.cpp:296 [INFO] controlValueCur_L: [-0.332138, 0.0349426, 0.0685549, 0.0685549, -0.0510035, -2.52153, -0.244951, 0]
2024-07-29 10:39:51,750 RobotKinematics.cpp:296 [INFO] controlValueCur_L: [-0.22493, 0.0329971, 0.0111494, 0.0111494, -0.0439405, -2.56393, -0.249249, 0]
2024-07-29 10:39:51,755 RobotKinematics.cpp:296 [INFO] controlValueCur_L: [-0.152756, 0.00196075, 0.021142, 0.021142, -0.0327911, -2.64865, -0.259705, 0]
2024-07-29 10:39:51,760 RobotKinematics.cpp:296 [INFO] controlValueCur_L: [-0.0886841, -0.00139999, 0.0444126, 0.0444126, -0.0271034, -2.68768, -0.26432, 0]
2024-07-29 10:39:51,766 RobotKinematics.cpp:296 [INFO] controlValueCur_L: [-0.00930786, -0.0121841, -0.0112872, -0.0112872, -0.0194845, -2.72238, -0.267866, 0]
2024-07-29 10:39:51,771 RobotKinematics.cpp:296 [INFO] controlValueCur_L: [-0.0486603, 0.00414276, 0.0573449, 0.0573449, -0.0131559, -2.75702, -0.270651, 0]
2024-07-29 10:39:51,776 RobotKinematics.cpp:296 [INFO] controlValueCur_L: [0.047699, 0.00618744, 0.0065608, 0.0065608, -0.00250721, -2.81142, -0.279686, 0]
2024-07-29 10:39:51,781 RobotKinematics.cpp:296 [INFO] controlValueCur_L: [0.047699, 0.00618744, 0.0065608, 0.0065608, -0.00250721, -2.81142, -0.279686, 0]
2024-07-29 10:39:51,787 RobotKinematics.cpp:296 [INFO] controlValueCur_L: [0.272247, -0.00583267, 0.0032196, 0.0032196, 0.00323963, -2.8659, -0.292749, 0]
2024-07-29 10:39:51,792 RobotKinematics.cpp:296 [INFO] controlValueCur_L: [0.42244, 0.0619659, -0.0241871, -0.0241871, 0.00989437, -2.88992, -0.300579, 0]
2024-07-29 10:39:51,797 RobotKinematics.cpp:296 [INFO] controlValueCur_L: [0.551056, -0.0201111, -0.0274796, -0.0274796, 0.0139599, -2.91871, -0.308767, 0]
2024-07-29 10:39:51,802 RobotKinematics.cpp:296 [INFO] controlValueCur_L: [0.712372, 0.101261, -0.0189009, -0.0189009, 0.0223103, -2.96571, -0.327677, 0]
2024-07-29 10:39:51,807 RobotKinematics.cpp:296 [INFO] controlValueCur_L: [0.82843, 0.0782127, -0.0261593, -0.0261593, 0.0307884, -2.98533, -0.337265, 0]
2024-07-29 10:39:51,813 RobotKinematics.cpp:296 [INFO] controlValueCur_L: [0.912201, 0.139278, 0.00624609, 0.00624609, 0.0335369, -3.00528, -0.348167, 0]
2024-07-29 10:39:51,818 RobotKinematics.cpp:296 [INFO] controlValueCur_L: [1.05037, 0.112186, 0.0172038, 0.0172038, 0.047451, -3.04257, -0.367174, 0]
2024-07-29 10:39:51,823 RobotKinematics.cpp:296 [INFO] controlValueCur_L: [1.05037, 0.112186, 0.0172038, 0.0172038, 0.047451, -3.04257, -0.367174, 0]
2024-07-29 10:39:51,828 RobotKinematics.cpp:296 [INFO] controlValueCur_L: [1.32281, 0.114662, -0.0290446, -0.0290446, 0.0584993, -3.07243, -0.383776, 0]
2024-07-29 10:39:51,833 RobotKinematics.cpp:296 [INFO] controlValueCur_L: [1.39403, 0.105152, -0.112547, -0.112547, 0.0641632, -3.08474, -0.390783, 0]
2024-07-29 10:39:51,838 RobotKinematics.cpp:296 [INFO] controlValueCur_L: [1.4653, 0.148849, -0.222945, -0.222945, 0.0694761, -3.09404, -0.397364, 0]
2024-07-29 10:39:51,844 RobotKinematics.cpp:296 [INFO] controlValueCur_L: [1.36101, 0.140759, -0.151834, -0.151834, 0.077981, -3.1061, -0.409254, 0]
2024-07-29 10:39:51,849 RobotKinematics.cpp:296 [INFO] controlValueCur_L: [1.1924, 0.133507, -0.041904, -0.041904, 0.0844688, -3.11096, -0.413713, 0]
2024-07-29 10:39:51,854 RobotKinematics.cpp:296 [INFO] controlValueCur_L: [1.13354, 0.082058, -0.116159, -0.116159, 0.0933428, -3.11412, -0.417355, 0]
2024-07-29 10:39:51,859 RobotKinematics.cpp:296 [INFO] controlValueCur_L: [1.10443, 0.042366, -0.0274348, -0.0274348, 0.107337, -3.10469, -0.427031, 0]
2024-07-29 10:39:51,864 RobotKinematics.cpp:296 [INFO] controlValueCur_L: [1.10443, 0.042366, -0.0274348, -0.0274348, 0.107337, -3.10469, -0.427031, 0]
2024-07-29 10:39:51,870 RobotKinematics.cpp:296 [INFO] controlValueCur_L: [1.09607, 0.0493584, -0.0652595, -0.0652595, 0.124844, -3.0868, -0.434708, 0]
2024-07-29 10:39:51,875 RobotKinematics.cpp:296 [INFO] controlValueCur_L: [1.01921, 0.0858154, -0.0734429, -0.0734429, 0.137212, -3.07709, -0.437263, 0]
2024-07-29 10:39:51,880 RobotKinematics.cpp:296 [INFO] controlValueCur_L: [0.908615, 0.079071, -0.0379887, -0.0379887, 0.144372, -3.06675, -0.441076, 0]
2024-07-29 10:39:51,885 RobotKinematics.cpp:296 [INFO] controlValueCur_L: [0.77092, 0.0810318, -0.0900731, -0.0900731, 0.16703, -3.04097, -0.446667, 0]
2024-07-29 10:39:51,890 RobotKinematics.cpp:296 [INFO] controlValueCur_L: [0.662018, 0.077446, -0.0666714, -0.0666714, 0.179674, -3.02607, -0.44825, 0]
2024-07-29 10:39:51,896 RobotKinematics.cpp:296 [INFO] controlValueCur_L: [0.630219, 0.0900269, -0.0813093, -0.0813093, 0.191112, -3.01329, -0.448143, 0]
2024-07-29 10:39:51,901 RobotKinematics.cpp:296 [INFO] controlValueCur_L: [0.494873, 0.049263, -0.0805926, -0.0805926, 0.213949, -2.97545, -0.44549, 0]
2024-07-29 10:39:51,906 RobotKinematics.cpp:296 [INFO] controlValueCur_L: [0.448029, 0.0565147, -0.0582147, -0.0582147, 0.22639, -2.95429, -0.442051, 0]
2024-07-29 10:39:51,911 RobotKinematics.cpp:296 [INFO] controlValueCur_L: [0.41362, 0.0199051, -0.0814276, -0.0814276, 0.238457, -2.93116, -0.437742, 0]
2024-07-29 10:39:51,916 RobotKinematics.cpp:296 [INFO] controlValueCur_L: [0.405655, 0.0369835, -0.0542316, -0.0542316, 0.251323, -2.90564, -0.432531, 0]
2024-07-29 10:39:51,922 RobotKinematics.cpp:296 [INFO] controlValueCur_L: [0.385818, 0.0481377, -0.0305743, -0.0305743, 0.263617, -2.87836, -0.426563, 0]
2024-07-29 10:39:51,927 RobotKinematics.cpp:296 [INFO] controlValueCur_L: [0.359634, 0.0193367, -0.0233984, -0.0233984, 0.291165, -2.81539, -0.412237, 0]
2024-07-29 10:39:51,932 RobotKinematics.cpp:296 [INFO] controlValueCur_L: [0.334473, 0.0420265, -0.0511942, -0.0511942, 0.30626, -2.78035, -0.404392, 0]
2024-07-29 10:39:51,937 RobotKinematics.cpp:296 [INFO] controlValueCur_L: [0.29187, 0.0212555, -0.0430837, -0.0430837, 0.321771, -2.74502, -0.395842, 0]
2024-07-29 10:39:51,942 RobotKinematics.cpp:296 [INFO] controlValueCur_L: [0.24527, 0.0240059, -0.0415144, -0.0415144, 0.339042, -2.70324, -0.386631, 0]
2024-07-29 10:39:51,948 RobotKinematics.cpp:296 [INFO] controlValueCur_L: [0.213531, 0.0268707, -0.0238023, -0.0238023, 0.383195, -2.59587, -0.362747, 0]
2024-07-29 10:39:51,953 RobotKinematics.cpp:296 [INFO] controlValueCur_L: [0.212662, 0.0291901, -0.00782108, -0.00782108, 0.406534, -2.5369, -0.349087, 0]
2024-07-29 10:39:51,958 RobotKinematics.cpp:296 [INFO] controlValueCur_L: [0.227844, 0.0166473, -0.00880814, -0.00880814, 0.430318, -2.47494, -0.334999, 0]
2024-07-29 10:39:51,963 RobotKinematics.cpp:296 [INFO] controlValueCur_L: [0.234436, 0.0255318, -0.00985622, -0.00985622, 0.452712, -2.41351, -0.320074, 0]
2024-07-29 10:39:51,968 RobotKinematics.cpp:296 [INFO] controlValueCur_L: [0.230377, 0.00245667, -0.0178347, -0.0178347, 0.497757, -2.2908, -0.286461, 0]
2024-07-29 10:39:51,974 RobotKinematics.cpp:296 [INFO] controlValueCur_L: [0.270905, 0.0191994, -0.0350447, -0.0350447, 0.51704, -2.23064, -0.26856, 0]
2024-07-29 10:39:51,979 RobotKinematics.cpp:296 [INFO] controlValueCur_L: [0.288086, 0.0160217, -0.0237298, -0.0237298, 0.535019, -2.17003, -0.250105, 0]
2024-07-29 10:39:51,984 RobotKinematics.cpp:296 [INFO] controlValueCur_L: [0.320541, 0.0126419, -0.0341411, -0.0341411, 0.551883, -2.11131, -0.231346, 0]
2024-07-29 10:39:51,989 RobotKinematics.cpp:296 [INFO] controlValueCur_L: [0.377625, 0.0323219, -0.0383682, -0.0383682, 0.581395, -1.9956, -0.195103, 0]
2024-07-29 10:39:51,994 RobotKinematics.cpp:296 [INFO] controlValueCur_L: [0.404007, 0.0474396, -0.035778, -0.035778, 0.593068, -1.9389, -0.177954, 0]
2024-07-29 10:39:51,999 RobotKinematics.cpp:296 [INFO] controlValueCur_L: [0.449295, 0.0340881, -0.0406537, -0.0406537, 0.608947, -1.88475, -0.159662, 0]
2024-07-29 10:39:52,005 RobotKinematics.cpp:296 [INFO] controlValueCur_L: [0.502869, 0.0637703, -0.0172877, -0.0172877, 0.621519, -1.82905, -0.14271, 0]
2024-07-29 10:39:52,010 RobotKinematics.cpp:296 [INFO] controlValueCur_L: [0.708725, 0.0521698, -0.0281882, -0.0281882, 0.648123, -1.72058, -0.108227, 0]
2024-07-29 10:39:52,015 RobotKinematics.cpp:296 [INFO] controlValueCur_L: [0.757645, 0.0482521, -0.0253968, -0.0253968, 0.662175, -1.66627, -0.0908813, 0]
2024-07-29 10:39:52,020 RobotKinematics.cpp:296 [INFO] controlValueCur_L: [0.800522, 0.0833664, -0.0393252, -0.0393252, 0.674362, -1.61063, -0.0738926, 0]
2024-07-29 10:39:52,025 RobotKinematics.cpp:296 [INFO] controlValueCur_L: [0.860077, 0.0931244, 0.00292587, 0.00292587, 0.688061, -1.55616, -0.0564499, 0]
2024-07-29 10:39:52,031 RobotKinematics.cpp:296 [INFO] controlValueCur_L: [0.920441, 0.109692, -0.0615072, -0.0615072, 0.699522, -1.49956, -0.0401688, 0]
2024-07-29 10:39:52,036 RobotKinematics.cpp:296 [INFO] controlValueCur_L: [0.866959, 0.0644493, -0.0457454, -0.0457454, 0.721576, -1.38446, -0.00792313, 0]
2024-07-29 10:39:52,041 RobotKinematics.cpp:296 [INFO] controlValueCur_L: [0.819427, 0.0732536, -0.0311441, -0.0311441, 0.730291, -1.32486, 0.00815392, 0]
2024-07-29 10:39:52,046 RobotKinematics.cpp:296 [INFO] controlValueCur_L: [0.796875, 0.101101, -0.0450306, -0.0450306, 0.736089, -1.26312, 0.0243053, 0]
2024-07-29 10:39:52,051 RobotKinematics.cpp:296 [INFO] controlValueCur_L: [0.648666, 0.0867958, 0.0112481, 0.0112481, 0.74367, -1.13296, 0.0589085, 0]
2024-07-29 10:39:52,057 RobotKinematics.cpp:296 [INFO] controlValueCur_L: [0.628998, 0.0863838, 0.0140557, 0.0140557, 0.745915, -1.06695, 0.0784206, 0]
2024-07-29 10:39:52,062 RobotKinematics.cpp:296 [INFO] controlValueCur_L: [0.585358, 0.0548935, -0.000493526, -0.000493526, 0.742808, -0.999407, 0.0981541, 0]
2024-07-29 10:39:52,067 RobotKinematics.cpp:296 [INFO] controlValueCur_L: [0.563568, 0.0385208, -0.01474, -0.01474, 0.729246, -0.860682, 0.139585, 0]
2024-07-29 10:39:52,072 RobotKinematics.cpp:296 [INFO] controlValueCur_L: [0.563568, 0.0385208, -0.01474, -0.01474, 0.729246, -0.860682, 0.139585, 0]
2024-07-29 10:39:52,077 RobotKinematics.cpp:296 [INFO] controlValueCur_L: [0.525894, 0.0433998, -0.0217648, -0.0217648, 0.702676, -0.716907, 0.180063, 0]
2024-07-29 10:39:52,083 RobotKinematics.cpp:296 [INFO] controlValueCur_L: [0.500015, 0.033371, 0.00289774, 0.00289774, 0.686187, -0.645666, 0.200621, 0]
2024-07-29 10:39:52,088 RobotKinematics.cpp:296 [INFO] controlValueCur_L: [0.509079, 0.0483818, -0.0162554, -0.0162554, 0.665519, -0.57493, 0.219931, 0]
2024-07-29 10:39:52,093 RobotKinematics.cpp:296 [INFO] controlValueCur_L: [0.543976, 0.0362892, -0.0317264, -0.0317264, 0.610411, -0.435436, 0.255518, 0]
2024-07-29 10:39:52,098 RobotKinematics.cpp:296 [INFO] controlValueCur_L: [0.562057, 0.00339508, -0.0301847, -0.0301847, 0.58118, -0.366364, 0.272284, 0]
2024-07-29 10:39:52,103 RobotKinematics.cpp:296 [INFO] controlValueCur_L: [0.566467, 0.0268974, -0.0436163, -0.0436163, 0.547313, -0.298578, 0.288013, 0]
2024-07-29 10:39:52,109 RobotKinematics.cpp:296 [INFO] controlValueCur_L: [0.587418, 0.0341682, -0.0539999, -0.0539999, 0.469549, -0.163868, 0.317017, 0]
2024-07-29 10:39:52,114 RobotKinematics.cpp:296 [INFO] controlValueCur_L: [0.587418, 0.0341682, -0.0539999, -0.0539999, 0.469549, -0.163868, 0.317017, 0]
2024-07-29 10:39:52,119 RobotKinematics.cpp:296 [INFO] controlValueCur_L: [0.599701, 0.0318756, -0.0686083, -0.0686083, 0.388035, -0.0334897, 0.342024, 0]
2024-07-29 10:39:52,124 RobotKinematics.cpp:296 [INFO] controlValueCur_L: [0.582535, 0.0199471, -0.0448942, -0.0448942, 0.348703, 0.0308933, 0.352339, 0]
2024-07-29 10:39:52,129 RobotKinematics.cpp:296 [INFO] controlValueCur_L: [0.576599, 0.0393867, -0.0596027, -0.0596027, 0.307304, 0.0931435, 0.361082, 0]
2024-07-29 10:39:52,134 RobotKinematics.cpp:296 [INFO] controlValueCur_L: [0.54567, 0.0403633, -0.0501275, -0.0501275, 0.227763, 0.210203, 0.377508, 0]
2024-07-29 10:39:52,140 RobotKinematics.cpp:296 [INFO] controlValueCur_L: [0.521362, 0.0309906, -0.0451651, -0.0451651, 0.189739, 0.266148, 0.386976, 0]
2024-07-29 10:39:52,145 RobotKinematics.cpp:296 [INFO] controlValueCur_L: [0.490997, 0.0210114, -0.033021, -0.033021, 0.148578, 0.320867, 0.396385, 0]
2024-07-29 10:39:52,150 RobotKinematics.cpp:296 [INFO] controlValueCur_L: [0.455338, 0.0200195, -0.0443392, -0.0443392, 0.109651, 0.373253, 0.40752, 0]
2024-07-29 10:39:52,155 RobotKinematics.cpp:296 [INFO] controlValueCur_L: [0.389679, 0.00528717, -0.033185, -0.033185, 0.06744, 0.424932, 0.418209, 0]
2024-07-29 10:39:52,160 RobotKinematics.cpp:296 [INFO] controlValueCur_L: [0.295441, 0.0165863, -0.03193, -0.03193, -0.0177755, 0.516236, 0.444878, 0]
2024-07-29 10:39:52,166 RobotKinematics.cpp:296 [INFO] controlValueCur_L: [0.302933, 0.0110397, -0.0622053, -0.0622053, -0.0624704, 0.557575, 0.461088, 0]
2024-07-29 10:39:52,171 RobotKinematics.cpp:296 [INFO] controlValueCur_L: [0.280975, -0.00455856, -0.0365462, -0.0365462, -0.109754, 0.597692, 0.477472, 0]
2024-07-29 10:39:52,176 RobotKinematics.cpp:296 [INFO] controlValueCur_L: [0.283493, -0.00481033, -0.0466695, -0.0466695, -0.154564, 0.636274, 0.49511, 0]
2024-07-29 10:39:52,181 RobotKinematics.cpp:296 [INFO] controlValueCur_L: [0.26973, 0.00310898, -0.0440974, -0.0440974, -0.249653, 0.71099, 0.529194, 0]
2024-07-29 10:39:52,186 RobotKinematics.cpp:296 [INFO] controlValueCur_L: [0.227905, 0.0288353, -0.0297427, -0.0297427, -0.299699, 0.747687, 0.54561, 0]
2024-07-29 10:39:52,192 RobotKinematics.cpp:296 [INFO] controlValueCur_L: [0.233368, 0.021534, -0.00934172, -0.00934172, -0.349849, 0.785471, 0.56089, 0]
2024-07-29 10:39:52,197 RobotKinematics.cpp:296 [INFO] controlValueCur_L: [0.251892, 0.0273933, -0.0473199, -0.0473199, -0.401016, 0.822796, 0.575382, 0]
2024-07-29 10:39:52,202 RobotKinematics.cpp:296 [INFO] controlValueCur_L: [0.228699, 0.0308914, -0.0402617, -0.0402617, -0.505563, 0.898849, 0.599731, 0]
2024-07-29 10:39:52,207 RobotKinematics.cpp:296 [INFO] controlValueCur_L: [0.200897, 0.0550385, -0.0062499, -0.0062499, -0.557409, 0.93574, 0.610624, 0]
2024-07-29 10:39:52,212 RobotKinematics.cpp:296 [INFO] controlValueCur_L: [0.202881, 0.0497208, -0.0385995, -0.0385995, -0.610762, 0.971254, 0.620953, 0]
2024-07-29 10:39:52,218 RobotKinematics.cpp:296 [INFO] controlValueCur_L: [0.174667, 0.0343208, -0.00966072, -0.00966072, -0.66357, 1.00649, 0.630695, 0]
2024-07-29 10:39:52,223 RobotKinematics.cpp:296 [INFO] controlValueCur_L: [0.184937, 0.0338593, -0.0123863, -0.0123863, -0.769075, 1.07473, 0.649309, 0]
2024-07-29 10:39:52,228 RobotKinematics.cpp:296 [INFO] controlValueCur_L: [0.178345, 0.0468903, -0.00180244, -0.00180244, -0.82121, 1.1074, 0.658367, 0]
2024-07-29 10:39:52,233 RobotKinematics.cpp:296 [INFO] controlValueCur_L: [0.154404, 0.0156403, -0.0184116, -0.0184116, -0.87184, 1.13854, 0.667034, 0]
2024-07-29 10:39:52,238 RobotKinematics.cpp:296 [INFO] controlValueCur_L: [0.0702667, 0.00415421, 0.0138731, 0.0138731, -0.970309, 1.19841, 0.681595, 0]
2024-07-29 10:39:52,243 RobotKinematics.cpp:296 [INFO] controlValueCur_L: [0.0196838, 0.0145721, 0.00641108, 0.00641108, -1.01791, 1.22741, 0.686033, 0]
2024-07-29 10:39:52,249 RobotKinematics.cpp:296 [INFO] controlValueCur_L: [-0.0532227, 0.0302086, 0.0202284, 0.0202284, -1.06159, 1.25569, 0.68907, 0]
2024-07-29 10:39:52,254 RobotKinematics.cpp:296 [INFO] controlValueCur_L: [-0.107544, 0.0156517, -0.0246611, -0.0246611, -1.10595, 1.28354, 0.690289, 0]
2024-07-29 10:39:52,259 RobotKinematics.cpp:296 [INFO] controlValueCur_L: [-0.125229, 0.00771332, 0.0458169, 0.0458169, -1.14769, 1.31066, 0.690338, 0]
2024-07-29 10:39:52,264 RobotKinematics.cpp:296 [INFO] controlValueCur_L: [-0.093811, 0.00557327, 0.0115156, 0.0115156, -1.18814, 1.33644, 0.689487, 0]
2024-07-29 10:39:52,269 RobotKinematics.cpp:296 [INFO] controlValueCur_L: [-0.135635, 0.00204849, -0.00702047, -0.00702047, -1.27099, 1.38491, 0.684011, 0]
2024-07-29 10:39:52,275 RobotKinematics.cpp:296 [INFO] controlValueCur_L: [-0.228851, -0.0510941, 0.0139546, 0.0139546, -1.31186, 1.4075, 0.680361, 0]
2024-07-29 10:39:52,280 RobotKinematics.cpp:296 [INFO] controlValueCur_L: [-0.35318, -0.000652313, 0.0390625, 0.0390625, -1.35102, 1.42952, 0.676266, 0]
2024-07-29 10:39:52,285 RobotKinematics.cpp:296 [INFO] controlValueCur_L: [-0.52594, 0.0519218, 0.0417056, 0.0417056, -1.42685, 1.46944, 0.666656, 0]
2024-07-29 10:39:52,290 RobotKinematics.cpp:296 [INFO] controlValueCur_L: [-0.567566, 0.0326729, -0.0130286, -0.0130286, -1.4619, 1.48814, 0.661741, 0]
2024-07-29 10:39:52,295 RobotKinematics.cpp:296 [INFO] controlValueCur_L: [-0.717834, -0.0401535, -0.0334411, -0.0334411, -1.49617, 1.50541, 0.656984, 0]
2024-07-29 10:39:52,300 RobotKinematics.cpp:296 [INFO] controlValueCur_L: [-1.02571, -0.171631, 0.0604548, 0.0604548, -1.56512, 1.53852, 0.646719, 0]
2024-07-29 10:39:52,306 RobotKinematics.cpp:296 [INFO] controlValueCur_L: [-1.02571, -0.171631, 0.0604548, 0.0604548, -1.56512, 1.53852, 0.646719, 0]
2024-07-29 10:39:52,311 RobotKinematics.cpp:296 [INFO] controlValueCur_L: [-1.19087, -0.23819, 0.145842, 0.145842, -1.59966, 1.55501, 0.641552, 0]
2024-07-29 10:39:52,316 RobotKinematics.cpp:296 [INFO] controlValueCur_L: [-1.47005, -0.276234, 0.304695, 0.304695, -1.65699, 1.57425, 0.636438, 0]
2024-07-29 10:39:52,321 RobotKinematics.cpp:296 [INFO] controlValueCur_L: [-1.38847, -0.11335, 0.19726, 0.19726, -1.71641, 1.60471, 0.630394, 0]
2024-07-29 10:39:52,326 RobotKinematics.cpp:296 [INFO] controlValueCur_L: [-1.38847, -0.11335, 0.19726, 0.19726, -1.71641, 1.60471, 0.630394, 0]
2024-07-29 10:39:52,331 RobotKinematics.cpp:296 [INFO] controlValueCur_L: [-1.37807, -0.0554352, 0.113994, 0.113994, -1.77059, 1.62501, 0.626633, 0]
2024-07-29 10:39:52,337 RobotKinematics.cpp:296 [INFO] controlValueCur_L: [-1.34789, -0.12545, 0.0577283, 0.0577283, -1.7946, 1.63332, 0.62602, 0]
2024-07-29 10:39:52,342 RobotKinematics.cpp:296 [INFO] controlValueCur_L: [-1.35551, -0.0496788, 0.144025, 0.144025, -1.81938, 1.64095, 0.624262, 0]
2024-07-29 10:39:52,347 RobotKinematics.cpp:296 [INFO] controlValueCur_L: [-1.31287, -0.0813026, 0.0466032, 0.0466032, -1.86281, 1.65348, 0.622311, 0]
2024-07-29 10:39:52,352 RobotKinematics.cpp:296 [INFO] controlValueCur_L: [-1.31462, -0.0526619, 0.0768018, 0.0768018, -1.88234, 1.65869, 0.620985, 0]
2024-07-29 10:39:52,357 RobotKinematics.cpp:296 [INFO] controlValueCur_L: [-1.26448, -0.0273628, 0.0275774, 0.0275774, -1.89924, 1.66268, 0.619223, 0]
2024-07-29 10:39:52,363 RobotKinematics.cpp:296 [INFO] controlValueCur_L: [-1.11853, -0.0445786, 0.0424447, 0.0424447, -1.9276, 1.66852, 0.614389, 0]
2024-07-29 10:39:52,368 RobotKinematics.cpp:296 [INFO] controlValueCur_L: [-1.11853, -0.0445786, 0.0424447, 0.0424447, -1.9276, 1.66852, 0.614389, 0]
2024-07-29 10:39:52,373 RobotKinematics.cpp:296 [INFO] controlValueCur_L: [-0.97673, -0.0137215, 0.0463424, 0.0463424, -1.94672, 1.66935, 0.608685, 0]
2024-07-29 10:39:52,378 RobotKinematics.cpp:296 [INFO] controlValueCur_L: [-0.921585, -0.0328331, 0.0521283, 0.0521283, -1.95086, 1.66731, 0.60655, 0]
2024-07-29 10:39:52,383 RobotKinematics.cpp:296 [INFO] controlValueCur_L: [-0.841187, -0.0277977, 0.0453539, 0.0453539, -1.95491, 1.66423, 0.604366, 0]
2024-07-29 10:39:52,388 RobotKinematics.cpp:296 [INFO] controlValueCur_L: [-0.774918, -0.0188217, 0.0607295, 0.0607295, -1.95419, 1.65915, 0.603058, 0]
2024-07-29 10:39:52,394 RobotKinematics.cpp:296 [INFO] controlValueCur_L: [-0.637314, 0.0175667, 0.033505, 0.033505, -1.94767, 1.64646, 0.599644, 0]
2024-07-29 10:39:52,399 RobotKinematics.cpp:296 [INFO] controlValueCur_L: [-0.543701, 0.0057373, -0.00736761, -0.00736761, -1.94102, 1.63888, 0.597668, 0]
2024-07-29 10:39:52,404 RobotKinematics.cpp:296 [INFO] controlValueCur_L: [-0.492233, 0.000526428, 0.0291615, 0.0291615, -1.93341, 1.63045, 0.595333, 0]
2024-07-29 10:39:52,409 RobotKinematics.cpp:296 [INFO] controlValueCur_L: [-0.403275, -0.00576782, 0.0277386, 0.0277386, -1.9224, 1.62142, 0.592949, 0]
2024-07-29 10:39:52,414 RobotKinematics.cpp:296 [INFO] controlValueCur_L: [-0.269287, 0.000541687, 0.00800276, 0.00800276, -1.89698, 1.6016, 0.5874, 0]
2024-07-29 10:39:52,419 RobotKinematics.cpp:296 [INFO] controlValueCur_L: [-0.257996, 0.033947, -0.0131993, -0.0131993, -1.88406, 1.59056, 0.584305, 0]
2024-07-29 10:39:52,425 RobotKinematics.cpp:296 [INFO] controlValueCur_L: [-0.268661, 0.00878906, -0.0124044, -0.0124044, -1.86935, 1.57871, 0.581589, 0]
2024-07-29 10:39:52,430 RobotKinematics.cpp:296 [INFO] controlValueCur_L: [-0.295517, 0.0232964, -0.00540543, -0.00540543, -1.85259, 1.5655, 0.579189, 0]
2024-07-29 10:39:52,435 RobotKinematics.cpp:296 [INFO] controlValueCur_L: [-0.33139, 0.0213165, 0.00277615, 0.00277615, -1.81808, 1.53725, 0.572794, 0]
2024-07-29 10:39:52,440 RobotKinematics.cpp:296 [INFO] controlValueCur_L: [-0.375137, 0.0301056, 0.00390053, 0.00390053, -1.79933, 1.52165, 0.568504, 0]
2024-07-29 10:39:52,445 RobotKinematics.cpp:296 [INFO] controlValueCur_L: [-0.393723, 0.022583, -0.0158963, -0.0158963, -1.77996, 1.50491, 0.563736, 0]
2024-07-29 10:39:52,450 RobotKinematics.cpp:296 [INFO] controlValueCur_L: [-0.42186, -0.00366211, -0.0236425, -0.0236425, -1.75941, 1.48747, 0.558455, 0]
2024-07-29 10:39:52,456 RobotKinematics.cpp:296 [INFO] controlValueCur_L: [-0.45433, -0.00814438, 0.0167141, 0.0167141, -1.71776, 1.45041, 0.546885, 0]
2024-07-29 10:39:52,461 RobotKinematics.cpp:296 [INFO] controlValueCur_L: [-0.404221, -0.00409698, -0.0122747, -0.0122747, -1.69656, 1.4306, 0.541264, 0]
2024-07-29 10:39:52,466 RobotKinematics.cpp:296 [INFO] controlValueCur_L: [-0.356567, -0.0152397, 0.00325203, 0.00325203, -1.67597, 1.41011, 0.535843, 0]
2024-07-29 10:39:52,471 RobotKinematics.cpp:296 [INFO] controlValueCur_L: [-0.301849, -0.000305176, -0.0211697, -0.0211697, -1.65603, 1.38863, 0.531408, 0]
2024-07-29 10:39:52,477 RobotKinematics.cpp:296 [INFO] controlValueCur_L: [-0.237183, 0.0117378, -0.0221195, -0.0221195, -1.61277, 1.33888, 0.525831, 0]
2024-07-29 10:39:52,482 RobotKinematics.cpp:296 [INFO] controlValueCur_L: [-0.2173, -0.00934601, 0.00963211, 0.00963211, -1.58712, 1.30725, 0.524597, 0]
2024-07-29 10:39:52,487 RobotKinematics.cpp:296 [INFO] controlValueCur_L: [-0.217758, -0.00340271, 0.0291829, 0.0291829, -1.55977, 1.27351, 0.524616, 0]
2024-07-29 10:39:52,492 RobotKinematics.cpp:296 [INFO] controlValueCur_L: [-0.215515, -0.0143433, -0.0301695, -0.0301695, -1.53205, 1.24029, 0.525045, 0]
2024-07-29 10:39:52,497 RobotKinematics.cpp:296 [INFO] controlValueCur_L: [-0.308365, 0.0022316, -0.00039196, -0.00039196, -1.47877, 1.17861, 0.52408, 0]
2024-07-29 10:39:52,503 RobotKinematics.cpp:296 [INFO] controlValueCur_L: [-0.308365, 0.0022316, -0.00039196, -0.00039196, -1.47877, 1.17861, 0.52408, 0]
2024-07-29 10:39:52,508 RobotKinematics.cpp:296 [INFO] controlValueCur_L: [-0.36412, -0.00620651, 0.0103307, 0.0103307, -1.42919, 1.11922, 0.5089, 0]
2024-07-29 10:39:52,513 RobotKinematics.cpp:296 [INFO] controlValueCur_L: [-0.393524, -0.0192795, 0.0445857, 0.0445857, -1.40576, 1.08549, 0.501436, 0]
2024-07-29 10:39:52,518 RobotKinematics.cpp:296 [INFO] controlValueCur_L: [-0.419495, -0.0110893, 0.0404935, 0.0404935, -1.38471, 1.05416, 0.497326, 0]
2024-07-29 10:39:52,523 RobotKinematics.cpp:296 [INFO] controlValueCur_L: [-0.474289, -0.0117378, 0.028738, 0.028738, -1.34604, 1.00883, 0.496197, 0]
2024-07-29 10:39:52,529 RobotKinematics.cpp:296 [INFO] controlValueCur_L: [-0.495819, -0.0246468, 0.0217767, 0.0217767, -1.3282, 0.992874, 0.495169, 0]
2024-07-29 10:39:52,534 RobotKinematics.cpp:296 [INFO] controlValueCur_L: [-0.534256, -0.00340271, 0.0256329, 0.0256329, -1.31064, 0.977406, 0.494537, 0]
2024-07-29 10:39:52,539 RobotKinematics.cpp:296 [INFO] controlValueCur_L: [-0.643997, -0.00749588, 0.0454421, 0.0454421, -1.28244, 0.948421, 0.497004, 0]
2024-07-29 10:39:52,544 RobotKinematics.cpp:296 [INFO] controlValueCur_L: [-0.672791, -0.0379143, 0.0375504, 0.0375504, -1.27163, 0.935851, 0.500214, 0]
2024-07-29 10:39:52,549 RobotKinematics.cpp:296 [INFO] controlValueCur_L: [-0.682419, -0.0181961, 0.0526233, 0.0526233, -1.26229, 0.925396, 0.503183, 0]
2024-07-29 10:39:52,555 RobotKinematics.cpp:296 [INFO] controlValueCur_L: [-0.657654, -0.0160942, 0.0423355, 0.0423355, -1.24898, 0.908317, 0.507088, 0]
2024-07-29 10:39:52,560 RobotKinematics.cpp:296 [INFO] controlValueCur_L: [-0.657654, -0.0160942, 0.0423355, 0.0423355, -1.24898, 0.908317, 0.507088, 0]
2024-07-29 10:39:52,565 RobotKinematics.cpp:296 [INFO] controlValueCur_L: [-0.593353, -0.0198898, 0.0197587, 0.0197587, -1.24122, 0.889908, 0.506573, 0]
2024-07-29 10:39:52,570 RobotKinematics.cpp:296 [INFO] controlValueCur_L: [-0.576141, -0.00683975, 0.0146923, 0.0146923, -1.23863, 0.880019, 0.508776, 0]
2024-07-29 10:39:52,576 RobotKinematics.cpp:296 [INFO] controlValueCur_L: [-0.561295, -0.0137978, 0.0123248, 0.0123248, -1.23471, 0.87232, 0.511898, 0]
2024-07-29 10:39:52,581 RobotKinematics.cpp:296 [INFO] controlValueCur_L: [-0.560165, -0.00887299, 0.0159764, 0.0159764, -1.22808, 0.860984, 0.515924, 0]
2024-07-29 10:39:52,586 RobotKinematics.cpp:296 [INFO] controlValueCur_L: [-0.55217, -0.00951767, 0.0121522, 0.0121522, -1.22648, 0.854493, 0.517921, 0]
2024-07-29 10:39:52,591 RobotKinematics.cpp:296 [INFO] controlValueCur_L: [-0.550308, -0.00535965, 0.0193167, 0.0193167, -1.2233, 0.84855, 0.521246, 0]
2024-07-29 10:39:52,596 RobotKinematics.cpp:296 [INFO] controlValueCur_L: [-0.50679, -0.0161858, 0.0174279, 0.0174279, -1.21838, 0.836526, 0.53084, 0]
2024-07-29 10:39:52,602 RobotKinematics.cpp:296 [INFO] controlValueCur_L: [-0.50679, -0.0161858, 0.0174279, 0.0174279, -1.21838, 0.836526, 0.53084, 0]
2024-07-29 10:39:52,607 RobotKinematics.cpp:296 [INFO] controlValueCur_L: [-0.43396, -0.013134, 0.00895309, 0.00895309, -1.21316, 0.826766, 0.540421, 0]
2024-07-29 10:39:52,612 RobotKinematics.cpp:296 [INFO] controlValueCur_L: [-0.400131, -0.00249481, 0.0112243, 0.0112243, -1.21034, 0.822523, 0.544548, 0]
2024-07-29 10:39:52,617 RobotKinematics.cpp:296 [INFO] controlValueCur_L: [-0.361313, -0.013298, -0.00394964, -0.00394964, -1.20213, 0.8168, 0.548834, 0]
2024-07-29 10:39:52,623 RobotKinematics.cpp:296 [INFO] controlValueCur_L: [-0.29422, 0.019825, 0.0192833, 0.0192833, -1.18306, 0.80326, 0.556534, 0]
2024-07-29 10:39:52,628 RobotKinematics.cpp:296 [INFO] controlValueCur_L: [-0.269287, 0.0248489, 0.034297, 0.034297, -1.17139, 0.795867, 0.559965, 0]
2024-07-29 10:39:52,633 RobotKinematics.cpp:296 [INFO] controlValueCur_L: [-0.275909, 0.0142365, 0.0512853, 0.0512853, -1.15598, 0.788518, 0.563282, 0]
2024-07-29 10:39:52,638 RobotKinematics.cpp:296 [INFO] controlValueCur_L: [-0.257004, 0.0447769, 0.028604, 0.028604, -1.14149, 0.780686, 0.566143, 0]
2024-07-29 10:39:52,643 RobotKinematics.cpp:296 [INFO] controlValueCur_L: [-0.170761, 0.0262718, -0.00195122, -0.00195122, -1.10794, 0.764922, 0.572763, 0]
2024-07-29 10:39:52,649 RobotKinematics.cpp:296 [INFO] controlValueCur_L: [-0.153229, 0.00165176, 0.00573158, 0.00573158, -1.09056, 0.756292, 0.577982, 0]
2024-07-29 10:39:52,654 RobotKinematics.cpp:296 [INFO] controlValueCur_L: [-0.142303, 0.0158348, 0.00136566, 0.00136566, -1.07594, 0.747853, 0.584372, 0]
2024-07-29 10:39:52,659 RobotKinematics.cpp:296 [INFO] controlValueCur_L: [-0.112686, -0.0112076, 0.0269051, 0.0269051, -1.05991, 0.741042, 0.591179, 0]
2024-07-29 10:39:52,664 RobotKinematics.cpp:296 [INFO] controlValueCur_L: [-0.0477295, 0.0139198, -0.000220299, -0.000220299, -1.03179, 0.73139, 0.60276, 0]
2024-07-29 10:39:52,669 RobotKinematics.cpp:296 [INFO] controlValueCur_L: [-0.079422, 0.00199127, 0.00606155, 0.00606155, -1.01812, 0.727633, 0.60857, 0]
2024-07-29 10:39:52,674 RobotKinematics.cpp:296 [INFO] controlValueCur_L: [-0.107162, -0.0169182, 0.0296073, 0.0296073, -1.00534, 0.725276, 0.615065, 0]
2024-07-29 10:39:52,680 RobotKinematics.cpp:296 [INFO] controlValueCur_L: [-0.134903, -0.0411568, 0.0297623, 0.0297623, -0.993238, 0.72229, 0.623009, 0]
2024-07-29 10:39:52,685 RobotKinematics.cpp:296 [INFO] controlValueCur_L: [-0.175232, -0.00767899, 0.0408835, 0.0408835, -0.970628, 0.719501, 0.64028, 0]
2024-07-29 10:39:52,690 RobotKinematics.cpp:296 [INFO] controlValueCur_L: [-0.142975, -0.0128708, -0.000451088, -0.000451088, -0.959454, 0.720116, 0.649004, 0]
2024-07-29 10:39:52,695 RobotKinematics.cpp:296 [INFO] controlValueCur_L: [-0.165054, -0.00136185, 0.0381207, 0.0381207, -0.950193, 0.721853, 0.657291, 0]
2024-07-29 10:39:52,700 RobotKinematics.cpp:296 [INFO] controlValueCur_L: [-0.164871, -0.0405922, 0.029367, 0.029367, -0.941528, 0.726252, 0.665359, 0]
2024-07-29 10:39:52,706 RobotKinematics.cpp:296 [INFO] controlValueCur_L: [-0.155975, -0.0126534, 0.0573559, 0.0573559, -0.92965, 0.736357, 0.680794, 0]
2024-07-29 10:39:52,711 RobotKinematics.cpp:296 [INFO] controlValueCur_L: [-0.111786, -0.0146599, 0.016778, 0.016778, -0.921586, 0.738422, 0.688301, 0]
2024-07-29 10:39:52,716 RobotKinematics.cpp:296 [INFO] controlValueCur_L: [-0.0728607, -0.00265503, 0.0116248, 0.0116248, -0.898463, 0.727252, 0.695072, 0]
2024-07-29 10:39:52,721 RobotKinematics.cpp:296 [INFO] controlValueCur_L: [-0.023056, -0.0121536, 0.0214477, 0.0214477, -0.870135, 0.706105, 0.697491, 0]
2024-07-29 10:39:52,726 RobotKinematics.cpp:296 [INFO] controlValueCur_L: [0.0608215, 0.00117874, -0.00803185, -0.00803185, -0.844673, 0.684584, 0.700523, 0]
2024-07-29 10:39:52,732 RobotKinematics.cpp:296 [INFO] controlValueCur_L: [0.144882, -0.00214767, -0.0275826, -0.0275826, -0.773083, 0.631944, 0.709816, 0]
2024-07-29 10:39:52,737 RobotKinematics.cpp:296 [INFO] controlValueCur_L: [0.22467, -0.0282249, -0.0049305, -0.0049305, -0.730482, 0.58901, 0.714663, 0]
2024-07-29 10:39:52,742 RobotKinematics.cpp:296 [INFO] controlValueCur_L: [0.336777, 0.00854111, -0.0357094, -0.0357094, -0.686047, 0.541851, 0.715706, 0]
2024-07-29 10:39:52,747 RobotKinematics.cpp:296 [INFO] controlValueCur_L: [0.318939, 0.0168381, -0.027843, -0.027843, -0.575494, 0.421249, 0.700357, 0]
2024-07-29 10:39:52,752 RobotKinematics.cpp:296 [INFO] controlValueCur_L: [0.318939, 0.0168381, -0.027843, -0.027843, -0.575494, 0.421249, 0.700357, 0]
2024-07-29 10:39:52,757 RobotKinematics.cpp:296 [INFO] controlValueCur_L: [0.225967, 0.0717468, -0.0448103, -0.0448103, -0.4311, 0.249043, 0.641308, 0]
2024-07-29 10:39:52,763 RobotKinematics.cpp:296 [INFO] controlValueCur_L: [0.119415, 0.0392914, -0.0155048, -0.0155048, -0.35478, 0.167867, 0.615063, 0]
2024-07-29 10:39:52,768 RobotKinematics.cpp:296 [INFO] controlValueCur_L: [-0.0290833, 0.0376854, -0.0121427, -0.0121427, -0.297556, 0.113433, 0.602703, 0]
2024-07-29 10:39:52,773 RobotKinematics.cpp:296 [INFO] controlValueCur_L: [-0.224457, 0.0109749, -0.0333128, -0.0333128, -0.258563, 0.0891852, 0.606239, 0]
2024-07-29 10:39:52,778 RobotKinematics.cpp:296 [INFO] controlValueCur_L: [-0.23053, 0.00526428, -0.0385389, -0.0385389, -0.25502, 0.093122, 0.613285, 0]
2024-07-29 10:39:52,783 RobotKinematics.cpp:296 [INFO] controlValueCur_L: [-0.250549, 0.00173187, -0.0380435, -0.0380435, -0.247233, 0.0962811, 0.620573, 0]
2024-07-29 10:39:52,789 RobotKinematics.cpp:296 [INFO] controlValueCur_L: [-0.289261, 0.000350952, -0.0513368, -0.0513368, -0.225854, 0.0898767, 0.633114, 0]
2024-07-29 10:39:52,794 RobotKinematics.cpp:296 [INFO] controlValueCur_L: [-0.289261, 0.000350952, -0.0513368, -0.0513368, -0.225854, 0.0898767, 0.633114, 0]
2024-07-29 10:39:52,799 RobotKinematics.cpp:296 [INFO] controlValueCur_L: [-0.346146, -0.00416565, -0.0358801, -0.0358801, -0.198947, 0.0779686, 0.64296, 0]
2024-07-29 10:39:52,804 RobotKinematics.cpp:296 [INFO] controlValueCur_L: [-0.397049, 0.000583649, -0.046977, -0.046977, -0.173331, 0.0642262, 0.652967, 0]
2024-07-29 10:39:52,810 RobotKinematics.cpp:296 [INFO] controlValueCur_L: [-0.397049, 0.000583649, -0.046977, -0.046977, -0.173331, 0.0642262, 0.652967, 0]
2024-07-29 10:39:52,815 RobotKinematics.cpp:296 [INFO] controlValueCur_L: [-0.456345, -0.0137863, -0.017158, -0.017158, -0.148848, 0.0504193, 0.661638, 0]
2024-07-29 10:39:52,820 RobotKinematics.cpp:296 [INFO] controlValueCur_L: [-0.514145, -0.0212517, -0.0264812, -0.0264812, -0.136834, 0.0434947, 0.666332, 0]
2024-07-29 10:39:52,825 RobotKinematics.cpp:296 [INFO] controlValueCur_L: [-0.661377, -0.0476265, 0.00315571, 0.00315571, -0.123706, 0.0355654, 0.671101, 0]
2024-07-29 10:39:52,831 RobotKinematics.cpp:296 [INFO] controlValueCur_L: [-0.799728, -0.038147, -0.0192685, -0.0192685, -0.111797, 0.0282307, 0.675138, 0]
2024-07-29 10:39:52,836 RobotKinematics.cpp:296 [INFO] controlValueCur_L: [-1.00078, -0.0673561, -0.0011158, -0.0011158, -0.0827999, 0.0131192, 0.682438, 0]
2024-07-29 10:39:52,841 RobotKinematics.cpp:296 [INFO] controlValueCur_L: [-1.02879, -0.0974503, 0.0157371, 0.0157371, -0.0675449, 0.00525093, 0.685818, 0]
2024-07-29 10:39:52,846 RobotKinematics.cpp:296 [INFO] controlValueCur_L: [-0.991623, -0.0687141, 0.0368786, 0.0368786, -0.0519056, -0.00312376, 0.688805, 0]
2024-07-29 10:39:52,851 RobotKinematics.cpp:296 [INFO] controlValueCur_L: [-1.02922, -0.0695457, 0.0321369, 0.0321369, -0.0374765, -0.0101562, 0.690899, 0]
2024-07-29 10:39:52,857 RobotKinematics.cpp:296 [INFO] controlValueCur_L: [-0.995529, -0.0709991, 0.025795, 0.025795, -0.00907898, -0.0242896, 0.693752, 0]
2024-07-29 10:39:52,862 RobotKinematics.cpp:296 [INFO] controlValueCur_L: [-0.959061, -0.0587769, -0.0239334, -0.0239334, 0.00618935, -0.0321221, 0.695171, 0]
2024-07-29 10:39:52,867 RobotKinematics.cpp:296 [INFO] controlValueCur_L: [-0.947968, -0.0625954, 0.0335455, 0.0335455, 0.0188847, -0.0390205, 0.694321, 0]
2024-07-29 10:39:52,872 RobotKinematics.cpp:296 [INFO] controlValueCur_L: [-0.899719, -0.0472679, 0.0280747, 0.0280747, 0.0325537, -0.0470333, 0.692656, 0]
2024-07-29 10:39:52,877 RobotKinematics.cpp:296 [INFO] controlValueCur_L: [-0.85672, -0.0394783, 0.046629, 0.046629, 0.0664072, -0.0707269, 0.689692, 0]
2024-07-29 10:39:52,882 RobotKinematics.cpp:296 [INFO] controlValueCur_L: [-0.86319, -0.0352173, 0.0593853, 0.0593853, 0.0851851, -0.0859327, 0.688108, 0]
2024-07-29 10:39:52,888 RobotKinematics.cpp:296 [INFO] controlValueCur_L: [-0.812469, -0.0206261, 0.0145979, 0.0145979, 0.106983, -0.104039, 0.688015, 0]
2024-07-29 10:39:52,893 RobotKinematics.cpp:296 [INFO] controlValueCur_L: [-0.788589, -0.0459404, 0.0158634, 0.0158634, 0.130707, -0.123209, 0.687632, 0]
2024-07-29 10:39:52,898 RobotKinematics.cpp:296 [INFO] controlValueCur_L: [-0.839172, -0.0489464, 0.0259566, 0.0259566, 0.175385, -0.16432, 0.689692, 0]
2024-07-29 10:39:52,903 RobotKinematics.cpp:296 [INFO] controlValueCur_L: [-0.830719, -0.0820122, 0.0343924, 0.0343924, 0.195965, -0.183102, 0.689936, 0]
2024-07-29 10:39:52,908 RobotKinematics.cpp:296 [INFO] controlValueCur_L: [-0.829437, -0.0324554, 0.00625944, 0.00625944, 0.217906, -0.202026, 0.690498, 0]
2024-07-29 10:39:52,914 RobotKinematics.cpp:296 [INFO] controlValueCur_L: [-0.863358, -0.0500183, 0.0412798, 0.0412798, 0.239403, -0.223454, 0.693237, 0]
2024-07-29 10:39:52,919 RobotKinematics.cpp:296 [INFO] controlValueCur_L: [-0.933365, -0.0379639, 0.0281544, 0.0281544, 0.270855, -0.262029, 0.700912, 0]
2024-07-29 10:39:52,924 RobotKinematics.cpp:296 [INFO] controlValueCur_L: [-0.956451, -0.0528336, 0.0229597, 0.0229597, 0.277314, -0.274381, 0.701275, 0]
2024-07-29 10:39:52,929 RobotKinematics.cpp:296 [INFO] controlValueCur_L: [-1.0117, -0.0564384, 0.0537682, 0.0537682, 0.276217, -0.280604, 0.698017, 0]
2024-07-29 10:39:52,934 RobotKinematics.cpp:296 [INFO] controlValueCur_L: [-1.12971, -0.0784836, 0.0342855, 0.0342855, 0.2627, -0.262499, 0.673956, 0]
2024-07-29 10:39:52,939 RobotKinematics.cpp:296 [INFO] controlValueCur_L: [-1.21173, -0.0984917, -0.0272346, -0.0272346, 0.25645, -0.2503, 0.657185, 0]
2024-07-29 10:39:52,945 RobotKinematics.cpp:296 [INFO] controlValueCur_L: [-1.37711, -0.057209, 0.0571814, 0.0571814, 0.249982, -0.240884, 0.640688, 0]
2024-07-29 10:39:52,950 RobotKinematics.cpp:296 [INFO] controlValueCur_L: [-1.46939, -0.0910721, 0.0387774, 0.0387774, 0.241506, -0.232407, 0.624115, 0]
2024-07-29 10:39:52,955 RobotKinematics.cpp:296 [INFO] controlValueCur_L: [-1.62665, -0.0963173, 0.0694227, 0.0694227, 0.218171, -0.223499, 0.591333, 0]
2024-07-29 10:39:52,960 RobotKinematics.cpp:296 [INFO] controlValueCur_L: [-1.62665, -0.0963173, 0.0694227, 0.0694227, 0.218171, -0.223499, 0.591333, 0]
2024-07-29 10:39:52,965 RobotKinematics.cpp:296 [INFO] controlValueCur_L: [-1.54021, -0.140011, 0.0122051, 0.0122051, 0.194522, -0.21913, 0.568821, 0]
2024-07-29 10:39:52,971 RobotKinematics.cpp:296 [INFO] controlValueCur_L: [-1.54051, -0.147202, 0.0726423, 0.0726423, 0.182626, -0.216643, 0.560904, 0]
2024-07-29 10:39:52,976 RobotKinematics.cpp:296 [INFO] controlValueCur_L: [-1.52483, -0.175465, 0.0159788, 0.0159788, 0.172442, -0.213879, 0.553297, 0]
2024-07-29 10:39:52,981 RobotKinematics.cpp:296 [INFO] controlValueCur_L: [-1.62703, -0.170673, 0.0551381, 0.0551381, 0.154056, -0.209642, 0.538002, 0]
2024-07-29 10:39:52,986 RobotKinematics.cpp:296 [INFO] controlValueCur_L: [-1.73694, -0.157452, 0.0715275, 0.0715275, 0.146985, -0.209048, 0.531782, 0]
2024-07-29 10:39:52,991 RobotKinematics.cpp:296 [INFO] controlValueCur_L: [-1.7249, -0.17738, 0.0978804, 0.0978804, 0.140076, -0.208142, 0.526384, 0]
2024-07-29 10:39:52,996 RobotKinematics.cpp:296 [INFO] controlValueCur_L: [-1.61771, -0.191559, 0.0390339, 0.0390339, 0.127689, -0.208576, 0.520674, 0]
2024-07-29 10:39:53,002 RobotKinematics.cpp:296 [INFO] controlValueCur_L: [-1.61771, -0.191559, 0.0390339, 0.0390339, 0.127689, -0.208576, 0.520674, 0]
2024-07-29 10:39:53,007 RobotKinematics.cpp:296 [INFO] controlValueCur_L: [-1.61754, -0.148899, 0.0563512, 0.0563512, 0.119212, -0.211849, 0.521633, 0]
2024-07-29 10:39:53,012 RobotKinematics.cpp:296 [INFO] controlValueCur_L: [-1.65074, -0.1651, 0.0641575, 0.0641575, 0.116597, -0.214355, 0.524515, 0]
2024-07-29 10:39:53,017 RobotKinematics.cpp:296 [INFO] controlValueCur_L: [-1.66431, -0.161179, 0.0476398, 0.0476398, 0.114005, -0.216656, 0.528473, 0]
2024-07-29 10:39:53,022 RobotKinematics.cpp:296 [INFO] controlValueCur_L: [-1.68912, -0.180229, 0.0195522, 0.0195522, 0.109969, -0.221746, 0.539248, 0]
2024-07-29 10:39:53,028 RobotKinematics.cpp:296 [INFO] controlValueCur_L: [-1.76974, -0.123734, 0.0874372, 0.0874372, 0.108287, -0.224312, 0.545631, 0]
2024-07-29 10:39:53,033 RobotKinematics.cpp:296 [INFO] controlValueCur_L: [-1.75333, -0.156792, 0.0615468, 0.0615468, 0.106462, -0.226571, 0.552374, 0]
2024-07-29 10:39:53,038 RobotKinematics.cpp:296 [INFO] controlValueCur_L: [-1.72272, -0.143436, 0.0916786, 0.0916786, 0.102408, -0.23086, 0.567181, 0]
2024-07-29 10:39:53,043 RobotKinematics.cpp:296 [INFO] controlValueCur_L: [-1.72272, -0.143436, 0.0916786, 0.0916786, 0.102408, -0.23086, 0.567181, 0]
2024-07-29 10:39:53,048 RobotKinematics.cpp:296 [INFO] controlValueCur_L: [-1.63818, -0.125839, 0.058362, 0.058362, 0.0978909, -0.235681, 0.583506, 0]
2024-07-29 10:39:53,053 RobotKinematics.cpp:296 [INFO] controlValueCur_L: [-1.59897, -0.138676, 0.063169, 0.063169, 0.0961294, -0.238632, 0.592354, 0]
2024-07-29 10:39:53,059 RobotKinematics.cpp:296 [INFO] controlValueCur_L: [-1.59198, -0.110844, 0.0653329, 0.0653329, 0.0954647, -0.24336, 0.603148, 0]
2024-07-29 10:39:53,064 RobotKinematics.cpp:296 [INFO] controlValueCur_L: [-1.60275, -0.112591, 0.0789289, 0.0789289, 0.104671, -0.266923, 0.636768, 0]
2024-07-29 10:39:53,069 RobotKinematics.cpp:296 [INFO] controlValueCur_L: [-1.59816, -0.115688, 0.0608773, 0.0608773, 0.117019, -0.289403, 0.660488, 0]
2024-07-29 10:39:53,074 RobotKinematics.cpp:296 [INFO] controlValueCur_L: [-1.59355, -0.111103, 0.0589347, 0.0589347, 0.134143, -0.319818, 0.687845, 0]
2024-07-29 10:39:53,079 RobotKinematics.cpp:296 [INFO] controlValueCur_L: [-1.56656, -0.106781, 0.0733943, 0.0733943, 0.176723, -0.403668, 0.751053, 0]
2024-07-29 10:39:53,085 RobotKinematics.cpp:296 [INFO] controlValueCur_L: [-1.56656, -0.106781, 0.0733943, 0.0733943, 0.176723, -0.403668, 0.751053, 0]
2024-07-29 10:39:53,090 RobotKinematics.cpp:296 [INFO] controlValueCur_L: [-1.53166, -0.112991, 0.0693297, 0.0693297, 0.216498, -0.496845, 0.818199, 0]
2024-07-29 10:39:53,095 RobotKinematics.cpp:296 [INFO] controlValueCur_L: [-1.5108, -0.121601, 0.0628662, 0.0628662, 0.232959, -0.539379, 0.850716, 0]
2024-07-29 10:39:53,100 RobotKinematics.cpp:296 [INFO] controlValueCur_L: [-1.5051, -0.124775, 0.0672641, 0.0672641, 0.245625, -0.576797, 0.878826, 0]
2024-07-29 10:39:53,105 RobotKinematics.cpp:296 [INFO] controlValueCur_L: [-1.49706, -0.112164, 0.058301, 0.058301, 0.256526, -0.611499, 0.902534, 0]
2024-07-29 10:39:53,111 RobotKinematics.cpp:296 [INFO] controlValueCur_L: [-1.4646, -0.116436, 0.0557289, 0.0557289, 0.273077, -0.671468, 0.938225, 0]
2024-07-29 10:39:53,116 RobotKinematics.cpp:296 [INFO] controlValueCur_L: [-1.44812, -0.123234, 0.0522671, 0.0522671, 0.281715, -0.698268, 0.953936, 0]
2024-07-29 10:39:53,121 RobotKinematics.cpp:296 [INFO] controlValueCur_L: [-1.43893, -0.120369, 0.0661817, 0.0661817, 0.290249, -0.725078, 0.969393, 0]
2024-07-29 10:39:53,126 RobotKinematics.cpp:296 [INFO] controlValueCur_L: [-1.3985, -0.116444, 0.0310378, 0.0310378, 0.299551, -0.754785, 0.986441, 0]
2024-07-29 10:39:53,131 RobotKinematics.cpp:296 [INFO] controlValueCur_L: [-1.36125, -0.111828, 0.0238762, 0.0238762, 0.311118, -0.827101, 1.02477, 0]
2024-07-29 10:39:53,136 RobotKinematics.cpp:296 [INFO] controlValueCur_L: [-1.37952, -0.108509, 0.046546, 0.046546, 0.309708, -0.86883, 1.04446, 0]
2024-07-29 10:39:53,142 RobotKinematics.cpp:296 [INFO] controlValueCur_L: [-1.3718, -0.111862, 0.0235615, 0.0235615, 0.315056, -0.898508, 1.06743, 0]
2024-07-29 10:39:53,147 RobotKinematics.cpp:296 [INFO] controlValueCur_L: [-1.39647, -0.109264, 0.0334387, 0.0334387, 0.323613, -0.90014, 1.09173, 0]
2024-07-29 10:39:53,152 RobotKinematics.cpp:296 [INFO] controlValueCur_L: [-1.42276, -0.126999, 0.0550127, 0.0550127, 0.325717, -0.832737, 1.12685, 0]
2024-07-29 10:39:53,157 RobotKinematics.cpp:296 [INFO] controlValueCur_L: [-1.41818, -0.138271, 0.0501804, 0.0501804, 0.325409, -0.781922, 1.13926, 0]
2024-07-29 10:39:53,162 RobotKinematics.cpp:296 [INFO] controlValueCur_L: [-1.43149, -0.132168, 0.0552087, 0.0552087, 0.326436, -0.72694, 1.14963, 0]
2024-07-29 10:39:53,168 RobotKinematics.cpp:296 [INFO] controlValueCur_L: [-1.42714, -0.130165, 0.044188, 0.044188, 0.328444, -0.676063, 1.16091, 0]
2024-07-29 10:39:53,173 RobotKinematics.cpp:296 [INFO] controlValueCur_L: [-1.4203, -0.14127, 0.0545816, 0.0545816, 0.329495, -0.577114, 1.17787, 0]
2024-07-29 10:39:53,178 RobotKinematics.cpp:296 [INFO] controlValueCur_L: [-1.41777, -0.134453, 0.0452046, 0.0452046, 0.329605, -0.528171, 1.18304, 0]
2024-07-29 10:39:53,183 RobotKinematics.cpp:296 [INFO] controlValueCur_L: [-1.42737, -0.147614, 0.0528135, 0.0528135, 0.327271, -0.480293, 1.18535, 0]
2024-07-29 10:39:53,188 RobotKinematics.cpp:296 [INFO] controlValueCur_L: [-1.41588, -0.141605, 0.0510278, 0.0510278, 0.317337, -0.39011, 1.18358, 0]
2024-07-29 10:39:53,194 RobotKinematics.cpp:296 [INFO] controlValueCur_L: [-1.39711, -0.12479, 0.0555034, 0.0555034, 0.310513, -0.350722, 1.18046, 0]
2024-07-29 10:39:53,199 RobotKinematics.cpp:296 [INFO] controlValueCur_L: [-1.34105, -0.131805, 0.0321226, 0.0321226, 0.302764, -0.315919, 1.1759, 0]
2024-07-29 10:39:53,204 RobotKinematics.cpp:296 [INFO] controlValueCur_L: [-1.31946, -0.123192, 0.0318851, 0.0318851, 0.296285, -0.284178, 1.17064, 0]
2024-07-29 10:39:53,209 RobotKinematics.cpp:296 [INFO] controlValueCur_L: [-1.26299, -0.119713, 0.0123067, 0.0123067, 0.289708, -0.255297, 1.16449, 0]
2024-07-29 10:39:53,214 RobotKinematics.cpp:296 [INFO] controlValueCur_L: [-1.13228, -0.122704, 0.00887156, 0.00887156, 0.277666, -0.203471, 1.15184, 0]
2024-07-29 10:39:53,220 RobotKinematics.cpp:296 [INFO] controlValueCur_L: [-1.11426, -0.118893, 0.0294824, 0.0294824, 0.272357, -0.180719, 1.14582, 0]
2024-07-29 10:39:53,225 RobotKinematics.cpp:296 [INFO] controlValueCur_L: [-1.084, -0.0978928, 0.00938702, 0.00938702, 0.265672, -0.160294, 1.13929, 0]
2024-07-29 10:39:53,230 RobotKinematics.cpp:296 [INFO] controlValueCur_L: [-1.08449, -0.104771, 0.0186024, 0.0186024, 0.249147, -0.119848, 1.12212, 0]
2024-07-29 10:39:53,235 RobotKinematics.cpp:296 [INFO] controlValueCur_L: [-1.08449, -0.104771, 0.0186024, 0.0186024, 0.249147, -0.119848, 1.12212, 0]
2024-07-29 10:39:53,240 RobotKinematics.cpp:296 [INFO] controlValueCur_L: [-1.11729, -0.0948181, 0.0440216, 0.0440216, 0.228921, -0.0851765, 1.10288, 0]
2024-07-29 10:39:53,246 RobotKinematics.cpp:296 [INFO] controlValueCur_L: [-1.157, -0.115307, 0.066999, 0.066999, 0.217855, -0.0696521, 1.09387, 0]
2024-07-29 10:39:53,251 RobotKinematics.cpp:296 [INFO] controlValueCur_L: [-1.15755, -0.0864105, 0.0429893, 0.0429893, 0.206234, -0.0539851, 1.08499, 0]
2024-07-29 10:39:53,256 RobotKinematics.cpp:296 [INFO] controlValueCur_L: [-1.11565, -0.129131, 0.0298853, 0.0298853, 0.181176, -0.0211644, 1.06808, 0]
2024-07-29 10:39:53,261 RobotKinematics.cpp:296 [INFO] controlValueCur_L: [-1.06621, -0.11945, 0.0551448, 0.0551448, 0.167903, -0.0028739, 1.0596, 0]
2024-07-29 10:39:53,266 RobotKinematics.cpp:296 [INFO] controlValueCur_L: [-0.987167, -0.123093, 0.0500321, 0.0500321, 0.155573, 0.0156841, 1.05139, 0]
2024-07-29 10:39:53,272 RobotKinematics.cpp:296 [INFO] controlValueCur_L: [-0.814667, -0.0991821, 0.0148592, 0.0148592, 0.134347, 0.058279, 1.02953, 0]
2024-07-29 10:39:53,277 RobotKinematics.cpp:296 [INFO] controlValueCur_L: [-0.814667, -0.0991821, 0.0148592, 0.0148592, 0.134347, 0.058279, 1.02953, 0]
2024-07-29 10:39:53,282 RobotKinematics.cpp:296 [INFO] controlValueCur_L: [-0.777054, -0.110554, 0.060605, 0.060605, 0.11803, 0.100009, 0.995836, 0]
2024-07-29 10:39:53,287 RobotKinematics.cpp:296 [INFO] controlValueCur_L: [-0.778503, -0.050621, 0.0403237, 0.0403237, 0.111558, 0.120199, 0.9748, 0]
2024-07-29 10:39:53,292 RobotKinematics.cpp:296 [INFO] controlValueCur_L: [-0.743286, -0.0385857, 0.0325255, 0.0325255, 0.10947, 0.137805, 0.955891, 0]
2024-07-29 10:39:53,297 RobotKinematics.cpp:296 [INFO] controlValueCur_L: [-0.594864, -0.0416832, 0.0616198, 0.0616198, 0.114428, 0.175923, 0.924168, 0]
2024-07-29 10:39:53,303 RobotKinematics.cpp:296 [INFO] controlValueCur_L: [-0.497467, -0.047123, 0.11454, 0.11454, 0.118667, 0.19546, 0.909725, 0]
2024-07-29 10:39:53,308 RobotKinematics.cpp:296 [INFO] controlValueCur_L: [-0.407532, -0.0420837, 0.213339, 0.213339, 0.122933, 0.21481, 0.895924, 0]
2024-07-29 10:39:53,313 RobotKinematics.cpp:296 [INFO] controlValueCur_L: [-0.302933, -0.044548, 0.316947, 0.316947, 0.127709, 0.23442, 0.882179, 0]
2024-07-29 10:39:53,318 RobotKinematics.cpp:296 [INFO] controlValueCur_L: [0.189194, 0.0325089, 0.0438333, 0.0438333, 0.0982351, 0.313755, 0.868273, 0]
2024-07-29 10:39:53,323 RobotKinematics.cpp:296 [INFO] controlValueCur_L: [0.231247, 0.0507774, 0.0369987, 0.0369987, 0.0856094, 0.366908, 0.85758, 0]
2024-07-29 10:39:53,329 RobotKinematics.cpp:296 [INFO] controlValueCur_L: [0.24649, -0.0410881, -0.0614471, -0.0614471, 0.0729141, 0.418008, 0.849834, 0]
2024-07-29 10:39:53,334 RobotKinematics.cpp:296 [INFO] controlValueCur_L: [-0.00224304, -0.0997696, 0.0321879, 0.0321879, 0.0329618, 0.52184, 0.832949, 0]
2024-07-29 10:39:53,339 RobotKinematics.cpp:296 [INFO] controlValueCur_L: [-0.00224304, -0.0997696, 0.0321879, 0.0321879, 0.0329618, 0.52184, 0.832949, 0]
2024-07-29 10:39:53,344 RobotKinematics.cpp:296 [INFO] controlValueCur_L: [-0.165421, -0.0382767, -0.0147252, -0.0147252, -0.00933456, 0.635805, 0.810568, 0]
2024-07-29 10:39:53,349 RobotKinematics.cpp:296 [INFO] controlValueCur_L: [-0.305313, -0.0500946, 0.0484276, 0.0484276, -0.0352068, 0.690986, 0.793325, 0]
2024-07-29 10:39:53,354 RobotKinematics.cpp:296 [INFO] controlValueCur_L: [-0.352798, -0.0831413, 0.00600672, 0.00600672, -0.0610781, 0.748006, 0.770559, 0]
2024-07-29 10:39:53,360 RobotKinematics.cpp:296 [INFO] controlValueCur_L: [-0.448822, -0.0251846, 0.0289917, 0.0289917, -0.0870438, 0.804511, 0.744011, 0]
2024-07-29 10:39:53,365 RobotKinematics.cpp:296 [INFO] controlValueCur_L: [-0.578995, -0.048378, 0.0571733, 0.0571733, -0.138215, 0.912603, 0.683897, 0]
2024-07-29 10:39:53,370 RobotKinematics.cpp:296 [INFO] controlValueCur_L: [-0.578323, -0.0640793, 0.0352068, 0.0352068, -0.162556, 0.96497, 0.654009, 0]
2024-07-29 10:39:53,375 RobotKinematics.cpp:296 [INFO] controlValueCur_L: [-0.578613, -0.0690346, 0.000247478, 0.000247478, -0.185899, 1.01047, 0.627151, 0]
2024-07-29 10:39:53,380 RobotKinematics.cpp:296 [INFO] controlValueCur_L: [-0.624084, -0.0744896, 0.0612421, 0.0612421, -0.209259, 1.05338, 0.602699, 0]
2024-07-29 10:39:53,386 RobotKinematics.cpp:296 [INFO] controlValueCur_L: [-0.599182, -0.100883, 0.0267053, 0.0267053, -0.244542, 1.12985, 0.565914, 0]
2024-07-29 10:39:53,391 RobotKinematics.cpp:296 [INFO] controlValueCur_L: [-0.563004, -0.110596, 0.0359683, 0.0359683, -0.261255, 1.15794, 0.55154, 0]
2024-07-29 10:39:53,396 RobotKinematics.cpp:296 [INFO] controlValueCur_L: [-0.519592, -0.085762, 0.0573897, 0.0573897, -0.276614, 1.18111, 0.539429, 0]
2024-07-29 10:39:53,401 RobotKinematics.cpp:296 [INFO] controlValueCur_L: [-0.445435, -0.044445, 0.0519729, 0.0519729, -0.283726, 1.2043, 0.53145, 0]
2024-07-29 10:39:53,406 RobotKinematics.cpp:296 [INFO] controlValueCur_L: [-0.42334, -0.076664, 0.0700641, 0.0700641, -0.294703, 1.23634, 0.520908, 0]
2024-07-29 10:39:53,411 RobotKinematics.cpp:296 [INFO] controlValueCur_L: [-0.380386, -0.0572052, 0.0586157, 0.0586157, -0.299218, 1.2494, 0.5194, 0]
2024-07-29 10:39:53,417 RobotKinematics.cpp:296 [INFO] controlValueCur_L: [-0.350204, -0.0451927, 0.0549979, 0.0549979, -0.305643, 1.26027, 0.520906, 0]
2024-07-29 10:39:53,422 RobotKinematics.cpp:296 [INFO] controlValueCur_L: [-0.260254, -0.0155792, 0.0370927, 0.0370927, -0.31672, 1.28302, 0.527252, 0]
2024-07-29 10:39:53,427 RobotKinematics.cpp:296 [INFO] controlValueCur_L: [-0.252853, -0.0280991, 0.0658779, 0.0658779, -0.321346, 1.29357, 0.53266, 0]
2024-07-29 10:39:53,432 RobotKinematics.cpp:296 [INFO] controlValueCur_L: [-0.237183, -0.029068, 0.0521078, 0.0521078, -0.325191, 1.30353, 0.539152, 0]
2024-07-29 10:39:53,437 RobotKinematics.cpp:296 [INFO] controlValueCur_L: [-0.249969, -0.0397453, 0.0729523, 0.0729523, -0.330196, 1.31227, 0.546255, 0]
2024-07-29 10:39:53,443 RobotKinematics.cpp:296 [INFO] controlValueCur_L: [-0.312012, -0.0540771, 0.0516582, 0.0516582, -0.332158, 1.32655, 0.56262, 0]
2024-07-29 10:39:53,448 RobotKinematics.cpp:296 [INFO] controlValueCur_L: [-0.322266, -0.0289459, 0.0356202, 0.0356202, -0.334174, 1.32927, 0.570793, 0]
2024-07-29 10:39:53,453 RobotKinematics.cpp:296 [INFO] controlValueCur_L: [-0.355499, -0.0520859, 0.00720263, 0.00720263, -0.333908, 1.33076, 0.57999, 0]
2024-07-29 10:39:53,458 RobotKinematics.cpp:296 [INFO] controlValueCur_L: [-0.404587, -0.0358696, 0.0299869, 0.0299869, -0.335492, 1.33225, 0.588587, 0]
2024-07-29 10:39:53,463 RobotKinematics.cpp:296 [INFO] controlValueCur_L: [-0.399902, -0.0449295, 0.0233016, 0.0233016, -0.335598, 1.33107, 0.598179, 0]
2024-07-29 10:39:53,468 RobotKinematics.cpp:296 [INFO] controlValueCur_L: [-0.39621, -0.0530815, 0.0362468, 0.0362468, -0.333855, 1.32969, 0.617008, 0]
2024-07-29 10:39:53,474 RobotKinematics.cpp:296 [INFO] controlValueCur_L: [-0.391632, -0.0331154, 0.0274792, 0.0274792, -0.333308, 1.32747, 0.626734, 0]
2024-07-29 10:39:53,479 RobotKinematics.cpp:296 [INFO] controlValueCur_L: [-0.378754, -0.0352402, 0.0286484, 0.0286484, -0.330771, 1.3251, 0.637707, 0]
2024-07-29 10:39:53,484 RobotKinematics.cpp:296 [INFO] controlValueCur_L: [-0.297363, -0.0391197, 0.0301132, 0.0301132, -0.329247, 1.31315, 0.661354, 0]
2024-07-29 10:39:53,489 RobotKinematics.cpp:296 [INFO] controlValueCur_L: [-0.297363, -0.0391197, 0.0301132, 0.0301132, -0.329247, 1.31315, 0.661354, 0]
2024-07-29 10:39:53,494 RobotKinematics.cpp:296 [INFO] controlValueCur_L: [-0.208923, -0.0343857, 0.0187769, 0.0187769, -0.325989, 1.29857, 0.690502, 0]
2024-07-29 10:39:53,500 RobotKinematics.cpp:296 [INFO] controlValueCur_L: [-0.191757, -0.0145683, -0.00331688, -0.00331688, -0.324366, 1.28828, 0.70689, 0]
2024-07-29 10:39:53,505 RobotKinematics.cpp:296 [INFO] controlValueCur_L: [-0.198898, -0.0255547, 0.00621939, 0.00621939, -0.321334, 1.27671, 0.724663, 0]
2024-07-29 10:39:53,510 RobotKinematics.cpp:296 [INFO] controlValueCur_L: [-0.203873, -0.0265656, 0.00408459, 0.00408459, -0.317225, 1.25249, 0.759254, 0]
2024-07-29 10:39:53,515 RobotKinematics.cpp:296 [INFO] controlValueCur_L: [-0.224503, -0.0281181, 0.0190306, 0.0190306, -0.315408, 1.23873, 0.776407, 0]
2024-07-29 10:39:53,520 RobotKinematics.cpp:296 [INFO] controlValueCur_L: [-0.224457, -0.0302162, 0.0167308, 0.0167308, -0.312515, 1.22415, 0.793983, 0]
2024-07-29 10:39:53,526 RobotKinematics.cpp:296 [INFO] controlValueCur_L: [-0.269897, -0.0463562, -0.00654078, -0.00654078, -0.303557, 1.19275, 0.82616, 0]
2024-07-29 10:39:53,531 RobotKinematics.cpp:296 [INFO] controlValueCur_L: [-0.269897, -0.0463562, -0.00654078, -0.00654078, -0.303557, 1.19275, 0.82616, 0]
2024-07-29 10:39:53,536 RobotKinematics.cpp:296 [INFO] controlValueCur_L: [-0.349335, -0.0522461, -0.0136065, -0.0136065, -0.288988, 1.15901, 0.853157, 0]
2024-07-29 10:39:53,541 RobotKinematics.cpp:296 [INFO] controlValueCur_L: [-0.389679, -0.0412979, -0.00856209, -0.00856209, -0.280704, 1.13899, 0.867327, 0]
2024-07-29 10:39:53,546 RobotKinematics.cpp:296 [INFO] controlValueCur_L: [-0.441757, -0.0478249, 0.00248957, 0.00248957, -0.269967, 1.11571, 0.883772, 0]
2024-07-29 10:39:53,552 RobotKinematics.cpp:296 [INFO] controlValueCur_L: [-0.659683, -0.0546188, -0.00332403, -0.00332403, -0.239641, 1.04675, 0.927006, 0]
2024-07-29 10:39:53,557 RobotKinematics.cpp:296 [INFO] controlValueCur_L: [-0.841187, -0.0824814, 0.0338731, 0.0338731, -0.218838, 1.00434, 0.950548, 0]
2024-07-29 10:39:53,562 RobotKinematics.cpp:296 [INFO] controlValueCur_L: [-0.896576, -0.0884094, -0.0255132, -0.0255132, -0.193525, 0.957198, 0.973364, 0]
2024-07-29 10:39:53,567 RobotKinematics.cpp:296 [INFO] controlValueCur_L: [-0.980286, -0.113148, -0.0191841, -0.0191841, -0.1677, 0.908756, 0.99198, 0]
2024-07-29 10:39:53,573 RobotKinematics.cpp:296 [INFO] controlValueCur_L: [-1.26253, -0.105984, 0.0261579, 0.0261579, -0.104544, 0.810153, 1.0106, 0]
2024-07-29 10:39:53,578 RobotKinematics.cpp:296 [INFO] controlValueCur_L: [-1.42477, -0.0790634, -0.0604362, -0.0604362, -0.068469, 0.762647, 1.00087, 0]
2024-07-29 10:39:53,583 RobotKinematics.cpp:296 [INFO] controlValueCur_L: [-1.62402, -0.111832, 0.0563812, 0.0563812, -0.0259676, 0.718319, 0.975523, 0]
2024-07-29 10:39:53,588 RobotKinematics.cpp:296 [INFO] controlValueCur_L: [-1.68192, -0.178749, 0.0544758, 0.0544758, 0.0182257, 0.677641, 0.932554, 0]
2024-07-29 10:39:53,594 RobotKinematics.cpp:296 [INFO] controlValueCur_L: [-1.63727, -0.110001, 0.0571113, 0.0571113, 0.104892, 0.610222, 0.801075, 0]
2024-07-29 10:39:53,599 RobotKinematics.cpp:296 [INFO] controlValueCur_L: [-1.59534, -0.11517, 0.0096612, 0.0096612, 0.142793, 0.594026, 0.723387, 0]
2024-07-29 10:39:53,604 RobotKinematics.cpp:296 [INFO] controlValueCur_L: [-1.49933, -0.154469, 0.0272255, 0.0272255, 0.175796, 0.592167, 0.653521, 0]
2024-07-29 10:39:53,609 RobotKinematics.cpp:296 [INFO] controlValueCur_L: [-1.43378, -0.145702, 0.0103726, 0.0103726, 0.202419, 0.594901, 0.601627, 0]
2024-07-29 10:39:53,614 RobotKinematics.cpp:296 [INFO] controlValueCur_L: [-1.4193, -0.106464, 0.0745835, 0.0745835, 0.233315, 0.604311, 0.544407, 0]
2024-07-29 10:39:53,619 RobotKinematics.cpp:296 [INFO] controlValueCur_L: [-1.41347, -0.0758133, 0.0925355, 0.0925355, 0.24015, 0.611086, 0.52828, 0]
2024-07-29 10:39:53,625 RobotKinematics.cpp:296 [INFO] controlValueCur_L: [-1.41269, -0.0940094, 0.0421929, 0.0421929, 0.245872, 0.615967, 0.514839, 0]
2024-07-29 10:39:53,630 RobotKinematics.cpp:296 [INFO] controlValueCur_L: [-1.46367, -0.0956345, 0.0739551, 0.0739551, 0.250959, 0.618938, 0.501299, 0]
2024-07-29 10:39:53,635 RobotKinematics.cpp:296 [INFO] controlValueCur_L: [-1.50282, -0.12178, 0.123577, 0.123577, 0.260291, 0.622467, 0.472677, 0]
2024-07-29 10:39:53,640 RobotKinematics.cpp:296 [INFO] controlValueCur_L: [-1.43732, -0.123722, 0.0613251, 0.0613251, 0.263872, 0.626465, 0.459452, 0]
2024-07-29 10:39:53,645 RobotKinematics.cpp:296 [INFO] controlValueCur_L: [-1.43471, -0.14777, 0.100339, 0.100339, 0.26491, 0.632586, 0.447647, 0]
2024-07-29 10:39:53,651 RobotKinematics.cpp:296 [INFO] controlValueCur_L: [-1.38678, -0.120575, 0.0727239, 0.0727239, 0.266392, 0.651736, 0.42902, 0]
2024-07-29 10:39:53,656 RobotKinematics.cpp:296 [INFO] controlValueCur_L: [-1.38678, -0.120575, 0.0727239, 0.0727239, 0.266392, 0.651736, 0.42902, 0]
2024-07-29 10:39:53,661 RobotKinematics.cpp:296 [INFO] controlValueCur_L: [-1.28996, -0.136688, 0.0360994, 0.0360994, 0.267733, 0.672197, 0.415123, 0]
2024-07-29 10:39:53,666 RobotKinematics.cpp:296 [INFO] controlValueCur_L: [-1.32579, -0.108078, 0.0935059, 0.0935059, 0.268982, 0.682413, 0.409391, 0]
2024-07-29 10:39:53,671 RobotKinematics.cpp:296 [INFO] controlValueCur_L: [-1.30527, -0.128338, 0.0739474, 0.0739474, 0.271522, 0.69327, 0.404495, 0]
2024-07-29 10:39:53,677 RobotKinematics.cpp:296 [INFO] controlValueCur_L: [-1.21637, -0.089489, 0.0671558, 0.0671558, 0.279484, 0.714418, 0.398767, 0]
2024-07-29 10:39:53,682 RobotKinematics.cpp:296 [INFO] controlValueCur_L: [-1.15677, -0.0994682, 0.0640545, 0.0640545, 0.2854, 0.724127, 0.399508, 0]
2024-07-29 10:39:53,687 RobotKinematics.cpp:296 [INFO] controlValueCur_L: [-1.11617, -0.103992, 0.0596657, 0.0596657, 0.291204, 0.73296, 0.403112, 0]
2024-07-29 10:39:53,692 RobotKinematics.cpp:296 [INFO] controlValueCur_L: [-1.12111, -0.10017, 0.0607991, 0.0607991, 0.305222, 0.749143, 0.415903, 0]
2024-07-29 10:39:53,697 RobotKinematics.cpp:296 [INFO] controlValueCur_L: [-1.12111, -0.10017, 0.0607991, 0.0607991, 0.305222, 0.749143, 0.415903, 0]
2024-07-29 10:39:53,703 RobotKinematics.cpp:296 [INFO] controlValueCur_L: [-1.09683, -0.103226, 0.0535145, 0.0535145, 0.319259, 0.762917, 0.431339, 0]
2024-07-29 10:39:53,708 RobotKinematics.cpp:296 [INFO] controlValueCur_L: [-1.10013, -0.114208, 0.0592766, 0.0592766, 0.327477, 0.768883, 0.440294, 0]
2024-07-29 10:39:53,713 RobotKinematics.cpp:296 [INFO] controlValueCur_L: [-1.11377, -0.100266, 0.0556116, 0.0556116, 0.335122, 0.773601, 0.450607, 0]
2024-07-29 10:39:53,718 RobotKinematics.cpp:296 [INFO] controlValueCur_L: [-1.13104, -0.109612, 0.0610538, 0.0610538, 0.343424, 0.778086, 0.463005, 0]
2024-07-29 10:39:53,723 RobotKinematics.cpp:296 [INFO] controlValueCur_L: [-1.14275, -0.116699, 0.0606923, 0.0606923, 0.360459, 0.787289, 0.492935, 0]
2024-07-29 10:39:53,728 RobotKinematics.cpp:296 [INFO] controlValueCur_L: [-1.12508, -0.11359, 0.0535188, 0.0535188, 0.36885, 0.789986, 0.509874, 0]
2024-07-29 10:39:53,734 RobotKinematics.cpp:296 [INFO] controlValueCur_L: [-1.10448, -0.10688, 0.0539021, 0.0539021, 0.379377, 0.790107, 0.528919, 0]
2024-07-29 10:39:53,739 RobotKinematics.cpp:296 [INFO] controlValueCur_L: [-1.0379, -0.0915718, 0.0409799, 0.0409799, 0.401686, 0.781707, 0.572323, 0]
2024-07-29 10:39:53,744 RobotKinematics.cpp:296 [INFO] controlValueCur_L: [-1.01662, -0.0975723, 0.0697665, 0.0697665, 0.413795, 0.773728, 0.59647, 0]
2024-07-29 10:39:53,749 RobotKinematics.cpp:296 [INFO] controlValueCur_L: [-0.971863, -0.0907326, 0.0443745, 0.0443745, 0.427258, 0.764559, 0.621592, 0]
2024-07-29 10:39:53,754 RobotKinematics.cpp:296 [INFO] controlValueCur_L: [-0.919861, -0.0802612, 0.0680699, 0.0680699, 0.439339, 0.753242, 0.646894, 0]
2024-07-29 10:39:53,760 RobotKinematics.cpp:296 [INFO] controlValueCur_L: [-0.902359, -0.105801, 0.0713801, 0.0713801, 0.464907, 0.726247, 0.698526, 0]
2024-07-29 10:39:53,765 RobotKinematics.cpp:296 [INFO] controlValueCur_L: [-0.848572, -0.086277, 0.0172038, 0.0172038, 0.477197, 0.711614, 0.723885, 0]
2024-07-29 10:39:53,770 RobotKinematics.cpp:296 [INFO] controlValueCur_L: [-0.810349, -0.0964432, 0.0710983, 0.0710983, 0.485448, 0.696293, 0.747688, 0]
2024-07-29 10:39:53,775 RobotKinematics.cpp:296 [INFO] controlValueCur_L: [-0.706772, -0.0434265, -0.000279903, -0.000279903, 0.495552, 0.681643, 0.770746, 0]
2024-07-29 10:39:53,780 RobotKinematics.cpp:296 [INFO] controlValueCur_L: [-0.659058, -0.0383453, 0.00880623, 0.00880623, 0.509272, 0.654464, 0.810324, 0]
2024-07-29 10:39:53,785 RobotKinematics.cpp:296 [INFO] controlValueCur_L: [-0.61853, -0.0181236, 0.0239615, 0.0239615, 0.51403, 0.643826, 0.826681, 0]
2024-07-29 10:39:53,791 RobotKinematics.cpp:296 [INFO] controlValueCur_L: [-0.602661, -0.0310287, -0.00995016, -0.00995016, 0.516656, 0.635265, 0.839977, 0]
2024-07-29 10:39:53,796 RobotKinematics.cpp:296 [INFO] controlValueCur_L: [-0.640793, -0.0338554, 0.0479865, 0.0479865, 0.515601, 0.630208, 0.849371, 0]
2024-07-29 10:39:53,801 RobotKinematics.cpp:296 [INFO] controlValueCur_L: [-0.506958, 0.00018692, 0.0512533, 0.0512533, 0.511384, 0.623676, 0.86133, 0]
2024-07-29 10:39:53,806 RobotKinematics.cpp:296 [INFO] controlValueCur_L: [-0.488419, -0.054554, 0.0704312, 0.0704312, 0.508692, 0.624587, 0.86235, 0]
2024-07-29 10:39:53,811 RobotKinematics.cpp:296 [INFO] controlValueCur_L: [-0.509964, -0.0190735, 0.0925331, 0.0925331, 0.504761, 0.626412, 0.860861, 0]
2024-07-29 10:39:53,817 RobotKinematics.cpp:296 [INFO] controlValueCur_L: [-0.499268, -0.0519714, 0.0344515, 0.0344515, 0.502554, 0.629412, 0.858086, 0]
2024-07-29 10:39:53,822 RobotKinematics.cpp:296 [INFO] controlValueCur_L: [-0.546387, -0.0396576, 0.0428023, 0.0428023, 0.499887, 0.632229, 0.854786, 0]
2024-07-29 10:39:53,827 RobotKinematics.cpp:296 [INFO] controlValueCur_L: [-0.552719, -0.0494499, 0.0552096, 0.0552096, 0.493902, 0.640101, 0.848057, 0]
2024-07-29 10:39:53,832 RobotKinematics.cpp:296 [INFO] controlValueCur_L: [-0.513474, -0.0401993, 0.0524321, 0.0524321, 0.492286, 0.6452, 0.843637, 0]
2024-07-29 10:39:53,837 RobotKinematics.cpp:296 [INFO] controlValueCur_L: [-0.512299, -0.040699, 0.048398, 0.048398, 0.489816, 0.651862, 0.836332, 0]
2024-07-29 10:39:53,843 RobotKinematics.cpp:296 [INFO] controlValueCur_L: [-0.486481, -0.0269318, 0.0379076, 0.0379076, 0.48912, 0.665279, 0.814911, 0]
2024-07-29 10:39:53,848 RobotKinematics.cpp:296 [INFO] controlValueCur_L: [-0.486481, -0.0269318, 0.0379076, 0.0379076, 0.48912, 0.665279, 0.814911, 0]
2024-07-29 10:39:53,853 RobotKinematics.cpp:296 [INFO] controlValueCur_L: [-0.479248, -0.0509834, 0.0364146, 0.0364146, 0.491084, 0.676496, 0.785633, 0]
2024-07-29 10:39:53,858 RobotKinematics.cpp:296 [INFO] controlValueCur_L: [-0.474091, -0.0369873, 0.041523, 0.041523, 0.492571, 0.680001, 0.77, 0]
2024-07-29 10:39:53,863 RobotKinematics.cpp:296 [INFO] controlValueCur_L: [-0.454987, -0.0727615, 0.0340319, 0.0340319, 0.494466, 0.681726, 0.754929, 0]
2024-07-29 10:39:53,868 RobotKinematics.cpp:296 [INFO] controlValueCur_L: [-0.444626, -0.0915527, 0.0374565, 0.0374565, 0.497067, 0.679873, 0.728893, 0]
2024-07-29 10:39:53,874 RobotKinematics.cpp:296 [INFO] controlValueCur_L: [-0.456711, -0.0696449, 0.0517092, 0.0517092, 0.499217, 0.677176, 0.718964, 0]
2024-07-29 10:39:53,879 RobotKinematics.cpp:296 [INFO] controlValueCur_L: [-0.450653, -0.0685883, 0.0453811, 0.0453811, 0.501376, 0.673115, 0.710928, 0]
2024-07-29 10:39:53,884 RobotKinematics.cpp:296 [INFO] controlValueCur_L: [-0.472809, -0.0629883, 0.0233741, 0.0233741, 0.507611, 0.659534, 0.700554, 0]
2024-07-29 10:39:53,889 RobotKinematics.cpp:296 [INFO] controlValueCur_L: [-0.472809, -0.0629883, 0.0233741, 0.0233741, 0.507611, 0.659534, 0.700554, 0]
2024-07-29 10:39:53,894 RobotKinematics.cpp:296 [INFO] controlValueCur_L: [-0.573807, -0.0754395, 0.0279136, 0.0279136, 0.516955, 0.639372, 0.697115, 0]
2024-07-29 10:39:53,900 RobotKinematics.cpp:296 [INFO] controlValueCur_L: [-0.631927, -0.0788193, 0.0277061, 0.0277061, 0.523485, 0.62358, 0.697577, 0]
2024-07-29 10:39:53,905 RobotKinematics.cpp:296 [INFO] controlValueCur_L: [-0.687851, -0.0872345, 0.0436196, 0.0436196, 0.530871, 0.601447, 0.700127, 0]
2024-07-29 10:39:53,910 RobotKinematics.cpp:296 [INFO] controlValueCur_L: [-0.748016, -0.0793152, 0.0510087, 0.0510087, 0.553097, 0.534279, 0.715502, 0]
2024-07-29 10:39:53,915 RobotKinematics.cpp:296 [INFO] controlValueCur_L: [-0.798767, -0.0406837, 0.003582, 0.003582, 0.565696, 0.491836, 0.730398, 0]
2024-07-29 10:39:53,920 RobotKinematics.cpp:296 [INFO] controlValueCur_L: [-0.873383, -0.0520744, 0.052135, 0.052135, 0.576801, 0.44688, 0.750341, 0]
2024-07-29 10:39:53,926 RobotKinematics.cpp:296 [INFO] controlValueCur_L: [-0.901596, -0.044529, 0.0282898, 0.0282898, 0.58576, 0.405575, 0.772676, 0]
2024-07-29 10:39:53,931 RobotKinematics.cpp:296 [INFO] controlValueCur_L: [-0.912094, -0.062767, 0.0300016, 0.0300016, 0.592298, 0.33558, 0.806902, 0]
2024-07-29 10:39:53,936 RobotKinematics.cpp:296 [INFO] controlValueCur_L: [-0.926605, -0.0448875, 0.0478144, 0.0478144, 0.596003, 0.306524, 0.813457, 0]
2024-07-29 10:39:53,941 RobotKinematics.cpp:296 [INFO] controlValueCur_L: [-0.937622, -0.0668907, 0.0643644, 0.0643644, 0.605163, 0.277387, 0.814867, 0]
2024-07-29 10:39:53,946 RobotKinematics.cpp:296 [INFO] controlValueCur_L: [-0.983429, -0.0469971, 0.0662384, 0.0662384, 0.618612, 0.24515, 0.81358, 0]
2024-07-29 10:39:53,951 RobotKinematics.cpp:296 [INFO] controlValueCur_L: [-1.07233, -0.0706253, 0.0734634, 0.0734634, 0.653999, 0.164701, 0.817984, 0]
2024-07-29 10:39:53,957 RobotKinematics.cpp:296 [INFO] controlValueCur_L: [-1.0905, -0.043911, 0.0577755, 0.0577755, 0.670132, 0.121245, 0.82461, 0]
2024-07-29 10:39:53,962 RobotKinematics.cpp:296 [INFO] controlValueCur_L: [-1.10707, -0.0737343, 0.10246, 0.10246, 0.684299, 0.0769014, 0.835941, 0]
2024-07-29 10:39:53,967 RobotKinematics.cpp:296 [INFO] controlValueCur_L: [-1.07768, -0.0708885, 0.0677977, 0.0677977, 0.696037, 0.0344572, 0.851217, 0]
2024-07-29 10:39:53,972 RobotKinematics.cpp:296 [INFO] controlValueCur_L: [-1.08113, -0.0763855, 0.0593681, 0.0593681, 0.713422, -0.034481, 0.891031, 0]
2024-07-29 10:39:53,977 RobotKinematics.cpp:296 [INFO] controlValueCur_L: [-1.10344, -0.0596695, 0.0870905, 0.0870905, 0.719413, -0.0608087, 0.914015, 0]
2024-07-29 10:39:53,983 RobotKinematics.cpp:296 [INFO] controlValueCur_L: [-1.07765, -0.0439186, 0.0781035, 0.0781035, 0.72289, -0.0806527, 0.935915, 0]
2024-07-29 10:39:53,988 RobotKinematics.cpp:296 [INFO] controlValueCur_L: [-1.04703, -0.0683327, 0.0645623, 0.0645623, 0.725117, -0.0969276, 0.955849, 0]
2024-07-29 10:39:53,993 RobotKinematics.cpp:296 [INFO] controlValueCur_L: [-0.981659, -0.0676765, 0.0281873, 0.0281873, 0.733251, -0.124667, 0.991264, 0]
2024-07-29 10:39:53,998 RobotKinematics.cpp:296 [INFO] controlValueCur_L: [-0.981659, -0.0676765, 0.0281873, 0.0281873, 0.733251, -0.124667, 0.991264, 0]
2024-07-29 10:39:54,003 RobotKinematics.cpp:296 [INFO] controlValueCur_L: [-0.938522, -0.0482712, 0.024405, 0.024405, 0.739412, -0.150302, 1.01713, 0]
2024-07-29 10:39:54,009 RobotKinematics.cpp:296 [INFO] controlValueCur_L: [-0.956512, -0.0516281, 0.0413532, 0.0413532, 0.743353, -0.162641, 1.02957, 0]
2024-07-29 10:39:54,014 RobotKinematics.cpp:296 [INFO] controlValueCur_L: [-0.953812, -0.0541763, 0.0233884, 0.0233884, 0.74788, -0.175838, 1.04353, 0]
2024-07-29 10:39:54,019 RobotKinematics.cpp:296 [INFO] controlValueCur_L: [-0.976639, -0.0692101, 0.00151587, 0.00151587, 0.756568, -0.199664, 1.07525, 0]
2024-07-29 10:39:54,024 RobotKinematics.cpp:296 [INFO] controlValueCur_L: [-0.992477, -0.0763435, 0.0254374, 0.0254374, 0.759711, -0.213408, 1.09395, 0]
2024-07-29 10:39:54,029 RobotKinematics.cpp:296 [INFO] controlValueCur_L: [-0.99559, -0.0738716, 0.0358329, 0.0358329, 0.761065, -0.226548, 1.11302, 0]
2024-07-29 10:39:54,034 RobotKinematics.cpp:296 [INFO] controlValueCur_L: [-1.01093, -0.0822716, 0.0502195, 0.0502195, 0.759028, -0.249841, 1.15304, 0]
2024-07-29 10:39:54,040 RobotKinematics.cpp:296 [INFO] controlValueCur_L: [-0.999222, -0.0931702, 0.0310192, 0.0310192, 0.756201, -0.256395, 1.17351, 0]
2024-07-29 10:39:54,045 RobotKinematics.cpp:296 [INFO] controlValueCur_L: [-1.00711, -0.0838547, 0.0551386, 0.0551386, 0.751178, -0.260727, 1.19343, 0]
2024-07-29 10:39:54,050 RobotKinematics.cpp:296 [INFO] controlValueCur_L: [-0.981064, -0.0913162, 0.0528512, 0.0528512, 0.736425, -0.265335, 1.22742, 0]
2024-07-29 10:39:54,055 RobotKinematics.cpp:296 [INFO] controlValueCur_L: [-0.981064, -0.0913162, 0.0528512, 0.0528512, 0.736425, -0.265335, 1.22742, 0]
2024-07-29 10:39:54,060 RobotKinematics.cpp:296 [INFO] controlValueCur_L: [-0.984848, -0.0946693, 0.0505052, 0.0505052, 0.720373, -0.257976, 1.2432, 0]
2024-07-29 10:39:54,066 RobotKinematics.cpp:296 [INFO] controlValueCur_L: [-1.00467, -0.101353, 0.0502748, 0.0502748, 0.710275, -0.250956, 1.24059, 0]
2024-07-29 10:39:54,071 RobotKinematics.cpp:296 [INFO] controlValueCur_L: [-1.01613, -0.0999146, 0.0544043, 0.0544043, 0.700534, -0.242515, 1.2319, 0]
2024-07-29 10:39:54,076 RobotKinematics.cpp:296 [INFO] controlValueCur_L: [-1.03136, -0.0964165, 0.061892, 0.061892, 0.683463, -0.224045, 1.2021, 0]
2024-07-29 10:39:54,081 RobotKinematics.cpp:296 [INFO] controlValueCur_L: [-1.02742, -0.0906296, 0.0630956, 0.0630956, 0.676064, -0.214192, 1.18388, 0]
2024-07-29 10:39:54,086 RobotKinematics.cpp:296 [INFO] controlValueCur_L: [-1.0282, -0.086319, 0.0646467, 0.0646467, 0.669688, -0.204187, 1.1655, 0]
2024-07-29 10:39:54,092 RobotKinematics.cpp:296 [INFO] controlValueCur_L: [-1.02411, -0.0743294, 0.0645709, 0.0645709, 0.65691, -0.184427, 1.12997, 0]
2024-07-29 10:39:54,097 RobotKinematics.cpp:296 [INFO] controlValueCur_L: [-1.02411, -0.0743294, 0.0645709, 0.0645709, 0.65691, -0.184427, 1.12997, 0]
2024-07-29 10:39:54,102 RobotKinematics.cpp:296 [INFO] controlValueCur_L: [-1.02347, -0.0813332, 0.0671453, 0.0671453, 0.644777, -0.163569, 1.09718, 0]
2024-07-29 10:39:54,107 RobotKinematics.cpp:296 [INFO] controlValueCur_L: [-1.02882, -0.0786514, 0.0584826, 0.0584826, 0.638612, -0.151861, 1.08041, 0]
2024-07-29 10:39:54,112 RobotKinematics.cpp:296 [INFO] controlValueCur_L: [-1.03743, -0.081089, 0.061213, 0.061213, 0.63211, -0.138662, 1.06222, 0]
2024-07-29 10:39:54,118 RobotKinematics.cpp:296 [INFO] controlValueCur_L: [-1.06439, -0.0781822, 0.0571384, 0.0571384, 0.626029, -0.124458, 1.04254, 0]
2024-07-29 10:39:54,123 RobotKinematics.cpp:296 [INFO] controlValueCur_L: [-1.10722, -0.102146, 0.0331001, 0.0331001, 0.61381, -0.0893264, 0.997087, 0]
2024-07-29 10:39:54,128 RobotKinematics.cpp:296 [INFO] controlValueCur_L: [-1.16151, -0.0921822, 0.0609026, 0.0609026, 0.608468, -0.0681553, 0.971605, 0]
2024-07-29 10:39:54,133 RobotKinematics.cpp:296 [INFO] controlValueCur_L: [-1.19597, -0.0807381, 0.0580196, 0.0580196, 0.602938, -0.0446591, 0.944553, 0]
2024-07-29 10:39:54,138 RobotKinematics.cpp:296 [INFO] controlValueCur_L: [-1.25513, -0.0659752, 0.0490603, 0.0490603, 0.594648, -0.0120177, 0.908197, 0]
2024-07-29 10:39:54,143 RobotKinematics.cpp:296 [INFO] controlValueCur_L: [-1.36185, -0.111221, 0.0490298, 0.0490298, 0.573191, 0.0708675, 0.824362, 0]
2024-07-29 10:39:54,149 RobotKinematics.cpp:296 [INFO] controlValueCur_L: [-1.36749, -0.137215, 0.024014, 0.024014, 0.561565, 0.113287, 0.787848, 0]
2024-07-29 10:39:54,154 RobotKinematics.cpp:296 [INFO] controlValueCur_L: [-1.42621, -0.121361, 0.0508447, 0.0508447, 0.549289, 0.154766, 0.757784, 0]
2024-07-29 10:39:54,159 RobotKinematics.cpp:296 [INFO] controlValueCur_L: [-1.37059, -0.129173, 0.077044, 0.077044, 0.539198, 0.195053, 0.734329, 0]
2024-07-29 10:39:54,164 RobotKinematics.cpp:296 [INFO] controlValueCur_L: [-1.28964, -0.0886497, 0.0579338, 0.0579338, 0.516619, 0.265204, 0.702335, 0]
2024-07-29 10:39:54,169 RobotKinematics.cpp:296 [INFO] controlValueCur_L: [-1.19975, -0.110794, 0.0412374, 0.0412374, 0.502529, 0.297115, 0.689371, 0]
2024-07-29 10:39:54,175 RobotKinematics.cpp:296 [INFO] controlValueCur_L: [-1.10876, -0.0895653, 0.0119028, 0.0119028, 0.491258, 0.32761, 0.677067, 0]
2024-07-29 10:39:54,180 RobotKinematics.cpp:296 [INFO] controlValueCur_L: [-1.05307, -0.0840263, 0.0326204, 0.0326204, 0.478815, 0.354002, 0.664633, 0]
2024-07-29 10:39:54,185 RobotKinematics.cpp:296 [INFO] controlValueCur_L: [-0.918488, -0.0756493, 0.00425053, 0.00425053, 0.458798, 0.405719, 0.643373, 0]
2024-07-29 10:39:54,190 RobotKinematics.cpp:296 [INFO] controlValueCur_L: [-0.878326, -0.0707741, 0.0289989, 0.0289989, 0.44718, 0.427807, 0.636089, 0]
2024-07-29 10:39:54,195 RobotKinematics.cpp:296 [INFO] controlValueCur_L: [-0.834778, -0.0663033, 0.01443, 0.01443, 0.435704, 0.449117, 0.630297, 0]
2024-07-29 10:39:54,201 RobotKinematics.cpp:296 [INFO] controlValueCur_L: [-0.79126, -0.0616035, 0.00608015, 0.00608015, 0.423024, 0.468722, 0.624327, 0]
2024-07-29 10:39:54,206 RobotKinematics.cpp:296 [INFO] controlValueCur_L: [-0.765915, -0.0345039, 0.0215158, 0.0215158, 0.399197, 0.508934, 0.605543, 0]
2024-07-29 10:39:54,211 RobotKinematics.cpp:296 [INFO] controlValueCur_L: [-0.74321, -0.0596085, 0.029098, 0.029098, 0.387657, 0.528227, 0.595531, 0]
2024-07-29 10:39:54,216 RobotKinematics.cpp:296 [INFO] controlValueCur_L: [-0.705215, -0.0362434, 0.037962, 0.037962, 0.376915, 0.553445, 0.585648, 0]
2024-07-29 10:39:54,221 RobotKinematics.cpp:296 [INFO] controlValueCur_L: [-0.642548, -0.0533409, 0.00596285, 0.00596285, 0.364533, 0.578794, 0.578905, 0]
2024-07-29 10:39:54,226 RobotKinematics.cpp:296 [INFO] controlValueCur_L: [-0.556885, -0.0661469, 0.0312853, 0.0312853, 0.341987, 0.61131, 0.57999, 0]
2024-07-29 10:39:54,232 RobotKinematics.cpp:296 [INFO] controlValueCur_L: [-0.556885, -0.0661469, 0.0312853, 0.0312853, 0.341987, 0.61131, 0.57999, 0]
2024-07-29 10:39:54,237 RobotKinematics.cpp:296 [INFO] controlValueCur_L: [-0.547974, -0.106461, 0.0482554, 0.0482554, 0.320719, 0.640735, 0.580799, 0]
2024-07-29 10:39:54,242 RobotKinematics.cpp:296 [INFO] controlValueCur_L: [-0.564804, -0.0985489, 0.0272508, 0.0272508, 0.306043, 0.664148, 0.579105, 0]
2024-07-29 10:39:54,247 RobotKinematics.cpp:296 [INFO] controlValueCur_L: [-0.564804, -0.0985489, 0.0272508, 0.0272508, 0.306043, 0.664148, 0.579105, 0]
2024-07-29 10:39:54,252 RobotKinematics.cpp:296 [INFO] controlValueCur_L: [-0.642197, -0.0807877, 0.0347571, 0.0347571, 0.294781, 0.682063, 0.577623, 0]
2024-07-29 10:39:54,258 RobotKinematics.cpp:296 [INFO] controlValueCur_L: [-0.701981, -0.0591125, 0.0672045, 0.0672045, 0.288735, 0.688493, 0.576799, 0]
2024-07-29 10:39:54,263 RobotKinematics.cpp:296 [INFO] controlValueCur_L: [-0.752319, -0.0740166, 0.0544424, 0.0544424, 0.279152, 0.695476, 0.575001, 0]
2024-07-29 10:39:54,268 RobotKinematics.cpp:296 [INFO] controlValueCur_L: [-0.937317, -0.0724831, 0.0576005, 0.0576005, 0.268353, 0.711145, 0.571661, 0]
2024-07-29 10:39:54,273 RobotKinematics.cpp:296 [INFO] controlValueCur_L: [-1.00754, -0.0785294, 0.0304441, 0.0304441, 0.26347, 0.71815, 0.569315, 0]
2024-07-29 10:39:54,278 RobotKinematics.cpp:296 [INFO] controlValueCur_L: [-1.07094, -0.0846634, 0.0596542, 0.0596542, 0.253217, 0.725779, 0.564754, 0]
2024-07-29 10:39:54,284 RobotKinematics.cpp:296 [INFO] controlValueCur_L: [-1.08936, -0.109848, 0.0278773, 0.0278773, 0.244855, 0.741353, 0.556704, 0]
2024-07-29 10:39:54,289 RobotKinematics.cpp:296 [INFO] controlValueCur_L: [-1.08936, -0.109848, 0.0278773, 0.0278773, 0.244855, 0.741353, 0.556704, 0]
2024-07-29 10:39:54,294 RobotKinematics.cpp:296 [INFO] controlValueCur_L: [-1.10371, -0.0991669, 0.034761, 0.034761, 0.235154, 0.749732, 0.551708, 0]
2024-07-29 10:39:54,299 RobotKinematics.cpp:296 [INFO] controlValueCur_L: [-1.13766, -0.0988731, 0.0609016, 0.0609016, 0.230414, 0.753741, 0.549799, 0]
2024-07-29 10:39:54,304 RobotKinematics.cpp:296 [INFO] controlValueCur_L: [-1.1781, -0.120213, 0.0664511, 0.0664511, 0.225731, 0.757658, 0.547977, 0]
2024-07-29 10:39:54,309 RobotKinematics.cpp:296 [INFO] controlValueCur_L: [-1.2491, -0.139542, 0.106267, 0.106267, 0.221018, 0.761642, 0.54615, 0]
2024-07-29 10:39:54,315 RobotKinematics.cpp:296 [INFO] controlValueCur_L: [-1.37805, -0.276463, 0.08318, 0.08318, 0.217072, 0.759004, 0.553623, 0]
2024-07-29 10:39:54,320 RobotKinematics.cpp:296 [INFO] controlValueCur_L: [-1.44165, -0.179611, 0.119309, 0.119309, 0.214653, 0.758315, 0.557947, 0]
2024-07-29 10:39:54,325 RobotKinematics.cpp:296 [INFO] controlValueCur_L: [-1.47481, -0.20285, 0.0528107, 0.0528107, 0.212621, 0.756957, 0.561068, 0]
2024-07-29 10:39:54,330 RobotKinematics.cpp:296 [INFO] controlValueCur_L: [-1.50851, -0.202251, 0.075377, 0.075377, 0.210545, 0.754457, 0.563446, 0]
2024-07-29 10:39:54,335 RobotKinematics.cpp:296 [INFO] controlValueCur_L: [-1.55121, -0.211201, 0.0915217, 0.0915217, 0.205824, 0.752676, 0.565884, 0]
2024-07-29 10:39:54,340 RobotKinematics.cpp:296 [INFO] controlValueCur_L: [-1.53564, -0.166351, 0.0826888, 0.0826888, 0.203916, 0.750728, 0.56741, 0]
2024-07-29 10:39:54,346 RobotKinematics.cpp:296 [INFO] controlValueCur_L: [-1.5495, -0.192066, 0.113888, 0.113888, 0.199149, 0.747704, 0.568945, 0]
2024-07-29 10:39:54,351 RobotKinematics.cpp:296 [INFO] controlValueCur_L: [-1.54886, -0.204647, 0.13221, 0.13221, 0.195648, 0.747054, 0.570374, 0]
2024-07-29 10:39:54,356 RobotKinematics.cpp:296 [INFO] controlValueCur_L: [-1.45782, -0.183861, 0.105609, 0.105609, 0.184553, 0.745651, 0.572941, 0]
2024-07-29 10:39:54,361 RobotKinematics.cpp:296 [INFO] controlValueCur_L: [-1.459, -0.147396, 0.12111, 0.12111, 0.178628, 0.745595, 0.574137, 0]
2024-07-29 10:39:54,366 RobotKinematics.cpp:296 [INFO] controlValueCur_L: [-1.4102, -0.154434, 0.0976224, 0.0976224, 0.17246, 0.744304, 0.575916, 0]
2024-07-29 10:39:54,371 RobotKinematics.cpp:296 [INFO] controlValueCur_L: [-1.40019, -0.142265, 0.0964799, 0.0964799, 0.16509, 0.742583, 0.577869, 0]
2024-07-29 10:39:54,377 RobotKinematics.cpp:296 [INFO] controlValueCur_L: [-1.31718, -0.127064, 0.0855904, 0.0855904, 0.152386, 0.737563, 0.582649, 0]
2024-07-29 10:39:54,382 RobotKinematics.cpp:296 [INFO] controlValueCur_L: [-1.28221, -0.11948, 0.0887527, 0.0887527, 0.146879, 0.735431, 0.584383, 0]
2024-07-29 10:39:54,387 RobotKinematics.cpp:296 [INFO] controlValueCur_L: [-1.2482, -0.0970535, 0.106956, 0.106956, 0.142399, 0.733543, 0.585487, 0]
2024-07-29 10:39:54,392 RobotKinematics.cpp:296 [INFO] controlValueCur_L: [-1.15714, -0.0751419, 0.0745525, 0.0745525, 0.137058, 0.729009, 0.586926, 0]
2024-07-29 10:39:54,397 RobotKinematics.cpp:296 [INFO] controlValueCur_L: [-0.996063, -0.0620003, 0.0784769, 0.0784769, 0.129489, 0.717659, 0.590029, 0]
2024-07-29 10:39:54,403 RobotKinematics.cpp:296 [INFO] controlValueCur_L: [-0.996063, -0.0620003, 0.0784769, 0.0784769, 0.129489, 0.717659, 0.590029, 0]
2024-07-29 10:39:54,408 RobotKinematics.cpp:296 [INFO] controlValueCur_L: [-0.852448, -0.0517044, 0.0541124, 0.0541124, 0.126882, 0.701016, 0.59553, 0]
2024-07-29 10:39:54,413 RobotKinematics.cpp:296 [INFO] controlValueCur_L: [-0.776642, -0.022274, 0.0224051, 0.0224051, 0.128424, 0.690579, 0.600035, 0]
2024-07-29 10:39:54,418 RobotKinematics.cpp:296 [INFO] controlValueCur_L: [-0.785324, -0.0529175, 0.0240216, 0.0240216, 0.129541, 0.677841, 0.60598, 0]
2024-07-29 10:39:54,423 RobotKinematics.cpp:296 [INFO] controlValueCur_L: [-0.65451, -0.015976, 0.0366182, 0.0366182, 0.134078, 0.649511, 0.623621, 0]
2024-07-29 10:39:54,428 RobotKinematics.cpp:296 [INFO] controlValueCur_L: [-0.625961, 0.0426559, 0.0452423, 0.0452423, 0.135457, 0.632495, 0.63666, 0]
2024-07-29 10:39:54,434 RobotKinematics.cpp:296 [INFO] controlValueCur_L: [-0.595566, -0.0266037, 0.0427933, 0.0427933, 0.139184, 0.610617, 0.657196, 0]
2024-07-29 10:39:54,439 RobotKinematics.cpp:296 [INFO] controlValueCur_L: [-0.605774, -0.0347137, 0.0221281, 0.0221281, 0.141606, 0.549026, 0.723999, 0]
2024-07-29 10:39:54,444 RobotKinematics.cpp:296 [INFO] controlValueCur_L: [-0.605774, -0.0347137, 0.0221281, 0.0221281, 0.141606, 0.549026, 0.723999, 0]
2024-07-29 10:39:54,449 RobotKinematics.cpp:296 [INFO] controlValueCur_L: [-0.671753, -0.0585861, 0.0264244, 0.0264244, 0.132938, 0.492277, 0.798138, 0]
2024-07-29 10:39:54,454 RobotKinematics.cpp:296 [INFO] controlValueCur_L: [-0.639496, -0.0355186, 0.0130539, 0.0130539, 0.128711, 0.470812, 0.827051, 0]
2024-07-29 10:39:54,459 RobotKinematics.cpp:296 [INFO] controlValueCur_L: [-0.62944, -0.0471191, 0.0240464, 0.0240464, 0.123042, 0.452168, 0.849792, 0]
2024-07-29 10:39:54,465 RobotKinematics.cpp:296 [INFO] controlValueCur_L: [-0.612106, -0.0512772, 0.0370402, 0.0370402, 0.115581, 0.417642, 0.884418, 0]
2024-07-29 10:39:54,470 RobotKinematics.cpp:296 [INFO] controlValueCur_L: [-0.581543, -0.0758705, 0.0223808, 0.0223808, 0.117683, 0.4025, 0.901285, 0]
2024-07-29 10:39:54,475 RobotKinematics.cpp:296 [INFO] controlValueCur_L: [-0.573898, -0.0447578, 0.0185647, 0.0185647, 0.118895, 0.385978, 0.921608, 0]
2024-07-29 10:39:54,480 RobotKinematics.cpp:296 [INFO] controlValueCur_L: [-0.664703, -0.0605736, 0.0377388, 0.0377388, 0.110558, 0.358218, 0.97106, 0]
2024-07-29 10:39:54,485 RobotKinematics.cpp:296 [INFO] controlValueCur_L: [-0.726166, -0.0849228, 0.0219774, 0.0219774, 0.102256, 0.348568, 0.996773, 0]
2024-07-29 10:39:54,491 RobotKinematics.cpp:296 [INFO] controlValueCur_L: [-0.760696, -0.0795555, 0.0392718, 0.0392718, 0.0921717, 0.342751, 1.01917, 0]
2024-07-29 10:39:54,496 RobotKinematics.cpp:296 [INFO] controlValueCur_L: [-0.789886, -0.10318, 0.0303311, 0.0303311, 0.070261, 0.338611, 1.0514, 0]
2024-07-29 10:39:54,501 RobotKinematics.cpp:296 [INFO] controlValueCur_L: [-0.789886, -0.10318, 0.0303311, 0.0303311, 0.070261, 0.338611, 1.0514, 0]
2024-07-29 10:39:54,506 RobotKinematics.cpp:296 [INFO] controlValueCur_L: [-0.790848, -0.100613, 0.00454664, 0.00454664, 0.0479546, 0.340935, 1.06739, 0]
2024-07-29 10:39:54,511 RobotKinematics.cpp:296 [INFO] controlValueCur_L: [-0.797638, -0.0859451, 0.0139937, 0.0139937, 0.0372438, 0.345637, 1.07117, 0]
2024-07-29 10:39:54,516 RobotKinematics.cpp:296 [INFO] controlValueCur_L: [-0.797928, -0.0898781, 0.0132699, 0.0132699, 0.0267286, 0.349373, 1.07463, 0]
2024-07-29 10:39:54,522 RobotKinematics.cpp:296 [INFO] controlValueCur_L: [-0.823151, -0.0843124, 0.0160518, 0.0160518, 0.0164881, 0.354259, 1.0775, 0]
2024-07-29 10:39:54,527 RobotKinematics.cpp:296 [INFO] controlValueCur_L: [-0.83345, -0.0832596, 0.0317721, 0.0317721, -0.00421047, 0.367276, 1.07951, 0]
2024-07-29 10:39:54,532 RobotKinematics.cpp:296 [INFO] controlValueCur_L: [-0.827057, -0.0707893, 0.0159082, 0.0159082, -0.014782, 0.374514, 1.07888, 0]
2024-07-29 10:39:54,537 RobotKinematics.cpp:296 [INFO] controlValueCur_L: [-0.841644, -0.0758705, 0.0292587, 0.0292587, -0.0236187, 0.382604, 1.07818, 0]
2024-07-29 10:39:54,542 RobotKinematics.cpp:296 [INFO] controlValueCur_L: [-0.836319, -0.077282, 0.021872, 0.021872, -0.0324011, 0.389197, 1.07772, 0]
2024-07-29 10:39:54,548 RobotKinematics.cpp:296 [INFO] controlValueCur_L: [-0.832275, -0.0766754, 0.0409794, 0.0409794, -0.0471783, 0.40226, 1.07816, 0]
2024-07-29 10:39:54,553 RobotKinematics.cpp:296 [INFO] controlValueCur_L: [-0.811157, -0.0678329, 0.0284977, 0.0284977, -0.0542622, 0.40842, 1.07893, 0]
2024-07-29 10:39:54,558 RobotKinematics.cpp:296 [INFO] controlValueCur_L: [-0.801132, -0.0721664, 0.0261464, 0.0261464, -0.0622549, 0.413777, 1.07955, 0]
2024-07-29 10:39:54,563 RobotKinematics.cpp:296 [INFO] controlValueCur_L: [-0.785538, -0.070694, 0.0256767, 0.0256767, -0.0701017, 0.418866, 1.08034, 0]
2024-07-29 10:39:54,568 RobotKinematics.cpp:296 [INFO] controlValueCur_L: [-0.770782, -0.0727043, 0.033463, 0.033463, -0.0856323, 0.430904, 1.08097, 0]
2024-07-29 10:39:54,573 RobotKinematics.cpp:296 [INFO] controlValueCur_L: [-0.754593, -0.0726318, 0.0298071, 0.0298071, -0.0935678, 0.437057, 1.08089, 0]
2024-07-29 10:39:54,579 RobotKinematics.cpp:296 [INFO] controlValueCur_L: [-0.745224, -0.0772476, 0.050663, 0.050663, -0.101192, 0.44429, 1.08002, 0]
2024-07-29 10:39:54,584 RobotKinematics.cpp:296 [INFO] controlValueCur_L: [-0.719543, -0.0666351, 0.0294003, 0.0294003, -0.109403, 0.450354, 1.07876, 0]
2024-07-29 10:39:54,589 RobotKinematics.cpp:296 [INFO] controlValueCur_L: [-0.666885, -0.0558281, 0.0196872, 0.0196872, -0.125594, 0.464836, 1.07228, 0]
2024-07-29 10:39:54,594 RobotKinematics.cpp:296 [INFO] controlValueCur_L: [-0.605591, -0.0529633, 0.0153804, 0.0153804, -0.133784, 0.473377, 1.06645, 0]
2024-07-29 10:39:54,599 RobotKinematics.cpp:296 [INFO] controlValueCur_L: [-0.556595, -0.0418854, 0.0274806, 0.0274806, -0.141786, 0.481063, 1.05924, 0]
2024-07-29 10:39:54,604 RobotKinematics.cpp:296 [INFO] controlValueCur_L: [-0.494583, -0.0563393, 0.000443459, 0.000443459, -0.149219, 0.490528, 1.05007, 0]
2024-07-29 10:39:54,609 RobotKinematics.cpp:296 [INFO] controlValueCur_L: [-0.404892, -0.0257225, 0.0388856, 0.0388856, -0.16552, 0.51054, 1.02608, 0]
2024-07-29 10:39:54,615 RobotKinematics.cpp:296 [INFO] controlValueCur_L: [-0.390015, -0.000270844, -0.0127792, -0.0127792, -0.17376, 0.522578, 1.01125, 0]
2024-07-29 10:39:54,620 RobotKinematics.cpp:296 [INFO] controlValueCur_L: [-0.416122, -0.0256882, 0.0147858, 0.0147858, -0.182405, 0.535689, 0.994785, 0]
2024-07-29 10:39:54,625 RobotKinematics.cpp:296 [INFO] controlValueCur_L: [-0.414688, -0.0060463, -0.0509753, -0.0509753, -0.19068, 0.549748, 0.977028, 0]
2024-07-29 10:39:54,630 RobotKinematics.cpp:296 [INFO] controlValueCur_L: [-0.490326, -0.0161095, -0.00570631, -0.00570631, -0.206324, 0.580087, 0.939396, 0]
2024-07-29 10:39:54,635 RobotKinematics.cpp:296 [INFO] controlValueCur_L: [-0.513824, -0.0188637, 0.00362158, 0.00362158, -0.212841, 0.596061, 0.920679, 0]
2024-07-29 10:39:54,640 RobotKinematics.cpp:296 [INFO] controlValueCur_L: [-0.595718, -0.0269318, 0.0157161, 0.0157161, -0.22065, 0.609712, 0.901917, 0]
2024-07-29 10:39:54,646 RobotKinematics.cpp:296 [INFO] controlValueCur_L: [-0.674957, -0.0334587, 0.00234652, 0.00234652, -0.228755, 0.623482, 0.882565, 0]
2024-07-29 10:39:54,651 RobotKinematics.cpp:296 [INFO] controlValueCur_L: [-0.767807, -0.0478821, 0.0147777, 0.0147777, -0.234971, 0.637125, 0.863615, 0]
2024-07-29 10:39:54,656 RobotKinematics.cpp:296 [INFO] controlValueCur_L: [-0.878418, -0.0669212, 0.0375443, 0.0375443, -0.246837, 0.663878, 0.824705, 0]
2024-07-29 10:39:54,661 RobotKinematics.cpp:296 [INFO] controlValueCur_L: [-0.86467, -0.0707283, 0.0534701, 0.0534701, -0.253046, 0.676632, 0.80475, 0]
2024-07-29 10:39:54,666 RobotKinematics.cpp:296 [INFO] controlValueCur_L: [-0.831955, -0.0675774, 0.0247974, 0.0247974, -0.257108, 0.689805, 0.784845, 0]
2024-07-29 10:39:54,671 RobotKinematics.cpp:296 [INFO] controlValueCur_L: [-0.821808, -0.0579376, 0.0226989, 0.0226989, -0.264605, 0.717846, 0.740297, 0]
2024-07-29 10:39:54,677 RobotKinematics.cpp:296 [INFO] controlValueCur_L: [-0.821808, -0.0579376, 0.0226989, 0.0226989, -0.264605, 0.717846, 0.740297, 0]
2024-07-29 10:39:54,682 RobotKinematics.cpp:296 [INFO] controlValueCur_L: [-0.859451, -0.0728607, 0.0230508, 0.0230508, -0.268042, 0.750076, 0.687986, 0]
2024-07-29 10:39:54,687 RobotKinematics.cpp:296 [INFO] controlValueCur_L: [-0.870712, -0.0825462, 0.0356011, 0.0356011, -0.270152, 0.76827, 0.657946, 0]
2024-07-29 10:39:54,692 RobotKinematics.cpp:296 [INFO] controlValueCur_L: [-0.875992, -0.0829659, 0.0318022, 0.0318022, -0.272392, 0.789538, 0.625544, 0]
2024-07-29 10:39:54,697 RobotKinematics.cpp:296 [INFO] controlValueCur_L: [-0.851791, -0.0870743, 0.0392447, 0.0392447, -0.279667, 0.839612, 0.555441, 0]
2024-07-29 10:39:54,702 RobotKinematics.cpp:296 [INFO] controlValueCur_L: [-0.813629, -0.0763168, 0.0438218, 0.0438218, -0.284547, 0.868065, 0.519419, 0]
2024-07-29 10:39:54,708 RobotKinematics.cpp:296 [INFO] controlValueCur_L: [-0.770569, -0.0767822, 0.0438991, 0.0438991, -0.288327, 0.897188, 0.48468, 0]
2024-07-29 10:39:54,713 RobotKinematics.cpp:296 [INFO] controlValueCur_L: [-0.66423, -0.0680237, 0.0429063, 0.0429063, -0.294945, 0.955695, 0.420513, 0]
2024-07-29 10:39:54,718 RobotKinematics.cpp:296 [INFO] controlValueCur_L: [-0.66423, -0.0680237, 0.0429063, 0.0429063, -0.294945, 0.955695, 0.420513, 0]
2024-07-29 10:39:54,723 RobotKinematics.cpp:296 [INFO] controlValueCur_L: [-0.542328, -0.0699577, 0.010704, 0.010704, -0.296281, 1.01675, 0.356819, 0]
2024-07-29 10:39:54,728 RobotKinematics.cpp:296 [INFO] controlValueCur_L: [-0.504288, -0.0500946, 0.0306301, 0.0306301, -0.298504, 1.04095, 0.327599, 0]
2024-07-29 10:39:54,733 RobotKinematics.cpp:296 [INFO] controlValueCur_L: [-0.469757, -0.0644073, -0.0272031, -0.0272031, -0.298141, 1.06659, 0.301743, 0]
2024-07-29 10:39:54,739 RobotKinematics.cpp:296 [INFO] controlValueCur_L: [-0.484589, -0.0605583, -0.0256805, -0.0256805, -0.300004, 1.1158, 0.256723, 0]
2024-07-29 10:39:54,744 RobotKinematics.cpp:296 [INFO] controlValueCur_L: [-0.51358, -0.0874557, 0.0190969, 0.0190969, -0.304715, 1.13688, 0.236551, 0]
2024-07-29 10:39:54,749 RobotKinematics.cpp:296 [INFO] controlValueCur_L: [-0.525604, -0.0497398, 0.019093, 0.019093, -0.302626, 1.16125, 0.218649, 0]
2024-07-29 10:39:54,754 RobotKinematics.cpp:296 [INFO] controlValueCur_L: [-0.53978, -0.0557594, 0.0292854, 0.0292854, -0.304309, 1.19578, 0.191376, 0]
2024-07-29 10:39:54,759 RobotKinematics.cpp:296 [INFO] controlValueCur_L: [-0.53978, -0.0557594, 0.0292854, 0.0292854, -0.304309, 1.19578, 0.191376, 0]
2024-07-29 10:39:54,765 RobotKinematics.cpp:296 [INFO] controlValueCur_L: [-0.59491, -0.0602188, 0.0246096, 0.0246096, -0.308165, 1.22979, 0.175714, 0]
2024-07-29 10:39:54,770 RobotKinematics.cpp:296 [INFO] controlValueCur_L: [-0.631866, -0.0499496, 0.026001, 0.026001, -0.3111, 1.23878, 0.174736, 0]
2024-07-29 10:39:54,775 RobotKinematics.cpp:296 [INFO] controlValueCur_L: [-0.639526, -0.0426064, 0.0147185, 0.0147185, -0.313065, 1.24899, 0.173618, 0]
2024-07-29 10:39:54,780 RobotKinematics.cpp:296 [INFO] controlValueCur_L: [-0.654892, -0.059166, 0.0128264, 0.0128264, -0.319626, 1.25433, 0.171379, 0]
2024-07-29 10:39:54,785 RobotKinematics.cpp:296 [INFO] controlValueCur_L: [-0.659225, -0.0600281, 0.0195231, 0.0195231, -0.322291, 1.26804, 0.166878, 0]
2024-07-29 10:39:54,790 RobotKinematics.cpp:296 [INFO] controlValueCur_L: [-0.651932, -0.0553894, 0.0273433, 0.0273433, -0.324207, 1.27748, 0.164526, 0]
2024-07-29 10:39:54,796 RobotKinematics.cpp:296 [INFO] controlValueCur_L: [-0.642273, -0.0475616, 0.0144787, 0.0144787, -0.327132, 1.28533, 0.162725, 0]
2024-07-29 10:39:54,801 RobotKinematics.cpp:296 [INFO] controlValueCur_L: [-0.64743, -0.0550003, 0.0207944, 0.0207944, -0.329175, 1.29218, 0.16151, 0]
2024-07-29 10:39:54,806 RobotKinematics.cpp:296 [INFO] controlValueCur_L: [-0.64061, -0.0500717, 0.0293665, 0.0293665, -0.33317, 1.30677, 0.158995, 0]
2024-07-29 10:39:54,811 RobotKinematics.cpp:296 [INFO] controlValueCur_L: [-0.626938, -0.0556412, 0.0221958, 0.0221958, -0.334294, 1.31343, 0.157927, 0]
2024-07-29 10:39:54,816 RobotKinematics.cpp:296 [INFO] controlValueCur_L: [-0.621414, -0.0567589, 0.0252571, 0.0252571, -0.332186, 1.31941, 0.158106, 0]
2024-07-29 10:39:54,822 RobotKinematics.cpp:296 [INFO] controlValueCur_L: [-0.600861, -0.0546188, 0.0181413, 0.0181413, -0.329069, 1.32132, 0.159346, 0]
2024-07-29 10:39:54,827 RobotKinematics.cpp:296 [INFO] controlValueCur_L: [-0.559402, -0.0453644, 0.0260897, 0.0260897, -0.325509, 1.33369, 0.158941, 0]
2024-07-29 10:39:54,832 RobotKinematics.cpp:296 [INFO] controlValueCur_L: [-0.544983, -0.0325089, 0.0203595, 0.0203595, -0.313992, 1.33591, 0.161739, 0]
2024-07-29 10:39:54,837 RobotKinematics.cpp:296 [INFO] controlValueCur_L: [-0.536926, -0.0502357, 0.0258136, 0.0258136, -0.306246, 1.33962, 0.162493, 0]
2024-07-29 10:39:54,842 RobotKinematics.cpp:296 [INFO] controlValueCur_L: [-0.513596, -0.0579262, 0.026792, 0.026792, -0.296507, 1.34197, 0.164515, 0]
2024-07-29 10:39:54,847 RobotKinematics.cpp:296 [INFO] controlValueCur_L: [-0.466034, -0.060421, 0.0194206, 0.0194206, -0.281656, 1.34521, 0.167963, 0]
2024-07-29 10:39:54,853 RobotKinematics.cpp:296 [INFO] controlValueCur_L: [-0.436813, -0.0629425, 0.031127, 0.031127, -0.276074, 1.34595, 0.169624, 0]
2024-07-29 10:39:54,858 RobotKinematics.cpp:296 [INFO] controlValueCur_L: [-0.415649, -0.0369415, 0.0332308, 0.0332308, -0.267279, 1.34688, 0.172575, 0]
2024-07-29 10:39:54,863 RobotKinematics.cpp:296 [INFO] controlValueCur_L: [-0.387985, -0.0523682, 0.0141468, 0.0141468, -0.261856, 1.34771, 0.175472, 0]
2024-07-29 10:39:54,868 RobotKinematics.cpp:296 [INFO] controlValueCur_L: [-0.360382, -0.0810471, 0.0219936, 0.0219936, -0.247314, 1.3506, 0.182442, 0]
2024-07-29 10:39:54,873 RobotKinematics.cpp:296 [INFO] controlValueCur_L: [-0.38121, -0.0466805, 0.0245218, 0.0245218, -0.240269, 1.35152, 0.18544, 0]
2024-07-29 10:39:54,879 RobotKinematics.cpp:296 [INFO] controlValueCur_L: [-0.411011, -0.0604057, 0.0492849, 0.0492849, -0.234417, 1.35343, 0.188141, 0]
2024-07-29 10:39:54,884 RobotKinematics.cpp:296 [INFO] controlValueCur_L: [-0.425674, -0.0600662, 0.0603323, 0.0603323, -0.227794, 1.35381, 0.191544, 0]
2024-07-29 10:39:54,889 RobotKinematics.cpp:296 [INFO] controlValueCur_L: [-0.378952, -0.0417175, 0.0735445, 0.0735445, -0.216783, 1.35389, 0.199539, 0]
2024-07-29 10:39:54,894 RobotKinematics.cpp:296 [INFO] controlValueCur_L: [-0.378952, -0.0417175, 0.0735445, 0.0735445, -0.216783, 1.35389, 0.199539, 0]
2024-07-29 10:39:54,899 RobotKinematics.cpp:296 [INFO] controlValueCur_L: [-0.340836, -0.0309906, 0.0713801, 0.0713801, -0.207399, 1.35379, 0.209141, 0]
2024-07-29 10:39:54,905 RobotKinematics.cpp:296 [INFO] controlValueCur_L: [-0.296021, -0.0458374, 0.0483575, 0.0483575, -0.202444, 1.35421, 0.214291, 0]
2024-07-29 10:39:54,910 RobotKinematics.cpp:296 [INFO] controlValueCur_L: [-0.285446, 0.000137329, 0.0636139, 0.0636139, -0.199273, 1.354, 0.219435, 0]
2024-07-29 10:39:54,915 RobotKinematics.cpp:296 [INFO] controlValueCur_L: [-0.245193, -0.00105286, 0.0332775, 0.0332775, -0.194411, 1.35278, 0.23057, 0]
2024-07-29 10:39:54,920 RobotKinematics.cpp:296 [INFO] controlValueCur_L: [-0.265823, -0.000267029, 0.0255351, 0.0255351, -0.192342, 1.35146, 0.236614, 0]
2024-07-29 10:39:54,925 RobotKinematics.cpp:296 [INFO] controlValueCur_L: [-0.315796, -0.0309715, 0.0380025, 0.0380025, -0.18918, 1.35046, 0.243303, 0]
2024-07-29 10:39:54,931 RobotKinematics.cpp:296 [INFO] controlValueCur_L: [-0.338577, -0.0110207, 0.011991, 0.011991, -0.181723, 1.34652, 0.259285, 0]
2024-07-29 10:39:54,936 RobotKinematics.cpp:296 [INFO] controlValueCur_L: [-0.331329, -0.0148315, 0.000368595, 0.000368595, -0.178356, 1.34308, 0.268337, 0]
2024-07-29 10:39:54,941 RobotKinematics.cpp:296 [INFO] controlValueCur_L: [-0.35553, -0.0139198, -0.00650263, -0.00650263, -0.174875, 1.34024, 0.277664, 0]
2024-07-29 10:39:54,946 RobotKinematics.cpp:296 [INFO] controlValueCur_L: [-0.410812, -0.0370331, 0.00675488, 0.00675488, -0.167076, 1.33287, 0.29685, 0]
2024-07-29 10:39:54,951 RobotKinematics.cpp:296 [INFO] controlValueCur_L: [-0.410812, -0.0370331, 0.00675488, 0.00675488, -0.167076, 1.33287, 0.29685, 0]
2024-07-29 10:39:54,957 RobotKinematics.cpp:296 [INFO] controlValueCur_L: [-0.514267, -0.0460358, 0.0254831, 0.0254831, -0.160138, 1.3236, 0.313259, 0]
2024-07-29 10:39:54,962 RobotKinematics.cpp:296 [INFO] controlValueCur_L: [-0.544846, -0.0443649, 0.0227227, 0.0227227, -0.156882, 1.31962, 0.319546, 0]
2024-07-29 10:39:54,967 RobotKinematics.cpp:296 [INFO] controlValueCur_L: [-0.5858, -0.049263, 0.0170369, 0.0170369, -0.152646, 1.31453, 0.324768, 0]
2024-07-29 10:39:54,972 RobotKinematics.cpp:296 [INFO] controlValueCur_L: [-0.71196, -0.0844307, 0.00106096, 0.00106096, -0.142725, 1.3078, 0.331175, 0]
2024-07-29 10:39:54,977 RobotKinematics.cpp:296 [INFO] controlValueCur_L: [-0.83165, -0.0727844, 0.0528646, 0.0528646, -0.136756, 1.299, 0.337994, 0]
2024-07-29 10:39:54,982 RobotKinematics.cpp:296 [INFO] controlValueCur_L: [-0.890991, -0.0998993, -0.0329933, -0.0329933, -0.131013, 1.28653, 0.350271, 0]
2024-07-29 10:39:54,988 RobotKinematics.cpp:296 [INFO] controlValueCur_L: [-1.0919, -0.0777359, -0.0108733, -0.0108733, -0.122027, 1.25157, 0.391056, 0]
2024-07-29 10:39:54,993 RobotKinematics.cpp:296 [INFO] controlValueCur_L: [-1.0919, -0.0777359, -0.0108733, -0.0108733, -0.122027, 1.25157, 0.391056, 0]
2024-07-29 10:39:54,998 RobotKinematics.cpp:296 [INFO] controlValueCur_L: [-1.20131, -0.132957, 0.0303912, 0.0303912, -0.112562, 1.21266, 0.435789, 0]
2024-07-29 10:39:55,003 RobotKinematics.cpp:296 [INFO] controlValueCur_L: [-1.20811, -0.115971, 0.0397868, 0.0397868, -0.108089, 1.1914, 0.455086, 0]
2024-07-29 10:39:55,009 RobotKinematics.cpp:296 [INFO] controlValueCur_L: [-1.1881, -0.125896, 0.00456667, 0.00456667, -0.103534, 1.16871, 0.472376, 0]
2024-07-29 10:39:55,014 RobotKinematics.cpp:296 [INFO] controlValueCur_L: [-1.24342, -0.120541, 0.0739355, 0.0739355, -0.0998392, 1.14578, 0.487408, 0]
2024-07-29 10:39:55,019 RobotKinematics.cpp:296 [INFO] controlValueCur_L: [-1.33813, -0.118671, 0.110689, 0.110689, -0.0956783, 1.10407, 0.514744, 0]
2024-07-29 10:39:55,024 RobotKinematics.cpp:296 [INFO] controlValueCur_L: [-1.41652, -0.124279, 0.0909572, 0.0909572, -0.0955267, 1.08506, 0.52882, 0]
2024-07-29 10:39:55,029 RobotKinematics.cpp:296 [INFO] controlValueCur_L: [-1.45407, -0.144497, 0.0879393, 0.0879393, -0.0979471, 1.06878, 0.54254, 0]
2024-07-29 10:39:55,034 RobotKinematics.cpp:296 [INFO] controlValueCur_L: [-1.56528, -0.120953, 0.0878034, 0.0878034, -0.100489, 1.05469, 0.555155, 0]
2024-07-29 10:39:55,040 RobotKinematics.cpp:296 [INFO] controlValueCur_L: [-1.51346, -0.126495, 0.0535145, 0.0535145, -0.107887, 1.02984, 0.576935, 0]
2024-07-29 10:39:55,045 RobotKinematics.cpp:296 [INFO] controlValueCur_L: [-1.44684, -0.157951, 0.104625, 0.104625, -0.111699, 1.01777, 0.586571, 0]
2024-07-29 10:39:55,050 RobotKinematics.cpp:296 [INFO] controlValueCur_L: [-1.36694, -0.158291, 0.0928035, 0.0928035, -0.115275, 1.00505, 0.596128, 0]
2024-07-29 10:39:55,055 RobotKinematics.cpp:296 [INFO] controlValueCur_L: [-1.29285, -0.134548, 0.125062, 0.125062, -0.11902, 0.993277, 0.605661, 0]
2024-07-29 10:39:55,060 RobotKinematics.cpp:296 [INFO] controlValueCur_L: [-1.21449, -0.0966492, 0.0649252, 0.0649252, -0.126616, 0.968179, 0.625668, 0]
2024-07-29 10:39:55,066 RobotKinematics.cpp:296 [INFO] controlValueCur_L: [-1.23953, -0.0893631, 0.052309, 0.052309, -0.130664, 0.957708, 0.636295, 0]
2024-07-29 10:39:55,071 RobotKinematics.cpp:296 [INFO] controlValueCur_L: [-1.23077, -0.118839, 0.0731487, 0.0731487, -0.134689, 0.946646, 0.649231, 0]
2024-07-29 10:39:55,076 RobotKinematics.cpp:296 [INFO] controlValueCur_L: [-1.14417, -0.120911, 0.0486693, 0.0486693, -0.145311, 0.927, 0.679167, 0]
2024-07-29 10:39:55,081 RobotKinematics.cpp:296 [INFO] controlValueCur_L: [-1.16161, -0.0937386, 0.0383196, 0.0383196, -0.154281, 0.915588, 0.695311, 0]
2024-07-29 10:39:55,086 RobotKinematics.cpp:296 [INFO] controlValueCur_L: [-1.1882, -0.0982208, 0.0428329, 0.0428329, -0.162907, 0.905676, 0.712149, 0]
2024-07-29 10:39:55,091 RobotKinematics.cpp:296 [INFO] controlValueCur_L: [-1.16431, -0.0532837, 0.0277324, 0.0277324, -0.172217, 0.895988, 0.728971, 0]
2024-07-29 10:39:55,097 RobotKinematics.cpp:296 [INFO] controlValueCur_L: [-1.1967, -0.0641632, 0.0342722, 0.0342722, -0.190815, 0.877874, 0.760059, 0]
2024-07-29 10:39:55,102 RobotKinematics.cpp:296 [INFO] controlValueCur_L: [-1.1967, -0.0641632, 0.0342722, 0.0342722, -0.190815, 0.877874, 0.760059, 0]
2024-07-29 10:39:55,107 RobotKinematics.cpp:296 [INFO] controlValueCur_L: [-1.18239, -0.049015, 0.0461559, 0.0461559, -0.206443, 0.857236, 0.786667, 0]
2024-07-29 10:39:55,112 RobotKinematics.cpp:296 [INFO] controlValueCur_L: [-1.18454, -0.0738411, 0.0521884, 0.0521884, -0.213342, 0.849554, 0.797535, 0]
2024-07-29 10:39:55,117 RobotKinematics.cpp:296 [INFO] controlValueCur_L: [-1.17123, -0.0672607, 0.0343227, 0.0343227, -0.220085, 0.838078, 0.809071, 0]
2024-07-29 10:39:55,123 RobotKinematics.cpp:296 [INFO] controlValueCur_L: [-1.18105, -0.0571785, 0.0432415, 0.0432415, -0.233275, 0.819636, 0.831882, 0]
2024-07-29 10:39:55,128 RobotKinematics.cpp:296 [INFO] controlValueCur_L: [-1.19269, -0.0941887, 0.0394273, 0.0394273, -0.24196, 0.810477, 0.844244, 0]
2024-07-29 10:39:55,133 RobotKinematics.cpp:296 [INFO] controlValueCur_L: [-1.18979, -0.0760078, 0.0376177, 0.0376177, -0.250352, 0.801985, 0.857548, 0]
2024-07-29 10:39:55,138 RobotKinematics.cpp:296 [INFO] controlValueCur_L: [-1.21707, -0.0915375, 0.00952482, 0.00952482, -0.26912, 0.783633, 0.885399, 0]
2024-07-29 10:39:55,143 RobotKinematics.cpp:296 [INFO] controlValueCur_L: [-1.21707, -0.0915375, 0.00952482, 0.00952482, -0.26912, 0.783633, 0.885399, 0]
2024-07-29 10:39:55,148 RobotKinematics.cpp:296 [INFO] controlValueCur_L: [-1.23749, -0.0954208, -0.00239086, -0.00239086, -0.290878, 0.764281, 0.913158, 0]
2024-07-29 10:39:55,154 RobotKinematics.cpp:296 [INFO] controlValueCur_L: [-1.2664, -0.114624, 0.000230789, 0.000230789, -0.301928, 0.755097, 0.926676, 0]
2024-07-29 10:39:55,159 RobotKinematics.cpp:296 [INFO] controlValueCur_L: [-1.32274, -0.090889, -0.0114093, -0.0114093, -0.313437, 0.74699, 0.939932, 0]
2024-07-29 10:39:55,164 RobotKinematics.cpp:296 [INFO] controlValueCur_L: [-1.38199, -0.130981, -0.0197449, -0.0197449, -0.323649, 0.738945, 0.953423, 0]
2024-07-29 10:39:55,170 RobotKinematics.cpp:296 [INFO] controlValueCur_L: [-1.58002, -0.126278, 0.0521145, 0.0521145, -0.349228, 0.726114, 0.975496, 0]
2024-07-29 10:39:55,175 RobotKinematics.cpp:296 [INFO] controlValueCur_L: [-1.62544, -0.170578, 0.0331936, 0.0331936, -0.36256, 0.72133, 0.98465, 0]
2024-07-29 10:39:55,180 RobotKinematics.cpp:296 [INFO] controlValueCur_L: [-1.74588, -0.179718, 0.0998878, 0.0998878, -0.373828, 0.718935, 0.992958, 0]
2024-07-29 10:39:55,185 RobotKinematics.cpp:296 [INFO] controlValueCur_L: [-1.90941, -0.161896, 0.081677, 0.081677, -0.399092, 0.717621, 1.00322, 0]
2024-07-29 10:39:55,191 RobotKinematics.cpp:296 [INFO] controlValueCur_L: [-2.01361, -0.166821, 0.0461388, 0.0461388, -0.412819, 0.715863, 1.00686, 0]
2024-07-29 10:39:55,196 RobotKinematics.cpp:296 [INFO] controlValueCur_L: [-2.12643, -0.124195, 0.0945501, 0.0945501, -0.425783, 0.718325, 1.00893, 0]
2024-07-29 10:39:55,201 RobotKinematics.cpp:296 [INFO] controlValueCur_L: [-2.14786, -0.172062, 0.0444279, 0.0444279, -0.438442, 0.719611, 1.01017, 0]
2024-07-29 10:39:55,206 RobotKinematics.cpp:296 [INFO] controlValueCur_L: [-2.17778, -0.191162, 0.0674095, 0.0674095, -0.463425, 0.727117, 1.0091, 0]
2024-07-29 10:39:55,211 RobotKinematics.cpp:296 [INFO] controlValueCur_L: [-2.16689, -0.181274, 0.0426369, 0.0426369, -0.474679, 0.733099, 1.00744, 0]
2024-07-29 10:39:55,217 RobotKinematics.cpp:296 [INFO] controlValueCur_L: [-2.24091, -0.187912, 0.160656, 0.160656, -0.488473, 0.738946, 1.00418, 0]
2024-07-29 10:39:55,222 RobotKinematics.cpp:296 [INFO] controlValueCur_L: [-2.20293, -0.193913, 0.0737967, 0.0737967, -0.501743, 0.747766, 0.999624, 0]
2024-07-29 10:39:55,227 RobotKinematics.cpp:296 [INFO] controlValueCur_L: [-2.21553, -0.183426, 0.0403638, 0.0403638, -0.527298, 0.765563, 0.986952, 0]
2024-07-29 10:39:55,232 RobotKinematics.cpp:296 [INFO] controlValueCur_L: [-2.19293, -0.0962105, 0.092351, 0.092351, -0.538438, 0.773825, 0.980133, 0]
2024-07-29 10:39:55,237 RobotKinematics.cpp:296 [INFO] controlValueCur_L: [-2.20457, -0.129337, 0.0663013, 0.0663013, -0.549139, 0.783524, 0.972095, 0]
2024-07-29 10:39:55,242 RobotKinematics.cpp:296 [INFO] controlValueCur_L: [-2.33844, -0.144436, 0.0958271, 0.0958271, -0.55958, 0.792277, 0.964073, 0]
2024-07-29 10:39:55,248 RobotKinematics.cpp:296 [INFO] controlValueCur_L: [-2.45575, -0.180805, 0.129107, 0.129107, -0.579831, 0.81117, 0.946835, 0]
2024-07-29 10:39:55,253 RobotKinematics.cpp:296 [INFO] controlValueCur_L: [-2.45575, -0.180805, 0.129107, 0.129107, -0.579831, 0.81117, 0.946835, 0]
2024-07-29 10:39:55,258 RobotKinematics.cpp:296 [INFO] controlValueCur_L: [-2.49661, -0.207993, 0.105512, 0.105512, -0.600515, 0.831904, 0.927416, 0]
2024-07-29 10:39:55,263 RobotKinematics.cpp:296 [INFO] controlValueCur_L: [-2.41653, -0.226444, 0.0929332, 0.0929332, -0.610313, 0.844268, 0.91588, 0]
2024-07-29 10:39:55,268 RobotKinematics.cpp:296 [INFO] controlValueCur_L: [-2.37198, -0.173248, 0.123047, 0.123047, -0.621442, 0.855423, 0.902885, 0]
2024-07-29 10:39:55,274 RobotKinematics.cpp:296 [INFO] controlValueCur_L: [-2.33694, -0.163685, 0.0829935, 0.0829935, -0.641979, 0.87998, 0.870312, 0]
2024-07-29 10:39:55,279 RobotKinematics.cpp:296 [INFO] controlValueCur_L: [-2.37454, -0.144867, 0.122049, 0.122049, -0.651666, 0.892484, 0.850094, 0]
2024-07-29 10:39:55,284 RobotKinematics.cpp:296 [INFO] controlValueCur_L: [-2.3593, -0.17725, 0.0828404, 0.0828404, -0.660033, 0.906405, 0.826817, 0]
2024-07-29 10:39:55,289 RobotKinematics.cpp:296 [INFO] controlValueCur_L: [-2.37143, -0.187683, 0.0686216, 0.0686216, -0.676355, 0.93791, 0.770628, 0]
2024-07-29 10:39:55,294 RobotKinematics.cpp:296 [INFO] controlValueCur_L: [-2.40182, -0.186249, 0.0841026, 0.0841026, -0.684567, 0.957128, 0.737307, 0]
2024-07-29 10:39:55,300 RobotKinematics.cpp:296 [INFO] controlValueCur_L: [-2.4324, -0.183971, 0.0567384, 0.0567384, -0.694058, 0.97865, 0.700287, 0]
2024-07-29 10:39:55,305 RobotKinematics.cpp:296 [INFO] controlValueCur_L: [-2.56572, -0.152615, -0.0389814, -0.0389814, -0.712789, 1.02365, 0.624128, 0]
2024-07-29 10:39:55,310 RobotKinematics.cpp:296 [INFO] controlValueCur_L: [-2.56572, -0.152615, -0.0389814, -0.0389814, -0.712789, 1.02365, 0.624128, 0]
2024-07-29 10:39:55,315 RobotKinematics.cpp:296 [INFO] controlValueCur_L: [-2.67331, -0.12138, -0.120805, -0.120805, -0.722083, 1.04635, 0.585911, 0]
2024-07-29 10:39:55,320 RobotKinematics.cpp:296 [INFO] controlValueCur_L: [-2.9675, -0.23222, 0.024519, 0.024519, -0.727097, 1.14868, 0.493629, 0]
2024-07-29 10:39:55,325 RobotKinematics.cpp:296 [INFO] controlValueCur_L: [-3.14201, -0.20298, 0.0166535, 0.0166535, -0.756704, 1.18529, 0.411856, 0]
2024-07-29 10:39:55,331 RobotKinematics.cpp:296 [INFO] controlValueCur_L: [-3.14201, -0.20298, 0.0166535, 0.0166535, -0.756704, 1.18529, 0.411856, 0]
2024-07-29 10:39:55,336 RobotKinematics.cpp:296 [INFO] controlValueCur_L: [-3.211, -0.205208, 0.115714, 0.115714, -0.78378, 1.24551, 0.331322, 0]
2024-07-29 10:39:55,341 RobotKinematics.cpp:296 [INFO] controlValueCur_L: [-3.27051, -0.209442, 0.158121, 0.158121, -0.796031, 1.27751, 0.295244, 0]
2024-07-29 10:39:55,346 RobotKinematics.cpp:296 [INFO] controlValueCur_L: [-3.30325, -0.257183, 0.180951, 0.180951, -0.809515, 1.30321, 0.264153, 0]
2024-07-29 10:39:55,351 RobotKinematics.cpp:296 [INFO] controlValueCur_L: [-3.22258, -0.240238, 0.191825, 0.191825, -0.837073, 1.36263, 0.207363, 0]
2024-07-29 10:39:55,357 RobotKinematics.cpp:296 [INFO] controlValueCur_L: [-3.15134, -0.236088, 0.146133, 0.146133, -0.8512, 1.38801, 0.182096, 0]
2024-07-29 10:39:55,362 RobotKinematics.cpp:296 [INFO] controlValueCur_L: [-3.14151, -0.224682, 0.189987, 0.189987, -0.868511, 1.40294, 0.161509, 0]
2024-07-29 10:39:55,367 RobotKinematics.cpp:296 [INFO] controlValueCur_L: [-3.10733, -0.213799, 0.165152, 0.165152, -0.906567, 1.46272, 0.123014, 0]
2024-07-29 10:39:55,372 RobotKinematics.cpp:296 [INFO] controlValueCur_L: [-3.10733, -0.213799, 0.165152, 0.165152, -0.906567, 1.46272, 0.123014, 0]
2024-07-29 10:39:55,377 RobotKinematics.cpp:296 [INFO] controlValueCur_L: [-2.97173, -0.191334, 0.124045, 0.124045, -0.94333, 1.52676, 0.0791073, 0]
2024-07-29 10:39:55,382 RobotKinematics.cpp:296 [INFO] controlValueCur_L: [-2.90501, -0.206463, 0.0891862, 0.0891862, -0.959256, 1.55353, 0.0592041, 0]
2024-07-29 10:39:55,388 RobotKinematics.cpp:296 [INFO] controlValueCur_L: [-2.88652, -0.197453, 0.10926, 0.10926, -0.978282, 1.58144, 0.0399799, 0]
2024-07-29 10:39:55,393 RobotKinematics.cpp:296 [INFO] controlValueCur_L: [-2.81239, -0.193192, 0.107262, 0.107262, -1.01182, 1.63069, 0.0124779, 0]
2024-07-29 10:39:55,398 RobotKinematics.cpp:296 [INFO] controlValueCur_L: [-2.83763, -0.229347, 0.106526, 0.106526, -1.0274, 1.65572, 0.00209808, 0]
2024-07-29 10:39:55,403 RobotKinematics.cpp:296 [INFO] controlValueCur_L: [-2.85156, -0.244591, 0.103086, 0.103086, -1.04356, 1.68078, -0.00653458, 0]
2024-07-29 10:39:55,408 RobotKinematics.cpp:296 [INFO] controlValueCur_L: [-2.85219, -0.242245, 0.131323, 0.131323, -1.05799, 1.70734, -0.0118923, 0]
2024-07-29 10:39:55,413 RobotKinematics.cpp:296 [INFO] controlValueCur_L: [-2.83661, -0.270672, 0.134466, 0.134466, -1.06577, 1.7168, -0.00956154, 0]
2024-07-29 10:39:55,419 RobotKinematics.cpp:296 [INFO] controlValueCur_L: [-2.77531, -0.247177, 0.144785, 0.144785, -1.0806, 1.73403, -0.00548935, 0]
2024-07-29 10:39:55,424 RobotKinematics.cpp:296 [INFO] controlValueCur_L: [-2.73566, -0.242092, 0.12361, 0.12361, -1.08067, 1.73925, -0.000659943, 0]
2024-07-29 10:39:55,429 RobotKinematics.cpp:296 [INFO] controlValueCur_L: [-2.7095, -0.245243, 0.125688, 0.125688, -1.08221, 1.745, 0.00393867, 0]
2024-07-29 10:39:55,434 RobotKinematics.cpp:296 [INFO] controlValueCur_L: [-2.66664, -0.242611, 0.124719, 0.124719, -1.0819, 1.74556, 0.00922394, 0]
2024-07-29 10:39:55,439 RobotKinematics.cpp:296 [INFO] controlValueCur_L: [-2.52975, -0.225433, 0.111282, 0.111282, -1.08041, 1.74581, 0.0182667, 0]
2024-07-29 10:39:55,445 RobotKinematics.cpp:296 [INFO] controlValueCur_L: [-2.49828, -0.247482, 0.124703, 0.124703, -1.08061, 1.7433, 0.0225563, 0]
2024-07-29 10:39:55,450 RobotKinematics.cpp:296 [INFO] controlValueCur_L: [-2.38963, -0.205467, 0.113746, 0.113746, -1.07714, 1.74472, 0.0264034, 0]
2024-07-29 10:39:55,455 RobotKinematics.cpp:296 [INFO] controlValueCur_L: [-2.28474, -0.246166, 0.150662, 0.150662, -1.07343, 1.74047, 0.031271, 0]
2024-07-29 10:39:55,460 RobotKinematics.cpp:296 [INFO] controlValueCur_L: [-2.18001, -0.189087, 0.0987325, 0.0987325, -1.06996, 1.73934, 0.0391788, 0]
2024-07-29 10:39:55,465 RobotKinematics.cpp:296 [INFO] controlValueCur_L: [-2.17973, -0.236973, 0.13442, 0.13442, -1.06423, 1.73926, 0.043005, 0]
2024-07-29 10:39:55,471 RobotKinematics.cpp:296 [INFO] controlValueCur_L: [-2.1321, -0.198322, 0.103879, 0.103879, -1.05998, 1.73619, 0.0466328, 0]
2024-07-29 10:39:55,476 RobotKinematics.cpp:296 [INFO] controlValueCur_L: [-2.07323, -0.187054, 0.0768118, 0.0768118, -1.05536, 1.73644, 0.0497074, 0]
2024-07-29 10:39:55,481 RobotKinematics.cpp:296 [INFO] controlValueCur_L: [-2.02289, -0.156296, 0.0865088, 0.0865088, -1.04633, 1.73238, 0.0573387, 0]
2024-07-29 10:39:55,486 RobotKinematics.cpp:296 [INFO] controlValueCur_L: [-2.00848, -0.129246, 0.0849676, 0.0849676, -1.04309, 1.72984, 0.0609264, 0]
2024-07-29 10:39:55,491 RobotKinematics.cpp:296 [INFO] controlValueCur_L: [-1.99989, -0.131401, 0.121405, 0.121405, -1.0389, 1.72981, 0.0639648, 0]
2024-07-29 10:39:55,496 RobotKinematics.cpp:296 [INFO] controlValueCur_L: [-2.01501, -0.187683, 0.132101, 0.132101, -1.03614, 1.72936, 0.066267, 0]
2024-07-29 10:39:55,502 RobotKinematics.cpp:296 [INFO] controlValueCur_L: [-2.07892, -0.18018, 0.111715, 0.111715, -1.02687, 1.72797, 0.0709476, 0]
2024-07-29 10:39:55,507 RobotKinematics.cpp:296 [INFO] controlValueCur_L: [-2.15671, -0.194366, 0.121113, 0.121113, -1.02277, 1.72791, 0.0733032, 0]
2024-07-29 10:39:55,512 RobotKinematics.cpp:296 [INFO] controlValueCur_L: [-2.18567, -0.158955, 0.169824, 0.169824, -1.01927, 1.72748, 0.0754204, 0]
2024-07-29 10:39:55,517 RobotKinematics.cpp:296 [INFO] controlValueCur_L: [-2.09818, -0.129871, 0.117318, 0.117318, -1.01162, 1.72758, 0.0790157, 0]
2024-07-29 10:39:55,522 RobotKinematics.cpp:296 [INFO] controlValueCur_L: [-2.09818, -0.129871, 0.117318, 0.117318, -1.01162, 1.72758, 0.0790157, 0]
2024-07-29 10:39:55,527 RobotKinematics.cpp:296 [INFO] controlValueCur_L: [-2.01462, -0.165257, 0.0785036, 0.0785036, -1.00594, 1.72879, 0.0815868, 0]
2024-07-29 10:39:55,533 RobotKinematics.cpp:296 [INFO] controlValueCur_L: [-1.91005, -0.182678, 0.132284, 0.132284, -1.00265, 1.72931, 0.0832348, 0]
2024-07-29 10:39:55,538 RobotKinematics.cpp:296 [INFO] controlValueCur_L: [-1.67378, -0.0937881, 0.0234261, 0.0234261, -1.00019, 1.72892, 0.085228, 0]
2024-07-29 10:39:55,543 RobotKinematics.cpp:296 [INFO] controlValueCur_L: [-1.30649, -0.0441933, -0.0217409, -0.0217409, -0.993838, 1.72822, 0.0906696, 0]
2024-07-29 10:39:55,548 RobotKinematics.cpp:296 [INFO] controlValueCur_L: [-1.23846, -0.0967216, 0.0913324, 0.0913324, -0.990606, 1.7279, 0.0942039, 0]
2024-07-29 10:39:55,553 RobotKinematics.cpp:296 [INFO] controlValueCur_L: [-1.06148, -0.0555992, 0.0541277, 0.0541277, -0.987885, 1.72753, 0.0981026, 0]
2024-07-29 10:39:55,559 RobotKinematics.cpp:296 [INFO] controlValueCur_L: [-0.831299, 0.00375366, 0.0986366, 0.0986366, -0.982305, 1.72489, 0.107386, 0]
2024-07-29 10:39:55,564 RobotKinematics.cpp:296 [INFO] controlValueCur_L: [-0.831299, 0.00375366, 0.0986366, 0.0986366, -0.982305, 1.72489, 0.107386, 0]
2024-07-29 10:39:55,569 RobotKinematics.cpp:296 [INFO] controlValueCur_L: [-0.70163, -0.0667, 0.0197783, 0.0197783, -0.977628, 1.72162, 0.118279, 0]
2024-07-29 10:39:55,574 RobotKinematics.cpp:296 [INFO] controlValueCur_L: [-0.759781, -0.0838699, 0.0259004, 0.0259004, -0.973433, 1.71931, 0.125784, 0]
2024-07-29 10:39:55,579 RobotKinematics.cpp:296 [INFO] controlValueCur_L: [-0.766083, -0.135578, 0.0100074, 0.0100074, -0.968684, 1.71662, 0.134075, 0]
2024-07-29 10:39:55,585 RobotKinematics.cpp:296 [INFO] controlValueCur_L: [-0.890366, -0.0885735, 0.0473328, 0.0473328, -0.956883, 1.7113, 0.149862, 0]
2024-07-29 10:39:55,590 RobotKinematics.cpp:296 [INFO] controlValueCur_L: [-0.878067, -0.0384712, 0.0645795, 0.0645795, -0.950761, 1.70952, 0.155819, 0]
2024-07-29 10:39:55,595 RobotKinematics.cpp:296 [INFO] controlValueCur_L: [-0.890137, -0.0449448, 0.0932755, 0.0932755, -0.946722, 1.70875, 0.1597, 0]
2024-07-29 10:39:55,600 RobotKinematics.cpp:296 [INFO] controlValueCur_L: [-0.69339, -0.0571251, 0.029398, 0.029398, -0.93965, 1.70511, 0.164886, 0]
2024-07-29 10:39:55,605 RobotKinematics.cpp:296 [INFO] controlValueCur_L: [-0.69339, -0.0571251, 0.029398, 0.029398, -0.93965, 1.70511, 0.164886, 0]
2024-07-29 10:39:55,610 RobotKinematics.cpp:296 [INFO] controlValueCur_L: [-0.784271, -0.0576401, 0.0384607, 0.0384607, -0.938675, 1.70579, 0.168209, 0]
2024-07-29 10:39:55,616 RobotKinematics.cpp:296 [INFO] controlValueCur_L: [-0.875885, -0.031105, 0.0317092, 0.0317092, -0.941101, 1.70622, 0.170212, 0]
2024-07-29 10:39:55,621 RobotKinematics.cpp:296 [INFO] controlValueCur_L: [-0.937576, -0.0550232, 0.0773249, 0.0773249, -0.944969, 1.70613, 0.172812, 0]
2024-07-29 10:39:55,626 RobotKinematics.cpp:296 [INFO] controlValueCur_L: [-0.95369, -0.064846, 0.0829768, 0.0829768, -0.954905, 1.706, 0.17824, 0]
2024-07-29 10:39:55,631 RobotKinematics.cpp:296 [INFO] controlValueCur_L: [-0.995407, -0.0202179, 0.0682669, 0.0682669, -0.960065, 1.70686, 0.180668, 0]
2024-07-29 10:39:55,636 RobotKinematics.cpp:296 [INFO] controlValueCur_L: [-1.01433, -0.0384064, 0.0815163, 0.0815163, -0.966051, 1.7075, 0.18272, 0]
2024-07-29 10:39:55,642 RobotKinematics.cpp:296 [INFO] controlValueCur_L: [-1.01979, -0.0402565, 0.0506053, 0.0506053, -0.971495, 1.70844, 0.184507, 0]
2024-07-29 10:39:55,647 RobotKinematics.cpp:296 [INFO] controlValueCur_L: [-1.03693, -0.0645523, 0.0670605, 0.0670605, -0.976668, 1.70937, 0.186295, 0]
2024-07-29 10:39:55,652 RobotKinematics.cpp:296 [INFO] controlValueCur_L: [-1.09668, -0.107685, 0.024951, 0.024951, -0.989368, 1.71081, 0.18895, 0]
2024-07-29 10:39:55,657 RobotKinematics.cpp:296 [INFO] controlValueCur_L: [-1.14513, -0.0627861, 0.0467324, 0.0467324, -0.995295, 1.71161, 0.190258, 0]
2024-07-29 10:39:55,662 RobotKinematics.cpp:296 [INFO] controlValueCur_L: [-1.1611, -0.0825958, 0.0446353, 0.0446353, -1.00174, 1.71192, 0.191545, 0]
2024-07-29 10:39:55,668 RobotKinematics.cpp:296 [INFO] controlValueCur_L: [-1.18115, -0.0783463, 0.0449514, 0.0449514, -1.00862, 1.71297, 0.192673, 0]
2024-07-29 10:39:55,673 RobotKinematics.cpp:296 [INFO] controlValueCur_L: [-1.17644, -0.0671043, 0.0443802, 0.0443802, -1.02355, 1.71516, 0.194265, 0]
2024-07-29 10:39:55,678 RobotKinematics.cpp:296 [INFO] controlValueCur_L: [-1.17036, -0.0791397, 0.0447216, 0.0447216, -1.03198, 1.71623, 0.194017, 0]
2024-07-29 10:39:55,683 RobotKinematics.cpp:296 [INFO] controlValueCur_L: [-1.14534, -0.0659409, 0.0540338, 0.0540338, -1.03951, 1.71799, 0.193153, 0]
2024-07-29 10:39:55,688 RobotKinematics.cpp:296 [INFO] controlValueCur_L: [-1.14511, -0.0767708, 0.0350809, 0.0350809, -1.04748, 1.71963, 0.191378, 0]
2024-07-29 10:39:55,694 RobotKinematics.cpp:296 [INFO] controlValueCur_L: [-1.17157, -0.0717506, 0.0427866, 0.0427866, -1.06135, 1.72515, 0.185736, 0]
2024-07-29 10:39:55,699 RobotKinematics.cpp:296 [INFO] controlValueCur_L: [-1.17293, -0.075573, 0.058877, 0.058877, -1.06767, 1.72805, 0.182276, 0]
2024-07-29 10:39:55,704 RobotKinematics.cpp:296 [INFO] controlValueCur_L: [-1.17444, -0.081337, 0.0431876, 0.0431876, -1.07313, 1.73035, 0.178898, 0]
2024-07-29 10:39:55,709 RobotKinematics.cpp:296 [INFO] controlValueCur_L: [-1.19975, -0.0851631, 0.057745, 0.057745, -1.07923, 1.73326, 0.175266, 0]
2024-07-29 10:39:55,714 RobotKinematics.cpp:296 [INFO] controlValueCur_L: [-1.22229, -0.0893974, 0.0582843, 0.0582843, -1.0918, 1.73913, 0.168203, 0]
2024-07-29 10:39:55,719 RobotKinematics.cpp:296 [INFO] controlValueCur_L: [-1.22853, -0.0834694, 0.0700278, 0.0700278, -1.09599, 1.74147, 0.165359, 0]
2024-07-29 10:39:55,725 RobotKinematics.cpp:296 [INFO] controlValueCur_L: [-1.21544, -0.0804253, 0.0518799, 0.0518799, -1.10159, 1.74364, 0.162485, 0]
2024-07-29 10:39:55,730 RobotKinematics.cpp:296 [INFO] controlValueCur_L: [-1.22244, -0.0906487, 0.0559831, 0.0559831, -1.10649, 1.74583, 0.159927, 0]
2024-07-29 10:39:55,735 RobotKinematics.cpp:296 [INFO] controlValueCur_L: [-1.24408, -0.0862503, 0.052855, 0.052855, -1.11847, 1.74599, 0.155893, 0]
2024-07-29 10:39:55,740 RobotKinematics.cpp:296 [INFO] controlValueCur_L: [-1.26006, -0.0878029, 0.0678244, 0.0678244, -1.12339, 1.74746, 0.153999, 0]
2024-07-29 10:39:55,745 RobotKinematics.cpp:296 [INFO] controlValueCur_L: [-1.26003, -0.0860291, 0.062294, 0.062294, -1.12837, 1.75007, 0.151728, 0]
2024-07-29 10:39:55,751 RobotKinematics.cpp:296 [INFO] controlValueCur_L: [-1.26488, -0.0952644, 0.0680323, 0.0680323, -1.13771, 1.75383, 0.1469, 0]
2024-07-29 10:39:55,756 RobotKinematics.cpp:296 [INFO] controlValueCur_L: [-1.26488, -0.0952644, 0.0680323, 0.0680323, -1.13771, 1.75383, 0.1469, 0]
2024-07-29 10:39:55,761 RobotKinematics.cpp:296 [INFO] controlValueCur_L: [-1.31163, -0.103111, 0.083343, 0.083343, -1.14114, 1.74778, 0.146608, 0]
2024-07-29 10:39:55,766 RobotKinematics.cpp:296 [INFO] controlValueCur_L: [-1.35756, -0.109402, 0.0496731, 0.0496731, -1.14343, 1.74358, 0.147144, 0]
2024-07-29 10:39:55,772 RobotKinematics.cpp:296 [INFO] controlValueCur_L: [-1.44789, -0.121586, 0.0952306, 0.0952306, -1.14719, 1.73957, 0.147371, 0]
2024-07-29 10:39:55,777 RobotKinematics.cpp:296 [INFO] controlValueCur_L: [-1.68335, -0.169994, 0.072854, 0.072854, -1.15098, 1.73894, 0.145996, 0]
2024-07-29 10:39:55,782 RobotKinematics.cpp:296 [INFO] controlValueCur_L: [-1.84898, -0.146694, 0.0300255, 0.0300255, -1.15488, 1.73849, 0.144754, 0]
2024-07-29 10:39:55,787 RobotKinematics.cpp:296 [INFO] controlValueCur_L: [-1.86304, -0.148994, 0.0602684, 0.0602684, -1.1585, 1.73964, 0.14361, 0]
2024-07-29 10:39:55,792 RobotKinematics.cpp:296 [INFO] controlValueCur_L: [-1.80313, -0.145962, 0.0308824, 0.0308824, -1.16446, 1.73567, 0.144032, 0]
2024-07-29 10:39:55,798 RobotKinematics.cpp:296 [INFO] controlValueCur_L: [-1.80313, -0.145962, 0.0308824, 0.0308824, -1.16446, 1.73567, 0.144032, 0]
2024-07-29 10:39:55,803 RobotKinematics.cpp:296 [INFO] controlValueCur_L: [-1.91974, -0.181595, 0.0302501, 0.0302501, -1.1691, 1.73206, 0.147371, 0]
2024-07-29 10:39:55,808 RobotKinematics.cpp:296 [INFO] controlValueCur_L: [-1.98349, -0.165749, 0.0176678, 0.0176678, -1.17176, 1.72963, 0.150063, 0]
2024-07-29 10:39:55,813 RobotKinematics.cpp:296 [INFO] controlValueCur_L: [-2.13599, -0.14883, 0.0788813, 0.0788813, -1.17502, 1.72665, 0.153337, 0]
2024-07-29 10:39:55,818 RobotKinematics.cpp:296 [INFO] controlValueCur_L: [-2.32686, -0.145725, 0.154769, 0.154769, -1.17843, 1.71938, 0.161861, 0]
2024-07-29 10:39:55,823 RobotKinematics.cpp:296 [INFO] controlValueCur_L: [-2.40218, -0.212395, 0.0604811, 0.0604811, -1.17904, 1.71466, 0.16729, 0]
2024-07-29 10:39:55,829 RobotKinematics.cpp:296 [INFO] controlValueCur_L: [-2.51317, -0.161758, 0.188713, 0.188713, -1.17838, 1.70865, 0.173679, 0]
2024-07-29 10:39:55,834 RobotKinematics.cpp:296 [INFO] controlValueCur_L: [-2.53365, -0.18726, 0.197581, 0.197581, -1.17716, 1.69342, 0.18866, 0]
2024-07-29 10:39:55,839 RobotKinematics.cpp:296 [INFO] controlValueCur_L: [-2.53365, -0.18726, 0.197581, 0.197581, -1.17716, 1.69342, 0.18866, 0]
2024-07-29 10:39:55,844 RobotKinematics.cpp:296 [INFO] controlValueCur_L: [-2.51474, -0.229836, 0.105262, 0.105262, -1.17425, 1.67202, 0.210104, 0]
2024-07-29 10:39:55,849 RobotKinematics.cpp:296 [INFO] controlValueCur_L: [-2.58316, -0.172104, 0.112674, 0.112674, -1.17039, 1.65708, 0.225372, 0]
2024-07-29 10:39:55,855 RobotKinematics.cpp:296 [INFO] controlValueCur_L: [-2.57507, -0.216461, 0.0943742, 0.0943742, -1.16633, 1.6391, 0.244095, 0]
2024-07-29 10:39:55,860 RobotKinematics.cpp:296 [INFO] controlValueCur_L: [-2.55379, -0.187531, 0.0909886, 0.0909886, -1.15851, 1.61671, 0.266813, 0]
2024-07-29 10:39:55,865 RobotKinematics.cpp:296 [INFO] controlValueCur_L: [-2.56148, -0.17104, 0.150164, 0.150164, -1.13866, 1.56362, 0.321774, 0]
2024-07-29 10:39:55,870 RobotKinematics.cpp:296 [INFO] controlValueCur_L: [-2.55247, -0.204601, 0.170443, 0.170443, -1.12637, 1.53417, 0.353153, 0]
2024-07-29 10:39:55,875 RobotKinematics.cpp:296 [INFO] controlValueCur_L: [-2.51753, -0.16983, 0.123911, 0.123911, -1.11411, 1.5039, 0.385992, 0]
2024-07-29 10:39:55,880 RobotKinematics.cpp:296 [INFO] controlValueCur_L: [-2.4939, -0.222042, 0.148896, 0.148896, -1.10342, 1.47375, 0.41906, 0]
2024-07-29 10:39:55,886 RobotKinematics.cpp:296 [INFO] controlValueCur_L: [-2.39616, -0.216125, 0.110563, 0.110563, -1.08241, 1.417, 0.483742, 0]
2024-07-29 10:39:55,891 RobotKinematics.cpp:296 [INFO] controlValueCur_L: [-2.3891, -0.153633, 0.120822, 0.120822, -1.07511, 1.3933, 0.512381, 0]
2024-07-29 10:39:55,896 RobotKinematics.cpp:296 [INFO] controlValueCur_L: [-2.34106, -0.227829, 0.118753, 0.118753, -1.06676, 1.37155, 0.539864, 0]
2024-07-29 10:39:55,901 RobotKinematics.cpp:296 [INFO] controlValueCur_L: [-2.30948, -0.190849, 0.157252, 0.157252, -1.05193, 1.32837, 0.5902, 0]
2024-07-29 10:39:55,906 RobotKinematics.cpp:296 [INFO] controlValueCur_L: [-2.23164, -0.164974, 0.112355, 0.112355, -1.04483, 1.31, 0.612629, 0]
2024-07-29 10:39:55,912 RobotKinematics.cpp:296 [INFO] controlValueCur_L: [-2.21065, -0.166008, 0.142883, 0.142883, -1.03758, 1.29481, 0.633783, 0]
2024-07-29 10:39:55,917 RobotKinematics.cpp:296 [INFO] controlValueCur_L: [-2.20349, -0.184441, 0.138148, 0.138148, -1.03061, 1.27685, 0.655235, 0]
2024-07-29 10:39:55,922 RobotKinematics.cpp:296 [INFO] controlValueCur_L: [-2.2193, -0.197788, 0.121115, 0.121115, -1.01792, 1.24582, 0.696142, 0]
2024-07-29 10:39:55,927 RobotKinematics.cpp:296 [INFO] controlValueCur_L: [-2.20053, -0.182915, 0.132133, 0.132133, -1.01128, 1.22809, 0.714439, 0]
2024-07-29 10:39:55,932 RobotKinematics.cpp:296 [INFO] controlValueCur_L: [-2.20908, -0.175152, 0.11705, 0.11705, -1.00359, 1.2106, 0.730223, 0]
2024-07-29 10:39:55,938 RobotKinematics.cpp:296 [INFO] controlValueCur_L: [-2.2309, -0.165791, 0.11873, 0.11873, -0.997417, 1.19404, 0.743196, 0]
2024-07-29 10:39:55,943 RobotKinematics.cpp:296 [INFO] controlValueCur_L: [-2.2971, -0.171803, 0.123691, 0.123691, -0.981236, 1.17026, 0.769863, 0]
2024-07-29 10:39:55,948 RobotKinematics.cpp:296 [INFO] controlValueCur_L: [-2.32193, -0.171547, 0.114479, 0.114479, -0.977673, 1.15929, 0.784552, 0]
2024-07-29 10:39:55,953 RobotKinematics.cpp:296 [INFO] controlValueCur_L: [-2.37187, -0.192287, 0.112552, 0.112552, -0.976328, 1.14936, 0.799232, 0]
2024-07-29 10:39:55,958 RobotKinematics.cpp:296 [INFO] controlValueCur_L: [-2.43169, -0.191002, 0.0982313, 0.0982313, -0.973062, 1.14073, 0.814013, 0]
2024-07-29 10:39:55,964 RobotKinematics.cpp:296 [INFO] controlValueCur_L: [-2.49063, -0.198444, 0.0948553, 0.0948553, -0.971065, 1.13055, 0.826496, 0]
2024-07-29 10:39:55,969 RobotKinematics.cpp:296 [INFO] controlValueCur_L: [-2.60136, -0.169231, 0.134175, 0.134175, -0.963998, 1.11442, 0.846031, 0]
2024-07-29 10:39:55,974 RobotKinematics.cpp:296 [INFO] controlValueCur_L: [-2.60417, -0.200493, 0.14672, 0.14672, -0.960393, 1.1079, 0.855494, 0]
2024-07-29 10:39:55,979 RobotKinematics.cpp:296 [INFO] controlValueCur_L: [-2.62639, -0.191315, 0.132024, 0.132024, -0.956496, 1.10083, 0.865847, 0]
2024-07-29 10:39:55,984 RobotKinematics.cpp:296 [INFO] controlValueCur_L: [-2.59525, -0.244663, 0.120653, 0.120653, -0.954551, 1.08878, 0.886074, 0]
2024-07-29 10:39:55,989 RobotKinematics.cpp:296 [INFO] controlValueCur_L: [-2.59525, -0.244663, 0.120653, 0.120653, -0.954551, 1.08878, 0.886074, 0]
2024-07-29 10:39:55,995 RobotKinematics.cpp:296 [INFO] controlValueCur_L: [-2.52078, -0.20491, 0.111152, 0.111152, -0.950483, 1.07702, 0.903603, 0]
2024-07-29 10:39:56,000 RobotKinematics.cpp:296 [INFO] controlValueCur_L: [-2.54858, -0.200008, 0.150783, 0.150783, -0.945523, 1.06972, 0.912075, 0]
2024-07-29 10:39:56,005 RobotKinematics.cpp:296 [INFO] controlValueCur_L: [-2.53056, -0.21595, 0.119427, 0.119427, -0.943556, 1.06464, 0.91798, 0]
2024-07-29 10:39:56,010 RobotKinematics.cpp:296 [INFO] controlValueCur_L: [-2.56966, -0.194534, 0.136711, 0.136711, -0.930549, 1.0606, 0.927212, 0]
2024-07-29 10:39:56,015 RobotKinematics.cpp:296 [INFO] controlValueCur_L: [-2.53459, -0.224873, 0.107042, 0.107042, -0.927217, 1.05653, 0.928432, 0]
2024-07-29 10:39:56,020 RobotKinematics.cpp:296 [INFO] controlValueCur_L: [-2.54672, -0.218792, 0.114268, 0.114268, -0.922375, 1.05237, 0.92977, 0]
2024-07-29 10:39:56,026 RobotKinematics.cpp:296 [INFO] controlValueCur_L: [-2.54413, -0.209602, 0.112735, 0.112735, -0.90921, 1.05034, 0.930983, 0]
2024-07-29 10:39:56,031 RobotKinematics.cpp:296 [INFO] controlValueCur_L: [-2.54413, -0.209602, 0.112735, 0.112735, -0.90921, 1.05034, 0.930983, 0]
2024-07-29 10:39:56,036 RobotKinematics.cpp:296 [INFO] controlValueCur_L: [-2.51068, -0.20351, 0.0998688, 0.0998688, -0.89446, 1.04412, 0.934767, 0]
2024-07-29 10:39:56,041 RobotKinematics.cpp:296 [INFO] controlValueCur_L: [-2.49216, -0.193058, 0.0837073, 0.0837073, -0.890087, 1.04306, 0.93483, 0]
2024-07-29 10:39:56,046 RobotKinematics.cpp:296 [INFO] controlValueCur_L: [-2.48943, -0.201908, 0.0994263, 0.0994263, -0.881387, 1.04062, 0.936657, 0]
2024-07-29 10:39:56,051 RobotKinematics.cpp:296 [INFO] controlValueCur_L: [-2.47453, -0.199841, 0.0930119, 0.0930119, -0.873036, 1.03697, 0.936407, 0]
2024-07-29 10:39:56,057 RobotKinematics.cpp:296 [INFO] controlValueCur_L: [-2.46077, -0.199387, 0.0884986, 0.0884986, -0.869461, 1.03734, 0.935911, 0]
2024-07-29 10:39:56,062 RobotKinematics.cpp:296 [INFO] controlValueCur_L: [-2.45061, -0.202724, 0.0855532, 0.0855532, -0.864065, 1.03529, 0.936689, 0]
2024-07-29 10:39:56,067 RobotKinematics.cpp:296 [INFO] controlValueCur_L: [-2.43553, -0.197697, 0.0891566, 0.0891566, -0.860098, 1.03437, 0.9361, 0]
2024-07-29 10:39:56,072 RobotKinematics.cpp:296 [INFO] controlValueCur_L: [-2.43553, -0.197697, 0.0891566, 0.0891566, -0.860098, 1.03437, 0.9361, 0]
2024-07-29 10:39:56,078 RobotKinematics.cpp:296 [INFO] controlValueCur_L: [-2.42554, -0.202477, 0.0886407, 0.0886407, -0.857589, 1.03308, 0.935965, 0]
2024-07-29 10:39:56,083 RobotKinematics.cpp:296 [INFO] controlValueCur_L: [-2.44263, -0.209003, 0.103268, 0.103268, -0.85883, 1.03372, 0.934475, 0]
2024-07-29 10:39:56,088 RobotKinematics.cpp:296 [INFO] controlValueCur_L: [-2.4626, -0.20557, 0.0925016, 0.0925016, -0.858688, 1.03621, 0.932968, 0]
2024-07-29 10:39:56,093 RobotKinematics.cpp:296 [INFO] controlValueCur_L: [-2.48347, -0.211136, 0.09554, 0.09554, -0.861394, 1.03653, 0.930799, 0]
2024-07-29 10:39:56,098 RobotKinematics.cpp:296 [INFO] controlValueCur_L: [-2.49426, -0.21463, 0.121838, 0.121838, -0.862422, 1.03767, 0.930309, 0]
2024-07-29 10:39:56,104 RobotKinematics.cpp:296 [INFO] controlValueCur_L: [-2.48447, -0.213165, 0.105912, 0.105912, -0.862148, 1.03952, 0.930695, 0]
2024-07-29 10:39:56,109 RobotKinematics.cpp:296 [INFO] controlValueCur_L: [-2.48962, -0.212494, 0.120954, 0.120954, -0.864071, 1.03908, 0.931486, 0]
2024-07-29 10:39:56,114 RobotKinematics.cpp:296 [INFO] controlValueCur_L: [-2.46623, -0.204647, 0.119556, 0.119556, -0.866932, 1.03988, 0.933641, 0]
2024-07-29 10:39:56,119 RobotKinematics.cpp:296 [INFO] controlValueCur_L: [-2.44778, -0.199806, 0.111275, 0.111275, -0.868621, 1.04032, 0.935038, 0]
2024-07-29 10:39:56,124 RobotKinematics.cpp:296 [INFO] controlValueCur_L: [-2.43904, -0.202644, 0.122382, 0.122382, -0.8692, 1.03987, 0.936953, 0]
2024-07-29 10:39:56,129 RobotKinematics.cpp:296 [INFO] controlValueCur_L: [-2.42563, -0.210339, 0.11096, 0.11096, -0.870264, 1.03878, 0.938883, 0]
2024-07-29 10:39:56,135 RobotKinematics.cpp:296 [INFO] controlValueCur_L: [-2.40288, -0.201122, 0.106849, 0.106849, -0.868205, 1.03981, 0.941973, 0]
2024-07-29 10:39:56,140 RobotKinematics.cpp:296 [INFO] controlValueCur_L: [-2.40787, -0.197292, 0.117347, 0.117347, -0.868309, 1.03958, 0.942835, 0]
2024-07-29 10:39:56,145 RobotKinematics.cpp:296 [INFO] controlValueCur_L: [-2.39519, -0.190941, 0.10204, 0.10204, -0.86619, 1.03973, 0.944494, 0]
2024-07-29 10:39:56,150 RobotKinematics.cpp:296 [INFO] controlValueCur_L: [-2.3983, -0.198875, 0.113913, 0.113913, -0.865732, 1.03876, 0.945683, 0]
2024-07-29 10:39:56,155 RobotKinematics.cpp:296 [INFO] controlValueCur_L: [-2.39883, -0.2001, 0.108952, 0.108952, -0.862443, 1.0367, 0.94965, 0]
2024-07-29 10:39:56,161 RobotKinematics.cpp:296 [INFO] controlValueCur_L: [-2.39859, -0.194897, 0.111569, 0.111569, -0.860475, 1.03652, 0.952074, 0]
2024-07-29 10:39:56,166 RobotKinematics.cpp:296 [INFO] controlValueCur_L: [-2.38187, -0.192612, 0.105194, 0.105194, -0.859628, 1.03487, 0.954432, 0]
2024-07-29 10:39:56,171 RobotKinematics.cpp:296 [INFO] controlValueCur_L: [-2.36038, -0.189835, 0.123023, 0.123023, -0.856949, 1.03406, 0.9571, 0]
2024-07-29 10:39:56,176 RobotKinematics.cpp:296 [INFO] controlValueCur_L: [-2.18608, -0.174416, 0.0869083, 0.0869083, -0.857288, 1.03342, 0.959801, 0]
2024-07-29 10:39:56,181 RobotKinematics.cpp:296 [INFO] controlValueCur_L: [-2.10228, -0.178894, 0.0651331, 0.0651331, -0.857186, 1.03351, 0.960819, 0]
2024-07-29 10:39:56,186 RobotKinematics.cpp:296 [INFO] controlValueCur_L: [-2.02721, -0.154427, 0.0714741, 0.0714741, -0.856916, 1.03478, 0.961561, 0]
2024-07-29 10:39:56,192 RobotKinematics.cpp:296 [INFO] controlValueCur_L: [-1.9915, -0.207504, 0.0752068, 0.0752068, -0.857581, 1.03491, 0.962015, 0]
2024-07-29 10:39:56,197 RobotKinematics.cpp:296 [INFO] controlValueCur_L: [-1.79449, -0.114582, 0.0276575, 0.0276575, -0.8588, 1.03578, 0.962492, 0]
2024-07-29 10:39:56,202 RobotKinematics.cpp:296 [INFO] controlValueCur_L: [-1.79449, -0.114582, 0.0276575, 0.0276575, -0.8588, 1.03578, 0.962492, 0]
2024-07-29 10:39:56,207 RobotKinematics.cpp:296 [INFO] controlValueCur_L: [-1.66624, -0.140633, 0.0223422, 0.0223422, -0.860367, 1.03737, 0.962503, 0]
2024-07-29 10:39:56,212 RobotKinematics.cpp:296 [INFO] controlValueCur_L: [-1.67181, -0.17749, 0.0487585, 0.0487585, -0.860397, 1.0382, 0.962318, 0]
2024-07-29 10:39:56,218 RobotKinematics.cpp:296 [INFO] controlValueCur_L: [-1.66583, -0.123283, 0.0748086, 0.0748086, -0.861433, 1.03962, 0.961414, 0]
2024-07-29 10:39:56,223 RobotKinematics.cpp:296 [INFO] controlValueCur_L: [-1.69478, -0.166691, 0.0262723, 0.0262723, -0.863492, 1.04275, 0.958549, 0]
2024-07-29 10:39:56,228 RobotKinematics.cpp:296 [INFO] controlValueCur_L: [-1.7312, -0.209316, 0.0957894, 0.0957894, -0.865314, 1.04404, 0.956913, 0]
2024-07-29 10:39:56,233 RobotKinematics.cpp:296 [INFO] controlValueCur_L: [-1.69893, -0.222404, 0.0752311, 0.0752311, -0.866534, 1.04514, 0.955624, 0]
2024-07-29 10:39:56,238 RobotKinematics.cpp:296 [INFO] controlValueCur_L: [-1.59238, -0.182781, 0.054173, 0.054173, -0.868358, 1.04717, 0.95315, 0]
2024-07-29 10:39:56,244 RobotKinematics.cpp:296 [INFO] controlValueCur_L: [-1.59238, -0.182781, 0.054173, 0.054173, -0.868358, 1.04717, 0.95315, 0]
2024-07-29 10:39:56,249 RobotKinematics.cpp:296 [INFO] controlValueCur_L: [-1.63277, -0.150043, 0.0732675, 0.0732675, -0.870546, 1.04837, 0.950951, 0]
2024-07-29 10:39:56,254 RobotKinematics.cpp:296 [INFO] controlValueCur_L: [-1.61986, -0.186848, 0.0919862, 0.0919862, -0.872237, 1.04826, 0.949909, 0]
2024-07-29 10:39:56,259 RobotKinematics.cpp:296 [INFO] controlValueCur_L: [-1.61679, -0.133545, 0.0494471, 0.0494471, -0.873628, 1.04877, 0.948854, 0]
2024-07-29 10:39:56,264 RobotKinematics.cpp:296 [INFO] controlValueCur_L: [-1.65427, -0.112442, 0.128313, 0.128313, -0.875518, 1.04974, 0.947296, 0]
2024-07-29 10:39:56,269 RobotKinematics.cpp:296 [INFO] controlValueCur_L: [-1.6526, -0.134007, 0.0987382, 0.0987382, -0.877071, 1.04978, 0.946554, 0]
2024-07-29 10:39:56,275 RobotKinematics.cpp:296 [INFO] controlValueCur_L: [-1.66805, -0.117912, 0.105215, 0.105215, -0.87831, 1.04982, 0.946186, 0]
2024-07-29 10:39:56,280 RobotKinematics.cpp:296 [INFO] controlValueCur_L: [-1.79076, -0.142731, 0.0860834, 0.0860834, -0.880502, 1.04942, 0.94619, 0]
2024-07-29 10:39:56,285 RobotKinematics.cpp:296 [INFO] controlValueCur_L: [-1.79076, -0.142731, 0.0860834, 0.0860834, -0.880502, 1.04942, 0.94619, 0]
2024-07-29 10:39:56,290 RobotKinematics.cpp:296 [INFO] controlValueCur_L: [-1.93013, -0.163357, 0.0724373, 0.0724373, -0.883668, 1.04794, 0.947088, 0]
2024-07-29 10:39:56,295 RobotKinematics.cpp:296 [INFO] controlValueCur_L: [-1.96817, -0.162281, 0.116028, 0.116028, -0.885296, 1.04732, 0.94791, 0]
2024-07-29 10:39:56,301 RobotKinematics.cpp:296 [INFO] controlValueCur_L: [-1.98094, -0.188728, 0.112744, 0.112744, -0.887352, 1.04636, 0.948969, 0]
2024-07-29 10:39:56,306 RobotKinematics.cpp:296 [INFO] controlValueCur_L: [-1.97633, -0.256638, 0.14792, 0.14792, -0.89191, 1.04422, 0.951559, 0]
2024-07-29 10:39:56,311 RobotKinematics.cpp:296 [INFO] controlValueCur_L: [-1.96053, -0.30003, 0.168212, 0.168212, -0.894336, 1.04305, 0.953014, 0]
2024-07-29 10:39:56,316 RobotKinematics.cpp:296 [INFO] controlValueCur_L: [-1.96053, -0.30003, 0.168212, 0.168212, -0.894336, 1.04305, 0.953014, 0]
2024-07-29 10:39:56,321 RobotKinematics.cpp:296 [INFO] controlValueCur_L: [-1.93294, -0.288612, 0.148735, 0.148735, -0.899149, 1.03939, 0.957886, 0]
2024-07-29 10:39:56,326 RobotKinematics.cpp:296 [INFO] controlValueCur_L: [-1.94861, -0.27792, 0.144264, 0.144264, -0.903369, 1.0393, 0.961727, 0]
2024-07-29 10:39:56,332 RobotKinematics.cpp:296 [INFO] controlValueCur_L: [-1.95976, -0.281094, 0.157316, 0.157316, -0.905826, 1.03845, 0.963854, 0]
2024-07-29 10:39:56,337 RobotKinematics.cpp:296 [INFO] controlValueCur_L: [-1.95226, -0.265709, 0.14196, 0.14196, -0.90991, 1.03766, 0.965298, 0]
2024-07-29 10:39:56,342 RobotKinematics.cpp:296 [INFO] controlValueCur_L: [-1.96474, -0.269569, 0.142826, 0.142826, -0.912004, 1.03797, 0.966757, 0]
2024-07-29 10:39:56,347 RobotKinematics.cpp:296 [INFO] controlValueCur_L: [-1.94453, -0.255978, 0.107404, 0.107404, -0.917135, 1.03882, 0.967903, 0]
2024-07-29 10:39:56,352 RobotKinematics.cpp:296 [INFO] controlValueCur_L: [-1.94394, -0.253483, 0.11984, 0.11984, -0.920554, 1.03836, 0.967701, 0]
2024-07-29 10:39:56,358 RobotKinematics.cpp:296 [INFO] controlValueCur_L: [-1.91914, -0.243855, 0.106004, 0.106004, -0.922856, 1.03946, 0.967266, 0]
2024-07-29 10:39:56,363 RobotKinematics.cpp:296 [INFO] controlValueCur_L: [-1.89793, -0.240334, 0.119971, 0.119971, -0.92408, 1.03992, 0.967279, 0]
2024-07-29 10:39:56,368 RobotKinematics.cpp:296 [INFO] controlValueCur_L: [-1.84563, -0.228123, 0.107509, 0.107509, -0.928334, 1.04164, 0.96599, 0]
2024-07-29 10:39:56,373 RobotKinematics.cpp:296 [INFO] controlValueCur_L: [-1.82883, -0.221394, 0.108813, 0.108813, -0.930302, 1.04115, 0.965324, 0]
2024-07-29 10:39:56,378 RobotKinematics.cpp:296 [INFO] controlValueCur_L: [-1.78993, -0.206451, 0.0875254, 0.0875254, -0.93247, 1.04197, 0.964094, 0]
2024-07-29 10:39:56,384 RobotKinematics.cpp:296 [INFO] controlValueCur_L: [-1.77307, -0.190193, 0.115152, 0.115152, -0.93322, 1.04074, 0.964041, 0]
2024-07-29 10:39:56,389 RobotKinematics.cpp:296 [INFO] controlValueCur_L: [-1.68813, -0.191814, 0.13202, 0.13202, -0.934188, 1.03853, 0.964537, 0]
2024-07-29 10:39:56,394 RobotKinematics.cpp:296 [INFO] controlValueCur_L: [-1.6297, -0.156868, 0.0885191, 0.0885191, -0.933561, 1.03671, 0.965412, 0]
2024-07-29 10:39:56,399 RobotKinematics.cpp:296 [INFO] controlValueCur_L: [-1.61435, -0.198471, 0.110714, 0.110714, -0.934981, 1.03537, 0.965458, 0]
2024-07-29 10:39:56,404 RobotKinematics.cpp:296 [INFO] controlValueCur_L: [-1.55273, -0.169079, 0.102355, 0.102355, -0.935487, 1.03466, 0.965555, 0]
2024-07-29 10:39:56,410 RobotKinematics.cpp:296 [INFO] controlValueCur_L: [-1.61768, -0.155273, 0.101031, 0.101031, -0.937262, 1.0322, 0.966005, 0]
2024-07-29 10:39:56,415 RobotKinematics.cpp:296 [INFO] controlValueCur_L: [-1.64285, -0.17181, 0.0988927, 0.0988927, -0.938177, 1.0302, 0.966234, 0]
2024-07-29 10:39:56,420 RobotKinematics.cpp:296 [INFO] controlValueCur_L: [-1.6346, -0.172619, 0.120292, 0.120292, -0.938005, 1.02758, 0.96694, 0]
2024-07-29 10:39:56,425 RobotKinematics.cpp:296 [INFO] controlValueCur_L: [-1.63213, -0.197357, 0.136883, 0.136883, -0.939406, 1.02695, 0.966679, 0]
2024-07-29 10:39:56,430 RobotKinematics.cpp:296 [INFO] controlValueCur_L: [-1.66679, -0.177963, 0.115343, 0.115343, -0.942509, 1.02593, 0.966352, 0]
2024-07-29 10:39:56,435 RobotKinematics.cpp:296 [INFO] controlValueCur_L: [-1.68071, -0.189415, 0.103324, 0.103324, -0.944812, 1.02497, 0.965954, 0]
2024-07-29 10:39:56,441 RobotKinematics.cpp:296 [INFO] controlValueCur_L: [-1.70287, -0.184429, 0.125462, 0.125462, -0.94628, 1.02561, 0.965227, 0]
2024-07-29 10:39:56,446 RobotKinematics.cpp:296 [INFO] controlValueCur_L: [-1.67526, -0.195507, 0.072753, 0.072753, -0.945902, 1.02705, 0.964445, 0]
2024-07-29 10:39:56,451 RobotKinematics.cpp:296 [INFO] controlValueCur_L: [-1.65729, -0.177273, 0.0876637, 0.0876637, -0.950469, 1.03038, 0.960312, 0]
2024-07-29 10:39:56,456 RobotKinematics.cpp:296 [INFO] controlValueCur_L: [-1.65729, -0.177273, 0.0876637, 0.0876637, -0.950469, 1.03038, 0.960312, 0]
2024-07-29 10:39:56,461 RobotKinematics.cpp:296 [INFO] controlValueCur_L: [-1.62914, -0.162041, 0.114457, 0.114457, -0.956326, 1.03151, 0.956524, 0]
2024-07-29 10:39:56,466 RobotKinematics.cpp:296 [INFO] controlValueCur_L: [-1.60583, -0.163036, 0.101552, 0.101552, -0.958761, 1.03376, 0.95483, 0]
2024-07-29 10:39:56,472 RobotKinematics.cpp:296 [INFO] controlValueCur_L: [-1.60243, -0.153175, 0.111154, 0.111154, -0.961193, 1.03605, 0.953655, 0]
2024-07-29 10:39:56,477 RobotKinematics.cpp:296 [INFO] controlValueCur_L: [-1.61943, -0.164234, 0.106259, 0.106259, -0.967463, 1.03924, 0.952751, 0]
2024-07-29 10:39:56,482 RobotKinematics.cpp:296 [INFO] controlValueCur_L: [-1.61906, -0.16238, 0.100807, 0.100807, -0.971237, 1.04026, 0.952482, 0]
2024-07-29 10:39:56,487 RobotKinematics.cpp:296 [INFO] controlValueCur_L: [-1.58752, -0.169884, 0.0994363, 0.0994363, -0.972983, 1.04226, 0.952391, 0]
2024-07-29 10:39:56,492 RobotKinematics.cpp:296 [INFO] controlValueCur_L: [-1.52434, -0.171261, 0.0957327, 0.0957327, -0.98033, 1.04474, 0.951115, 0]
2024-07-29 10:39:56,498 RobotKinematics.cpp:296 [INFO] controlValueCur_L: [-1.52434, -0.171261, 0.0957327, 0.0957327, -0.98033, 1.04474, 0.951115, 0]
2024-07-29 10:39:56,503 RobotKinematics.cpp:296 [INFO] controlValueCur_L: [-1.42764, -0.139629, 0.0878382, 0.0878382, -0.984406, 1.04574, 0.949232, 0]
2024-07-29 10:39:56,508 RobotKinematics.cpp:296 [INFO] controlValueCur_L: [-1.43678, -0.146824, 0.105359, 0.105359, -0.985181, 1.04696, 0.947981, 0]
2024-07-29 10:39:56,513 RobotKinematics.cpp:296 [INFO] controlValueCur_L: [-1.39174, -0.137466, 0.118753, 0.118753, -0.985799, 1.04859, 0.946434, 0]
2024-07-29 10:39:56,518 RobotKinematics.cpp:296 [INFO] controlValueCur_L: [-1.28223, -0.0954666, 0.111125, 0.111125, -0.985099, 1.05031, 0.944344, 0]
2024-07-29 10:39:56,524 RobotKinematics.cpp:296 [INFO] controlValueCur_L: [-1.22049, -0.120247, 0.142774, 0.142774, -0.984946, 1.05041, 0.943491, 0]
2024-07-29 10:39:56,529 RobotKinematics.cpp:296 [INFO] controlValueCur_L: [-1.14937, -0.126484, 0.0848174, 0.0848174, -0.984527, 1.05122, 0.942322, 0]
2024-07-29 10:39:56,534 RobotKinematics.cpp:296 [INFO] controlValueCur_L: [-1.00671, -0.0810165, 0.0654325, 0.0654325, -0.982069, 1.05259, 0.939936, 0]
2024-07-29 10:39:56,539 RobotKinematics.cpp:296 [INFO] controlValueCur_L: [-1.00671, -0.0810165, 0.0654325, 0.0654325, -0.982069, 1.05259, 0.939936, 0]
2024-07-29 10:39:56,544 RobotKinematics.cpp:296 [INFO] controlValueCur_L: [-0.735992, -0.0921402, 0.0825882, 0.0825882, -0.976986, 1.05447, 0.936972, 0]
2024-07-29 10:39:56,549 RobotKinematics.cpp:296 [INFO] controlValueCur_L: [-0.61879, -0.0347633, 0.0362, 0.0362, -0.975264, 1.0542, 0.934711, 0]
2024-07-29 10:39:56,555 RobotKinematics.cpp:296 [INFO] controlValueCur_L: [-0.589493, -0.0190277, 0.0327592, 0.0327592, -0.973567, 1.05518, 0.931467, 0]
2024-07-29 10:39:56,560 RobotKinematics.cpp:296 [INFO] controlValueCur_L: [-0.475616, -0.0254745, -0.00962114, -0.00962114, -0.968205, 1.05728, 0.923662, 0]
2024-07-29 10:39:56,565 RobotKinematics.cpp:296 [INFO] controlValueCur_L: [-0.513458, -0.048317, 0.0267825, 0.0267825, -0.965268, 1.05842, 0.919167, 0]
2024-07-29 10:39:56,570 RobotKinematics.cpp:296 [INFO] controlValueCur_L: [-0.55069, -0.0606384, 0.0724154, 0.0724154, -0.960554, 1.06016, 0.914131, 0]
2024-07-29 10:39:56,575 RobotKinematics.cpp:296 [INFO] controlValueCur_L: [-0.523239, -0.0668678, 0.0873551, 0.0873551, -0.956813, 1.0614, 0.907936, 0]
2024-07-29 10:39:56,581 RobotKinematics.cpp:296 [INFO] controlValueCur_L: [-0.457367, 0.0165291, 0.0113611, 0.0113611, -0.948796, 1.06475, 0.895493, 0]
2024-07-29 10:39:56,586 RobotKinematics.cpp:296 [INFO] controlValueCur_L: [-0.397446, -0.0937157, 0.00230646, 0.00230646, -0.943587, 1.06584, 0.890495, 0]
2024-07-29 10:39:56,591 RobotKinematics.cpp:296 [INFO] controlValueCur_L: [-0.375641, -0.00323105, 0.0240521, 0.0240521, -0.939395, 1.06569, 0.885433, 0]
2024-07-29 10:39:56,596 RobotKinematics.cpp:296 [INFO] controlValueCur_L: [-0.366394, -0.0734253, 0.0328445, 0.0328445, -0.93292, 1.06625, 0.881298, 0]
2024-07-29 10:39:56,601 RobotKinematics.cpp:296 [INFO] controlValueCur_L: [-0.427536, -0.0193367, 0.0477123, 0.0477123, -0.925137, 1.06378, 0.873854, 0]
2024-07-29 10:39:56,607 RobotKinematics.cpp:296 [INFO] controlValueCur_L: [-0.445633, -0.049118, 0.0469489, 0.0469489, -0.920437, 1.0624, 0.870598, 0]
2024-07-29 10:39:56,612 RobotKinematics.cpp:296 [INFO] controlValueCur_L: [-0.40715, -0.0516167, 0.0204792, 0.0204792, -0.913265, 1.06194, 0.868155, 0]
2024-07-29 10:39:56,617 RobotKinematics.cpp:296 [INFO] controlValueCur_L: [-0.398087, -0.0449677, 0.0525303, 0.0525303, -0.909507, 1.05977, 0.864305, 0]
2024-07-29 10:39:56,622 RobotKinematics.cpp:296 [INFO] controlValueCur_L: [-0.28714, -0.0171089, 0.00326014, 0.00326014, -0.899561, 1.05626, 0.855883, 0]
2024-07-29 10:39:56,627 RobotKinematics.cpp:296 [INFO] controlValueCur_L: [-0.22023, -0.00625229, 0.0304785, 0.0304785, -0.892799, 1.0556, 0.851175, 0]
2024-07-29 10:39:56,632 RobotKinematics.cpp:296 [INFO] controlValueCur_L: [-0.0936279, -0.0136452, -0.00946617, -0.00946617, -0.88919, 1.05482, 0.844553, 0]
2024-07-29 10:39:56,638 RobotKinematics.cpp:296 [INFO] controlValueCur_L: [-0.0790863, 0.00699997, -0.0294123, -0.0294123, -0.882044, 1.05443, 0.837889, 0]
2024-07-29 10:39:56,643 RobotKinematics.cpp:296 [INFO] controlValueCur_L: [-0.209869, -0.00856781, 0.0254388, 0.0254388, -0.873001, 1.05227, 0.819916, 0]
2024-07-29 10:39:56,648 RobotKinematics.cpp:296 [INFO] controlValueCur_L: [-0.210297, -0.00677872, -0.0111918, -0.0111918, -0.867499, 1.05174, 0.810013, 0]
2024-07-29 10:39:56,653 RobotKinematics.cpp:296 [INFO] controlValueCur_L: [-0.166824, 0.0105362, -0.00643015, -0.00643015, -0.861545, 1.0512, 0.799274, 0]
2024-07-29 10:39:56,658 RobotKinematics.cpp:296 [INFO] controlValueCur_L: [-0.105698, -0.00867081, -0.0102553, -0.0102553, -0.855241, 1.05181, 0.786961, 0]
2024-07-29 10:39:56,664 RobotKinematics.cpp:296 [INFO] controlValueCur_L: [0.0383759, 0.00561142, -0.0342097, -0.0342097, -0.842619, 1.0523, 0.759195, 0]
2024-07-29 10:39:56,669 RobotKinematics.cpp:296 [INFO] controlValueCur_L: [0.119965, 0.0285606, -0.0240517, -0.0240517, -0.836565, 1.05279, 0.743729, 0]
2024-07-29 10:39:56,674 RobotKinematics.cpp:296 [INFO] controlValueCur_L: [0.137833, 0.000419617, 0.0379195, 0.0379195, -0.830172, 1.05407, 0.727327, 0]
2024-07-29 10:39:56,679 RobotKinematics.cpp:296 [INFO] controlValueCur_L: [0.221024, 0.0583992, -0.0207109, -0.0207109, -0.823466, 1.0569, 0.70974, 0]
2024-07-29 10:39:56,684 RobotKinematics.cpp:296 [INFO] controlValueCur_L: [0.274414, 0.0455093, -0.0105133, -0.0105133, -0.814916, 1.06688, 0.667871, 0]
2024-07-29 10:39:56,690 RobotKinematics.cpp:296 [INFO] controlValueCur_L: [0.2901, 0.00860214, -0.0141497, -0.0141497, -0.810537, 1.07462, 0.645161, 0]
2024-07-29 10:39:56,695 RobotKinematics.cpp:296 [INFO] controlValueCur_L: [0.390015, 0.071888, -0.0661483, -0.0661483, -0.80831, 1.08251, 0.621256, 0]
2024-07-29 10:39:56,700 RobotKinematics.cpp:296 [INFO] controlValueCur_L: [0.386505, -0.0209045, -0.061482, -0.061482, -0.806358, 1.09498, 0.59598, 0]
2024-07-29 10:39:56,705 RobotKinematics.cpp:296 [INFO] controlValueCur_L: [0.370514, -0.0109367, -0.0460043, -0.0460043, -0.807375, 1.12427, 0.543432, 0]
2024-07-29 10:39:56,710 RobotKinematics.cpp:296 [INFO] controlValueCur_L: [0.338486, -0.0109749, 0.0238185, 0.0238185, -0.810159, 1.14166, 0.516661, 0]
2024-07-29 10:39:56,715 RobotKinematics.cpp:296 [INFO] controlValueCur_L: [0.322876, -0.0143394, -0.0033989, -0.0033989, -0.813981, 1.16056, 0.489378, 0]
2024-07-29 10:39:56,721 RobotKinematics.cpp:296 [INFO] controlValueCur_L: [0.278519, -0.00579834, 0.0284071, 0.0284071, -0.819613, 1.18007, 0.462582, 0]
2024-07-29 10:39:56,726 RobotKinematics.cpp:296 [INFO] controlValueCur_L: [0.285675, 0.00331497, -0.0199523, -0.0199523, -0.831072, 1.22039, 0.410181, 0]
2024-07-29 10:39:56,731 RobotKinematics.cpp:296 [INFO] controlValueCur_L: [0.285675, 0.00331497, -0.0199523, -0.0199523, -0.831072, 1.22039, 0.410181, 0]
2024-07-29 10:39:56,736 RobotKinematics.cpp:296 [INFO] controlValueCur_L: [0.185776, -0.00355148, 0.0044632, 0.0044632, -0.84691, 1.26453, 0.357235, 0]
2024-07-29 10:39:56,741 RobotKinematics.cpp:296 [INFO] controlValueCur_L: [0.145889, 0.00600052, 0.0136161, 0.0136161, -0.855257, 1.28856, 0.331568, 0]
2024-07-29 10:39:56,746 RobotKinematics.cpp:296 [INFO] controlValueCur_L: [0.122925, -0.00143433, 0.00658035, 0.00658035, -0.863083, 1.31033, 0.306801, 0]
2024-07-29 10:39:56,752 RobotKinematics.cpp:296 [INFO] controlValueCur_L: [0.0168457, -0.0118217, 0.0053978, 0.0053978, -0.879524, 1.35107, 0.261801, 0]
2024-07-29 10:39:56,757 RobotKinematics.cpp:296 [INFO] controlValueCur_L: [-0.0269165, -0.0326767, 0.00461197, 0.00461197, -0.887219, 1.37629, 0.239859, 0]
2024-07-29 10:39:56,762 RobotKinematics.cpp:296 [INFO] controlValueCur_L: [-0.0714874, -0.0265808, -0.00474358, -0.00474358, -0.895758, 1.39718, 0.218098, 0]
2024-07-29 10:39:56,767 RobotKinematics.cpp:296 [INFO] controlValueCur_L: [-0.218613, -0.0389671, -0.0173726, -0.0173726, -0.905234, 1.4308, 0.184317, 0]
2024-07-29 10:39:56,772 RobotKinematics.cpp:296 [INFO] controlValueCur_L: [-0.218613, -0.0389671, -0.0173726, -0.0173726, -0.905234, 1.4308, 0.184317, 0]
2024-07-29 10:39:56,777 RobotKinematics.cpp:296 [INFO] controlValueCur_L: [-0.548538, -0.0138474, -0.000751972, -0.000751972, -0.921966, 1.46735, 0.156155, 0]
2024-07-29 10:39:56,783 RobotKinematics.cpp:296 [INFO] controlValueCur_L: [-0.678574, -0.0524864, 0.0477924, 0.0477924, -0.929506, 1.48758, 0.1434, 0]
2024-07-29 10:39:56,788 RobotKinematics.cpp:296 [INFO] controlValueCur_L: [-0.79425, -0.0589333, 0.028141, 0.028141, -0.936846, 1.50074, 0.134733, 0]
2024-07-29 10:39:56,793 RobotKinematics.cpp:296 [INFO] controlValueCur_L: [-0.976074, -0.0375671, 0.107561, 0.107561, -0.949265, 1.51441, 0.126295, 0]
2024-07-29 10:39:56,798 RobotKinematics.cpp:296 [INFO] controlValueCur_L: [-1.024, -0.0953293, 0.0964108, 0.0964108, -0.951199, 1.52704, 0.12031, 0]
2024-07-29 10:39:56,803 RobotKinematics.cpp:296 [INFO] controlValueCur_L: [-1.12572, -0.0937538, 0.0404334, 0.0404334, -0.951351, 1.53183, 0.113503, 0]
2024-07-29 10:39:56,808 RobotKinematics.cpp:296 [INFO] controlValueCur_L: [-1.18874, -0.0822487, 0.101347, 0.101347, -0.956019, 1.54937, 0.0984192, 0]
2024-07-29 10:39:56,814 RobotKinematics.cpp:296 [INFO] controlValueCur_L: [-1.18874, -0.0822487, 0.101347, 0.101347, -0.956019, 1.54937, 0.0984192, 0]
2024-07-29 10:39:56,819 RobotKinematics.cpp:296 [INFO] controlValueCur_L: [-1.07248, -0.0468521, 0.0067625, 0.0067625, -0.961024, 1.55808, 0.0929127, 0]
2024-07-29 10:39:56,824 RobotKinematics.cpp:296 [INFO] controlValueCur_L: [-1.08316, -0.0669556, 0.00888491, 0.00888491, -0.962909, 1.56769, 0.0892277, 0]
2024-07-29 10:39:56,829 RobotKinematics.cpp:296 [INFO] controlValueCur_L: [-1.10696, -0.0633583, 0.0344052, 0.0344052, -0.964781, 1.57441, 0.0871944, 0]
2024-07-29 10:39:56,834 RobotKinematics.cpp:296 [INFO] controlValueCur_L: [-1.23795, -0.0564613, 0.026166, 0.026166, -0.967354, 1.57527, 0.0866642, 0]
2024-07-29 10:39:56,840 RobotKinematics.cpp:296 [INFO] controlValueCur_L: [-1.29413, -0.0511169, 0.0460076, 0.0460076, -0.964458, 1.57661, 0.0852451, 0]
2024-07-29 10:39:56,845 RobotKinematics.cpp:296 [INFO] controlValueCur_L: [-1.37518, -0.104401, 0.0832338, 0.0832338, -0.966092, 1.58223, 0.0828495, 0]
2024-07-29 10:39:56,850 RobotKinematics.cpp:296 [INFO] controlValueCur_L: [-1.43172, -0.0853157, 0.0356793, 0.0356793, -0.9658, 1.58467, 0.0828552, 0]
2024-07-29 10:39:56,855 RobotKinematics.cpp:296 [INFO] controlValueCur_L: [-1.48128, -0.0572777, 0.0847664, 0.0847664, -0.970249, 1.58824, 0.0823212, 0]
2024-07-29 10:39:56,860 RobotKinematics.cpp:296 [INFO] controlValueCur_L: [-1.55084, -0.0479851, 0.111348, 0.111348, -0.974998, 1.59467, 0.0819778, 0]
2024-07-29 10:39:56,865 RobotKinematics.cpp:296 [INFO] controlValueCur_L: [-1.54779, -0.15345, 0.110169, 0.110169, -0.972983, 1.59531, 0.081974, 0]
2024-07-29 10:39:56,871 RobotKinematics.cpp:296 [INFO] controlValueCur_L: [-1.64929, -0.0432472, 0.104721, 0.104721, -0.974848, 1.59569, 0.0817585, 0]
2024-07-29 10:39:56,876 RobotKinematics.cpp:296 [INFO] controlValueCur_L: [-1.65115, -0.114578, 0.0425014, 0.0425014, -0.974276, 1.59853, 0.0814037, 0]
2024-07-29 10:39:56,881 RobotKinematics.cpp:296 [INFO] controlValueCur_L: [-1.77306, -0.135475, 0.0294576, 0.0294576, -0.9747, 1.60103, 0.0824203, 0]
2024-07-29 10:39:56,886 RobotKinematics.cpp:296 [INFO] controlValueCur_L: [-1.85295, -0.185963, 0.0801044, 0.0801044, -0.975374, 1.59997, 0.0836658, 0]
2024-07-29 10:39:56,892 RobotKinematics.cpp:296 [INFO] controlValueCur_L: [-1.85915, -0.175335, 0.0413728, 0.0413728, -0.975043, 1.6009, 0.0856113, 0]
2024-07-29 10:39:56,897 RobotKinematics.cpp:296 [INFO] controlValueCur_L: [-1.8735, -0.178539, 0.052248, 0.052248, -0.975598, 1.60124, 0.0879192, 0]
2024-07-29 10:39:56,902 RobotKinematics.cpp:296 [INFO] controlValueCur_L: [-1.82402, -0.172199, 0.0875463, 0.0875463, -0.970389, 1.60028, 0.0938721, 0]
2024-07-29 10:39:56,907 RobotKinematics.cpp:296 [INFO] controlValueCur_L: [-1.81174, -0.141418, 0.0304503, 0.0304503, -0.969971, 1.59718, 0.0976028, 0]
2024-07-29 10:39:56,912 RobotKinematics.cpp:296 [INFO] controlValueCur_L: [-1.7672, -0.113163, 0.0615849, 0.0615849, -0.968795, 1.59377, 0.101942, 0]
2024-07-29 10:39:56,918 RobotKinematics.cpp:296 [INFO] controlValueCur_L: [-1.66544, -0.129841, 0.0622325, 0.0622325, -0.96609, 1.58957, 0.109797, 0]
2024-07-29 10:39:56,923 RobotKinematics.cpp:296 [INFO] controlValueCur_L: [-1.58832, -0.121841, 0.0910139, 0.0910139, -0.964805, 1.5873, 0.113569, 0]
2024-07-29 10:39:56,928 RobotKinematics.cpp:296 [INFO] controlValueCur_L: [-1.46719, -0.0478592, 0.0548081, 0.0548081, -0.962693, 1.58683, 0.116976, 0]
2024-07-29 10:39:56,933 RobotKinematics.cpp:296 [INFO] controlValueCur_L: [-1.37862, -0.0540276, 0.0970373, 0.0970373, -0.962512, 1.58406, 0.120468, 0]
2024-07-29 10:39:56,939 RobotKinematics.cpp:296 [INFO] controlValueCur_L: [-1.09438, 0.140011, -0.272876, -0.272876, -0.961439, 1.58024, 0.127073, 0]
2024-07-29 10:39:56,944 RobotKinematics.cpp:296 [INFO] controlValueCur_L: [-1.05276, 0.178257, -0.395901, -0.395901, -0.96126, 1.57825, 0.129967, 0]
2024-07-29 10:39:56,949 RobotKinematics.cpp:296 [INFO] controlValueCur_L: [-1.05173, 0.230846, -0.394724, -0.394724, -0.960843, 1.57729, 0.132, 0]
2024-07-29 10:39:56,954 RobotKinematics.cpp:296 [INFO] controlValueCur_L: [-1.01756, 0.264317, -0.48888, -0.48888, -0.960881, 1.57655, 0.133469, 0]
2024-07-29 10:39:56,959 RobotKinematics.cpp:296 [INFO] controlValueCur_L: [-1.09633, 0.300835, -0.573402, -0.573402, -0.959956, 1.5746, 0.13632, 0]
2024-07-29 10:39:56,965 RobotKinematics.cpp:296 [INFO] controlValueCur_L: [-1.09633, 0.300835, -0.573402, -0.573402, -0.959956, 1.5746, 0.13632, 0]
2024-07-29 10:39:56,970 RobotKinematics.cpp:296 [INFO] controlValueCur_L: [-1.16171, 0.308689, -0.7172, -0.7172, -0.961234, 1.5748, 0.137384, 0]
2024-07-29 10:39:56,975 RobotKinematics.cpp:296 [INFO] controlValueCur_L: [-1.27768, 0.334187, -0.732444, -0.732444, -0.961716, 1.57522, 0.13788, 0]
2024-07-29 10:39:56,980 RobotKinematics.cpp:296 [INFO] controlValueCur_L: [-1.3046, 0.301991, -0.788045, -0.788045, -0.962116, 1.57561, 0.138388, 0]
2024-07-29 10:39:56,985 RobotKinematics.cpp:296 [INFO] controlValueCur_L: [-1.49205, 0.141876, -0.414257, -0.414257, -0.96462, 1.5776, 0.138884, 0]
2024-07-29 10:39:56,991 RobotKinematics.cpp:296 [INFO] controlValueCur_L: [-1.54195, 0.0583992, -0.266283, -0.266283, -0.965637, 1.57849, 0.139122, 0]
2024-07-29 10:39:56,996 RobotKinematics.cpp:296 [INFO] controlValueCur_L: [-1.56555, 0.0466881, -0.215439, -0.215439, -0.966029, 1.57976, 0.139423, 0]
2024-07-29 10:39:57,001 RobotKinematics.cpp:296 [INFO] controlValueCur_L: [-1.56125, -0.017849, -0.168623, -0.168623, -0.967873, 1.58152, 0.139627, 0]
2024-07-29 10:39:57,006 RobotKinematics.cpp:296 [INFO] controlValueCur_L: [-1.56631, -0.0310326, -0.131224, -0.131224, -0.968895, 1.58238, 0.139685, 0]
2024-07-29 10:39:57,011 RobotKinematics.cpp:296 [INFO] controlValueCur_L: [-1.58144, -0.0504379, -0.08322, -0.08322, -0.970249, 1.58362, 0.139544, 0]
2024-07-29 10:39:57,017 RobotKinematics.cpp:296 [INFO] controlValueCur_L: [-1.6244, -0.0703163, -0.0544291, -0.0544291, -0.972743, 1.58629, 0.1392, 0]
2024-07-29 10:39:57,022 RobotKinematics.cpp:296 [INFO] controlValueCur_L: [-1.6244, -0.0703163, -0.0544291, -0.0544291, -0.972743, 1.58629, 0.1392, 0]
2024-07-29 10:39:57,027 RobotKinematics.cpp:296 [INFO] controlValueCur_L: [-1.67854, -0.120296, -0.0486894, -0.0486894, -0.976509, 1.58947, 0.138901, 0]
2024-07-29 10:39:57,032 RobotKinematics.cpp:296 [INFO] controlValueCur_L: [-1.73587, -0.100357, -0.0142641, -0.0142641, -0.978352, 1.59136, 0.138823, 0]
2024-07-29 10:39:57,038 RobotKinematics.cpp:296 [INFO] controlValueCur_L: [-1.76756, -0.113445, -0.012496, -0.012496, -0.980488, 1.59272, 0.138918, 0]
2024-07-29 10:39:57,043 RobotKinematics.cpp:296 [INFO] controlValueCur_L: [-1.8129, -0.11253, -0.00298119, -0.00298119, -0.981885, 1.59622, 0.140123, 0]
2024-07-29 10:39:57,048 RobotKinematics.cpp:296 [INFO] controlValueCur_L: [-1.87277, -0.132092, 0.0362782, 0.0362782, -0.981741, 1.59691, 0.140961, 0]
2024-07-29 10:39:57,053 RobotKinematics.cpp:296 [INFO] controlValueCur_L: [-1.92133, -0.116436, 0.0196538, 0.0196538, -0.9802, 1.59551, 0.141748, 0]
2024-07-29 10:39:57,058 RobotKinematics.cpp:296 [INFO] controlValueCur_L: [-2.03387, -0.147858, 0.0305195, 0.0305195, -0.973821, 1.59017, 0.142481, 0]
2024-07-29 10:39:57,064 RobotKinematics.cpp:296 [INFO] controlValueCur_L: [-2.03387, -0.147858, 0.0305195, 0.0305195, -0.973821, 1.59017, 0.142481, 0]
2024-07-29 10:39:57,069 RobotKinematics.cpp:296 [INFO] controlValueCur_L: [-2.17897, -0.161472, 0.0680733, 0.0680733, -0.967215, 1.58437, 0.148426, 0]
2024-07-29 10:39:57,074 RobotKinematics.cpp:296 [INFO] controlValueCur_L: [-2.20999, -0.155533, 0.0401301, 0.0401301, -0.965536, 1.5825, 0.151739, 0]
2024-07-29 10:39:57,079 RobotKinematics.cpp:296 [INFO] controlValueCur_L: [-2.22488, -0.192913, 0.0910411, 0.0910411, -0.964749, 1.58055, 0.154419, 0]
2024-07-29 10:39:57,084 RobotKinematics.cpp:296 [INFO] controlValueCur_L: [-2.16321, -0.172707, 0.0482125, 0.0482125, -0.963543, 1.57981, 0.156744, 0]
2024-07-29 10:39:57,090 RobotKinematics.cpp:296 [INFO] controlValueCur_L: [-2.04201, -0.152447, 0.0697355, 0.0697355, -0.961812, 1.57832, 0.161203, 0]
2024-07-29 10:39:57,095 RobotKinematics.cpp:296 [INFO] controlValueCur_L: [-1.97417, -0.125832, 0.0602102, 0.0602102, -0.962148, 1.57714, 0.16329, 0]
2024-07-29 10:39:57,100 RobotKinematics.cpp:296 [INFO] controlValueCur_L: [-1.92543, -0.160793, 0.0801053, 0.0801053, -0.96121, 1.57623, 0.165869, 0]
2024-07-29 10:39:57,105 RobotKinematics.cpp:296 [INFO] controlValueCur_L: [-1.84726, -0.13274, 0.0751457, 0.0751457, -0.960216, 1.57595, 0.168488, 0]
2024-07-29 10:39:57,110 RobotKinematics.cpp:296 [INFO] controlValueCur_L: [-1.73291, -0.162205, 0.0715241, 0.0715241, -0.961102, 1.57443, 0.173248, 0]
2024-07-29 10:39:57,116 RobotKinematics.cpp:296 [INFO] controlValueCur_L: [-1.70338, -0.145725, 0.0497255, 0.0497255, -0.962126, 1.57374, 0.175098, 0]
2024-07-29 10:39:57,121 RobotKinematics.cpp:296 [INFO] controlValueCur_L: [-1.68279, -0.14399, 0.0685492, 0.0685492, -0.96369, 1.57242, 0.177044, 0]
2024-07-29 10:39:57,126 RobotKinematics.cpp:296 [INFO] controlValueCur_L: [-1.63324, -0.143745, 0.0391846, 0.0391846, -0.965186, 1.57074, 0.181175, 0]
2024-07-29 10:39:57,131 RobotKinematics.cpp:296 [INFO] controlValueCur_L: [-1.63785, -0.126217, 0.0438356, 0.0438356, -0.966535, 1.56921, 0.183424, 0]
2024-07-29 10:39:57,136 RobotKinematics.cpp:296 [INFO] controlValueCur_L: [-1.60739, -0.128616, 0.0558996, 0.0558996, -0.968651, 1.56779, 0.185551, 0]
2024-07-29 10:39:57,142 RobotKinematics.cpp:296 [INFO] controlValueCur_L: [-1.56351, -0.141457, 0.0453081, 0.0453081, -0.969412, 1.56664, 0.187609, 0]
2024-07-29 10:39:57,147 RobotKinematics.cpp:296 [INFO] controlValueCur_L: [-1.49583, -0.137646, 0.0558505, 0.0558505, -0.971148, 1.56398, 0.191734, 0]
2024-07-29 10:39:57,152 RobotKinematics.cpp:296 [INFO] controlValueCur_L: [-1.49171, -0.109539, 0.0927873, 0.0927873, -0.970796, 1.56184, 0.19434, 0]
2024-07-29 10:39:57,157 RobotKinematics.cpp:296 [INFO] controlValueCur_L: [-1.41728, -0.135796, 0.0528522, 0.0528522, -0.971805, 1.56074, 0.196192, 0]
2024-07-29 10:39:57,162 RobotKinematics.cpp:296 [INFO] controlValueCur_L: [-1.34386, -0.119049, 0.0920253, 0.0920253, -0.972046, 1.55884, 0.198376, 0]
2024-07-29 10:39:57,168 RobotKinematics.cpp:296 [INFO] controlValueCur_L: [-1.21268, -0.0902519, 0.0736094, 0.0736094, -0.974745, 1.557, 0.201527, 0]
2024-07-29 10:39:57,173 RobotKinematics.cpp:296 [INFO] controlValueCur_L: [-1.21268, -0.0902519, 0.0736094, 0.0736094, -0.974745, 1.557, 0.201527, 0]
2024-07-29 10:39:57,178 RobotKinematics.cpp:296 [INFO] controlValueCur_L: [-1.01604, -0.0928116, 0.0110722, 0.0110722, -0.975545, 1.55415, 0.203388, 0]
2024-07-29 10:39:57,183 RobotKinematics.cpp:296 [INFO] controlValueCur_L: [-0.998505, -0.134083, 0.0842905, 0.0842905, -0.974602, 1.55016, 0.206203, 0]
2024-07-29 10:39:57,189 RobotKinematics.cpp:296 [INFO] controlValueCur_L: [-0.971741, -0.0882187, 0.0368404, 0.0368404, -0.973324, 1.54675, 0.209694, 0]
2024-07-29 10:39:57,194 RobotKinematics.cpp:296 [INFO] controlValueCur_L: [-1.05905, -0.146133, 0.00652885, 0.00652885, -0.975173, 1.53805, 0.217703, 0]
2024-07-29 10:39:57,199 RobotKinematics.cpp:296 [INFO] controlValueCur_L: [-1.13693, -0.100304, 0.0118704, 0.0118704, -0.973944, 1.53553, 0.221897, 0]
2024-07-29 10:39:57,204 RobotKinematics.cpp:296 [INFO] controlValueCur_L: [-1.24825, -0.145008, -0.00144339, -0.00144339, -0.971987, 1.52961, 0.226078, 0]
2024-07-29 10:39:57,209 RobotKinematics.cpp:296 [INFO] controlValueCur_L: [-1.53062, -0.137829, -0.000730515, -0.000730515, -0.969296, 1.52099, 0.234047, 0]
2024-07-29 10:39:57,215 RobotKinematics.cpp:296 [INFO] controlValueCur_L: [-1.53062, -0.137829, -0.000730515, -0.000730515, -0.969296, 1.52099, 0.234047, 0]
2024-07-29 10:39:57,220 RobotKinematics.cpp:296 [INFO] controlValueCur_L: [-1.66737, -0.17046, 0.0599713, 0.0599713, -0.972573, 1.51347, 0.24188, 0]
2024-07-29 10:39:57,225 RobotKinematics.cpp:296 [INFO] controlValueCur_L: [-1.69284, -0.181839, 0.0440855, 0.0440855, -0.973185, 1.51388, 0.244156, 0]
2024-07-29 10:39:57,230 RobotKinematics.cpp:296 [INFO] controlValueCur_L: [-1.71242, -0.173958, 0.0382767, 0.0382767, -0.975496, 1.5119, 0.245495, 0]
2024-07-29 10:39:57,235 RobotKinematics.cpp:296 [INFO] controlValueCur_L: [-1.79057, -0.159763, 0.0497198, 0.0497198, -0.978224, 1.50944, 0.246346, 0]
2024-07-29 10:39:57,241 RobotKinematics.cpp:296 [INFO] controlValueCur_L: [-1.80426, -0.178085, 0.0429711, 0.0429711, -0.977764, 1.5064, 0.247555, 0]
2024-07-29 10:39:57,246 RobotKinematics.cpp:296 [INFO] controlValueCur_L: [-1.78944, -0.157391, 0.0572929, 0.0572929, -0.979198, 1.49941, 0.250067, 0]
2024-07-29 10:39:57,251 RobotKinematics.cpp:296 [INFO] controlValueCur_L: [-1.75049, -0.181602, 0.0583005, 0.0583005, -0.975831, 1.49207, 0.257372, 0]
2024-07-29 10:39:57,256 RobotKinematics.cpp:296 [INFO] controlValueCur_L: [-1.7348, -0.149597, 0.0310302, 0.0310302, -0.974852, 1.48721, 0.260101, 0]
2024-07-29 10:39:57,261 RobotKinematics.cpp:296 [INFO] controlValueCur_L: [-1.73064, -0.179146, 0.0525432, 0.0525432, -0.971808, 1.4835, 0.261772, 0]
2024-07-29 10:39:57,267 RobotKinematics.cpp:296 [INFO] controlValueCur_L: [-1.69702, -0.168255, 0.0523949, 0.0523949, -0.967159, 1.4722, 0.264046, 0]
2024-07-29 10:39:57,272 RobotKinematics.cpp:296 [INFO] controlValueCur_L: [-1.69702, -0.168255, 0.0523949, 0.0523949, -0.967159, 1.4722, 0.264046, 0]
2024-07-29 10:39:57,277 RobotKinematics.cpp:296 [INFO] controlValueCur_L: [-1.65111, -0.148632, 0.062984, 0.062984, -0.966197, 1.45987, 0.265924, 0]
2024-07-29 10:39:57,282 RobotKinematics.cpp:296 [INFO] controlValueCur_L: [-1.63077, -0.143097, 0.040875, 0.040875, -0.966707, 1.45768, 0.266247, 0]
2024-07-29 10:39:57,288 RobotKinematics.cpp:296 [INFO] controlValueCur_L: [-1.64, -0.144138, 0.0647497, 0.0647497, -0.971681, 1.45452, 0.266615, 0]
2024-07-29 10:39:57,293 RobotKinematics.cpp:296 [INFO] controlValueCur_L: [-1.64377, -0.161858, 0.0560284, 0.0560284, -0.972013, 1.45556, 0.267281, 0]
2024-07-29 10:39:57,298 RobotKinematics.cpp:296 [INFO] controlValueCur_L: [-1.6734, -0.161179, 0.0590072, 0.0590072, -0.976533, 1.45507, 0.267855, 0]
2024-07-29 10:39:57,303 RobotKinematics.cpp:296 [INFO] controlValueCur_L: [-1.69434, -0.152294, 0.0639477, 0.0639477, -0.979083, 1.45489, 0.267893, 0]
2024-07-29 10:39:57,308 RobotKinematics.cpp:296 [INFO] controlValueCur_L: [-1.71771, -0.142185, 0.067831, 0.067831, -0.981222, 1.45568, 0.267591, 0]
2024-07-29 10:39:57,314 RobotKinematics.cpp:296 [INFO] controlValueCur_L: [-1.74602, -0.1255, 0.0750279, 0.0750279, -0.983638, 1.45595, 0.267439, 0]
2024-07-29 10:39:57,319 RobotKinematics.cpp:296 [INFO] controlValueCur_L: [-1.76047, -0.122604, 0.0908689, 0.0908689, -0.988731, 1.45652, 0.266726, 0]
2024-07-29 10:39:57,324 RobotKinematics.cpp:296 [INFO] controlValueCur_L: [-1.74716, -0.114155, 0.0966358, 0.0966358, -0.99076, 1.45557, 0.266464, 0]
2024-07-29 10:39:57,329 RobotKinematics.cpp:296 [INFO] controlValueCur_L: [-1.72125, -0.122639, 0.0954962, 0.0954962, -0.993099, 1.45437, 0.266268, 0]
2024-07-29 10:39:57,334 RobotKinematics.cpp:296 [INFO] controlValueCur_L: [-1.64392, -0.106331, 0.0920835, 0.0920835, -0.997947, 1.45448, 0.264906, 0]
2024-07-29 10:39:57,340 RobotKinematics.cpp:296 [INFO] controlValueCur_L: [-1.59579, -0.103703, 0.0856514, 0.0856514, -1.00052, 1.45551, 0.263828, 0]
2024-07-29 10:39:57,345 RobotKinematics.cpp:296 [INFO] controlValueCur_L: [-1.52495, -0.0901718, 0.0716391, 0.0716391, -1.00255, 1.45674, 0.262602, 0]
2024-07-29 10:39:57,350 RobotKinematics.cpp:296 [INFO] controlValueCur_L: [-1.43307, -0.107597, 0.0833325, 0.0833325, -1.00561, 1.45764, 0.261011, 0]
2024-07-29 10:39:57,355 RobotKinematics.cpp:296 [INFO] controlValueCur_L: [-1.25774, -0.103439, 0.00937033, 0.00937033, -1.01165, 1.45935, 0.25761, 0]
2024-07-29 10:39:57,360 RobotKinematics.cpp:296 [INFO] controlValueCur_L: [-1.21283, -0.090313, 0.0624485, 0.0624485, -1.0144, 1.45992, 0.256063, 0]
2024-07-29 10:39:57,366 RobotKinematics.cpp:296 [INFO] controlValueCur_L: [-1.1105, -0.0398827, -0.00219822, -0.00219822, -1.01683, 1.46066, 0.254284, 0]
2024-07-29 10:39:57,371 RobotKinematics.cpp:296 [INFO] controlValueCur_L: [-1.02808, -0.0925064, 0.0224819, 0.0224819, -1.01951, 1.46118, 0.251947, 0]
2024-07-29 10:39:57,376 RobotKinematics.cpp:296 [INFO] controlValueCur_L: [-0.860855, -0.078476, 0.0247908, 0.0247908, -1.02225, 1.4605, 0.247915, 0]
2024-07-29 10:39:57,381 RobotKinematics.cpp:296 [INFO] controlValueCur_L: [-0.860855, -0.078476, 0.0247908, 0.0247908, -1.02225, 1.4605, 0.247915, 0]
2024-07-29 10:39:57,387 RobotKinematics.cpp:296 [INFO] controlValueCur_L: [-0.680069, -0.0783768, 0.0318003, 0.0318003, -1.02515, 1.45788, 0.244652, 0]
2024-07-29 10:39:57,392 RobotKinematics.cpp:296 [INFO] controlValueCur_L: [-0.697556, -0.0525513, 0.0597482, 0.0597482, -1.02598, 1.45709, 0.243263, 0]
2024-07-29 10:39:57,397 RobotKinematics.cpp:296 [INFO] controlValueCur_L: [-0.65802, -0.0184631, 0.0383816, 0.0383816, -1.02684, 1.45549, 0.24226, 0]
2024-07-29 10:39:57,402 RobotKinematics.cpp:296 [INFO] controlValueCur_L: [-0.634491, -0.0397911, 0.0349989, 0.0349989, -1.02993, 1.45572, 0.239182, 0]
2024-07-29 10:39:57,407 RobotKinematics.cpp:296 [INFO] controlValueCur_L: [-0.471268, 0.0324593, 0.013937, 0.013937, -1.03071, 1.45493, 0.238077, 0]
2024-07-29 10:39:57,413 RobotKinematics.cpp:296 [INFO] controlValueCur_L: [-0.28952, -0.0564957, -0.0548496, -0.0548496, -1.03133, 1.45438, 0.236959, 0]
2024-07-29 10:39:57,418 RobotKinematics.cpp:296 [INFO] controlValueCur_L: [-0.196732, 0.0236168, -0.0845685, -0.0845685, -1.0345, 1.45312, 0.234615, 0]
2024-07-29 10:39:57,423 RobotKinematics.cpp:296 [INFO] controlValueCur_L: [-0.180603, -0.0500069, -0.0366106, -0.0366106, -1.03521, 1.45369, 0.233631, 0]
2024-07-29 10:39:57,428 RobotKinematics.cpp:296 [INFO] controlValueCur_L: [-0.135101, 0.00109482, -0.00937605, -0.00937605, -1.03589, 1.45408, 0.232769, 0]
2024-07-29 10:39:57,433 RobotKinematics.cpp:296 [INFO] controlValueCur_L: [-0.00663757, -0.0204773, 0.0328259, 0.0328259, -1.03751, 1.45374, 0.231922, 0]
2024-07-29 10:39:57,439 RobotKinematics.cpp:296 [INFO] controlValueCur_L: [-0.00663757, -0.0204773, 0.0328259, 0.0328259, -1.03751, 1.45374, 0.231922, 0]
2024-07-29 10:39:57,444 RobotKinematics.cpp:296 [INFO] controlValueCur_L: [0.0985565, 0.00579453, -0.0443273, -0.0443273, -1.03898, 1.45321, 0.231834, 0]
2024-07-29 10:39:57,449 RobotKinematics.cpp:296 [INFO] controlValueCur_L: [0.0387726, 0.0657959, 0.0427299, 0.0427299, -1.03866, 1.45386, 0.231724, 0]
2024-07-29 10:39:57,454 RobotKinematics.cpp:296 [INFO] controlValueCur_L: [0.0106659, 0.0282669, -0.000644684, -0.000644684, -1.03834, 1.45401, 0.231853, 0]
2024-07-29 10:39:57,459 RobotKinematics.cpp:296 [INFO] controlValueCur_L: [-0.0400696, 0.0618477, -0.0213475, -0.0213475, -1.0386, 1.45489, 0.232346, 0]
2024-07-29 10:39:57,465 RobotKinematics.cpp:296 [INFO] controlValueCur_L: [-0.102661, 0.0382919, 0.0448184, 0.0448184, -1.04083, 1.45536, 0.232313, 0]
2024-07-29 10:39:57,470 RobotKinematics.cpp:296 [INFO] controlValueCur_L: [-0.119873, -0.0078125, 0.0145788, 0.0145788, -1.04567, 1.45624, 0.231783, 0]
2024-07-29 10:39:57,475 RobotKinematics.cpp:296 [INFO] controlValueCur_L: [-0.19043, -0.0105705, 0.0109987, 0.0109987, -1.05413, 1.45828, 0.23086, 0]
2024-07-29 10:39:57,480 RobotKinematics.cpp:296 [INFO] controlValueCur_L: [-0.19043, -0.0105705, 0.0109987, 0.0109987, -1.05413, 1.45828, 0.23086, 0]
2024-07-29 10:39:57,485 RobotKinematics.cpp:296 [INFO] controlValueCur_L: [-0.181625, 0.000873566, 0.045013, 0.045013, -1.06294, 1.4632, 0.22995, 0]
2024-07-29 10:39:57,491 RobotKinematics.cpp:296 [INFO] controlValueCur_L: [-0.143036, 0.0127373, 0.0118456, 0.0118456, -1.06808, 1.46468, 0.230299, 0]
2024-07-29 10:39:57,496 RobotKinematics.cpp:296 [INFO] controlValueCur_L: [-0.0911255, -0.0285263, 0.000243187, 0.000243187, -1.07642, 1.46584, 0.229855, 0]
2024-07-29 10:39:57,501 RobotKinematics.cpp:296 [INFO] controlValueCur_L: [-0.0701904, -0.019886, 0.000767708, 0.000767708, -1.07956, 1.46841, 0.230326, 0]
2024-07-29 10:39:57,506 RobotKinematics.cpp:296 [INFO] controlValueCur_L: [-0.0643158, -0.0246429, -0.00592947, -0.00592947, -1.08791, 1.47278, 0.230844, 0]
2024-07-29 10:39:57,512 RobotKinematics.cpp:296 [INFO] controlValueCur_L: [-0.0506744, -0.0086937, -0.0117307, -0.0117307, -1.09204, 1.47539, 0.231342, 0]
2024-07-29 10:39:57,517 RobotKinematics.cpp:296 [INFO] controlValueCur_L: [-0.0600128, -0.0281448, 0.0301785, 0.0301785, -1.09556, 1.47566, 0.232574, 0]
2024-07-29 10:39:57,522 RobotKinematics.cpp:296 [INFO] controlValueCur_L: [-0.00883484, -0.00725555, -0.0182304, -0.0182304, -1.09834, 1.47631, 0.234921, 0]
2024-07-29 10:39:57,527 RobotKinematics.cpp:296 [INFO] controlValueCur_L: [0.0134277, -0.0104942, -0.00718546, -0.00718546, -1.10014, 1.47364, 0.240707, 0]
2024-07-29 10:39:57,532 RobotKinematics.cpp:296 [INFO] controlValueCur_L: [0.0113373, -0.0228729, 0.0215526, 0.0215526, -1.10028, 1.47188, 0.243942, 0]
2024-07-29 10:39:57,538 RobotKinematics.cpp:296 [INFO] controlValueCur_L: [0.0314789, 0.00346375, 0.010675, 0.010675, -1.10124, 1.46904, 0.246927, 0]
2024-07-29 10:39:57,543 RobotKinematics.cpp:296 [INFO] controlValueCur_L: [0.0164948, -0.0105209, 0.0245328, 0.0245328, -1.09837, 1.46492, 0.252014, 0]
2024-07-29 10:39:57,548 RobotKinematics.cpp:296 [INFO] controlValueCur_L: [0.049057, 0.00771332, 0.00559711, 0.00559711, -1.09503, 1.46269, 0.254326, 0]
2024-07-29 10:39:57,553 RobotKinematics.cpp:296 [INFO] controlValueCur_L: [0.0870819, 0.00570679, 0.00439215, 0.00439215, -1.09323, 1.45944, 0.256441, 0]
2024-07-29 10:39:57,558 RobotKinematics.cpp:296 [INFO] controlValueCur_L: [0.0997772, 0.0200844, -0.00217342, -0.00217342, -1.09055, 1.45706, 0.258492, 0]
2024-07-29 10:39:57,564 RobotKinematics.cpp:296 [INFO] controlValueCur_L: [0.0589752, 0.0105705, -0.0415211, -0.0415211, -1.08629, 1.45246, 0.262722, 0]
2024-07-29 10:39:57,569 RobotKinematics.cpp:296 [INFO] controlValueCur_L: [0.0173035, -0.00281143, -0.00327587, -0.00327587, -1.08585, 1.44965, 0.264666, 0]
2024-07-29 10:39:57,574 RobotKinematics.cpp:296 [INFO] controlValueCur_L: [0.0173035, -0.00281143, -0.00327587, -0.00327587, -1.08585, 1.44965, 0.264666, 0]
2024-07-29 10:39:57,580 RobotKinematics.cpp:296 [INFO] controlValueCur_L: [0.024353, -0.000324249, -0.0287423, -0.0287423, -1.08185, 1.44482, 0.26828, 0]
2024-07-29 10:39:57,585 RobotKinematics.cpp:296 [INFO] controlValueCur_L: [0.0221863, 0.00193405, -0.0150919, -0.0150919, -1.07971, 1.44292, 0.269781, 0]
2024-07-29 10:39:57,590 RobotKinematics.cpp:296 [INFO] controlValueCur_L: [0.0413361, 0.0152512, -0.00813055, -0.00813055, -1.07556, 1.43768, 0.27293, 0]
2024-07-29 10:39:57,595 RobotKinematics.cpp:296 [INFO] controlValueCur_L: [0.0308533, 0.0133247, -0.0144587, -0.0144587, -1.07224, 1.43316, 0.275743, 0]
2024-07-29 10:39:57,600 RobotKinematics.cpp:296 [INFO] controlValueCur_L: [0.0268402, 0.0147171, 0.00502586, 0.00502586, -1.06862, 1.42871, 0.279762, 0]
2024-07-29 10:39:57,606 RobotKinematics.cpp:296 [INFO] controlValueCur_L: [0.0361176, 0.0113564, -0.0161109, -0.0161109, -1.06211, 1.41536, 0.293596, 0]
2024-07-29 10:39:57,611 RobotKinematics.cpp:296 [INFO] controlValueCur_L: [0.0361176, 0.0113564, -0.0161109, -0.0161109, -1.06211, 1.41536, 0.293596, 0]
2024-07-29 10:39:57,616 RobotKinematics.cpp:296 [INFO] controlValueCur_L: [0.0677643, 0.00786209, -0.00816631, -0.00816631, -1.05307, 1.39904, 0.31249, 0]
2024-07-29 10:39:57,621 RobotKinematics.cpp:296 [INFO] controlValueCur_L: [0.0736542, 0.00234985, -0.0105462, -0.0105462, -1.04441, 1.38402, 0.328058, 0]
2024-07-29 10:39:57,626 RobotKinematics.cpp:296 [INFO] controlValueCur_L: [0.0736542, 0.00234985, -0.0105462, -0.0105462, -1.04441, 1.38402, 0.328058, 0]
2024-07-29 10:39:57,632 RobotKinematics.cpp:296 [INFO] controlValueCur_L: [0.0327301, -0.0017395, -0.00175667, -0.00175667, -1.03242, 1.367, 0.343672, 0]
2024-07-29 10:39:57,637 RobotKinematics.cpp:296 [INFO] controlValueCur_L: [0.0107269, -0.00259018, -0.00337553, -0.00337553, -1.02622, 1.35713, 0.353273, 0]
2024-07-29 10:39:57,642 RobotKinematics.cpp:296 [INFO] controlValueCur_L: [-0.000198364, 0.000747681, -0.00806284, -0.00806284, -1.02048, 1.34969, 0.362251, 0]
2024-07-29 10:39:57,647 RobotKinematics.cpp:296 [INFO] controlValueCur_L: [-0.0413208, -0.00930023, -0.00165892, -0.00165892, -1.00944, 1.3352, 0.378281, 0]
2024-07-29 10:39:57,652 RobotKinematics.cpp:296 [INFO] controlValueCur_L: [-0.0696564, -0.00993729, -0.00369549, -0.00369549, -1.0038, 1.32726, 0.385393, 0]
2024-07-29 10:39:57,657 RobotKinematics.cpp:296 [INFO] controlValueCur_L: [-0.0966797, -0.0266953, 0.00230455, 0.00230455, -0.99824, 1.32216, 0.391769, 0]
2024-07-29 10:39:57,663 RobotKinematics.cpp:296 [INFO] controlValueCur_L: [-0.172974, -0.0476456, 0.00904799, 0.00904799, -0.984702, 1.30845, 0.405443, 0]
2024-07-29 10:39:57,668 RobotKinematics.cpp:296 [INFO] controlValueCur_L: [-0.172974, -0.0476456, 0.00904799, 0.00904799, -0.984702, 1.30845, 0.405443, 0]
2024-07-29 10:39:57,673 RobotKinematics.cpp:296 [INFO] controlValueCur_L: [-0.250214, -0.0367851, 0.00238037, 0.00238037, -0.969531, 1.29245, 0.421968, 0]
2024-07-29 10:39:57,678 RobotKinematics.cpp:296 [INFO] controlValueCur_L: [-0.26355, -0.0330086, 0.0210395, 0.0210395, -0.961272, 1.28264, 0.431091, 0]
2024-07-29 10:39:57,683 RobotKinematics.cpp:296 [INFO] controlValueCur_L: [-0.248276, -0.0387154, 0.0171747, 0.0171747, -0.953644, 1.2754, 0.440205, 0]
2024-07-29 10:39:57,689 RobotKinematics.cpp:296 [INFO] controlValueCur_L: [-0.229553, -0.0449677, 0.0251322, 0.0251322, -0.93709, 1.255, 0.461231, 0]
2024-07-29 10:39:57,694 RobotKinematics.cpp:296 [INFO] controlValueCur_L: [-0.201035, -0.0238304, 0.00666952, 0.00666952, -0.930411, 1.2442, 0.473515, 0]
2024-07-29 10:39:57,699 RobotKinematics.cpp:296 [INFO] controlValueCur_L: [-0.164444, -0.0422134, 0.00360107, 0.00360107, -0.922132, 1.23298, 0.486578, 0]
2024-07-29 10:39:57,704 RobotKinematics.cpp:296 [INFO] controlValueCur_L: [-0.142502, -0.0363388, 0.00995159, 0.00995159, -0.915187, 1.22393, 0.498333, 0]
2024-07-29 10:39:57,709 RobotKinematics.cpp:296 [INFO] controlValueCur_L: [-0.105972, -0.0422707, -0.00502205, -0.00502205, -0.908148, 1.21375, 0.50985, 0]
2024-07-29 10:39:57,714 RobotKinematics.cpp:296 [INFO] controlValueCur_L: [-0.078476, -0.0284958, -0.0244632, -0.0244632, -0.891399, 1.21035, 0.524248, 0]
2024-07-29 10:39:57,719 RobotKinematics.cpp:296 [INFO] controlValueCur_L: [-0.109894, -0.0334778, -0.0194235, -0.0194235, -0.875238, 1.19977, 0.535767, 0]
2024-07-29 10:39:57,725 RobotKinematics.cpp:296 [INFO] controlValueCur_L: [-0.164886, -0.0394669, -0.0137501, -0.0137501, -0.852974, 1.17225, 0.554951, 0]
2024-07-29 10:39:57,730 RobotKinematics.cpp:296 [INFO] controlValueCur_L: [-0.195648, -0.0343781, -0.0224867, -0.0224867, -0.831096, 1.14074, 0.577898, 0]
2024-07-29 10:39:57,735 RobotKinematics.cpp:296 [INFO] controlValueCur_L: [-0.271927, -0.0446625, -0.00816488, -0.00816488, -0.795925, 1.08527, 0.623043, 0]
2024-07-29 10:39:57,740 RobotKinematics.cpp:296 [INFO] controlValueCur_L: [-0.328156, -0.0556107, 0.0133896, 0.0133896, -0.783267, 1.06542, 0.643764, 0]
2024-07-29 10:39:57,745 RobotKinematics.cpp:296 [INFO] controlValueCur_L: [-0.411957, -0.0546837, 0.0211959, 0.0211959, -0.768227, 1.04637, 0.664507, 0]
2024-07-29 10:39:57,750 RobotKinematics.cpp:296 [INFO] controlValueCur_L: [-0.485367, -0.0406494, 0.0100527, 0.0100527, -0.756732, 1.02924, 0.683353, 0]
2024-07-29 10:39:57,756 RobotKinematics.cpp:296 [INFO] controlValueCur_L: [-0.629517, -0.0307045, 0.0460172, 0.0460172, -0.727024, 0.989636, 0.723812, 0]
2024-07-29 10:39:57,761 RobotKinematics.cpp:296 [INFO] controlValueCur_L: [-0.616501, -0.0425568, 0.0190659, 0.0190659, -0.712697, 0.968769, 0.743698, 0]
2024-07-29 10:39:57,766 RobotKinematics.cpp:296 [INFO] controlValueCur_L: [-0.62944, -0.0252533, 0.0267329, 0.0267329, -0.695647, 0.94772, 0.762989, 0]
2024-07-29 10:39:57,771 RobotKinematics.cpp:296 [INFO] controlValueCur_L: [-0.620773, -0.0215454, 0.0406575, 0.0406575, -0.679976, 0.930498, 0.7806, 0]
2024-07-29 10:39:57,776 RobotKinematics.cpp:296 [INFO] controlValueCur_L: [-0.538437, -0.0433273, 0.0260372, 0.0260372, -0.652198, 0.895611, 0.812218, 0]
2024-07-29 10:39:57,782 RobotKinematics.cpp:296 [INFO] controlValueCur_L: [-0.530258, -0.0415802, 0.00477839, 0.00477839, -0.63945, 0.879477, 0.826353, 0]
2024-07-29 10:39:57,787 RobotKinematics.cpp:296 [INFO] controlValueCur_L: [-0.542587, -0.0672226, 0.00740671, 0.00740671, -0.627059, 0.86404, 0.840584, 0]
2024-07-29 10:39:57,792 RobotKinematics.cpp:296 [INFO] controlValueCur_L: [-0.553757, -0.0472565, 0.0237989, 0.0237989, -0.614412, 0.849973, 0.85527, 0]
2024-07-29 10:39:57,797 RobotKinematics.cpp:296 [INFO] controlValueCur_L: [-0.580154, -0.0418777, 0.0319276, 0.0319276, -0.59071, 0.820195, 0.882992, 0]
2024-07-29 10:39:57,802 RobotKinematics.cpp:296 [INFO] controlValueCur_L: [-0.580154, -0.0418777, 0.0319276, 0.0319276, -0.59071, 0.820195, 0.882992, 0]
2024-07-29 10:39:57,808 RobotKinematics.cpp:296 [INFO] controlValueCur_L: [-0.680588, -0.0533104, 0.0600219, 0.0600219, -0.567611, 0.792764, 0.906565, 0]
2024-07-29 10:39:57,813 RobotKinematics.cpp:296 [INFO] controlValueCur_L: [-0.658844, -0.0633812, 0.0232215, 0.0232215, -0.558268, 0.780438, 0.91667, 0]
2024-07-29 10:39:57,818 RobotKinematics.cpp:296 [INFO] controlValueCur_L: [-0.68515, -0.0515137, 0.0480347, 0.0480347, -0.545242, 0.769038, 0.926315, 0]
2024-07-29 10:39:57,823 RobotKinematics.cpp:296 [INFO] controlValueCur_L: [-0.658829, -0.0730667, 0.0264726, 0.0264726, -0.523434, 0.750871, 0.940792, 0]
2024-07-29 10:39:57,828 RobotKinematics.cpp:296 [INFO] controlValueCur_L: [-0.654465, -0.0430222, 0.0257015, 0.0257015, -0.513616, 0.742918, 0.946808, 0]
2024-07-29 10:39:57,834 RobotKinematics.cpp:296 [INFO] controlValueCur_L: [-0.623764, -0.0651169, -0.00811529, -0.00811529, -0.501897, 0.736642, 0.953003, 0]
2024-07-29 10:39:57,839 RobotKinematics.cpp:296 [INFO] controlValueCur_L: [-0.579971, -0.0454559, -0.0222292, -0.0222292, -0.478927, 0.720331, 0.969662, 0]
2024-07-29 10:39:57,844 RobotKinematics.cpp:296 [INFO] controlValueCur_L: [-0.579971, -0.0454559, -0.0222292, -0.0222292, -0.478927, 0.720331, 0.969662, 0]
2024-07-29 10:39:57,849 RobotKinematics.cpp:296 [INFO] controlValueCur_L: [-0.510437, -0.0331841, -0.0117512, -0.0117512, -0.454263, 0.698333, 0.99324, 0]
2024-07-29 10:39:57,854 RobotKinematics.cpp:296 [INFO] controlValueCur_L: [-0.433899, -0.0624695, 0.00818872, 0.00818872, -0.430472, 0.674374, 1.01764, 0]
2024-07-29 10:39:57,860 RobotKinematics.cpp:296 [INFO] controlValueCur_L: [-0.433899, -0.0624695, 0.00818872, 0.00818872, -0.430472, 0.674374, 1.01764, 0]
2024-07-29 10:39:57,865 RobotKinematics.cpp:296 [INFO] controlValueCur_L: [-0.373962, -0.0433121, 0.00689602, 0.00689602, -0.40501, 0.650726, 1.04018, 0]
2024-07-29 10:39:57,870 RobotKinematics.cpp:296 [INFO] controlValueCur_L: [-0.364517, -0.0259018, 0.0168548, 0.0168548, -0.392023, 0.638517, 1.0511, 0]
2024-07-29 10:39:57,875 RobotKinematics.cpp:296 [INFO] controlValueCur_L: [-0.367706, -0.0293961, 0.0238914, 0.0238914, -0.376929, 0.625414, 1.06321, 0]
2024-07-29 10:39:57,880 RobotKinematics.cpp:296 [INFO] controlValueCur_L: [-0.393341, -0.0395813, 0.0266376, 0.0266376, -0.348445, 0.595559, 1.09137, 0]
2024-07-29 10:39:57,886 RobotKinematics.cpp:296 [INFO] controlValueCur_L: [-0.396835, -0.0143394, 0.00168562, 0.00168562, -0.337548, 0.580086, 1.10381, 0]
2024-07-29 10:39:57,891 RobotKinematics.cpp:296 [INFO] controlValueCur_L: [-0.41275, -0.027935, 0.0199113, 0.0199113, -0.328556, 0.570928, 1.10686, 0]
2024-07-29 10:39:57,896 RobotKinematics.cpp:296 [INFO] controlValueCur_L: [-0.415955, -0.0351791, 0.00673914, 0.00673914, -0.306153, 0.565212, 1.08907, 0]
2024-07-29 10:39:57,901 RobotKinematics.cpp:296 [INFO] controlValueCur_L: [-0.415955, -0.0351791, 0.00673914, 0.00673914, -0.306153, 0.565212, 1.08907, 0]
2024-07-29 10:39:57,906 RobotKinematics.cpp:296 [INFO] controlValueCur_L: [-0.398407, -0.0355873, 0.0072751, 0.0072751, -0.281776, 0.561844, 1.06825, 0]
2024-07-29 10:39:57,911 RobotKinematics.cpp:296 [INFO] controlValueCur_L: [-0.395737, -0.0346565, 0.0204515, 0.0204515, -0.270173, 0.560335, 1.05913, 0]
2024-07-29 10:39:57,917 RobotKinematics.cpp:296 [INFO] controlValueCur_L: [-0.386551, -0.0349541, 0.0172048, 0.0172048, -0.261764, 0.56131, 1.04832, 0]
2024-07-29 10:39:57,922 RobotKinematics.cpp:296 [INFO] controlValueCur_L: [-0.385681, -0.0308456, 0.0130525, 0.0130525, -0.254811, 0.562879, 1.03545, 0]
2024-07-29 10:39:57,927 RobotKinematics.cpp:296 [INFO] controlValueCur_L: [-0.399597, -0.0337143, 0.0151134, 0.0151134, -0.243293, 0.5759, 1.00283, 0]
2024-07-29 10:39:57,932 RobotKinematics.cpp:296 [INFO] controlValueCur_L: [-0.40509, -0.0401611, 0.0162115, 0.0162115, -0.237698, 0.583939, 0.98448, 0]
2024-07-29 10:39:57,937 RobotKinematics.cpp:296 [INFO] controlValueCur_L: [-0.410416, -0.0401497, 0.00592089, 0.00592089, -0.232868, 0.592325, 0.966986, 0]
2024-07-29 10:39:57,943 RobotKinematics.cpp:296 [INFO] controlValueCur_L: [-0.400238, -0.043293, 8.10623e-06, 8.10623e-06, -0.227963, 0.601398, 0.951689, 0]
2024-07-29 10:39:57,948 RobotKinematics.cpp:296 [INFO] controlValueCur_L: [-0.406372, -0.0422516, 0.00650597, 0.00650597, -0.220916, 0.617017, 0.929134, 0]
2024-07-29 10:39:57,953 RobotKinematics.cpp:296 [INFO] controlValueCur_L: [-0.4189, -0.0396118, 0.0162568, 0.0162568, -0.22013, 0.624097, 0.921862, 0]
2024-07-29 10:39:57,958 RobotKinematics.cpp:296 [INFO] controlValueCur_L: [-0.436096, -0.0427513, 0.00749731, 0.00749731, -0.220661, 0.633052, 0.916847, 0]
2024-07-29 10:39:57,963 RobotKinematics.cpp:296 [INFO] controlValueCur_L: [-0.459152, -0.0458984, 0.011488, 0.011488, -0.222223, 0.643765, 0.913397, 0]
2024-07-29 10:39:57,968 RobotKinematics.cpp:296 [INFO] controlValueCur_L: [-0.474152, -0.041111, 0.0100055, 0.0100055, -0.22917, 0.66944, 0.905348, 0]
2024-07-29 10:39:57,974 RobotKinematics.cpp:296 [INFO] controlValueCur_L: [-0.482971, -0.0391808, 0.0135717, 0.0135717, -0.233334, 0.683288, 0.900728, 0]
2024-07-29 10:39:57,979 RobotKinematics.cpp:296 [INFO] controlValueCur_L: [-0.497604, -0.0289459, 0.00744677, 0.00744677, -0.238463, 0.698315, 0.895805, 0]
2024-07-29 10:39:57,984 RobotKinematics.cpp:296 [INFO] controlValueCur_L: [-0.514801, -0.0334015, 0.0226536, 0.0226536, -0.243333, 0.71417, 0.89081, 0]
2024-07-29 10:39:57,989 RobotKinematics.cpp:296 [INFO] controlValueCur_L: [-0.537933, -0.0582123, -0.00801086, -0.00801086, -0.252163, 0.746168, 0.878092, 0]
2024-07-29 10:39:57,994 RobotKinematics.cpp:296 [INFO] controlValueCur_L: [-0.576813, -0.0489426, -0.0106015, -0.0106015, -0.25639, 0.763558, 0.868288, 0]
2024-07-29 10:39:58,000 RobotKinematics.cpp:296 [INFO] controlValueCur_L: [-0.655182, -0.0444107, -0.0173545, -0.0173545, -0.259645, 0.782252, 0.855204, 0]
2024-07-29 10:39:58,005 RobotKinematics.cpp:296 [INFO] controlValueCur_L: [-0.715683, -0.0625877, 0.0163355, 0.0163355, -0.262156, 0.800631, 0.839811, 0]
2024-07-29 10:39:58,010 RobotKinematics.cpp:296 [INFO] controlValueCur_L: [-0.780075, -0.0634918, 0.0414524, 0.0414524, -0.263421, 0.833132, 0.804308, 0]
2024-07-29 10:39:58,015 RobotKinematics.cpp:296 [INFO] controlValueCur_L: [-0.802002, -0.0427628, 0.0388322, 0.0388322, -0.26365, 0.847909, 0.784426, 0]
2024-07-29 10:39:58,020 RobotKinematics.cpp:296 [INFO] controlValueCur_L: [-0.807953, -0.0687065, 0.0226474, 0.0226474, -0.263519, 0.860016, 0.764164, 0]
2024-07-29 10:39:58,026 RobotKinematics.cpp:296 [INFO] controlValueCur_L: [-0.844757, -0.0803604, 0.039814, 0.039814, -0.261412, 0.868811, 0.744778, 0]
2024-07-29 10:39:58,031 RobotKinematics.cpp:296 [INFO] controlValueCur_L: [-0.844208, -0.0363541, 0.0149269, 0.0149269, -0.256521, 0.876801, 0.710175, 0]
2024-07-29 10:39:58,036 RobotKinematics.cpp:296 [INFO] controlValueCur_L: [-0.803192, -0.07061, 0.0244021, 0.0244021, -0.255689, 0.878554, 0.694304, 0]
2024-07-29 10:39:58,041 RobotKinematics.cpp:296 [INFO] controlValueCur_L: [-0.736755, -0.0552025, 0.0282402, 0.0282402, -0.254972, 0.880729, 0.679741, 0]
2024-07-29 10:39:58,046 RobotKinematics.cpp:296 [INFO] controlValueCur_L: [-0.747253, -0.0822182, 0.0621781, 0.0621781, -0.256807, 0.884221, 0.666, 0]
2024-07-29 10:39:58,051 RobotKinematics.cpp:296 [INFO] controlValueCur_L: [-0.717941, -0.0297623, -0.00419044, -0.00419044, -0.257946, 0.887574, 0.653534, 0]
2024-07-29 10:39:58,057 RobotKinematics.cpp:296 [INFO] controlValueCur_L: [-0.651978, -0.0283279, 0.0127082, 0.0127082, -0.260368, 0.893475, 0.630167, 0]
2024-07-29 10:39:58,062 RobotKinematics.cpp:296 [INFO] controlValueCur_L: [-0.593399, 0.00666428, 0.0508776, 0.0508776, -0.260231, 0.893331, 0.619726, 0]
2024-07-29 10:39:58,067 RobotKinematics.cpp:296 [INFO] controlValueCur_L: [-0.46991, 0.0065918, 0.0371323, 0.0371323, -0.25861, 0.891176, 0.610239, 0]
2024-07-29 10:39:58,072 RobotKinematics.cpp:296 [INFO] controlValueCur_L: [-0.254318, 0.0422478, 0.0229259, 0.0229259, -0.255717, 0.887298, 0.594398, 0]
2024-07-29 10:39:58,077 RobotKinematics.cpp:296 [INFO] controlValueCur_L: [-0.254318, 0.0422478, 0.0229259, 0.0229259, -0.255717, 0.887298, 0.594398, 0]
2024-07-29 10:39:58,082 RobotKinematics.cpp:296 [INFO] controlValueCur_L: [-0.0927734, 0.0682297, 0.00402069, 0.00402069, -0.251298, 0.887755, 0.582563, 0]
2024-07-29 10:39:58,088 RobotKinematics.cpp:296 [INFO] controlValueCur_L: [-0.0531464, 0.0463486, -0.026093, -0.026093, -0.24946, 0.88829, 0.576775, 0]
2024-07-29 10:39:58,093 RobotKinematics.cpp:296 [INFO] controlValueCur_L: [-0.0657654, 0.0125656, 0.0123382, 0.0123382, -0.247162, 0.888023, 0.570908, 0]
2024-07-29 10:39:58,098 RobotKinematics.cpp:296 [INFO] controlValueCur_L: [-0.0590363, 0.0441742, 0.00935936, 0.00935936, -0.244326, 0.888881, 0.55829, 0]
2024-07-29 10:39:58,103 RobotKinematics.cpp:296 [INFO] controlValueCur_L: [-0.0390778, 0.032547, -0.0204659, -0.0204659, -0.243383, 0.890743, 0.550497, 0]
2024-07-29 10:39:58,108 RobotKinematics.cpp:296 [INFO] controlValueCur_L: [-0.0376434, 0.0381851, -0.0326047, -0.0326047, -0.243115, 0.896446, 0.54118, 0]
2024-07-29 10:39:58,113 RobotKinematics.cpp:296 [INFO] controlValueCur_L: [-0.101746, -0.00840759, -0.0161505, -0.0161505, -0.242321, 0.910151, 0.519209, 0]
2024-07-29 10:39:58,119 RobotKinematics.cpp:296 [INFO] controlValueCur_L: [-0.101746, -0.00840759, -0.0161505, -0.0161505, -0.242321, 0.910151, 0.519209, 0]
2024-07-29 10:39:58,124 RobotKinematics.cpp:296 [INFO] controlValueCur_L: [-0.149414, -0.0135956, -0.000407219, -0.000407219, -0.23879, 0.925014, 0.485823, 0]
2024-07-29 10:39:58,129 RobotKinematics.cpp:296 [INFO] controlValueCur_L: [-0.176788, 0.00128937, 0.020227, 0.020227, -0.235312, 0.931194, 0.465275, 0]
2024-07-29 10:39:58,134 RobotKinematics.cpp:296 [INFO] controlValueCur_L: [-0.197006, -0.0130768, 0.0272241, 0.0272241, -0.227967, 0.934305, 0.444221, 0]
2024-07-29 10:39:58,139 RobotKinematics.cpp:296 [INFO] controlValueCur_L: [-0.206482, -0.0119438, 0.0214605, 0.0214605, -0.217837, 0.941589, 0.394672, 0]
2024-07-29 10:39:58,144 RobotKinematics.cpp:296 [INFO] controlValueCur_L: [-0.204636, -0.014473, 0.0361671, 0.0361671, -0.215957, 0.947744, 0.370834, 0]
2024-07-29 10:39:58,150 RobotKinematics.cpp:296 [INFO] controlValueCur_L: [-0.195877, -0.0194778, 0.0173283, 0.0173283, -0.218592, 0.958519, 0.347919, 0]
2024-07-29 10:39:58,155 RobotKinematics.cpp:296 [INFO] controlValueCur_L: [-0.21991, -0.029171, 0.0122743, 0.0122743, -0.232884, 0.98698, 0.306597, 0]
2024-07-29 10:39:58,160 RobotKinematics.cpp:296 [INFO] controlValueCur_L: [-0.21991, -0.029171, 0.0122743, 0.0122743, -0.232884, 0.98698, 0.306597, 0]
2024-07-29 10:39:58,165 RobotKinematics.cpp:296 [INFO] controlValueCur_L: [-0.242737, -0.0373154, 0.0139055, 0.0139055, -0.253747, 1.01669, 0.276968, 0]
2024-07-29 10:39:58,170 RobotKinematics.cpp:296 [INFO] controlValueCur_L: [-0.268692, -0.034481, 0.0289292, 0.0289292, -0.267463, 1.03257, 0.26786, 0]
2024-07-29 10:39:58,175 RobotKinematics.cpp:296 [INFO] controlValueCur_L: [-0.288391, -0.0301514, 0.024632, 0.024632, -0.280693, 1.04944, 0.262892, 0]
2024-07-29 10:39:58,181 RobotKinematics.cpp:296 [INFO] controlValueCur_L: [-0.302582, -0.0332375, 0.0228305, 0.0228305, -0.295226, 1.06861, 0.260252, 0]
2024-07-29 10:39:58,186 RobotKinematics.cpp:296 [INFO] controlValueCur_L: [-0.304688, -0.0353928, 0.0273819, 0.0273819, -0.327116, 1.11416, 0.256737, 0]
2024-07-29 10:39:58,191 RobotKinematics.cpp:296 [INFO] controlValueCur_L: [-0.314209, -0.0331802, 0.0343285, 0.0343285, -0.344722, 1.14024, 0.253986, 0]
2024-07-29 10:39:58,196 RobotKinematics.cpp:296 [INFO] controlValueCur_L: [-0.297974, -0.0304604, 0.0288315, 0.0288315, -0.363945, 1.16849, 0.250008, 0]
2024-07-29 10:39:58,201 RobotKinematics.cpp:296 [INFO] controlValueCur_L: [-0.285614, -0.0334625, 0.0299139, 0.0299139, -0.399506, 1.22623, 0.241785, 0]
2024-07-29 10:39:58,207 RobotKinematics.cpp:296 [INFO] controlValueCur_L: [-0.287323, -0.0270691, 0.0382972, 0.0382972, -0.415573, 1.25433, 0.237955, 0]
2024-07-29 10:39:58,212 RobotKinematics.cpp:296 [INFO] controlValueCur_L: [-0.27916, -0.0343437, 0.0274296, 0.0274296, -0.432481, 1.2819, 0.233067, 0]
2024-07-29 10:39:58,217 RobotKinematics.cpp:296 [INFO] controlValueCur_L: [-0.282883, -0.0278206, 0.0368552, 0.0368552, -0.445246, 1.30753, 0.228985, 0]
2024-07-29 10:39:58,222 RobotKinematics.cpp:296 [INFO] controlValueCur_L: [-0.301163, -0.0224686, 0.0373917, 0.0373917, -0.467421, 1.35526, 0.218092, 0]
2024-07-29 10:39:58,227 RobotKinematics.cpp:296 [INFO] controlValueCur_L: [-0.318085, -0.0195236, 0.029902, 0.029902, -0.476302, 1.3764, 0.210699, 0]
2024-07-29 10:39:58,233 RobotKinematics.cpp:296 [INFO] controlValueCur_L: [-0.330963, -0.0345917, 0.0302033, 0.0302033, -0.482243, 1.39551, 0.202555, 0]
2024-07-29 10:39:58,238 RobotKinematics.cpp:296 [INFO] controlValueCur_L: [-0.334457, -0.0308914, 0.0244756, 0.0244756, -0.486616, 1.41184, 0.193542, 0]
2024-07-29 10:39:58,243 RobotKinematics.cpp:296 [INFO] controlValueCur_L: [-0.35585, -0.0367813, 0.00514746, 0.00514746, -0.48932, 1.43692, 0.176624, 0]
2024-07-29 10:39:58,248 RobotKinematics.cpp:296 [INFO] controlValueCur_L: [-0.392075, -0.0546646, 0.0290823, 0.0290823, -0.487802, 1.44561, 0.169748, 0]
2024-07-29 10:39:58,254 RobotKinematics.cpp:296 [INFO] controlValueCur_L: [-0.383163, -0.0393753, 0.0168247, 0.0168247, -0.485583, 1.45242, 0.164061, 0]
2024-07-29 10:39:58,259 RobotKinematics.cpp:296 [INFO] controlValueCur_L: [-0.404327, -0.0431633, 0.0291944, 0.0291944, -0.483619, 1.45945, 0.158836, 0]
2024-07-29 10:39:58,264 RobotKinematics.cpp:296 [INFO] controlValueCur_L: [-0.418701, -0.0499153, 0.00338221, 0.00338221, -0.480052, 1.47381, 0.148968, 0]
2024-07-29 10:39:58,269 RobotKinematics.cpp:296 [INFO] controlValueCur_L: [-0.418701, -0.0499153, 0.00338221, 0.00338221, -0.480052, 1.47381, 0.148968, 0]
2024-07-29 10:39:58,274 RobotKinematics.cpp:296 [INFO] controlValueCur_L: [-0.527069, -0.0717506, 0.00822067, 0.00822067, -0.477313, 1.48798, 0.137623, 0]
2024-07-29 10:39:58,279 RobotKinematics.cpp:296 [INFO] controlValueCur_L: [-0.586899, -0.0110664, -0.023427, -0.023427, -0.477732, 1.49534, 0.130545, 0]
2024-07-29 10:39:58,285 RobotKinematics.cpp:296 [INFO] controlValueCur_L: [-0.671234, -0.075489, 0.00943184, 0.00943184, -0.475661, 1.50204, 0.123573, 0]
2024-07-29 10:39:58,290 RobotKinematics.cpp:296 [INFO] controlValueCur_L: [-0.86647, -0.0656967, -0.00273037, -0.00273037, -0.476262, 1.51493, 0.108559, 0]
2024-07-29 10:39:58,295 RobotKinematics.cpp:296 [INFO] controlValueCur_L: [-0.94342, -0.0762749, 0.0388246, 0.0388246, -0.478565, 1.52107, 0.102095, 0]
2024-07-29 10:39:58,300 RobotKinematics.cpp:296 [INFO] controlValueCur_L: [-0.984985, -0.0953484, 0.0152378, 0.0152378, -0.481481, 1.52792, 0.096323, 0]
2024-07-29 10:39:58,305 RobotKinematics.cpp:296 [INFO] controlValueCur_L: [-1.04349, -0.131367, 0.00720453, 0.00720453, -0.487509, 1.54118, 0.0847034, 0]
2024-07-29 10:39:58,311 RobotKinematics.cpp:296 [INFO] controlValueCur_L: [-1.04349, -0.131367, 0.00720453, 0.00720453, -0.487509, 1.54118, 0.0847034, 0]
2024-07-29 10:39:58,316 RobotKinematics.cpp:296 [INFO] controlValueCur_L: [-1.06073, -0.149708, 0.00375175, 0.00375175, -0.490578, 1.5478, 0.0788879, 0]
2024-07-29 10:39:58,321 RobotKinematics.cpp:296 [INFO] controlValueCur_L: [-0.939468, -0.0911255, 0.106454, 0.106454, -0.493294, 1.56624, 0.0692444, 0]
2024-07-29 10:39:58,326 RobotKinematics.cpp:296 [INFO] controlValueCur_L: [-0.804535, -0.0780602, 0.0723557, 0.0723557, -0.496452, 1.57793, 0.0582714, 0]
2024-07-29 10:39:58,331 RobotKinematics.cpp:296 [INFO] controlValueCur_L: [-0.816635, -0.0918312, 0.108024, 0.108024, -0.496133, 1.58056, 0.0561066, 0]
2024-07-29 10:39:58,337 RobotKinematics.cpp:296 [INFO] controlValueCur_L: [-0.837402, -0.0922585, 0.0887747, 0.0887747, -0.495757, 1.58232, 0.05616, 0]
2024-07-29 10:39:58,342 RobotKinematics.cpp:296 [INFO] controlValueCur_L: [-0.968338, -0.0318222, 0.0618792, 0.0618792, -0.4922, 1.58512, 0.0602722, 0]
2024-07-29 10:39:58,347 RobotKinematics.cpp:296 [INFO] controlValueCur_L: [-0.968338, -0.0318222, 0.0618792, 0.0618792, -0.4922, 1.58512, 0.0602722, 0]
2024-07-29 10:39:58,352 RobotKinematics.cpp:296 [INFO] controlValueCur_L: [-0.952377, -0.0399933, 0.0587082, 0.0587082, -0.49054, 1.58867, 0.0644875, 0]
2024-07-29 10:39:58,357 RobotKinematics.cpp:296 [INFO] controlValueCur_L: [-0.941605, -0.0858688, 0.062603, 0.062603, -0.487354, 1.58963, 0.0675106, 0]
2024-07-29 10:39:58,363 RobotKinematics.cpp:296 [INFO] controlValueCur_L: [-0.897247, -0.0417137, 0.057651, 0.057651, -0.483773, 1.59012, 0.0708523, 0]
2024-07-29 10:39:58,368 RobotKinematics.cpp:296 [INFO] controlValueCur_L: [-0.849304, -0.0681, 0.0564122, 0.0564122, -0.47623, 1.58839, 0.0760307, 0]
2024-07-29 10:39:58,373 RobotKinematics.cpp:296 [INFO] controlValueCur_L: [-0.80101, -0.0672913, 0.0275316, 0.0275316, -0.471532, 1.58609, 0.0789738, 0]
2024-07-29 10:39:58,378 RobotKinematics.cpp:296 [INFO] controlValueCur_L: [-0.7547, -0.0692406, 0.0526214, 0.0526214, -0.466821, 1.58282, 0.0827579, 0]
2024-07-29 10:39:58,383 RobotKinematics.cpp:296 [INFO] controlValueCur_L: [-0.62384, -0.0527306, 0.032455, 0.032455, -0.454717, 1.57455, 0.0923042, 0]
2024-07-29 10:39:58,389 RobotKinematics.cpp:296 [INFO] controlValueCur_L: [-0.62384, -0.0527306, 0.032455, 0.032455, -0.454717, 1.57455, 0.0923042, 0]
2024-07-29 10:39:58,394 RobotKinematics.cpp:296 [INFO] controlValueCur_L: [-0.568817, -0.0737648, 0.0257549, 0.0257549, -0.442204, 1.56577, 0.101788, 0]
2024-07-29 10:39:58,399 RobotKinematics.cpp:296 [INFO] controlValueCur_L: [-0.563843, -0.0410461, 0.0253468, 0.0253468, -0.436686, 1.56129, 0.106287, 0]
2024-07-29 10:39:58,404 RobotKinematics.cpp:296 [INFO] controlValueCur_L: [-0.557449, -0.0642738, 0.0107923, 0.0107923, -0.431872, 1.5569, 0.111052, 0]
2024-07-29 10:39:58,409 RobotKinematics.cpp:296 [INFO] controlValueCur_L: [-0.586823, -0.0582161, 0.0362458, 0.0362458, -0.427678, 1.55237, 0.116104, 0]
2024-07-29 10:39:58,415 RobotKinematics.cpp:296 [INFO] controlValueCur_L: [-0.654053, -0.0529861, 0.0440383, 0.0440383, -0.421614, 1.5441, 0.1276, 0]
2024-07-29 10:39:58,420 RobotKinematics.cpp:296 [INFO] controlValueCur_L: [-0.667419, -0.061779, 0.0387764, 0.0387764, -0.419756, 1.54067, 0.133495, 0]
2024-07-29 10:39:58,425 RobotKinematics.cpp:296 [INFO] controlValueCur_L: [-0.677307, -0.0644112, 0.0584989, 0.0584989, -0.418142, 1.53737, 0.139475, 0]
2024-07-29 10:39:58,430 RobotKinematics.cpp:296 [INFO] controlValueCur_L: [-0.662155, -0.0561485, 0.0548272, 0.0548272, -0.417154, 1.53458, 0.144981, 0]
2024-07-29 10:39:58,435 RobotKinematics.cpp:296 [INFO] controlValueCur_L: [-0.623459, -0.0455399, 0.0437007, 0.0437007, -0.414961, 1.52882, 0.155294, 0]
2024-07-29 10:39:58,441 RobotKinematics.cpp:296 [INFO] controlValueCur_L: [-0.619843, -0.0459099, 0.037436, 0.037436, -0.414266, 1.52614, 0.1597, 0]
2024-07-29 10:39:58,446 RobotKinematics.cpp:296 [INFO] controlValueCur_L: [-0.621872, -0.0388908, 0.0344987, 0.0344987, -0.414051, 1.52418, 0.162964, 0]
2024-07-29 10:39:58,451 RobotKinematics.cpp:296 [INFO] controlValueCur_L: [-0.641891, -0.041626, 0.0393119, 0.0393119, -0.414196, 1.52243, 0.16543, 0]
2024-07-29 10:39:58,456 RobotKinematics.cpp:296 [INFO] controlValueCur_L: [-0.663925, -0.0357018, 0.0533276, 0.0533276, -0.41381, 1.52156, 0.166075, 0]
2024-07-29 10:39:58,462 RobotKinematics.cpp:296 [INFO] controlValueCur_L: [-0.671539, -0.0428619, 0.0315547, 0.0315547, -0.412813, 1.52001, 0.167433, 0]
2024-07-29 10:39:58,467 RobotKinematics.cpp:296 [INFO] controlValueCur_L: [-0.698868, -0.0408936, 0.0373635, 0.0373635, -0.412276, 1.51861, 0.168707, 0]
2024-07-29 10:39:58,472 RobotKinematics.cpp:296 [INFO] controlValueCur_L: [-0.723007, -0.0510559, 0.040792, 0.040792, -0.411753, 1.51667, 0.170433, 0]
2024-07-29 10:39:58,477 RobotKinematics.cpp:296 [INFO] controlValueCur_L: [-0.755661, -0.0586319, 0.0301013, 0.0301013, -0.412551, 1.51417, 0.174702, 0]
2024-07-29 10:39:58,482 RobotKinematics.cpp:296 [INFO] controlValueCur_L: [-0.789703, -0.0523033, 0.0349073, 0.0349073, -0.413171, 1.51292, 0.178516, 0]
2024-07-29 10:39:58,488 RobotKinematics.cpp:296 [INFO] controlValueCur_L: [-0.808929, -0.0474968, 0.0313148, 0.0313148, -0.413613, 1.51154, 0.183569, 0]
2024-07-29 10:39:58,493 RobotKinematics.cpp:296 [INFO] controlValueCur_L: [-0.800339, -0.0399742, 0.0553336, 0.0553336, -0.41504, 1.50922, 0.193296, 0]
2024-07-29 10:39:58,498 RobotKinematics.cpp:296 [INFO] controlValueCur_L: [-0.800339, -0.0399742, 0.0553336, 0.0553336, -0.41504, 1.50922, 0.193296, 0]
2024-07-29 10:39:58,503 RobotKinematics.cpp:296 [INFO] controlValueCur_L: [-0.76062, -0.0471039, 0.0500965, 0.0500965, -0.415706, 1.50789, 0.2001, 0]
2024-07-29 10:39:58,508 RobotKinematics.cpp:296 [INFO] controlValueCur_L: [-0.732391, -0.0590935, 0.0543842, 0.0543842, -0.415001, 1.5078, 0.202452, 0]
2024-07-29 10:39:58,514 RobotKinematics.cpp:296 [INFO] controlValueCur_L: [-0.710327, -0.0446167, 0.0451312, 0.0451312, -0.41401, 1.5075, 0.20438, 0]
2024-07-29 10:39:58,519 RobotKinematics.cpp:296 [INFO] controlValueCur_L: [-0.712036, -0.0487671, 0.0249863, 0.0249863, -0.408197, 1.50622, 0.206749, 0]
2024-07-29 10:39:58,524 RobotKinematics.cpp:296 [INFO] controlValueCur_L: [-0.72171, -0.0716095, 0.0122018, 0.0122018, -0.405538, 1.50627, 0.20598, 0]
2024-07-29 10:39:58,529 RobotKinematics.cpp:296 [INFO] controlValueCur_L: [-0.749496, -0.0609627, 0.0184846, 0.0184846, -0.402681, 1.50597, 0.204674, 0]
2024-07-29 10:39:58,534 RobotKinematics.cpp:296 [INFO] controlValueCur_L: [-0.80072, -0.0666885, 0.0249262, 0.0249262, -0.396044, 1.50503, 0.201267, 0]
2024-07-29 10:39:58,539 RobotKinematics.cpp:296 [INFO] controlValueCur_L: [-0.80072, -0.0666885, 0.0249262, 0.0249262, -0.396044, 1.50503, 0.201267, 0]
2024-07-29 10:39:58,545 RobotKinematics.cpp:296 [INFO] controlValueCur_L: [-0.853424, -0.0545654, 0.0286479, 0.0286479, -0.389855, 1.5038, 0.197136, 0]
2024-07-29 10:39:58,550 RobotKinematics.cpp:296 [INFO] controlValueCur_L: [-0.862579, -0.0602341, 0.00834513, 0.00834513, -0.38727, 1.50352, 0.194727, 0]
2024-07-29 10:39:58,555 RobotKinematics.cpp:296 [INFO] controlValueCur_L: [-0.885803, -0.0742226, 0.00523186, 0.00523186, -0.385417, 1.50357, 0.192148, 0]
2024-07-29 10:39:58,560 RobotKinematics.cpp:296 [INFO] controlValueCur_L: [-0.961731, -0.0970421, -0.0341067, -0.0341067, -0.382551, 1.50534, 0.186884, 0]
2024-07-29 10:39:58,565 RobotKinematics.cpp:296 [INFO] controlValueCur_L: [-1.10112, -0.0787315, 0.0037899, 0.0037899, -0.381295, 1.50639, 0.184088, 0]
2024-07-29 10:39:58,571 RobotKinematics.cpp:296 [INFO] controlValueCur_L: [-1.25865, -0.180111, -0.0180483, -0.0180483, -0.380489, 1.50757, 0.181036, 0]
2024-07-29 10:39:58,576 RobotKinematics.cpp:296 [INFO] controlValueCur_L: [-1.61824, -0.0846481, 0.0505075, 0.0505075, -0.379389, 1.50991, 0.174768, 0]
2024-07-29 10:39:58,581 RobotKinematics.cpp:296 [INFO] controlValueCur_L: [-1.61549, -0.147869, 0.0397964, 0.0397964, -0.379073, 1.51099, 0.171871, 0]
2024-07-29 10:39:58,586 RobotKinematics.cpp:296 [INFO] controlValueCur_L: [-1.51631, -0.0601997, 0.0516009, 0.0516009, -0.378862, 1.51174, 0.169561, 0]
2024-07-29 10:39:58,591 RobotKinematics.cpp:296 [INFO] controlValueCur_L: [-1.42177, -0.157539, 0.00954056, 0.00954056, -0.379407, 1.51309, 0.166451, 0]
2024-07-29 10:39:58,597 RobotKinematics.cpp:296 [INFO] controlValueCur_L: [-1.42177, -0.157539, 0.00954056, 0.00954056, -0.379407, 1.51309, 0.166451, 0]
2024-07-29 10:39:58,602 RobotKinematics.cpp:296 [INFO] controlValueCur_L: [-1.28214, -0.182751, 0.0352421, 0.0352421, -0.38015, 1.51406, 0.165041, 0]
2024-07-29 10:39:58,607 RobotKinematics.cpp:296 [INFO] controlValueCur_L: [-1.24178, -0.140038, 0.0352325, 0.0352325, -0.3807, 1.5144, 0.164532, 0]
2024-07-29 10:39:58,612 RobotKinematics.cpp:296 [INFO] controlValueCur_L: [-1.2142, -0.101231, 0.0389957, 0.0389957, -0.381263, 1.51461, 0.164143, 0]
2024-07-29 10:39:58,617 RobotKinematics.cpp:296 [INFO] controlValueCur_L: [-1.1837, -0.123123, 0.0706329, 0.0706329, -0.381757, 1.51463, 0.163919, 0]
2024-07-29 10:39:58,623 RobotKinematics.cpp:296 [INFO] controlValueCur_L: [-1.08459, -0.149406, 0.0532346, 0.0532346, -0.38239, 1.51426, 0.164091, 0]
2024-07-29 10:39:58,628 RobotKinematics.cpp:296 [INFO] controlValueCur_L: [-1.03244, -0.0629425, 0.0177174, 0.0177174, -0.382593, 1.51388, 0.164368, 0]
2024-07-29 10:39:58,633 RobotKinematics.cpp:296 [INFO] controlValueCur_L: [-1.0045, -0.0791664, 0.0378695, 0.0378695, -0.382541, 1.51342, 0.16469, 0]
2024-07-29 10:39:58,638 RobotKinematics.cpp:296 [INFO] controlValueCur_L: [-0.957245, -0.0303802, 0.0580497, 0.0580497, -0.382498, 1.51284, 0.164989, 0]
2024-07-29 10:39:58,643 RobotKinematics.cpp:296 [INFO] controlValueCur_L: [-0.855652, -0.0650291, 0.0686879, 0.0686879, -0.381632, 1.51127, 0.16564, 0]
2024-07-29 10:39:58,649 RobotKinematics.cpp:296 [INFO] controlValueCur_L: [-0.825333, -0.078495, 0.0564265, 0.0564265, -0.380686, 1.51006, 0.166159, 0]
2024-07-29 10:39:58,654 RobotKinematics.cpp:296 [INFO] controlValueCur_L: [-0.799652, -0.0699768, 0.0504804, 0.0504804, -0.37921, 1.50796, 0.167055, 0]
2024-07-29 10:39:58,659 RobotKinematics.cpp:296 [INFO] controlValueCur_L: [-0.767822, -0.0554161, 0.0409603, 0.0409603, -0.376897, 1.50481, 0.168646, 0]
2024-07-29 10:39:58,664 RobotKinematics.cpp:296 [INFO] controlValueCur_L: [-0.726807, -0.031044, 0.0417919, 0.0417919, -0.370945, 1.49563, 0.174353, 0]
2024-07-29 10:39:58,670 RobotKinematics.cpp:296 [INFO] controlValueCur_L: [-0.725296, -0.0486641, 0.0501833, 0.0501833, -0.368365, 1.49073, 0.177961, 0]
2024-07-29 10:39:58,675 RobotKinematics.cpp:296 [INFO] controlValueCur_L: [-0.703476, -0.0481567, 0.0818434, 0.0818434, -0.366305, 1.48627, 0.181503, 0]
2024-07-29 10:39:58,680 RobotKinematics.cpp:296 [INFO] controlValueCur_L: [-0.662674, -0.0607872, 0.0614343, 0.0614343, -0.364532, 1.4821, 0.184961, 0]
2024-07-29 10:39:58,685 RobotKinematics.cpp:296 [INFO] controlValueCur_L: [-0.550674, -0.0312538, 0.0857406, 0.0857406, -0.361561, 1.47474, 0.190361, 0]
2024-07-29 10:39:58,690 RobotKinematics.cpp:296 [INFO] controlValueCur_L: [-0.493439, -0.0679474, 0.0346189, 0.0346189, -0.360058, 1.47191, 0.192305, 0]
2024-07-29 10:39:58,696 RobotKinematics.cpp:296 [INFO] controlValueCur_L: [-0.466522, -0.0462418, 0.0531688, 0.0531688, -0.358686, 1.46918, 0.193884, 0]
2024-07-29 10:39:58,701 RobotKinematics.cpp:296 [INFO] controlValueCur_L: [-0.459534, -0.0694351, 0.041028, 0.041028, -0.357432, 1.46594, 0.194715, 0]
2024-07-29 10:39:58,706 RobotKinematics.cpp:296 [INFO] controlValueCur_L: [-0.492081, -0.0562477, -0.0190215, -0.0190215, -0.356436, 1.46441, 0.195044, 0]
2024-07-29 10:39:58,711 RobotKinematics.cpp:296 [INFO] controlValueCur_L: [-0.595642, -0.0829353, 0.00217676, 0.00217676, -0.355839, 1.46289, 0.195429, 0]
2024-07-29 10:39:58,716 RobotKinematics.cpp:296 [INFO] controlValueCur_L: [-0.658676, -0.0638542, 0.00646639, 0.00646639, -0.355473, 1.46095, 0.196203, 0]
2024-07-29 10:39:58,721 RobotKinematics.cpp:296 [INFO] controlValueCur_L: [-0.707825, -0.0808029, 0.0278578, 0.0278578, -0.355498, 1.45892, 0.197559, 0]
2024-07-29 10:39:58,727 RobotKinematics.cpp:296 [INFO] controlValueCur_L: [-0.700836, -0.0699234, 0.0162592, 0.0162592, -0.355294, 1.45524, 0.200424, 0]
2024-07-29 10:39:58,732 RobotKinematics.cpp:296 [INFO] controlValueCur_L: [-0.693512, -0.0571136, 0.0327601, 0.0327601, -0.355221, 1.45393, 0.201742, 0]
2024-07-29 10:39:58,737 RobotKinematics.cpp:296 [INFO] controlValueCur_L: [-0.68013, -0.0719604, 0.0477524, 0.0477524, -0.355795, 1.45263, 0.203075, 0]
2024-07-29 10:39:58,742 RobotKinematics.cpp:296 [INFO] controlValueCur_L: [-0.638336, -0.0635338, 0.021389, 0.021389, -0.355876, 1.45014, 0.206905, 0]
2024-07-29 10:39:58,747 RobotKinematics.cpp:296 [INFO] controlValueCur_L: [-0.638336, -0.0635338, 0.021389, 0.021389, -0.355876, 1.45014, 0.206905, 0]
2024-07-29 10:39:58,753 RobotKinematics.cpp:296 [INFO] controlValueCur_L: [-0.667389, -0.0655937, 0.0270166, 0.0270166, -0.355133, 1.44719, 0.211304, 0]
2024-07-29 10:39:58,758 RobotKinematics.cpp:296 [INFO] controlValueCur_L: [-0.683456, -0.0404282, 0.0568986, 0.0568986, -0.3536, 1.44515, 0.213638, 0]
2024-07-29 10:39:58,763 RobotKinematics.cpp:296 [INFO] controlValueCur_L: [-0.684311, -0.0581818, 0.0566149, 0.0566149, -0.350954, 1.44229, 0.216251, 0]
2024-07-29 10:39:58,768 RobotKinematics.cpp:296 [INFO] controlValueCur_L: [-0.676483, -0.0591431, 0.0438781, 0.0438781, -0.347856, 1.43754, 0.219885, 0]
2024-07-29 10:39:58,773 RobotKinematics.cpp:296 [INFO] controlValueCur_L: [-0.674026, -0.0548058, 0.0483003, 0.0483003, -0.346216, 1.43526, 0.22109, 0]
2024-07-29 10:39:58,778 RobotKinematics.cpp:296 [INFO] controlValueCur_L: [-0.666656, -0.0578651, 0.0423493, 0.0423493, -0.344129, 1.433, 0.222467, 0]
2024-07-29 10:39:58,784 RobotKinematics.cpp:296 [INFO] controlValueCur_L: [-0.639908, -0.0431175, 0.0597472, 0.0597472, -0.340439, 1.42876, 0.224346, 0]
2024-07-29 10:39:58,789 RobotKinematics.cpp:296 [INFO] controlValueCur_L: [-0.639908, -0.0431175, 0.0597472, 0.0597472, -0.340439, 1.42876, 0.224346, 0]
2024-07-29 10:39:58,794 RobotKinematics.cpp:296 [INFO] controlValueCur_L: [-0.547379, -0.0343513, 0.0673099, 0.0673099, -0.334676, 1.42344, 0.226847, 0]
2024-07-29 10:39:58,799 RobotKinematics.cpp:296 [INFO] controlValueCur_L: [-0.467422, -0.0339355, 0.0651679, 0.0651679, -0.332917, 1.42103, 0.227373, 0]
2024-07-29 10:39:58,804 RobotKinematics.cpp:296 [INFO] controlValueCur_L: [-0.338501, -0.0318108, 0.0532174, 0.0532174, -0.329983, 1.41878, 0.228148, 0]
2024-07-29 10:39:58,810 RobotKinematics.cpp:296 [INFO] controlValueCur_L: [-0.238159, 0.00201797, 0.0929046, 0.0929046, -0.3263, 1.41558, 0.22768, 0]
2024-07-29 10:39:58,815 RobotKinematics.cpp:296 [INFO] controlValueCur_L: [-0.164978, -0.0217094, 0.0537057, 0.0537057, -0.324265, 1.41418, 0.227118, 0]
2024-07-29 10:39:58,820 RobotKinematics.cpp:296 [INFO] controlValueCur_L: [-0.13356, 0.0171776, 0.0406904, 0.0406904, -0.322228, 1.41281, 0.226507, 0]
2024-07-29 10:39:58,825 RobotKinematics.cpp:296 [INFO] controlValueCur_L: [-0.165756, -0.0675049, 0.0465803, 0.0465803, -0.315388, 1.40978, 0.224623, 0]
2024-07-29 10:39:58,830 RobotKinematics.cpp:296 [INFO] controlValueCur_L: [-0.165756, -0.0675049, 0.0465803, 0.0465803, -0.315388, 1.40978, 0.224623, 0]
2024-07-29 10:39:58,836 RobotKinematics.cpp:296 [INFO] controlValueCur_L: [-0.174438, -0.0263329, 0.00224543, 0.00224543, -0.309809, 1.40668, 0.220898, 0]
2024-07-29 10:39:58,841 RobotKinematics.cpp:296 [INFO] controlValueCur_L: [-0.252335, -0.0383644, 0.0501237, 0.0501237, -0.307003, 1.40516, 0.219, 0]
2024-07-29 10:39:58,846 RobotKinematics.cpp:296 [INFO] controlValueCur_L: [-0.288116, -0.0308571, 0.00813675, 0.00813675, -0.30388, 1.40356, 0.217783, 0]
2024-07-29 10:39:58,851 RobotKinematics.cpp:296 [INFO] controlValueCur_L: [-0.342148, -0.020401, -0.00632, -0.00632, -0.30194, 1.40263, 0.215836, 0]
2024-07-29 10:39:58,856 RobotKinematics.cpp:296 [INFO] controlValueCur_L: [-0.348038, -0.0277443, -0.0291944, -0.0291944, -0.297853, 1.4007, 0.213348, 0]
2024-07-29 10:39:58,862 RobotKinematics.cpp:296 [INFO] controlValueCur_L: [-0.378845, -0.0164032, -0.0362539, -0.0362539, -0.296154, 1.40002, 0.212204, 0]
2024-07-29 10:39:58,867 RobotKinematics.cpp:296 [INFO] controlValueCur_L: [-0.434509, -0.049614, -0.031373, -0.031373, -0.294358, 1.39923, 0.210903, 0]
2024-07-29 10:39:58,872 RobotKinematics.cpp:296 [INFO] controlValueCur_L: [-0.459061, -0.0183372, -0.0299258, -0.0299258, -0.29247, 1.39882, 0.209846, 0]
2024-07-29 10:39:58,877 RobotKinematics.cpp:296 [INFO] controlValueCur_L: [-0.482925, -0.0363922, 0.00286293, 0.00286293, -0.288948, 1.39719, 0.208206, 0]
2024-07-29 10:39:58,882 RobotKinematics.cpp:296 [INFO] controlValueCur_L: [-0.46489, -0.0313225, 0.00360298, 0.00360298, -0.286507, 1.39663, 0.2075, 0]
2024-07-29 10:39:58,888 RobotKinematics.cpp:296 [INFO] controlValueCur_L: [-0.46312, -0.0360756, 0.00429583, 0.00429583, -0.283781, 1.39551, 0.207018, 0]
2024-07-29 10:39:58,893 RobotKinematics.cpp:296 [INFO] controlValueCur_L: [-0.426376, -0.0387115, 0.00801277, 0.00801277, -0.275175, 1.39146, 0.205667, 0]
2024-07-29 10:39:58,898 RobotKinematics.cpp:296 [INFO] controlValueCur_L: [-0.400772, -0.0350761, -0.00295067, -0.00295067, -0.270557, 1.38937, 0.203903, 0]
2024-07-29 10:39:58,903 RobotKinematics.cpp:296 [INFO] controlValueCur_L: [-0.403503, -0.0372124, 0.00045681, 0.00045681, -0.265611, 1.38633, 0.202763, 0]
2024-07-29 10:39:58,908 RobotKinematics.cpp:296 [INFO] controlValueCur_L: [-0.414307, -0.0366936, -0.00123501, -0.00123501, -0.26056, 1.38337, 0.20142, 0]
2024-07-29 10:39:58,913 RobotKinematics.cpp:296 [INFO] controlValueCur_L: [-0.421402, -0.0365791, -0.00705767, -0.00705767, -0.251078, 1.37805, 0.199068, 0]
2024-07-29 10:39:58,919 RobotKinematics.cpp:296 [INFO] controlValueCur_L: [-0.433762, -0.0414314, 0.00038147, 0.00038147, -0.246362, 1.3753, 0.198078, 0]
2024-07-29 10:39:58,924 RobotKinematics.cpp:296 [INFO] controlValueCur_L: [-0.448318, -0.0506859, 0.00140524, 0.00140524, -0.241498, 1.37302, 0.196274, 0]
2024-07-29 10:39:58,929 RobotKinematics.cpp:296 [INFO] controlValueCur_L: [-0.465714, -0.0501633, 0.00471735, 0.00471735, -0.235525, 1.36956, 0.195208, 0]
2024-07-29 10:39:58,934 RobotKinematics.cpp:296 [INFO] controlValueCur_L: [-0.479263, -0.0517693, 0.00756884, 0.00756884, -0.225849, 1.36468, 0.189857, 0]
2024-07-29 10:39:58,939 RobotKinematics.cpp:296 [INFO] controlValueCur_L: [-0.479263, -0.0517693, 0.00756884, 0.00756884, -0.225849, 1.36468, 0.189857, 0]
2024-07-29 10:39:58,945 RobotKinematics.cpp:296 [INFO] controlValueCur_L: [-0.536652, -0.0536041, -0.00764227, -0.00764227, -0.215014, 1.35769, 0.185314, 0]
2024-07-29 10:39:58,950 RobotKinematics.cpp:296 [INFO] controlValueCur_L: [-0.620865, -0.0550613, -0.0161667, -0.0161667, -0.20999, 1.35496, 0.183174, 0]
2024-07-29 10:39:58,955 RobotKinematics.cpp:296 [INFO] controlValueCur_L: [-0.840149, -0.101021, 0.0408292, 0.0408292, -0.204332, 1.35102, 0.181086, 0]
2024-07-29 10:39:58,960 RobotKinematics.cpp:296 [INFO] controlValueCur_L: [-1.21539, -0.159294, 0.0143461, 0.0143461, -0.19303, 1.34161, 0.176729, 0]
2024-07-29 10:39:58,965 RobotKinematics.cpp:296 [INFO] controlValueCur_L: [-1.40094, -0.0906296, 0.0765028, 0.0765028, -0.186233, 1.33635, 0.174143, 0]
2024-07-29 10:39:58,970 RobotKinematics.cpp:296 [INFO] controlValueCur_L: [-1.45021, -0.0380211, -0.00193071, -0.00193071, -0.180186, 1.33034, 0.171593, 0]
2024-07-29 10:39:58,976 RobotKinematics.cpp:296 [INFO] controlValueCur_L: [-1.67191, -0.0926933, 0.0540791, 0.0540791, -0.167994, 1.31783, 0.167791, 0]
2024-07-29 10:39:58,981 RobotKinematics.cpp:296 [INFO] controlValueCur_L: [-1.67191, -0.0926933, 0.0540791, 0.0540791, -0.167994, 1.31783, 0.167791, 0]
2024-07-29 10:39:58,986 RobotKinematics.cpp:296 [INFO] controlValueCur_L: [-1.60338, -0.0801468, 0.0505843, 0.0505843, -0.153103, 1.30248, 0.165243, 0]
2024-07-29 10:39:58,991 RobotKinematics.cpp:296 [INFO] controlValueCur_L: [-1.60162, -0.0641708, 0.038991, 0.038991, -0.144552, 1.29249, 0.163736, 0]
2024-07-29 10:39:58,996 RobotKinematics.cpp:296 [INFO] controlValueCur_L: [-1.64352, -0.0578461, 0.0947809, 0.0947809, -0.137719, 1.28241, 0.161516, 0]
2024-07-29 10:39:59,001 RobotKinematics.cpp:296 [INFO] controlValueCur_L: [-1.65343, -0.111427, 0.0827379, 0.0827379, -0.129508, 1.26979, 0.155781, 0]
2024-07-29 10:39:59,007 RobotKinematics.cpp:296 [INFO] controlValueCur_L: [-1.6757, -0.146309, 0.107067, 0.107067, -0.125675, 1.26667, 0.154823, 0]
2024-07-29 10:39:59,012 RobotKinematics.cpp:296 [INFO] controlValueCur_L: [-1.67705, -0.122726, 0.0951443, 0.0951443, -0.123765, 1.26504, 0.153854, 0]
2024-07-29 10:39:59,017 RobotKinematics.cpp:296 [INFO] controlValueCur_L: [-1.63142, -0.131397, 0.0524554, 0.0524554, -0.1192, 1.2609, 0.153616, 0]
2024-07-29 10:39:59,022 RobotKinematics.cpp:296 [INFO] controlValueCur_L: [-1.63142, -0.131397, 0.0524554, 0.0524554, -0.1192, 1.2609, 0.153616, 0]
2024-07-29 10:39:59,027 RobotKinematics.cpp:296 [INFO] controlValueCur_L: [-1.63127, -0.11359, 0.036303, 0.036303, -0.115058, 1.25654, 0.152546, 0]
2024-07-29 10:39:59,033 RobotKinematics.cpp:296 [INFO] controlValueCur_L: [-1.67502, -0.162647, 0.0878682, 0.0878682, -0.113853, 1.25521, 0.151697, 0]
2024-07-29 10:39:59,038 RobotKinematics.cpp:296 [INFO] controlValueCur_L: [-1.66524, -0.128502, 0.0675097, 0.0675097, -0.112026, 1.25325, 0.152235, 0]
2024-07-29 10:39:59,043 RobotKinematics.cpp:296 [INFO] controlValueCur_L: [-1.62392, -0.130562, 0.089395, 0.089395, -0.110914, 1.25076, 0.152067, 0]
2024-07-29 10:39:59,048 RobotKinematics.cpp:296 [INFO] controlValueCur_L: [-1.59843, -0.0828552, 0.0714326, 0.0714326, -0.109983, 1.24976, 0.151901, 0]
2024-07-29 10:39:59,053 RobotKinematics.cpp:296 [INFO] controlValueCur_L: [-1.54881, -0.113255, 0.0808878, 0.0808878, -0.109368, 1.24833, 0.152174, 0]
2024-07-29 10:39:59,058 RobotKinematics.cpp:296 [INFO] controlValueCur_L: [-1.50452, -0.0988541, 0.0706625, 0.0706625, -0.110174, 1.24835, 0.15136, 0]
2024-07-29 10:39:59,064 RobotKinematics.cpp:296 [INFO] controlValueCur_L: [-1.47083, -0.109264, 0.0719552, 0.0719552, -0.110081, 1.24735, 0.151083, 0]
2024-07-29 10:39:59,069 RobotKinematics.cpp:296 [INFO] controlValueCur_L: [-1.37878, -0.128578, 0.0441108, 0.0441108, -0.108768, 1.249, 0.149538, 0]
2024-07-29 10:39:59,074 RobotKinematics.cpp:296 [INFO] controlValueCur_L: [-1.35716, -0.131641, 0.0909653, 0.0909653, -0.10777, 1.25109, 0.146397, 0]
2024-07-29 10:39:59,079 RobotKinematics.cpp:296 [INFO] controlValueCur_L: [-1.25832, -0.11832, 0.0496864, 0.0496864, -0.107792, 1.25302, 0.141397, 0]
2024-07-29 10:39:59,084 RobotKinematics.cpp:296 [INFO] controlValueCur_L: [-1.19022, -0.121677, 0.068615, 0.068615, -0.106091, 1.25452, 0.137051, 0]
2024-07-29 10:39:59,090 RobotKinematics.cpp:296 [INFO] controlValueCur_L: [-0.909836, -0.127892, 0.00999784, 0.00999784, -0.104007, 1.25657, 0.130926, 0]
2024-07-29 10:39:59,095 RobotKinematics.cpp:296 [INFO] controlValueCur_L: [-0.818619, -0.120514, 0.0470529, 0.0470529, -0.104198, 1.25742, 0.129326, 0]
2024-07-29 10:39:59,100 RobotKinematics.cpp:296 [INFO] controlValueCur_L: [-0.639069, -0.0569191, 0.00611162, 0.00611162, -0.103868, 1.25878, 0.128363, 0]
2024-07-29 10:39:59,105 RobotKinematics.cpp:296 [INFO] controlValueCur_L: [-0.503769, -0.0152512, 0.0312839, 0.0312839, -0.102984, 1.2601, 0.127211, 0]
2024-07-29 10:39:59,110 RobotKinematics.cpp:296 [INFO] controlValueCur_L: [-0.350342, -0.0455399, 0.0223808, 0.0223808, -0.10341, 1.2652, 0.121174, 0]
2024-07-29 10:39:59,116 RobotKinematics.cpp:296 [INFO] controlValueCur_L: [-0.256744, -0.0381088, -0.031116, -0.031116, -0.10321, 1.26799, 0.11722, 0]
2024-07-29 10:39:59,121 RobotKinematics.cpp:296 [INFO] controlValueCur_L: [-0.194595, 0.0219307, 0.00213146, 0.00213146, -0.10302, 1.27058, 0.113325, 0]
2024-07-29 10:39:59,126 RobotKinematics.cpp:296 [INFO] controlValueCur_L: [-0.185532, -0.00419998, -0.0631976, -0.0631976, -0.102228, 1.27275, 0.109482, 0]
2024-07-29 10:39:59,131 RobotKinematics.cpp:296 [INFO] controlValueCur_L: [-0.324753, 0.0521584, 0.0078702, 0.0078702, -0.100428, 1.27704, 0.101158, 0]
2024-07-29 10:39:59,136 RobotKinematics.cpp:296 [INFO] controlValueCur_L: [-0.431854, -0.0428963, -0.0672183, -0.0672183, -0.0997066, 1.27927, 0.0968056, 0]
2024-07-29 10:39:59,141 RobotKinematics.cpp:296 [INFO] controlValueCur_L: [-0.631638, -0.0297966, 0.0175586, 0.0175586, -0.0988178, 1.28106, 0.0922012, 0]
2024-07-29 10:39:59,147 RobotKinematics.cpp:296 [INFO] controlValueCur_L: [-0.926254, -0.0849228, 0.0473957, 0.0473957, -0.0966558, 1.28299, 0.083065, 0]
2024-07-29 10:39:59,152 RobotKinematics.cpp:296 [INFO] controlValueCur_L: [-1.03748, -0.103588, 0.0320101, 0.0320101, -0.0942287, 1.28236, 0.0790672, 0]
2024-07-29 10:39:59,157 RobotKinematics.cpp:296 [INFO] controlValueCur_L: [-1.13368, -0.0830307, 0.0597301, 0.0597301, -0.093173, 1.28214, 0.0747528, 0]
2024-07-29 10:39:59,162 RobotKinematics.cpp:296 [INFO] controlValueCur_L: [-1.22017, -0.112995, 0.0869842, 0.0869842, -0.0904522, 1.28095, 0.0716667, 0]
2024-07-29 10:39:59,167 RobotKinematics.cpp:296 [INFO] controlValueCur_L: [-1.3569, -0.113655, 0.0606585, 0.0606585, -0.0892248, 1.27855, 0.065136, 0]
2024-07-29 10:39:59,173 RobotKinematics.cpp:296 [INFO] controlValueCur_L: [-1.3569, -0.113655, 0.0606585, 0.0606585, -0.0892248, 1.27855, 0.065136, 0]
2024-07-29 10:39:59,178 RobotKinematics.cpp:296 [INFO] controlValueCur_L: [-1.40428, -0.0918732, 0.0402613, 0.0402613, -0.0835981, 1.27352, 0.0612545, 0]
2024-07-29 10:39:59,183 RobotKinematics.cpp:296 [INFO] controlValueCur_L: [-1.44038, -0.134548, 0.0344868, 0.0344868, -0.0816259, 1.27174, 0.0586681, 0]
2024-07-29 10:39:59,188 RobotKinematics.cpp:296 [INFO] controlValueCur_L: [-1.46315, -0.128845, 0.0261459, 0.0261459, -0.0791407, 1.26929, 0.0566578, 0]
2024-07-29 10:39:59,193 RobotKinematics.cpp:296 [INFO] controlValueCur_L: [-1.43663, -0.131573, 0.0206079, 0.0206079, -0.074194, 1.26465, 0.0524502, 0]
2024-07-29 10:39:59,199 RobotKinematics.cpp:296 [INFO] controlValueCur_L: [-1.39996, -0.141735, 0.0266213, 0.0266213, -0.0727682, 1.26237, 0.0499725, 0]
2024-07-29 10:39:59,204 RobotKinematics.cpp:296 [INFO] controlValueCur_L: [-1.35022, -0.132626, 0.00343561, 0.00343561, -0.071826, 1.26081, 0.0474606, 0]
2024-07-29 10:39:59,209 RobotKinematics.cpp:296 [INFO] controlValueCur_L: [-1.35071, -0.132786, 0.0264821, 0.0264821, -0.0673723, 1.25451, 0.0445271, 0]
2024-07-29 10:39:59,214 RobotKinematics.cpp:296 [INFO] controlValueCur_L: [-1.35071, -0.132786, 0.0264821, 0.0264821, -0.0673723, 1.25451, 0.0445271, 0]
2024-07-29 10:39:59,219 RobotKinematics.cpp:296 [INFO] controlValueCur_L: [-1.31999, -0.118771, 0.0279074, 0.0279074, -0.0655746, 1.25011, 0.0419598, 0]
2024-07-29 10:39:59,225 RobotKinematics.cpp:296 [INFO] controlValueCur_L: [-1.33017, -0.120609, 0.0274301, 0.0274301, -0.0650444, 1.24894, 0.0409317, 0]
2024-07-29 10:39:59,230 RobotKinematics.cpp:296 [INFO] controlValueCur_L: [-1.33055, -0.100719, 0.0433745, 0.0433745, -0.0648499, 1.24856, 0.0398731, 0]
2024-07-29 10:39:59,235 RobotKinematics.cpp:296 [INFO] controlValueCur_L: [-1.28217, -0.103951, 0.0253353, 0.0253353, -0.0612659, 1.25017, 0.0393391, 0]
2024-07-29 10:39:59,240 RobotKinematics.cpp:296 [INFO] controlValueCur_L: [-1.26138, -0.0996857, 0.0349445, 0.0349445, -0.0611639, 1.25195, 0.036993, 0]
2024-07-29 10:39:59,245 RobotKinematics.cpp:296 [INFO] controlValueCur_L: [-1.21562, -0.110336, 0.0263557, 0.0263557, -0.0614901, 1.25259, 0.0342007, 0]
2024-07-29 10:39:59,251 RobotKinematics.cpp:296 [INFO] controlValueCur_L: [-1.18306, -0.101601, 0.0332737, 0.0332737, -0.0613699, 1.25285, 0.0324135, 0]
2024-07-29 10:39:59,256 RobotKinematics.cpp:296 [INFO] controlValueCur_L: [-1.11807, -0.111111, 0.0293794, 0.0293794, -0.0611734, 1.25203, 0.0348396, 0]
2024-07-29 10:39:59,261 RobotKinematics.cpp:296 [INFO] controlValueCur_L: [-1.08272, -0.104748, 0.0234118, 0.0234118, -0.062026, 1.25188, 0.0362206, 0]
2024-07-29 10:39:59,266 RobotKinematics.cpp:296 [INFO] controlValueCur_L: [-1.09358, -0.120407, 0.0382037, 0.0382037, -0.0617437, 1.25189, 0.0371132, 0]
2024-07-29 10:39:59,271 RobotKinematics.cpp:296 [INFO] controlValueCur_L: [-1.12297, -0.117931, 0.0335779, 0.0335779, -0.0608253, 1.25158, 0.0373516, 0]
2024-07-29 10:39:59,277 RobotKinematics.cpp:296 [INFO] controlValueCur_L: [-1.10916, -0.106693, 0.033927, 0.033927, -0.0591164, 1.24983, 0.035532, 0]
2024-07-29 10:39:59,282 RobotKinematics.cpp:296 [INFO] controlValueCur_L: [-1.12329, -0.130081, 0.0504842, 0.0504842, -0.0570498, 1.24771, 0.0349426, 0]
2024-07-29 10:39:59,287 RobotKinematics.cpp:296 [INFO] controlValueCur_L: [-1.10791, -0.128521, 0.0519757, 0.0519757, -0.0547771, 1.24481, 0.0350189, 0]
2024-07-29 10:39:59,292 RobotKinematics.cpp:296 [INFO] controlValueCur_L: [-1.08746, -0.130501, 0.0399971, 0.0399971, -0.0527096, 1.24173, 0.0348606, 0]
2024-07-29 10:39:59,297 RobotKinematics.cpp:296 [INFO] controlValueCur_L: [-1.04237, -0.120201, 0.0368829, 0.0368829, -0.0477409, 1.23472, 0.0345745, 0]
2024-07-29 10:39:59,303 RobotKinematics.cpp:296 [INFO] controlValueCur_L: [-1.02586, -0.105625, 0.0549698, 0.0549698, -0.0448551, 1.23089, 0.034483, 0]
2024-07-29 10:39:59,308 RobotKinematics.cpp:296 [INFO] controlValueCur_L: [-1.02165, -0.0835075, 0.0939445, 0.0939445, -0.0414801, 1.22677, 0.0345058, 0]
2024-07-29 10:39:59,313 RobotKinematics.cpp:296 [INFO] controlValueCur_L: [-1.02165, -0.0835075, 0.0939445, 0.0939445, -0.0414801, 1.22677, 0.0345058, 0]
2024-07-29 10:39:59,318 RobotKinematics.cpp:296 [INFO] controlValueCur_L: [-0.979095, -0.0500412, 0.139469, 0.139469, -0.0344906, 1.21618, 0.0296268, 0]
2024-07-29 10:39:59,323 RobotKinematics.cpp:296 [INFO] controlValueCur_L: [-0.983246, -0.0182686, 0.158921, 0.158921, -0.0314064, 1.21519, 0.0274105, 0]
2024-07-29 10:39:59,329 RobotKinematics.cpp:296 [INFO] controlValueCur_L: [-0.94548, -0.0698433, 0.113197, 0.113197, -0.0293894, 1.2142, 0.0251102, 0]
2024-07-29 10:39:59,334 RobotKinematics.cpp:296 [INFO] controlValueCur_L: [-0.959656, -0.0439644, 0.126594, 0.126594, -0.0266542, 1.21317, 0.0232563, 0]
2024-07-29 10:39:59,339 RobotKinematics.cpp:296 [INFO] controlValueCur_L: [-0.915283, -0.0331726, 0.12293, 0.12293, -0.0232029, 1.21279, 0.0195618, 0]
2024-07-29 10:39:59,344 RobotKinematics.cpp:296 [INFO] controlValueCur_L: [-0.915283, -0.0331726, 0.12293, 0.12293, -0.0232029, 1.21279, 0.0195618, 0]
2024-07-29 10:39:59,349 RobotKinematics.cpp:296 [INFO] controlValueCur_L: [-0.851028, -0.0348778, 0.0846, 0.0846, -0.0190306, 1.21257, 0.0165215, 0]
2024-07-29 10:39:59,355 RobotKinematics.cpp:296 [INFO] controlValueCur_L: [-0.673126, -0.0556183, 0.0878315, 0.0878315, -0.0146465, 1.21223, 0.013382, 0]
2024-07-29 10:39:59,365 RobotKinematics.cpp:296 [INFO] controlValueCur_L: [-0.66333, -0.0316772, 0.0779123, 0.0779123, -0.00941467, 1.21131, 0.0103188, 0]
2024-07-29 10:39:59,370 RobotKinematics.cpp:296 [INFO] controlValueCur_L: [-0.656906, -0.0304451, 0.0578728, 0.0578728, -0.0058918, 1.21005, 0.00944519, 0]
2024-07-29 10:39:59,376 RobotKinematics.cpp:296 [INFO] controlValueCur_L: [-0.672333, -0.0617256, 0.0593596, 0.0593596, -0.00249195, 1.20942, 0.00837898, 0]
2024-07-29 10:39:59,381 RobotKinematics.cpp:296 [INFO] controlValueCur_L: [-0.653137, -0.054039, 0.0592957, 0.0592957, 0.00485516, 1.20834, 0.00687218, 0]
2024-07-29 10:39:59,386 RobotKinematics.cpp:296 [INFO] controlValueCur_L: [-0.608139, -0.0474014, 0.0498338, 0.0498338, 0.00846958, 1.20772, 0.00611115, 0]
2024-07-29 10:39:59,391 RobotKinematics.cpp:296 [INFO] controlValueCur_L: [-0.535034, -0.0679893, 0.0280547, 0.0280547, 0.0124369, 1.20703, 0.00565147, 0]
2024-07-29 10:39:59,396 RobotKinematics.cpp:296 [INFO] controlValueCur_L: [-0.2556, -0.000133514, 0.0453014, 0.0453014, 0.020318, 1.2063, 0.00440979, 0]
2024-07-29 10:39:59,402 RobotKinematics.cpp:296 [INFO] controlValueCur_L: [-0.2556, -0.000133514, 0.0453014, 0.0453014, 0.020318, 1.2063, 0.00440979, 0]
2024-07-29 10:39:59,407 RobotKinematics.cpp:296 [INFO] controlValueCur_L: [0.121017, 0.0548553, 0.0371504, 0.0371504, 0.027503, 1.20576, 0.00342751, 0]
2024-07-29 10:39:59,412 RobotKinematics.cpp:296 [INFO] controlValueCur_L: [0.317398, -0.0316467, 0.0203958, 0.0203958, 0.0316334, 1.20503, 0.00362587, 0]
2024-07-29 10:39:59,417 RobotKinematics.cpp:296 [INFO] controlValueCur_L: [0.480453, 0.13084, 0.0319829, 0.0319829, 0.0345898, 1.20555, 0.00332069, 0]
2024-07-29 10:39:59,422 RobotKinematics.cpp:296 [INFO] controlValueCur_L: [0.544128, 0.0567589, -0.0385346, -0.0385346, 0.0373621, 1.20606, 0.0030098, 0]
2024-07-29 10:39:59,428 RobotKinematics.cpp:296 [INFO] controlValueCur_L: [0.533188, 0.11031, -0.0395699, -0.0395699, 0.0438061, 1.20634, 0.00225639, 0]
2024-07-29 10:39:59,433 RobotKinematics.cpp:296 [INFO] controlValueCur_L: [0.480896, 0.151047, 0.0582714, 0.0582714, 0.0466738, 1.20712, 0.00163841, 0]
2024-07-29 10:39:59,438 RobotKinematics.cpp:296 [INFO] controlValueCur_L: [0.453156, 0.0802803, 0.0175681, 0.0175681, 0.0496283, 1.20733, 0.00160599, 0]
2024-07-29 10:39:59,443 RobotKinematics.cpp:296 [INFO] controlValueCur_L: [0.45134, 0.0754509, -0.0800037, -0.0800037, 0.0548325, 1.20679, 0.00109482, 0]
2024-07-29 10:39:59,448 RobotKinematics.cpp:296 [INFO] controlValueCur_L: [0.360657, 0.0594673, 0.0189524, 0.0189524, 0.0587339, 1.20612, 0.00164795, 0]
2024-07-29 10:39:59,453 RobotKinematics.cpp:296 [INFO] controlValueCur_L: [0.407379, 0.0575485, 0.00412416, 0.00412416, 0.0627737, 1.20498, 0.00219917, 0]
2024-07-29 10:39:59,459 RobotKinematics.cpp:296 [INFO] controlValueCur_L: [0.369888, 0.0461845, -0.0187654, -0.0187654, 0.0667419, 1.20357, 0.00231934, 0]
2024-07-29 10:39:59,464 RobotKinematics.cpp:296 [INFO] controlValueCur_L: [0.25621, 0.0638008, -0.0487299, -0.0487299, 0.0755806, 1.1995, 0.00143051, 0]
2024-07-29 10:39:59,469 RobotKinematics.cpp:296 [INFO] controlValueCur_L: [0.192169, 0.0664444, -0.039865, -0.039865, 0.0796776, 1.19726, 0.000673294, 0]
2024-07-29 10:39:59,474 RobotKinematics.cpp:296 [INFO] controlValueCur_L: [0.139221, 0.0416946, 0.0152712, 0.0152712, 0.0837765, 1.19506, -0.000219345, 0]
2024-07-29 10:39:59,479 RobotKinematics.cpp:296 [INFO] controlValueCur_L: [0.123703, 0.0397072, -0.0431852, -0.0431852, 0.0868769, 1.19312, -0.00164223, 0]
2024-07-29 10:39:59,485 RobotKinematics.cpp:296 [INFO] controlValueCur_L: [0.0331116, 0.0408897, -0.00710249, -0.00710249, 0.0930653, 1.18964, -0.00415993, 0]
2024-07-29 10:39:59,490 RobotKinematics.cpp:296 [INFO] controlValueCur_L: [-0.0548706, 0.0496635, 0.0128555, 0.0128555, 0.0958424, 1.18829, -0.00512505, 0]
2024-07-29 10:39:59,495 RobotKinematics.cpp:296 [INFO] controlValueCur_L: [-0.125351, 0.0493889, 0.00210667, 0.00210667, 0.0965757, 1.18808, -0.00654793, 0]
2024-07-29 10:39:59,500 RobotKinematics.cpp:296 [INFO] controlValueCur_L: [-0.226791, 0.0130424, 0.031137, 0.031137, 0.0984917, 1.18812, -0.00753021, 0]
2024-07-29 10:39:59,505 RobotKinematics.cpp:296 [INFO] controlValueCur_L: [-0.256638, 0.0189247, -0.00329304, -0.00329304, 0.100117, 1.18958, -0.0104485, 0]
2024-07-29 10:39:59,511 RobotKinematics.cpp:296 [INFO] controlValueCur_L: [-0.256638, 0.0189247, -0.00329304, -0.00329304, 0.100117, 1.18958, -0.0104485, 0]
2024-07-29 10:39:59,516 RobotKinematics.cpp:296 [INFO] controlValueCur_L: [-0.278763, 0.0190392, 0.0102596, 0.0102596, 0.100863, 1.19164, -0.0143929, 0]
2024-07-29 10:39:59,521 RobotKinematics.cpp:296 [INFO] controlValueCur_L: [-0.313492, -0.00705338, 0.0233703, 0.0233703, 0.100747, 1.19263, -0.0166721, 0]
2024-07-29 10:39:59,526 RobotKinematics.cpp:296 [INFO] controlValueCur_L: [-0.341843, 0.0107536, 0.0197086, 0.0197086, 0.100448, 1.19419, -0.0199375, 0]
2024-07-29 10:39:59,531 RobotKinematics.cpp:296 [INFO] controlValueCur_L: [-0.410583, -0.0121841, 0.0141363, 0.0141363, 0.0997066, 1.19672, -0.0252171, 0]
2024-07-29 10:39:59,536 RobotKinematics.cpp:296 [INFO] controlValueCur_L: [-0.450455, -0.0553665, 0.0106339, 0.0106339, 0.100348, 1.19707, -0.0264778, 0]
2024-07-29 10:39:59,542 RobotKinematics.cpp:296 [INFO] controlValueCur_L: [-0.4832, -0.0280457, -0.0442352, -0.0442352, 0.0996609, 1.19854, -0.0278416, 0]
2024-07-29 10:39:59,547 RobotKinematics.cpp:296 [INFO] controlValueCur_L: [-0.537354, -0.034462, -0.0312123, -0.0312123, 0.0980883, 1.20156, -0.029211, 0]
2024-07-29 10:39:59,552 RobotKinematics.cpp:296 [INFO] controlValueCur_L: [-0.537354, -0.034462, -0.0312123, -0.0312123, 0.0980883, 1.20156, -0.029211, 0]
2024-07-29 10:39:59,557 RobotKinematics.cpp:296 [INFO] controlValueCur_L: [-0.53804, -0.052021, -0.00870609, -0.00870609, 0.0967598, 1.20476, -0.0301743, 0]
2024-07-29 10:39:59,562 RobotKinematics.cpp:296 [INFO] controlValueCur_L: [-0.52124, -0.0178108, 0.0143714, 0.0143714, 0.096343, 1.2063, -0.0305405, 0]
2024-07-29 10:39:59,568 RobotKinematics.cpp:296 [INFO] controlValueCur_L: [-0.482986, -0.0252991, 0.00332165, 0.00332165, 0.0958652, 1.20801, -0.0312328, 0]
2024-07-29 10:39:59,573 RobotKinematics.cpp:296 [INFO] controlValueCur_L: [-0.466461, -0.0217323, -0.00230789, -0.00230789, 0.0945997, 1.21117, -0.0326843, 0]
2024-07-29 10:39:59,578 RobotKinematics.cpp:296 [INFO] controlValueCur_L: [-0.463089, -0.0280075, 0.0222831, 0.0222831, 0.0935793, 1.21314, -0.0334244, 0]
2024-07-29 10:39:59,583 RobotKinematics.cpp:296 [INFO] controlValueCur_L: [-0.471695, -0.0420227, 0.0176458, 0.0176458, 0.0927944, 1.21493, -0.0342827, 0]
2024-07-29 10:39:59,588 RobotKinematics.cpp:296 [INFO] controlValueCur_L: [-0.510712, -0.0381737, 0.0116343, 0.0116343, 0.0911465, 1.21845, -0.0367451, 0]
2024-07-29 10:39:59,594 RobotKinematics.cpp:296 [INFO] controlValueCur_L: [-0.510712, -0.0381737, 0.0116343, 0.0116343, 0.0911465, 1.21845, -0.0367451, 0]
2024-07-29 10:39:59,599 RobotKinematics.cpp:296 [INFO] controlValueCur_L: [-0.592819, -0.0264168, 0.00252533, 0.00252533, 0.0903959, 1.22026, -0.0410957, 0]
2024-07-29 10:39:59,604 RobotKinematics.cpp:296 [INFO] controlValueCur_L: [-0.617188, -0.00450134, 0.0308833, 0.0308833, 0.091548, 1.21984, -0.0437737, 0]
2024-07-29 10:39:59,609 RobotKinematics.cpp:296 [INFO] controlValueCur_L: [-0.628616, -0.0244217, 0.00937891, 0.00937891, 0.0924501, 1.2192, -0.0473862, 0]
2024-07-29 10:39:59,614 RobotKinematics.cpp:296 [INFO] controlValueCur_L: [-0.687637, -0.0401917, 0.0191064, 0.0191064, 0.094945, 1.2152, -0.0557022, 0]
2024-07-29 10:39:59,620 RobotKinematics.cpp:296 [INFO] controlValueCur_L: [-0.722656, -0.026207, 0.0362034, 0.0362034, 0.0955019, 1.21258, -0.0607567, 0]
2024-07-29 10:39:59,625 RobotKinematics.cpp:296 [INFO] controlValueCur_L: [-0.732849, -0.0466805, 0.0351644, 0.0351644, 0.0983191, 1.20843, -0.0647831, 0]
2024-07-29 10:39:59,630 RobotKinematics.cpp:296 [INFO] controlValueCur_L: [-0.707306, -0.0379448, 0.0189185, 0.0189185, 0.103628, 1.19953, -0.0739498, 0]
2024-07-29 10:39:59,635 RobotKinematics.cpp:296 [INFO] controlValueCur_L: [-0.757156, -0.0465927, 0.0141916, 0.0141916, 0.105914, 1.19529, -0.0793591, 0]
2024-07-29 10:39:59,641 RobotKinematics.cpp:296 [INFO] controlValueCur_L: [-0.837158, -0.0520287, 0.0245209, 0.0245209, 0.109144, 1.19081, -0.0847244, 0]
2024-07-29 10:39:59,646 RobotKinematics.cpp:296 [INFO] controlValueCur_L: [-0.924286, -0.08284, 0.0202646, 0.0202646, 0.11117, 1.18623, -0.0904789, 0]
2024-07-29 10:39:59,651 RobotKinematics.cpp:296 [INFO] controlValueCur_L: [-1.00833, -0.0396614, 0.0560637, 0.0560637, 0.113552, 1.18237, -0.0962334, 0]
2024-07-29 10:39:59,656 RobotKinematics.cpp:296 [INFO] controlValueCur_L: [-1.05594, -0.0969543, 0.0969081, 0.0969081, 0.117365, 1.17314, -0.108053, 0]
2024-07-29 10:39:59,661 RobotKinematics.cpp:296 [INFO] controlValueCur_L: [-1.06244, -0.0845299, 0.0518317, 0.0518317, 0.120989, 1.16667, -0.114029, 0]
2024-07-29 10:39:59,667 RobotKinematics.cpp:296 [INFO] controlValueCur_L: [-1.0927, -0.0629158, 0.0884633, 0.0884633, 0.123575, 1.16034, -0.12056, 0]
2024-07-29 10:39:59,672 RobotKinematics.cpp:296 [INFO] controlValueCur_L: [-1.03673, -0.0798569, 0.0861974, 0.0861974, 0.126154, 1.15283, -0.127647, 0]
2024-07-29 10:39:59,677 RobotKinematics.cpp:296 [INFO] controlValueCur_L: [-1.0195, -0.0912132, 0.0623388, 0.0623388, 0.133713, 1.13283, -0.143393, 0]
2024-07-29 10:39:59,682 RobotKinematics.cpp:296 [INFO] controlValueCur_L: [-1.05077, -0.127731, 0.0282106, 0.0282106, 0.138189, 1.12123, -0.151251, 0]
2024-07-29 10:39:59,687 RobotKinematics.cpp:296 [INFO] controlValueCur_L: [-1.12228, -0.141037, -0.008636, -0.008636, 0.141322, 1.1085, -0.158068, 0]
2024-07-29 10:39:59,692 RobotKinematics.cpp:296 [INFO] controlValueCur_L: [-1.14468, -0.179989, 0.0116549, 0.0116549, 0.14526, 1.09384, -0.163872, 0]
2024-07-29 10:39:59,698 RobotKinematics.cpp:296 [INFO] controlValueCur_L: [-1.18709, -0.155506, -0.0154243, -0.0154243, 0.151571, 1.05393, -0.169477, 0]
2024-07-29 10:39:59,703 RobotKinematics.cpp:296 [INFO] controlValueCur_L: [-1.22525, -0.103497, 0.00333357, 0.00333357, 0.15438, 1.02715, -0.168255, 0]
2024-07-29 10:39:59,708 RobotKinematics.cpp:296 [INFO] controlValueCur_L: [-1.27507, -0.166546, -0.00775719, -0.00775719, 0.159948, 0.99713, -0.164488, 0]
2024-07-29 10:39:59,713 RobotKinematics.cpp:296 [INFO] controlValueCur_L: [-1.3167, -0.142693, 0.0365582, 0.0365582, 0.171175, 0.965266, -0.157717, 0]
2024-07-29 10:39:59,718 RobotKinematics.cpp:296 [INFO] controlValueCur_L: [-1.39664, -0.165955, 0.0473757, 0.0473757, 0.195794, 0.890751, -0.133738, 0]
2024-07-29 10:39:59,724 RobotKinematics.cpp:296 [INFO] controlValueCur_L: [-1.45871, -0.170353, 0.0944114, 0.0944114, 0.207649, 0.850395, -0.118778, 0]
2024-07-29 10:39:59,729 RobotKinematics.cpp:296 [INFO] controlValueCur_L: [-1.44612, -0.171894, 0.0526628, 0.0526628, 0.220901, 0.804362, -0.101791, 0]
2024-07-29 10:39:59,734 RobotKinematics.cpp:296 [INFO] controlValueCur_L: [-1.49747, -0.18998, 0.135603, 0.135603, 0.235686, 0.755108, -0.0827293, 0]
2024-07-29 10:39:59,739 RobotKinematics.cpp:296 [INFO] controlValueCur_L: [-1.52744, -0.159702, 0.161857, 0.161857, 0.267522, 0.646513, -0.0349636, 0]
2024-07-29 10:39:59,744 RobotKinematics.cpp:296 [INFO] controlValueCur_L: [-1.52744, -0.159702, 0.161857, 0.161857, 0.267522, 0.646513, -0.0349636, 0]
2024-07-29 10:39:59,750 RobotKinematics.cpp:296 [INFO] controlValueCur_L: [-1.51469, -0.129902, 0.0991039, 0.0991039, 0.298938, 0.534937, 0.0278149, 0]
2024-07-29 10:39:59,755 RobotKinematics.cpp:296 [INFO] controlValueCur_L: [-1.5383, -0.0971794, 0.0759511, 0.0759511, 0.313725, 0.478036, 0.0638447, 0]
2024-07-29 10:39:59,760 RobotKinematics.cpp:296 [INFO] controlValueCur_L: [-1.5047, -0.115959, 0.0700526, 0.0700526, 0.322598, 0.422995, 0.0975075, 0]
2024-07-29 10:39:59,765 RobotKinematics.cpp:296 [INFO] controlValueCur_L: [-1.57008, -0.118732, 0.084465, 0.084465, 0.337692, 0.315515, 0.145096, 0]
2024-07-29 10:39:59,770 RobotKinematics.cpp:296 [INFO] controlValueCur_L: [-1.61818, -0.0909042, 0.070694, 0.070694, 0.345035, 0.259257, 0.15468, 0]
2024-07-29 10:39:59,776 RobotKinematics.cpp:296 [INFO] controlValueCur_L: [-1.65561, -0.12875, 0.0869002, 0.0869002, 0.350844, 0.20611, 0.152304, 0]
2024-07-29 10:39:59,781 RobotKinematics.cpp:296 [INFO] controlValueCur_L: [-1.66544, -0.118942, 0.0834174, 0.0834174, 0.364532, 0.0918131, 0.133097, 0]
2024-07-29 10:39:59,786 RobotKinematics.cpp:296 [INFO] controlValueCur_L: [-1.66371, -0.131432, 0.059557, 0.059557, 0.370705, 0.0329175, 0.122194, 0]
2024-07-29 10:39:59,791 RobotKinematics.cpp:296 [INFO] controlValueCur_L: [-1.71643, -0.131813, 0.0828581, 0.0828581, 0.374288, -0.0233684, 0.112038, 0]
2024-07-29 10:39:59,796 RobotKinematics.cpp:296 [INFO] controlValueCur_L: [-1.73915, -0.0863533, 0.0899096, 0.0899096, 0.378917, -0.133599, 0.101704, 0]
2024-07-29 10:39:59,801 RobotKinematics.cpp:296 [INFO] controlValueCur_L: [-1.73915, -0.0863533, 0.0899096, 0.0899096, 0.378917, -0.133599, 0.101704, 0]
2024-07-29 10:39:59,807 RobotKinematics.cpp:296 [INFO] controlValueCur_L: [-1.67255, -0.0901718, 0.0964742, 0.0964742, 0.376633, -0.234879, 0.114613, 0]
2024-07-29 10:39:59,812 RobotKinematics.cpp:296 [INFO] controlValueCur_L: [-1.59567, -0.0968513, 0.0593281, 0.0593281, 0.372336, -0.280455, 0.126162, 0]
2024-07-29 10:39:59,817 RobotKinematics.cpp:296 [INFO] controlValueCur_L: [-1.57884, -0.109867, 0.110158, 0.110158, 0.365845, -0.320784, 0.136574, 0]
2024-07-29 10:39:59,822 RobotKinematics.cpp:296 [INFO] controlValueCur_L: [-1.42519, -0.0909653, 0.070169, 0.070169, 0.351207, -0.394998, 0.151812, 0]
2024-07-29 10:39:59,827 RobotKinematics.cpp:296 [INFO] controlValueCur_L: [-1.39693, -0.0976639, 0.0548801, 0.0548801, 0.342133, -0.428591, 0.150368, 0]
2024-07-29 10:39:59,833 RobotKinematics.cpp:296 [INFO] controlValueCur_L: [-1.38451, -0.0991821, 0.0636134, 0.0636134, 0.333027, -0.460088, 0.140106, 0]
2024-07-29 10:39:59,838 RobotKinematics.cpp:296 [INFO] controlValueCur_L: [-1.40326, -0.087368, 0.0631905, 0.0631905, 0.319357, -0.528104, 0.109049, 0]
2024-07-29 10:39:59,843 RobotKinematics.cpp:296 [INFO] controlValueCur_L: [-1.40326, -0.087368, 0.0631905, 0.0631905, 0.319357, -0.528104, 0.109049, 0]
2024-07-29 10:39:59,848 RobotKinematics.cpp:296 [INFO] controlValueCur_L: [-1.44942, -0.0912399, 0.0797396, 0.0797396, 0.30811, -0.607311, 0.0796051, 0]
2024-07-29 10:39:59,853 RobotKinematics.cpp:296 [INFO] controlValueCur_L: [-1.4516, -0.103718, 0.0445752, 0.0445752, 0.304695, -0.65073, 0.066927, 0]
2024-07-29 10:39:59,859 RobotKinematics.cpp:296 [INFO] controlValueCur_L: [-1.46744, -0.0915222, 0.0574508, 0.0574508, 0.300555, -0.692396, 0.0537128, 0]
2024-07-29 10:39:59,864 RobotKinematics.cpp:296 [INFO] controlValueCur_L: [-1.43732, -0.0999718, 0.0528216, 0.0528216, 0.298549, -0.738013, 0.041214, 0]
2024-07-29 10:39:59,869 RobotKinematics.cpp:296 [INFO] controlValueCur_L: [-1.36122, -0.079525, 0.0444679, 0.0444679, 0.300562, -0.82997, 0.0134506, 0]
2024-07-29 10:39:59,874 RobotKinematics.cpp:296 [INFO] controlValueCur_L: [-1.32791, -0.0905762, 0.0627737, 0.0627737, 0.304288, -0.880908, -0.000465393, 0]
2024-07-29 10:39:59,879 RobotKinematics.cpp:296 [INFO] controlValueCur_L: [-1.27829, -0.0748558, 0.0399022, 0.0399022, 0.307387, -0.932522, -0.0158195, 0]
2024-07-29 10:39:59,884 RobotKinematics.cpp:296 [INFO] controlValueCur_L: [-1.23953, -0.0653725, 0.0642118, 0.0642118, 0.312792, -0.984447, -0.0308437, 0]
2024-07-29 10:39:59,890 RobotKinematics.cpp:296 [INFO] controlValueCur_L: [-1.14684, -0.0628281, 0.022006, 0.022006, 0.320773, -1.0896, -0.0612106, 0]
2024-07-29 10:39:59,895 RobotKinematics.cpp:296 [INFO] controlValueCur_L: [-1.07664, -0.0742302, 0.0134382, 0.0134382, 0.322835, -1.14253, -0.0760307, 0]
2024-07-29 10:39:59,900 RobotKinematics.cpp:296 [INFO] controlValueCur_L: [-1.01071, -0.0554657, 0.0277939, 0.0277939, 0.326304, -1.1918, -0.0904102, 0]
2024-07-29 10:39:59,905 RobotKinematics.cpp:296 [INFO] controlValueCur_L: [-0.951996, -0.0515594, 0.0565276, 0.0565276, 0.327336, -1.2429, -0.104292, 0]
2024-07-29 10:39:59,910 RobotKinematics.cpp:296 [INFO] controlValueCur_L: [-0.925552, -0.0709686, -0.0103788, -0.0103788, 0.329479, -1.33205, -0.128233, 0]
2024-07-29 10:39:59,916 RobotKinematics.cpp:296 [INFO] controlValueCur_L: [-0.996307, -0.0884705, 0.0232077, 0.0232077, 0.329434, -1.36837, -0.137869, 0]
2024-07-29 10:39:59,921 RobotKinematics.cpp:296 [INFO] controlValueCur_L: [-1.03882, -0.104961, 0.0984926, 0.0984926, 0.327926, -1.39818, -0.146767, 0]
2024-07-29 10:39:59,926 RobotKinematics.cpp:296 [INFO] controlValueCur_L: [-1.04765, -0.102829, 0.0963416, 0.0963416, 0.330794, -1.44935, -0.161625, 0]
2024-07-29 10:39:59,931 RobotKinematics.cpp:296 [INFO] controlValueCur_L: [-1.03775, -0.115097, 0.0369697, 0.0369697, 0.333229, -1.47074, -0.168798, 0]
2024-07-29 10:39:59,936 RobotKinematics.cpp:296 [INFO] controlValueCur_L: [-1.07327, -0.107571, 0.0602751, 0.0602751, 0.334826, -1.492, -0.175575, 0]
2024-07-29 10:39:59,942 RobotKinematics.cpp:296 [INFO] controlValueCur_L: [-1.0798, -0.0898438, 0.0469499, 0.0469499, 0.338443, -1.51482, -0.180317, 0]
2024-07-29 10:39:59,947 RobotKinematics.cpp:296 [INFO] controlValueCur_L: [-1.12608, -0.113255, 0.0625763, 0.0625763, 0.34059, -1.56065, -0.187077, 0]
2024-07-29 10:39:59,952 RobotKinematics.cpp:296 [INFO] controlValueCur_L: [-1.12608, -0.113255, 0.0625763, 0.0625763, 0.34059, -1.56065, -0.187077, 0]
2024-07-29 10:39:59,957 RobotKinematics.cpp:296 [INFO] controlValueCur_L: [-1.20171, -0.11541, 0.0574231, 0.0574231, 0.337126, -1.60451, -0.199306, 0]
2024-07-29 10:39:59,962 RobotKinematics.cpp:296 [INFO] controlValueCur_L: [-1.24136, -0.10173, 0.0874681, 0.0874681, 0.334819, -1.62432, -0.207432, 0]
2024-07-29 10:39:59,967 RobotKinematics.cpp:296 [INFO] controlValueCur_L: [-1.29242, -0.107418, 0.103897, 0.103897, 0.333966, -1.64551, -0.215319, 0]
2024-07-29 10:39:59,973 RobotKinematics.cpp:296 [INFO] controlValueCur_L: [-1.35664, -0.106014, 0.0865736, 0.0865736, 0.329603, -1.68428, -0.233473, 0]
2024-07-29 10:39:59,978 RobotKinematics.cpp:296 [INFO] controlValueCur_L: [-1.38393, -0.0965195, 0.0931964, 0.0931964, 0.326761, -1.7016, -0.243599, 0]
2024-07-29 10:39:59,983 RobotKinematics.cpp:296 [INFO] controlValueCur_L: [-1.4283, -0.107262, 0.0931635, 0.0931635, 0.324621, -1.71921, -0.253347, 0]
2024-07-29 10:39:59,988 RobotKinematics.cpp:296 [INFO] controlValueCur_L: [-1.50017, -0.107212, 0.0973711, 0.0973711, 0.321434, -1.74749, -0.271442, 0]
2024-07-29 10:39:59,993 RobotKinematics.cpp:296 [INFO] controlValueCur_L: [-1.50017, -0.107212, 0.0973711, 0.0973711, 0.321434, -1.74749, -0.271442, 0]
2024-07-29 10:39:59,999 RobotKinematics.cpp:296 [INFO] controlValueCur_L: [-1.50676, -0.114326, 0.070178, 0.070178, 0.320782, -1.76597, -0.282955, 0]
2024-07-29 10:40:00,004 RobotKinematics.cpp:296 [INFO] controlValueCur_L: [-1.50676, -0.12442, 0.0958467, 0.0958467, 0.320837, -1.77271, -0.285044, 0]
2024-07-29 10:40:00,009 RobotKinematics.cpp:296 [INFO] controlValueCur_L: [-1.48952, -0.11058, 0.0614634, 0.0614634, 0.32375, -1.77726, -0.283564, 0]
2024-07-29 10:40:00,015 RobotKinematics.cpp:296 [INFO] controlValueCur_L: [-1.49709, -0.112053, 0.0562673, 0.0562673, 0.330024, -1.78223, -0.273125, 0]
2024-07-29 10:40:00,020 RobotKinematics.cpp:296 [INFO] controlValueCur_L: [-1.51802, -0.127468, 0.0615869, 0.0615869, 0.331673, -1.78488, -0.263359, 0]
2024-07-29 10:40:00,025 RobotKinematics.cpp:296 [INFO] controlValueCur_L: [-1.5276, -0.119774, 0.0772533, 0.0772533, 0.337582, -1.78356, -0.251556, 0]
2024-07-29 10:40:00,030 RobotKinematics.cpp:296 [INFO] controlValueCur_L: [-1.50864, -0.138218, 0.0704732, 0.0704732, 0.34559, -1.7806, -0.227692, 0]
2024-07-29 10:40:00,035 RobotKinematics.cpp:296 [INFO] controlValueCur_L: [-1.48273, -0.151859, 0.0693655, 0.0693655, 0.348748, -1.77748, -0.215172, 0]
2024-07-29 10:40:00,040 RobotKinematics.cpp:296 [INFO] controlValueCur_L: [-1.45042, -0.133949, 0.0430417, 0.0430417, 0.352822, -1.7729, -0.203039, 0]
2024-07-29 10:40:00,046 RobotKinematics.cpp:296 [INFO] controlValueCur_L: [-1.39273, -0.121197, 0.0438242, 0.0438242, 0.361168, -1.75845, -0.180189, 0]
2024-07-29 10:40:00,051 RobotKinematics.cpp:296 [INFO] controlValueCur_L: [-1.39273, -0.121197, 0.0438242, 0.0438242, 0.361168, -1.75845, -0.180189, 0]
2024-07-29 10:40:00,056 RobotKinematics.cpp:296 [INFO] controlValueCur_L: [-1.36833, -0.124985, 0.052649, 0.052649, 0.371467, -1.7409, -0.155024, 0]
2024-07-29 10:40:00,061 RobotKinematics.cpp:296 [INFO] controlValueCur_L: [-1.36414, -0.129856, 0.0611672, 0.0611672, 0.376002, -1.73112, -0.140985, 0]
2024-07-29 10:40:00,066 RobotKinematics.cpp:296 [INFO] controlValueCur_L: [-1.33856, -0.127689, 0.0557642, 0.0557642, 0.381034, -1.71914, -0.126652, 0]
2024-07-29 10:40:00,072 RobotKinematics.cpp:296 [INFO] controlValueCur_L: [-1.31566, -0.131256, 0.055119, 0.055119, 0.384768, -1.70549, -0.112003, 0]
2024-07-29 10:40:00,077 RobotKinematics.cpp:296 [INFO] controlValueCur_L: [-1.24207, -0.129761, 0.0554366, 0.0554366, 0.393414, -1.68473, -0.071476, 0]
2024-07-29 10:40:00,082 RobotKinematics.cpp:296 [INFO] controlValueCur_L: [-1.16246, -0.118553, 0.0656571, 0.0656571, 0.396942, -1.67364, -0.0457897, 0]
2024-07-29 10:40:00,087 RobotKinematics.cpp:296 [INFO] controlValueCur_L: [-1.05656, -0.0957832, 0.03334, 0.03334, 0.399349, -1.66195, -0.0168972, 0]
2024-07-29 10:40:00,092 RobotKinematics.cpp:296 [INFO] controlValueCur_L: [-0.962433, -0.0757942, 0.0647535, 0.0647535, 0.401434, -1.64822, 0.014761, 0]
2024-07-29 10:40:00,097 RobotKinematics.cpp:296 [INFO] controlValueCur_L: [-0.752228, -0.0755653, 0.00264072, 0.00264072, 0.40435, -1.61113, 0.0959129, 0]
2024-07-29 10:40:00,103 RobotKinematics.cpp:296 [INFO] controlValueCur_L: [-0.730621, -0.0474396, 0.0729027, 0.0729027, 0.403651, -1.58611, 0.146975, 0]
2024-07-29 10:40:00,108 RobotKinematics.cpp:296 [INFO] controlValueCur_L: [-0.720703, -0.0681534, 0.0471678, 0.0471678, 0.400654, -1.55843, 0.201199, 0]
2024-07-29 10:40:00,113 RobotKinematics.cpp:296 [INFO] controlValueCur_L: [-0.702011, -0.0509644, 0.091691, 0.091691, 0.395109, -1.52868, 0.255611, 0]
2024-07-29 10:40:00,118 RobotKinematics.cpp:296 [INFO] controlValueCur_L: [-0.602524, -0.0780716, 0.049602, 0.049602, 0.377097, -1.46654, 0.362022, 0]
2024-07-29 10:40:00,123 RobotKinematics.cpp:296 [INFO] controlValueCur_L: [-0.576157, -0.052948, 0.0326099, 0.0326099, 0.365572, -1.43502, 0.413694, 0]
2024-07-29 10:40:00,129 RobotKinematics.cpp:296 [INFO] controlValueCur_L: [-0.587982, -0.0985947, 0.0869851, 0.0869851, 0.351531, -1.40206, 0.463644, 0]
2024-07-29 10:40:00,134 RobotKinematics.cpp:296 [INFO] controlValueCur_L: [-0.538757, -0.0733833, 0.0242977, 0.0242977, 0.333339, -1.36331, 0.510416, 0]
2024-07-29 10:40:00,139 RobotKinematics.cpp:296 [INFO] controlValueCur_L: [-0.535294, -0.0569839, 0.0181561, 0.0181561, 0.290497, -1.26581, 0.593927, 0]
2024-07-29 10:40:00,144 RobotKinematics.cpp:296 [INFO] controlValueCur_L: [-0.535294, -0.0569839, 0.0181561, 0.0181561, 0.290497, -1.26581, 0.593927, 0]
2024-07-29 10:40:00,149 RobotKinematics.cpp:296 [INFO] controlValueCur_L: [-0.568253, -0.0475731, 0.00082159, 0.00082159, 0.252242, -1.14149, 0.664043, 0]
2024-07-29 10:40:00,154 RobotKinematics.cpp:296 [INFO] controlValueCur_L: [-0.600815, -0.12252, 0.0292892, 0.0292892, 0.232136, -1.07301, 0.693401, 0]
2024-07-29 10:40:00,160 RobotKinematics.cpp:296 [INFO] controlValueCur_L: [-0.65181, -0.0627861, 0.0275607, 0.0275607, 0.20817, -1.00139, 0.719265, 0]
2024-07-29 10:40:00,165 RobotKinematics.cpp:296 [INFO] controlValueCur_L: [-0.729553, -0.0590439, 0.00643492, 0.00643492, 0.144038, -0.844672, 0.761627, 0]
2024-07-29 10:40:00,170 RobotKinematics.cpp:296 [INFO] controlValueCur_L: [-0.743073, -0.0635185, 0.0316277, 0.0316277, 0.10526, -0.757846, 0.779991, 0]
2024-07-29 10:40:00,175 RobotKinematics.cpp:296 [INFO] controlValueCur_L: [-0.730759, -0.0785408, 0.0411077, 0.0411077, 0.0658617, -0.667939, 0.798233, 0]
2024-07-29 10:40:00,180 RobotKinematics.cpp:296 [INFO] controlValueCur_L: [-0.642746, -0.0712967, 0.0253959, 0.0253959, -0.0214701, -0.480076, 0.829647, 0]
2024-07-29 10:40:00,185 RobotKinematics.cpp:296 [INFO] controlValueCur_L: [-0.642746, -0.0712967, 0.0253959, 0.0253959, -0.0214701, -0.480076, 0.829647, 0]
2024-07-29 10:40:00,191 RobotKinematics.cpp:296 [INFO] controlValueCur_L: [-0.540695, -0.0484695, 0.0645857, 0.0645857, -0.112865, -0.300491, 0.861168, 0]
2024-07-29 10:40:00,196 RobotKinematics.cpp:296 [INFO] controlValueCur_L: [-0.3535, -0.0475769, 0.00342321, 0.00342321, -0.163072, -0.215976, 0.876198, 0]
2024-07-29 10:40:00,201 RobotKinematics.cpp:296 [INFO] controlValueCur_L: [-0.287384, 0.00683212, 0.0168519, 0.0168519, -0.210359, -0.14036, 0.892565, 0]
2024-07-29 10:40:00,206 RobotKinematics.cpp:296 [INFO] controlValueCur_L: [-0.160034, 0.040863, -0.025115, -0.025115, -0.304153, -0.00576401, 0.927105, 0]
2024-07-29 10:40:00,211 RobotKinematics.cpp:296 [INFO] controlValueCur_L: [-0.109558, 0.0484619, -0.0693221, -0.0693221, -0.346334, 0.051537, 0.945944, 0]
2024-07-29 10:40:00,217 RobotKinematics.cpp:296 [INFO] controlValueCur_L: [-0.0952454, -0.0129623, -0.0680227, -0.0680227, -0.382239, 0.103076, 0.9666, 0]
2024-07-29 10:40:00,222 RobotKinematics.cpp:296 [INFO] controlValueCur_L: [-0.224716, -0.0268173, -0.0741467, -0.0741467, -0.436198, 0.183838, 1.01164, 0]
2024-07-29 10:40:00,227 RobotKinematics.cpp:296 [INFO] controlValueCur_L: [-0.318527, -0.0154724, -0.101234, -0.101234, -0.45731, 0.212595, 1.03443, 0]
2024-07-29 10:40:00,232 RobotKinematics.cpp:296 [INFO] controlValueCur_L: [-0.417786, -0.0152283, -0.0733919, -0.0733919, -0.467964, 0.234947, 1.05785, 0]
2024-07-29 10:40:00,237 RobotKinematics.cpp:296 [INFO] controlValueCur_L: [-0.462418, -0.0530968, -0.0349507, -0.0349507, -0.481135, 0.261236, 1.10138, 0]
2024-07-29 10:40:00,243 RobotKinematics.cpp:296 [INFO] controlValueCur_L: [-0.462418, -0.0530968, -0.0349507, -0.0349507, -0.481135, 0.261236, 1.10138, 0]
2024-07-29 10:40:00,248 RobotKinematics.cpp:296 [INFO] controlValueCur_L: [-0.455032, -0.0113525, -0.0480108, -0.0480108, -0.479955, 0.271555, 1.13959, 0]
2024-07-29 10:40:00,253 RobotKinematics.cpp:296 [INFO] controlValueCur_L: [-0.476288, -0.00543213, -0.0117359, -0.0117359, -0.477252, 0.273088, 1.15606, 0]
2024-07-29 10:40:00,258 RobotKinematics.cpp:296 [INFO] controlValueCur_L: [-0.476669, -0.00648499, -0.0335431, -0.0335431, -0.472405, 0.2751, 1.17042, 0]
2024-07-29 10:40:00,263 RobotKinematics.cpp:296 [INFO] controlValueCur_L: [-0.437668, -0.0140228, -0.0293555, -0.0293555, -0.463694, 0.278311, 1.19258, 0]
2024-07-29 10:40:00,268 RobotKinematics.cpp:296 [INFO] controlValueCur_L: [-0.419708, -0.032341, 0.0207467, 0.0207467, -0.459541, 0.280781, 1.20069, 0]
2024-07-29 10:40:00,274 RobotKinematics.cpp:296 [INFO] controlValueCur_L: [-0.367737, -0.0360031, -0.0192623, -0.0192623, -0.457916, 0.286203, 1.206, 0]
2024-07-29 10:40:00,279 RobotKinematics.cpp:296 [INFO] controlValueCur_L: [-0.371017, -0.0541801, 0.00813532, 0.00813532, -0.457577, 0.292967, 1.20874, 0]
2024-07-29 10:40:00,284 RobotKinematics.cpp:296 [INFO] controlValueCur_L: [-0.354797, -0.0240822, -0.000897884, -0.000897884, -0.460546, 0.303642, 1.2078, 0]
2024-07-29 10:40:00,289 RobotKinematics.cpp:296 [INFO] controlValueCur_L: [-0.331131, -0.0341721, -7.34329e-05, -7.34329e-05, -0.47112, 0.334167, 1.19855, 0]
2024-07-29 10:40:00,295 RobotKinematics.cpp:296 [INFO] controlValueCur_L: [-0.320129, -0.0286522, -0.00263882, -0.00263882, -0.480733, 0.352703, 1.19161, 0]
2024-07-29 10:40:00,300 RobotKinematics.cpp:296 [INFO] controlValueCur_L: [-0.325958, -0.0260315, 0.00248671, 0.00248671, -0.489286, 0.376344, 1.18412, 0]
2024-07-29 10:40:00,305 RobotKinematics.cpp:296 [INFO] controlValueCur_L: [-0.335144, -0.026062, 0.0116372, 0.0116372, -0.499102, 0.398406, 1.17661, 0]
2024-07-29 10:40:00,310 RobotKinematics.cpp:296 [INFO] controlValueCur_L: [-0.375732, -0.0319138, 0.0423918, 0.0423918, -0.518196, 0.445289, 1.1614, 0]
2024-07-29 10:40:00,315 RobotKinematics.cpp:296 [INFO] controlValueCur_L: [-0.375732, -0.0319138, 0.0423918, 0.0423918, -0.518196, 0.445289, 1.1614, 0]
2024-07-29 10:40:00,321 RobotKinematics.cpp:296 [INFO] controlValueCur_L: [-0.382339, -0.0176353, 0.0370736, 0.0370736, -0.566296, 0.511562, 1.16908, 0]
2024-07-29 10:40:00,326 RobotKinematics.cpp:296 [INFO] controlValueCur_L: [-0.374817, -0.0212784, 0.04601, 0.04601, -0.593188, 0.531759, 1.17534, 0]
2024-07-29 10:40:00,331 RobotKinematics.cpp:296 [INFO] controlValueCur_L: [-0.348129, -0.0154724, 0.0603695, 0.0603695, -0.641526, 0.579747, 1.19218, 0]
2024-07-29 10:40:00,336 RobotKinematics.cpp:296 [INFO] controlValueCur_L: [-0.330978, -0.0225487, 0.0430031, 0.0430031, -0.664884, 0.602517, 1.20208, 0]
2024-07-29 10:40:00,341 RobotKinematics.cpp:296 [INFO] controlValueCur_L: [-0.335312, -0.00923157, 0.0499544, 0.0499544, -0.687765, 0.624451, 1.21211, 0]
2024-07-29 10:40:00,347 RobotKinematics.cpp:296 [INFO] controlValueCur_L: [-0.336624, -0.0095787, 0.0547013, 0.0547013, -0.710956, 0.643943, 1.22186, 0]
2024-07-29 10:40:00,352 RobotKinematics.cpp:296 [INFO] controlValueCur_L: [-0.363861, -0.018322, 0.0564122, 0.0564122, -0.756388, 0.680663, 1.23801, 0]
2024-07-29 10:40:00,357 RobotKinematics.cpp:296 [INFO] controlValueCur_L: [-0.373718, -0.0152435, 0.0500484, 0.0500484, -0.775756, 0.700348, 1.24364, 0]
2024-07-29 10:40:00,362 RobotKinematics.cpp:296 [INFO] controlValueCur_L: [-0.379211, -0.0212631, 0.0491204, 0.0491204, -0.795318, 0.719856, 1.24727, 0]
2024-07-29 10:40:00,367 RobotKinematics.cpp:296 [INFO] controlValueCur_L: [-0.397705, -0.01614, 0.0427718, 0.0427718, -0.828103, 0.758389, 1.25175, 0]
2024-07-29 10:40:00,373 RobotKinematics.cpp:296 [INFO] controlValueCur_L: [-0.40625, -0.00804901, 0.0535302, 0.0535302, -0.84129, 0.777112, 1.25312, 0]
2024-07-29 10:40:00,378 RobotKinematics.cpp:296 [INFO] controlValueCur_L: [-0.417877, -0.0116081, 0.0469661, 0.0469661, -0.855359, 0.793131, 1.25428, 0]
2024-07-29 10:40:00,383 RobotKinematics.cpp:296 [INFO] controlValueCur_L: [-0.442902, -0.0261002, 0.0444727, 0.0444727, -0.866304, 0.810514, 1.25549, 0]
2024-07-29 10:40:00,388 RobotKinematics.cpp:296 [INFO] controlValueCur_L: [-0.490814, -0.0246124, 0.040185, 0.040185, -0.877639, 0.824244, 1.25797, 0]
2024-07-29 10:40:00,394 RobotKinematics.cpp:296 [INFO] controlValueCur_L: [-0.585602, -0.0389137, 0.0416703, 0.0416703, -0.896867, 0.849587, 1.26569, 0]
2024-07-29 10:40:00,399 RobotKinematics.cpp:296 [INFO] controlValueCur_L: [-0.660172, -0.0756645, 0.0445046, 0.0445046, -0.905044, 0.859992, 1.27123, 0]
2024-07-29 10:40:00,404 RobotKinematics.cpp:296 [INFO] controlValueCur_L: [-0.715515, -0.0129318, 0.0012331, 0.0012331, -0.913761, 0.867823, 1.27759, 0]
2024-07-29 10:40:00,409 RobotKinematics.cpp:296 [INFO] controlValueCur_L: [-0.993256, -0.0476303, 0.0123715, 0.0123715, -0.931717, 0.877277, 1.29187, 0]
2024-07-29 10:40:00,414 RobotKinematics.cpp:296 [INFO] controlValueCur_L: [-0.993256, -0.0476303, 0.0123715, 0.0123715, -0.931717, 0.877277, 1.29187, 0]
2024-07-29 10:40:00,420 RobotKinematics.cpp:296 [INFO] controlValueCur_L: [-1.15237, -0.0393982, 0.0604835, 0.0604835, -0.946178, 0.878998, 1.30814, 0]
2024-07-29 10:40:00,425 RobotKinematics.cpp:296 [INFO] controlValueCur_L: [-1.18117, -0.1077, 0.0441413, 0.0441413, -0.953811, 0.876729, 1.31715, 0]
2024-07-29 10:40:00,430 RobotKinematics.cpp:296 [INFO] controlValueCur_L: [-1.23511, -0.0556412, 0.123697, 0.123697, -0.960778, 0.873608, 1.32664, 0]
2024-07-29 10:40:00,435 RobotKinematics.cpp:296 [INFO] controlValueCur_L: [-1.30753, -0.120377, 0.0642238, 0.0642238, -0.969578, 0.861653, 1.34651, 0]
2024-07-29 10:40:00,440 RobotKinematics.cpp:296 [INFO] controlValueCur_L: [-1.32516, -0.0567894, 0.0909724, 0.0909724, -0.971426, 0.855104, 1.35594, 0]
2024-07-29 10:40:00,446 RobotKinematics.cpp:296 [INFO] controlValueCur_L: [-1.33492, -0.110485, 0.0563817, 0.0563817, -0.972803, 0.846233, 1.36466, 0]
2024-07-29 10:40:00,451 RobotKinematics.cpp:296 [INFO] controlValueCur_L: [-1.38454, -0.0978355, 0.0643291, 0.0643291, -0.973209, 0.831779, 1.3772, 0]
2024-07-29 10:40:00,456 RobotKinematics.cpp:296 [INFO] controlValueCur_L: [-1.36084, -0.0648804, 0.124758, 0.124758, -0.972733, 0.825278, 1.3809, 0]
2024-07-29 10:40:00,461 RobotKinematics.cpp:296 [INFO] controlValueCur_L: [-1.30702, -0.111069, 0.0589309, 0.0589309, -0.971043, 0.818738, 1.3833, 0]
2024-07-29 10:40:00,467 RobotKinematics.cpp:296 [INFO] controlValueCur_L: [-1.38818, -0.0420418, 0.0870891, 0.0870891, -0.969156, 0.807052, 1.38414, 0]
2024-07-29 10:40:00,472 RobotKinematics.cpp:296 [INFO] controlValueCur_L: [-1.38818, -0.0420418, 0.0870891, 0.0870891, -0.969156, 0.807052, 1.38414, 0]
2024-07-29 10:40:00,477 RobotKinematics.cpp:296 [INFO] controlValueCur_L: [-1.50412, -0.0380707, 0.121599, 0.121599, -0.966743, 0.795706, 1.38257, 0]
2024-07-29 10:40:00,482 RobotKinematics.cpp:296 [INFO] controlValueCur_L: [-1.52669, -0.113514, 0.0849805, 0.0849805, -0.96593, 0.79119, 1.38115, 0]
2024-07-29 10:40:00,487 RobotKinematics.cpp:296 [INFO] controlValueCur_L: [-1.59984, -0.0787201, 0.085731, 0.085731, -0.965583, 0.786701, 1.3796, 0]
2024-07-29 10:40:00,492 RobotKinematics.cpp:296 [INFO] controlValueCur_L: [-1.62215, -0.120731, 0.0937338, 0.0937338, -0.96525, 0.782686, 1.3779, 0]
2024-07-29 10:40:00,498 RobotKinematics.cpp:296 [INFO] controlValueCur_L: [-1.7063, -0.0920296, 0.119087, 0.119087, -0.961836, 0.770337, 1.37451, 0]
2024-07-29 10:40:00,503 RobotKinematics.cpp:296 [INFO] controlValueCur_L: [-1.67363, -0.111088, 0.116015, 0.116015, -0.957006, 0.760529, 1.37281, 0]
2024-07-29 10:40:00,508 RobotKinematics.cpp:296 [INFO] controlValueCur_L: [-1.69022, -0.0999222, 0.0857773, 0.0857773, -0.950389, 0.748477, 1.37079, 0]
2024-07-29 10:40:00,513 RobotKinematics.cpp:296 [INFO] controlValueCur_L: [-1.74086, -0.102829, 0.0888057, 0.0888057, -0.942091, 0.734377, 1.3682, 0]
2024-07-29 10:40:00,518 RobotKinematics.cpp:296 [INFO] controlValueCur_L: [-2.03198, -0.157734, 0.152954, 0.152954, -0.92037, 0.701168, 1.3609, 0]
2024-07-29 10:40:00,524 RobotKinematics.cpp:296 [INFO] controlValueCur_L: [-2.08434, -0.111198, 0.0737381, 0.0737381, -0.907104, 0.68176, 1.35628, 0]
2024-07-29 10:40:00,529 RobotKinematics.cpp:296 [INFO] controlValueCur_L: [-2.12863, -0.129871, 0.11944, 0.11944, -0.891582, 0.658071, 1.35039, 0]
2024-07-29 10:40:00,534 RobotKinematics.cpp:296 [INFO] controlValueCur_L: [-2.12863, -0.14534, 0.143084, 0.143084, -0.868585, 0.624269, 1.34148, 0]
2024-07-29 10:40:00,539 RobotKinematics.cpp:296 [INFO] controlValueCur_L: [-2.0303, -0.150826, 0.103242, 0.103242, -0.809801, 0.538017, 1.31567, 0]
2024-07-29 10:40:00,544 RobotKinematics.cpp:296 [INFO] controlValueCur_L: [-2.03482, -0.149292, 0.0983009, 0.0983009, -0.779387, 0.493833, 1.29988, 0]
2024-07-29 10:40:00,550 RobotKinematics.cpp:296 [INFO] controlValueCur_L: [-1.96523, -0.161385, 0.0559282, 0.0559282, -0.749833, 0.451288, 1.28284, 0]
2024-07-29 10:40:00,555 RobotKinematics.cpp:296 [INFO] controlValueCur_L: [-2.04559, -0.122349, 0.119325, 0.119325, -0.721468, 0.409522, 1.26471, 0]
2024-07-29 10:40:00,560 RobotKinematics.cpp:296 [INFO] controlValueCur_L: [-2.23149, -0.158676, 0.151282, 0.151282, -0.667129, 0.327201, 1.22577, 0]
2024-07-29 10:40:00,565 RobotKinematics.cpp:296 [INFO] controlValueCur_L: [-2.33983, -0.147446, 0.107349, 0.107349, -0.641006, 0.285189, 1.20578, 0]
2024-07-29 10:40:00,570 RobotKinematics.cpp:296 [INFO] controlValueCur_L: [-2.37804, -0.148972, 0.122648, 0.122648, -0.615344, 0.242495, 1.18587, 0]
2024-07-29 10:40:00,575 RobotKinematics.cpp:296 [INFO] controlValueCur_L: [-2.44344, -0.210094, 0.0700216, 0.0700216, -0.592694, 0.199828, 1.16523, 0]
2024-07-29 10:40:00,581 RobotKinematics.cpp:296 [INFO] controlValueCur_L: [-2.52649, -0.20089, 0.137614, 0.137614, -0.569864, 0.155258, 1.14435, 0]
2024-07-29 10:40:00,586 RobotKinematics.cpp:296 [INFO] controlValueCur_L: [-2.52612, -0.188599, 0.145288, 0.145288, -0.531546, 0.0728192, 1.0991, 0]
2024-07-29 10:40:00,591 RobotKinematics.cpp:296 [INFO] controlValueCur_L: [-2.48703, -0.141102, 0.225132, 0.225132, -0.515121, 0.0338593, 1.07624, 0]
2024-07-29 10:40:00,596 RobotKinematics.cpp:296 [INFO] controlValueCur_L: [-2.39664, -0.185783, 0.162217, 0.162217, -0.501463, -0.00773954, 1.05411, 0]
2024-07-29 10:40:00,601 RobotKinematics.cpp:296 [INFO] controlValueCur_L: [-2.25386, -0.161209, 0.113318, 0.113318, -0.477365, -0.0776334, 1.01026, 0]
2024-07-29 10:40:00,607 RobotKinematics.cpp:296 [INFO] controlValueCur_L: [-2.18593, -0.128796, 0.134059, 0.134059, -0.470994, -0.10877, 0.989357, 0]
2024-07-29 10:40:00,612 RobotKinematics.cpp:296 [INFO] controlValueCur_L: [-2.17618, -0.136337, 0.0974584, 0.0974584, -0.469519, -0.137354, 0.970303, 0]
2024-07-29 10:40:00,617 RobotKinematics.cpp:296 [INFO] controlValueCur_L: [-2.19283, -0.116871, 0.0867672, 0.0867672, -0.464975, -0.190661, 0.943481, 0]
2024-07-29 10:40:00,622 RobotKinematics.cpp:296 [INFO] controlValueCur_L: [-2.19283, -0.116871, 0.0867672, 0.0867672, -0.464975, -0.190661, 0.943481, 0]
2024-07-29 10:40:00,627 RobotKinematics.cpp:296 [INFO] controlValueCur_L: [-2.17049, -0.126553, 0.092958, 0.092958, -0.463712, -0.230827, 0.926901, 0]
2024-07-29 10:40:00,633 RobotKinematics.cpp:296 [INFO] controlValueCur_L: [-2.10181, -0.0992355, 0.0767064, 0.0767064, -0.464183, -0.248534, 0.920033, 0]
2024-07-29 10:40:00,638 RobotKinematics.cpp:296 [INFO] controlValueCur_L: [-2.03291, -0.0874481, 0.0957322, 0.0957322, -0.463914, -0.269518, 0.913343, 0]
2024-07-29 10:40:00,643 RobotKinematics.cpp:296 [INFO] controlValueCur_L: [-1.91512, -0.121349, 0.102496, 0.102496, -0.46514, -0.31357, 0.893581, 0]
2024-07-29 10:40:00,648 RobotKinematics.cpp:296 [INFO] controlValueCur_L: [-1.86133, -0.123325, 0.0854349, 0.0854349, -0.460481, -0.343314, 0.881535, 0]
2024-07-29 10:40:00,653 RobotKinematics.cpp:296 [INFO] controlValueCur_L: [-1.8649, -0.134773, 0.0646896, 0.0646896, -0.455304, -0.377801, 0.868212, 0]
2024-07-29 10:40:00,658 RobotKinematics.cpp:296 [INFO] controlValueCur_L: [-1.93301, -0.120289, 0.0756783, 0.0756783, -0.446084, -0.454691, 0.838074, 0]
2024-07-29 10:40:00,664 RobotKinematics.cpp:296 [INFO] controlValueCur_L: [-1.93301, -0.120289, 0.0756783, 0.0756783, -0.446084, -0.454691, 0.838074, 0]
2024-07-29 10:40:00,669 RobotKinematics.cpp:296 [INFO] controlValueCur_L: [-1.97595, -0.136631, 0.0660572, 0.0660572, -0.436474, -0.529173, 0.80604, 0]
2024-07-29 10:40:00,674 RobotKinematics.cpp:296 [INFO] controlValueCur_L: [-2.00331, -0.0936203, 0.0635576, 0.0635576, -0.430076, -0.566702, 0.791725, 0]
2024-07-29 10:40:00,679 RobotKinematics.cpp:296 [INFO] controlValueCur_L: [-2.0183, -0.119209, 0.0508518, 0.0508518, -0.424578, -0.604157, 0.779366, 0]
2024-07-29 10:40:00,684 RobotKinematics.cpp:296 [INFO] controlValueCur_L: [-2.09506, -0.140434, 0.0865731, 0.0865731, -0.418755, -0.667318, 0.758169, 0]
2024-07-29 10:40:00,690 RobotKinematics.cpp:296 [INFO] controlValueCur_L: [-2.12468, -0.131729, 0.0934792, 0.0934792, -0.414659, -0.692928, 0.749378, 0]
2024-07-29 10:40:00,695 RobotKinematics.cpp:296 [INFO] controlValueCur_L: [-2.1418, -0.130466, 0.0971847, 0.0971847, -0.410852, -0.714484, 0.741879, 0]
2024-07-29 10:40:00,700 RobotKinematics.cpp:296 [INFO] controlValueCur_L: [-2.14949, -0.138813, 0.0910387, 0.0910387, -0.405377, -0.751786, 0.731676, 0]
2024-07-29 10:40:00,705 RobotKinematics.cpp:296 [INFO] controlValueCur_L: [-2.14949, -0.138813, 0.0910387, 0.0910387, -0.405377, -0.751786, 0.731676, 0]
2024-07-29 10:40:00,711 RobotKinematics.cpp:296 [INFO] controlValueCur_L: [-2.15721, -0.154877, 0.0795412, 0.0795412, -0.398413, -0.782557, 0.727743, 0]
2024-07-29 10:40:00,716 RobotKinematics.cpp:296 [INFO] controlValueCur_L: [-2.17442, -0.166599, 0.0920472, 0.0920472, -0.396019, -0.794885, 0.72665, 0]
2024-07-29 10:40:00,721 RobotKinematics.cpp:296 [INFO] controlValueCur_L: [-2.17732, -0.183556, 0.0788484, 0.0788484, -0.394282, -0.80379, 0.725863, 0]
2024-07-29 10:40:00,726 RobotKinematics.cpp:296 [INFO] controlValueCur_L: [-2.22278, -0.163548, 0.122303, 0.122303, -0.39279, -0.813903, 0.726017, 0]
2024-07-29 10:40:00,731 RobotKinematics.cpp:296 [INFO] controlValueCur_L: [-2.21564, -0.180813, 0.106425, 0.106425, -0.390042, -0.82333, 0.727404, 0]
2024-07-29 10:40:00,737 RobotKinematics.cpp:296 [INFO] controlValueCur_L: [-2.22417, -0.179813, 0.0970416, 0.0970416, -0.390702, -0.824865, 0.728762, 0]
2024-07-29 10:40:00,742 RobotKinematics.cpp:296 [INFO] controlValueCur_L: [-2.24986, -0.188713, 0.116847, 0.116847, -0.38812, -0.821948, 0.731129, 0]
2024-07-29 10:40:00,747 RobotKinematics.cpp:296 [INFO] controlValueCur_L: [-2.26978, -0.209389, 0.0834279, 0.0834279, -0.386254, -0.81231, 0.738098, 0]
2024-07-29 10:40:00,752 RobotKinematics.cpp:296 [INFO] controlValueCur_L: [-2.2852, -0.188595, 0.108627, 0.108627, -0.387287, -0.805268, 0.74217, 0]
2024-07-29 10:40:00,757 RobotKinematics.cpp:296 [INFO] controlValueCur_L: [-2.29501, -0.180298, 0.0971465, 0.0971465, -0.385571, -0.797619, 0.747477, 0]
2024-07-29 10:40:00,763 RobotKinematics.cpp:296 [INFO] controlValueCur_L: [-2.31447, -0.176445, 0.124388, 0.124388, -0.387169, -0.790515, 0.752682, 0]
2024-07-29 10:40:00,768 RobotKinematics.cpp:296 [INFO] controlValueCur_L: [-2.31639, -0.159592, 0.136347, 0.136347, -0.386256, -0.769949, 0.764408, 0]
2024-07-29 10:40:00,773 RobotKinematics.cpp:296 [INFO] controlValueCur_L: [-2.32762, -0.154652, 0.141375, 0.141375, -0.385324, -0.757885, 0.77095, 0]
2024-07-29 10:40:00,778 RobotKinematics.cpp:296 [INFO] controlValueCur_L: [-2.31738, -0.160557, 0.144822, 0.144822, -0.385241, -0.74632, 0.777866, 0]
2024-07-29 10:40:00,783 RobotKinematics.cpp:296 [INFO] controlValueCur_L: [-2.29723, -0.151531, 0.132257, 0.132257, -0.384521, -0.734517, 0.785042, 0]
2024-07-29 10:40:00,789 RobotKinematics.cpp:296 [INFO] controlValueCur_L: [-2.26454, -0.17083, 0.133331, 0.133331, -0.38417, -0.711477, 0.799828, 0]
2024-07-29 10:40:00,794 RobotKinematics.cpp:296 [INFO] controlValueCur_L: [-2.2458, -0.170925, 0.120886, 0.120886, -0.384669, -0.701282, 0.807491, 0]
2024-07-29 10:40:00,799 RobotKinematics.cpp:296 [INFO] controlValueCur_L: [-2.24808, -0.177998, 0.126497, 0.126497, -0.383867, -0.689444, 0.815201, 0]
2024-07-29 10:40:00,804 RobotKinematics.cpp:296 [INFO] controlValueCur_L: [-2.24493, -0.183846, 0.110969, 0.110969, -0.384776, -0.678401, 0.822851, 0]
2024-07-29 10:40:00,809 RobotKinematics.cpp:296 [INFO] controlValueCur_L: [-2.25752, -0.171684, 0.108099, 0.108099, -0.386695, -0.653762, 0.837282, 0]
2024-07-29 10:40:00,815 RobotKinematics.cpp:296 [INFO] controlValueCur_L: [-2.24261, -0.181305, 0.0990424, 0.0990424, -0.388063, -0.641419, 0.843561, 0]
2024-07-29 10:40:00,820 RobotKinematics.cpp:296 [INFO] controlValueCur_L: [-2.24265, -0.174675, 0.116284, 0.116284, -0.390182, -0.62906, 0.849083, 0]
2024-07-29 10:40:00,825 RobotKinematics.cpp:296 [INFO] controlValueCur_L: [-2.21355, -0.177349, 0.101731, 0.101731, -0.392664, -0.615938, 0.853874, 0]
2024-07-29 10:40:00,830 RobotKinematics.cpp:296 [INFO] controlValueCur_L: [-2.19562, -0.181149, 0.110885, 0.110885, -0.395493, -0.60202, 0.858412, 0]
2024-07-29 10:40:00,835 RobotKinematics.cpp:296 [INFO] controlValueCur_L: [-2.12924, -0.188, 0.118382, 0.118382, -0.40362, -0.572703, 0.868008, 0]
2024-07-29 10:40:00,841 RobotKinematics.cpp:296 [INFO] controlValueCur_L: [-2.09146, -0.164925, 0.116087, 0.116087, -0.408822, -0.556769, 0.874083, 0]
2024-07-29 10:40:00,846 RobotKinematics.cpp:296 [INFO] controlValueCur_L: [-2.00284, -0.161167, 0.0865703, 0.0865703, -0.416328, -0.536946, 0.882252, 0]
2024-07-29 10:40:00,851 RobotKinematics.cpp:296 [INFO] controlValueCur_L: [-1.7805, -0.128521, 0.0831046, 0.0831046, -0.43856, -0.478515, 0.906254, 0]
2024-07-29 10:40:00,856 RobotKinematics.cpp:296 [INFO] controlValueCur_L: [-1.7805, -0.128521, 0.0831046, 0.0831046, -0.43856, -0.478515, 0.906254, 0]
2024-07-29 10:40:00,861 RobotKinematics.cpp:296 [INFO] controlValueCur_L: [-1.60477, -0.103512, 0.0832167, 0.0832167, -0.466214, -0.410436, 0.932793, 0]
2024-07-29 10:40:00,867 RobotKinematics.cpp:296 [INFO] controlValueCur_L: [-1.44916, -0.0749855, 0.110603, 0.110603, -0.480299, -0.377042, 0.944103, 0]
2024-07-29 10:40:00,872 RobotKinematics.cpp:296 [INFO] controlValueCur_L: [-1.29478, -0.153709, 0.156838, 0.156838, -0.493257, -0.34498, 0.95348, 0]
2024-07-29 10:40:00,877 RobotKinematics.cpp:296 [INFO] controlValueCur_L: [-0.963959, -0.087101, 0.0899129, 0.0899129, -0.518898, -0.287599, 0.964737, 0]
2024-07-29 10:40:00,882 RobotKinematics.cpp:296 [INFO] controlValueCur_L: [-0.880981, -0.0395737, 0.046133, 0.046133, -0.527591, -0.260565, 0.96767, 0]
2024-07-29 10:40:00,887 RobotKinematics.cpp:296 [INFO] controlValueCur_L: [-0.885788, -0.0463104, 0.030273, 0.030273, -0.535925, -0.235947, 0.96892, 0]
2024-07-29 10:40:00,893 RobotKinematics.cpp:296 [INFO] controlValueCur_L: [-0.76799, -0.134106, -0.0606318, -0.0606318, -0.544769, -0.195089, 0.968117, 0]
2024-07-29 10:40:00,898 RobotKinematics.cpp:296 [INFO] controlValueCur_L: [-0.857834, -0.0677147, 0.0881166, 0.0881166, -0.547186, -0.177168, 0.966272, 0]
2024-07-29 10:40:00,903 RobotKinematics.cpp:296 [INFO] controlValueCur_L: [-0.757935, -0.141624, -0.0823469, -0.0823469, -0.548887, -0.161993, 0.964159, 0]
2024-07-29 10:40:00,908 RobotKinematics.cpp:296 [INFO] controlValueCur_L: [-0.938721, -0.122326, 0.0501351, 0.0501351, -0.54865, -0.132215, 0.95747, 0]
2024-07-29 10:40:00,913 RobotKinematics.cpp:296 [INFO] controlValueCur_L: [-0.938721, -0.122326, 0.0501351, 0.0501351, -0.54865, -0.132215, 0.95747, 0]
2024-07-29 10:40:00,919 RobotKinematics.cpp:296 [INFO] controlValueCur_L: [-0.92749, -0.109177, 0.0310187, 0.0310187, -0.540374, -0.108567, 0.949589, 0]
2024-07-29 10:40:00,924 RobotKinematics.cpp:296 [INFO] controlValueCur_L: [-0.858414, -0.092907, -0.0098033, -0.0098033, -0.532699, -0.0972514, 0.94507, 0]
2024-07-29 10:40:00,929 RobotKinematics.cpp:296 [INFO] controlValueCur_L: [-0.851379, -0.0861511, 0.0212507, 0.0212507, -0.525386, -0.0894327, 0.940598, 0]
2024-07-29 10:40:00,934 RobotKinematics.cpp:296 [INFO] controlValueCur_L: [-0.779205, -0.0604973, -0.0200791, -0.0200791, -0.506294, -0.0705862, 0.931339, 0]
2024-07-29 10:40:00,939 RobotKinematics.cpp:296 [INFO] controlValueCur_L: [-0.791565, -0.0338554, -0.00223923, -0.00223923, -0.495646, -0.064733, 0.92775, 0]
2024-07-29 10:40:00,944 RobotKinematics.cpp:296 [INFO] controlValueCur_L: [-0.82634, -0.075489, -0.0134282, -0.0134282, -0.4849, -0.0602479, 0.924513, 0]
2024-07-29 10:40:00,950 RobotKinematics.cpp:296 [INFO] controlValueCur_L: [-0.902313, -0.0683479, -0.0335603, -0.0335603, -0.472448, -0.0555644, 0.921858, 0]
2024-07-29 10:40:00,955 RobotKinematics.cpp:296 [INFO] controlValueCur_L: [-0.963852, -0.0582504, 0.0127587, 0.0127587, -0.460756, -0.0517635, 0.919266, 0]
2024-07-29 10:40:00,960 RobotKinematics.cpp:296 [INFO] controlValueCur_L: [-1.07013, -0.0614738, 0.0612898, 0.0612898, -0.434775, -0.0482183, 0.916424, 0]
2024-07-29 10:40:00,965 RobotKinematics.cpp:296 [INFO] controlValueCur_L: [-1.05293, -0.0434113, 0.04177, 0.04177, -0.421109, -0.0473232, 0.915323, 0]
2024-07-29 10:40:00,970 RobotKinematics.cpp:296 [INFO] controlValueCur_L: [-0.999893, -0.0422287, 0.0548968, 0.0548968, -0.407145, -0.0471611, 0.914606, 0]
2024-07-29 10:40:00,976 RobotKinematics.cpp:296 [INFO] controlValueCur_L: [-0.920105, -0.0442352, 0.0240641, 0.0240641, -0.393614, -0.047729, 0.91386, 0]
2024-07-29 10:40:00,981 RobotKinematics.cpp:296 [INFO] controlValueCur_L: [-0.864792, -0.0538673, 0.019165, 0.019165, -0.367039, -0.0503325, 0.912508, 0]
2024-07-29 10:40:00,986 RobotKinematics.cpp:296 [INFO] controlValueCur_L: [-0.837753, -0.0211868, 0.0259666, 0.0259666, -0.352898, -0.0535479, 0.912329, 0]
2024-07-29 10:40:00,991 RobotKinematics.cpp:296 [INFO] controlValueCur_L: [-0.774857, -0.0372276, 0.0252538, 0.0252538, -0.3383, -0.0569868, 0.912409, 0]
2024-07-29 10:40:00,996 RobotKinematics.cpp:296 [INFO] controlValueCur_L: [-0.713699, -0.00337982, 0.0556002, 0.0556002, -0.323177, -0.0617585, 0.913122, 0]
2024-07-29 10:40:01,002 RobotKinematics.cpp:296 [INFO] controlValueCur_L: [-0.642014, 0.0194206, 0.0485454, 0.0485454, -0.292793, -0.073781, 0.915678, 0]
2024-07-29 10:40:01,007 RobotKinematics.cpp:296 [INFO] controlValueCur_L: [-0.617035, -0.00549316, 0.0130153, 0.0130153, -0.276225, -0.0804968, 0.917713, 0]
2024-07-29 10:40:01,012 RobotKinematics.cpp:296 [INFO] controlValueCur_L: [-0.606018, 0.00630188, 0.01648, 0.01648, -0.258503, -0.0898957, 0.920723, 0]
2024-07-29 10:40:01,017 RobotKinematics.cpp:296 [INFO] controlValueCur_L: [-0.541672, -0.0278015, 0.065917, 0.065917, -0.240277, -0.0991421, 0.923708, 0]
2024-07-29 10:40:01,022 RobotKinematics.cpp:296 [INFO] controlValueCur_L: [-0.470871, -0.0236282, 0.0484304, 0.0484304, -0.200102, -0.125597, 0.929152, 0]
2024-07-29 10:40:01,028 RobotKinematics.cpp:296 [INFO] controlValueCur_L: [-0.498962, -0.0527077, 0.0191588, 0.0191588, -0.178435, -0.145508, 0.932026, 0]
2024-07-29 10:40:01,033 RobotKinematics.cpp:296 [INFO] controlValueCur_L: [-0.507141, -0.0670586, -0.00358868, -0.00358868, -0.155059, -0.167422, 0.935284, 0]
2024-07-29 10:40:01,038 RobotKinematics.cpp:296 [INFO] controlValueCur_L: [-0.523026, -0.0377312, 0.0387254, 0.0387254, -0.131917, -0.191532, 0.939018, 0]
2024-07-29 10:40:01,043 RobotKinematics.cpp:296 [INFO] controlValueCur_L: [-0.431641, -0.0440826, 0.0331855, 0.0331855, -0.0850792, -0.246013, 0.949301, 0]
2024-07-29 10:40:01,048 RobotKinematics.cpp:296 [INFO] controlValueCur_L: [-0.431641, -0.0440826, 0.0331855, 0.0331855, -0.0850792, -0.246013, 0.949301, 0]
2024-07-29 10:40:01,054 RobotKinematics.cpp:296 [INFO] controlValueCur_L: [-0.34552, -0.014679, 0.0101571, 0.0101571, -0.0393906, -0.305865, 0.961643, 0]
2024-07-29 10:40:01,059 RobotKinematics.cpp:296 [INFO] controlValueCur_L: [-0.320572, -0.00459671, 0.0376849, 0.0376849, -0.0164833, -0.336983, 0.968496, 0]
2024-07-29 10:40:01,064 RobotKinematics.cpp:296 [INFO] controlValueCur_L: [-0.187592, -0.013298, 0.025507, 0.025507, 0.0280066, -0.404952, 0.980944, 0]
2024-07-29 10:40:01,069 RobotKinematics.cpp:296 [INFO] controlValueCur_L: [-0.191681, -0.0395889, 0.0269346, 0.0269346, 0.0487089, -0.443508, 0.987703, 0]
2024-07-29 10:40:01,074 RobotKinematics.cpp:296 [INFO] controlValueCur_L: [-0.164093, 0.031517, -0.0246024, -0.0246024, 0.0714159, -0.481958, 0.994894, 0]
2024-07-29 10:40:01,080 RobotKinematics.cpp:296 [INFO] controlValueCur_L: [-0.145355, -0.0213852, 0.0290728, 0.0290728, 0.0922956, -0.524399, 1.0034, 0]
2024-07-29 10:40:01,085 RobotKinematics.cpp:296 [INFO] controlValueCur_L: [-0.111023, 0.00959396, 0.0481405, 0.0481405, 0.134604, -0.61088, 1.02781, 0]
2024-07-29 10:40:01,090 RobotKinematics.cpp:296 [INFO] controlValueCur_L: [-0.0789948, 0.0136681, -0.0112433, -0.0112433, 0.156039, -0.653373, 1.04396, 0]
2024-07-29 10:40:01,095 RobotKinematics.cpp:296 [INFO] controlValueCur_L: [-0.107101, -0.00200272, 0.0569754, 0.0569754, 0.176644, -0.694863, 1.06341, 0]
2024-07-29 10:40:01,100 RobotKinematics.cpp:296 [INFO] controlValueCur_L: [-0.0684357, -0.0033226, -0.0201678, -0.0201678, 0.214011, -0.772764, 1.11176, 0]
2024-07-29 10:40:01,106 RobotKinematics.cpp:296 [INFO] controlValueCur_L: [-0.0684357, -0.0033226, -0.0201678, -0.0201678, 0.214011, -0.772764, 1.11176, 0]
2024-07-29 10:40:01,111 RobotKinematics.cpp:296 [INFO] controlValueCur_L: [-0.135254, 0.00486374, -0.035368, -0.035368, 0.254176, -0.841503, 1.17101, 0]
2024-07-29 10:40:01,116 RobotKinematics.cpp:296 [INFO] controlValueCur_L: [-0.181412, -0.0019455, 0.00513268, 0.00513268, 0.274623, -0.874124, 1.20323, 0]
2024-07-29 10:40:01,121 RobotKinematics.cpp:296 [INFO] controlValueCur_L: [-0.208755, 0.00244522, -0.00646114, -0.00646114, 0.292644, -0.906256, 1.2362, 0]
2024-07-29 10:40:01,126 RobotKinematics.cpp:296 [INFO] controlValueCur_L: [-0.274094, 0.00125885, -0.0575919, -0.0575919, 0.333266, -0.975585, 1.30916, 0]
2024-07-29 10:40:01,132 RobotKinematics.cpp:296 [INFO] controlValueCur_L: [-0.331329, -0.0135803, -0.0077014, -0.0077014, 0.354213, -1.01233, 1.3495, 0]
2024-07-29 10:40:01,137 RobotKinematics.cpp:296 [INFO] controlValueCur_L: [-0.336105, -0.0280647, -0.0345268, -0.0345268, 0.370115, -1.05182, 1.39057, 0]
2024-07-29 10:40:01,142 RobotKinematics.cpp:296 [INFO] controlValueCur_L: [-0.361252, -0.0361252, -0.0235476, -0.0235476, 0.412384, -1.13442, 1.47797, 0]
2024-07-29 10:40:01,147 RobotKinematics.cpp:296 [INFO] controlValueCur_L: [-0.361252, -0.0361252, -0.0235476, -0.0235476, 0.412384, -1.13442, 1.47797, 0]
2024-07-29 10:40:01,152 RobotKinematics.cpp:296 [INFO] controlValueCur_L: [-0.294159, -0.0410881, -0.0458255, -0.0458255, 0.453232, -1.22633, 1.56659, 0]
2024-07-29 10:40:01,158 RobotKinematics.cpp:296 [INFO] controlValueCur_L: [-0.308044, -0.0297737, -0.0272913, -0.0272913, 0.469961, -1.27683, 1.6094, 0]
2024-07-29 10:40:01,163 RobotKinematics.cpp:296 [INFO] controlValueCur_L: [-0.322784, -0.0425911, -0.0244246, -0.0244246, 0.487063, -1.32832, 1.65126, 0]
2024-07-29 10:40:01,168 RobotKinematics.cpp:296 [INFO] controlValueCur_L: [-0.343643, -0.0369873, -0.036799, -0.036799, 0.503414, -1.38253, 1.69214, 0]
2024-07-29 10:40:01,173 RobotKinematics.cpp:296 [INFO] controlValueCur_L: [-0.386185, -0.0513878, -0.0206752, -0.0206752, 0.536368, -1.49254, 1.77225, 0]
2024-07-29 10:40:01,178 RobotKinematics.cpp:296 [INFO] controlValueCur_L: [-0.405853, -0.0345268, -0.00623178, -0.00623178, 0.550154, -1.54934, 1.81232, 0]
2024-07-29 10:40:01,184 RobotKinematics.cpp:296 [INFO] controlValueCur_L: [-0.404633, -0.0440903, 0.00326204, 0.00326204, 0.566755, -1.60437, 1.85514, 0]
2024-07-29 10:40:01,189 RobotKinematics.cpp:296 [INFO] controlValueCur_L: [-0.394745, -0.0447693, -5.76973e-05, -5.76973e-05, 0.579162, -1.66047, 1.90066, 0]
2024-07-29 10:40:01,194 RobotKinematics.cpp:296 [INFO] controlValueCur_L: [-0.357086, -0.0320244, 0.0126443, 0.0126443, 0.601944, -1.77191, 2.00241, 0]
2024-07-29 10:40:01,199 RobotKinematics.cpp:296 [INFO] controlValueCur_L: [-0.31813, -0.0200005, 0.00501442, 0.00501442, 0.610883, -1.82798, 2.0585, 0]
2024-07-29 10:40:01,204 RobotKinematics.cpp:296 [INFO] controlValueCur_L: [-0.273468, -0.0336723, 0.00892735, 0.00892735, 0.617247, -1.88273, 2.11682, 0]
2024-07-29 10:40:01,209 RobotKinematics.cpp:296 [INFO] controlValueCur_L: [-0.198334, -0.0190506, 0.0136437, 0.0136437, 0.625222, -1.99249, 2.23923, 0]
2024-07-29 10:40:01,215 RobotKinematics.cpp:296 [INFO] controlValueCur_L: [-0.179398, -0.0329018, 0.00574398, 0.00574398, 0.629107, -2.04583, 2.30306, 0]
2024-07-29 10:40:01,220 RobotKinematics.cpp:296 [INFO] controlValueCur_L: [-0.189041, -0.0319595, 0.0119662, 0.0119662, 0.628588, -2.10095, 2.36786, 0]
2024-07-29 10:40:01,225 RobotKinematics.cpp:296 [INFO] controlValueCur_L: [-0.181061, -0.0355148, 0.00568151, 0.00568151, 0.633331, -2.1522, 2.4338, 0]
2024-07-29 10:40:01,230 RobotKinematics.cpp:296 [INFO] controlValueCur_L: [-0.227829, -0.0435638, 0.00729084, 0.00729084, 0.63786, -2.25728, 2.56852, 0]
2024-07-29 10:40:01,235 RobotKinematics.cpp:296 [INFO] controlValueCur_L: [-0.253693, -0.0517998, 0.0088377, 0.0088377, 0.641126, -2.31126, 2.64009, 0]
2024-07-29 10:40:01,241 RobotKinematics.cpp:296 [INFO] controlValueCur_L: [-0.276505, -0.0694618, -0.0177479, -0.0177479, 0.639268, -2.36391, 2.71142, 0]
2024-07-29 10:40:01,246 RobotKinematics.cpp:296 [INFO] controlValueCur_L: [-0.32579, -0.0530243, 0.0218024, 0.0218024, 0.638514, -2.41554, 2.78394, 0]
2024-07-29 10:40:01,251 RobotKinematics.cpp:296 [INFO] controlValueCur_L: [-0.35405, -0.0485916, 0.0146856, 0.0146856, 0.632626, -2.5247, 2.93343, 0]
2024-07-29 10:40:01,256 RobotKinematics.cpp:296 [INFO] controlValueCur_L: [-0.35405, -0.0485916, 0.0146856, 0.0146856, 0.632626, -2.5247, 2.93343, 0]
2024-07-29 10:40:01,261 RobotKinematics.cpp:296 [INFO] controlValueCur_L: [-0.318115, -0.0334625, 0.00133801, 0.00133801, 0.623558, -2.6346, 3.08544, 0]
2024-07-29 10:40:01,266 RobotKinematics.cpp:296 [INFO] controlValueCur_L: [-0.28772, -0.0355377, 0.00234079, 0.00234079, 0.620219, -2.69096, 3.16118, 0]
2024-07-29 10:40:01,272 RobotKinematics.cpp:296 [INFO] controlValueCur_L: [-0.248978, -0.0213127, 0.000819683, 0.000819683, 0.613281, -2.74715, 3.2352, 0]
2024-07-29 10:40:01,277 RobotKinematics.cpp:296 [INFO] controlValueCur_L: [-0.144699, -0.0215378, -0.0162935, -0.0162935, 0.60234, -2.86365, 3.37945, 0]
2024-07-29 10:40:01,282 RobotKinematics.cpp:296 [INFO] controlValueCur_L: [-0.0574799, -0.0427361, -0.0222893, -0.0222893, 0.600782, -2.9209, 3.44855, 0]
2024-07-29 10:40:01,287 RobotKinematics.cpp:296 [INFO] controlValueCur_L: [-0.0213013, -0.0263252, -0.0448637, -0.0448637, 0.599021, -2.98026, 3.51517, 0]
2024-07-29 10:40:01,292 RobotKinematics.cpp:296 [INFO] controlValueCur_L: [0.0713043, 0.00281906, -0.0172911, -0.0172911, 0.59126, -3.0943, 3.63494, 0]
2024-07-29 10:40:01,298 RobotKinematics.cpp:296 [INFO] controlValueCur_L: [0.0713043, 0.00281906, -0.0172911, -0.0172911, 0.59126, -3.0943, 3.63494, 0]
2024-07-29 10:40:01,303 RobotKinematics.cpp:296 [INFO] controlValueCur_L: [0.204605, -0.0455055, -0.0878949, -0.0878949, 0.585922, -3.20092, 3.74248, 0]
2024-07-29 10:40:01,308 RobotKinematics.cpp:296 [INFO] controlValueCur_L: [0.2789, -0.102718, -0.160515, -0.160515, 0.583515, -3.25344, 3.7955, 0]
2024-07-29 10:40:01,313 RobotKinematics.cpp:296 [INFO] controlValueCur_L: [0.436691, -0.134724, -0.295788, -0.295788, 0.565455, -3.32551, 3.85617, 0]
2024-07-29 10:40:01,318 RobotKinematics.cpp:296 [INFO] controlValueCur_L: [0.436691, -0.134724, -0.295788, -0.295788, 0.565455, -3.32551, 3.85617, 0]
2024-07-29 10:40:01,324 RobotKinematics.cpp:296 [INFO] controlValueCur_L: [0.479523, -0.0495758, -0.150411, -0.150411, 0.545615, -3.39391, 3.91985, 0]
2024-07-29 10:40:01,329 RobotKinematics.cpp:296 [INFO] controlValueCur_L: [0.503555, -0.0509796, -0.0753875, -0.0753875, 0.529218, -3.41747, 3.95145, 0]
2024-07-29 10:40:01,334 RobotKinematics.cpp:296 [INFO] controlValueCur_L: [0.518494, 0.0150948, -0.0571046, -0.0571046, 0.510369, -3.43655, 3.98465, 0]
2024-07-29 10:40:01,339 RobotKinematics.cpp:296 [INFO] controlValueCur_L: [0.548798, 0.0546417, -0.0497541, -0.0497541, 0.487345, -3.44957, 4.01678, 0]
2024-07-29 10:40:01,344 RobotKinematics.cpp:296 [INFO] controlValueCur_L: [0.773376, 0.0812035, -0.0458007, -0.0458007, 0.431391, -3.46352, 4.07965, 0]
2024-07-29 10:40:01,349 RobotKinematics.cpp:296 [INFO] controlValueCur_L: [0.875854, 0.0133781, -0.0725346, -0.0725346, 0.404182, -3.463, 4.11132, 0]
2024-07-29 10:40:01,355 RobotKinematics.cpp:296 [INFO] controlValueCur_L: [0.911087, 0.0224838, -0.0682111, -0.0682111, 0.371172, -3.4604, 4.14178, 0]
2024-07-29 10:40:01,360 RobotKinematics.cpp:296 [INFO] controlValueCur_L: [1.01776, 0.0244217, -0.0540757, -0.0540757, 0.300961, -3.4405, 4.19981, 0]
2024-07-29 10:40:01,365 RobotKinematics.cpp:296 [INFO] controlValueCur_L: [1.06201, -0.00428391, -0.125904, -0.125904, 0.265206, -3.4259, 4.22865, 0]
2024-07-29 10:40:01,370 RobotKinematics.cpp:296 [INFO] controlValueCur_L: [1.00746, 0.0178642, -0.0496688, -0.0496688, 0.226152, -3.40956, 4.25669, 0]
2024-07-29 10:40:01,375 RobotKinematics.cpp:296 [INFO] controlValueCur_L: [1.12924, 0.0375557, -0.0884504, -0.0884504, 0.187947, -3.38767, 4.28354, 0]
2024-07-29 10:40:01,381 RobotKinematics.cpp:296 [INFO] controlValueCur_L: [1.33543, 0.0590057, -0.0994639, -0.0994639, 0.108826, -3.33733, 4.33676, 0]
2024-07-29 10:40:01,386 RobotKinematics.cpp:296 [INFO] controlValueCur_L: [1.32599, 0.114384, -0.066041, -0.066041, 0.0702353, -3.30955, 4.36354, 0]
2024-07-29 10:40:01,391 RobotKinematics.cpp:296 [INFO] controlValueCur_L: [1.33186, 0.0542221, -0.104255, -0.104255, 0.0301399, -3.27815, 4.38857, 0]
2024-07-29 10:40:01,396 RobotKinematics.cpp:296 [INFO] controlValueCur_L: [1.20934, 0.0801468, 0.0310311, 0.0310311, -0.00786114, -3.24402, 4.41327, 0]
2024-07-29 10:40:01,401 RobotKinematics.cpp:296 [INFO] controlValueCur_L: [1.30229, 0.0414658, -0.084281, -0.084281, -0.083746, -3.16802, 4.45883, 0]
2024-07-29 10:40:01,407 RobotKinematics.cpp:296 [INFO] controlValueCur_L: [1.28903, 0.0981293, -0.0478773, -0.0478773, -0.120311, -3.12622, 4.48143, 0]
2024-07-29 10:40:01,412 RobotKinematics.cpp:296 [INFO] controlValueCur_L: [1.34158, 0.0446434, -0.0870628, -0.0870628, -0.15674, -3.08305, 4.50493, 0]
2024-07-29 10:40:01,417 RobotKinematics.cpp:296 [INFO] controlValueCur_L: [1.31276, 0.0965729, -0.0723829, -0.0723829, -0.191477, -3.03837, 4.52959, 0]
2024-07-29 10:40:01,422 RobotKinematics.cpp:296 [INFO] controlValueCur_L: [1.23967, 0.109783, -0.058784, -0.058784, -0.259087, -2.94688, 4.58415, 0]
2024-07-29 10:40:01,427 RobotKinematics.cpp:296 [INFO] controlValueCur_L: [1.25749, 0.136765, -0.0608649, -0.0608649, -0.292845, -2.90166, 4.61471, 0]
2024-07-29 10:40:01,433 RobotKinematics.cpp:296 [INFO] controlValueCur_L: [1.24716, 0.112827, -0.050334, -0.050334, -0.324349, -2.85687, 4.64786, 0]
2024-07-29 10:40:01,438 RobotKinematics.cpp:296 [INFO] controlValueCur_L: [1.25664, 0.121426, -0.0601025, -0.0601025, -0.356448, -2.81344, 4.68345, 0]
2024-07-29 10:40:01,443 RobotKinematics.cpp:296 [INFO] controlValueCur_L: [1.31966, 0.124149, -0.0470805, -0.0470805, -0.417051, -2.72591, 4.75778, 0]
2024-07-29 10:40:01,448 RobotKinematics.cpp:296 [INFO] controlValueCur_L: [1.3092, 0.129524, -0.0502696, -0.0502696, -0.44737, -2.68453, 4.79507, 0]
2024-07-29 10:40:01,453 RobotKinematics.cpp:296 [INFO] controlValueCur_L: [1.31834, 0.126839, -0.0658898, -0.0658898, -0.477776, -2.64279, 4.8323, 0]
2024-07-29 10:40:01,458 RobotKinematics.cpp:296 [INFO] controlValueCur_L: [1.30193, 0.123714, -0.0643001, -0.0643001, -2.76828, 0.002141, 11.8187, 0]
2024-07-29 10:40:01,464 RobotKinematics.cpp:296 [INFO] controlValueCur_L: [1.29388, 0.134762, -0.0599818, -0.0599818, -4.52074, 1.75709, 13.34, 0]
2024-07-29 10:40:01,469 RobotKinematics.cpp:296 [INFO] controlValueCur_L: [1.29388, 0.134762, -0.0599818, -0.0599818, -4.52074, 1.75709, 13.34, 0]
2024-07-29 10:40:01,474 RobotKinematics.cpp:296 [INFO] controlValueCur_L: [1.32762, 0.103382, -0.0680223, -0.0680223, -15.6611, 14.3631, 2.47234, 0]
2024-07-29 10:40:01,479 RobotKinematics.cpp:296 [INFO] controlValueCur_L: [1.35397, 0.11327, -0.0914221, -0.0914221, -4.02598, 1.34463, 5.33496, 0]
2024-07-29 10:40:01,484 RobotKinematics.cpp:296 [INFO] controlValueCur_L: [1.3421, 0.100178, -0.0976963, -0.0976963, -1.51153, -1.41431, 5.35618, 0]
2024-07-29 10:40:01,490 RobotKinematics.cpp:296 [INFO] controlValueCur_L: [1.31677, 0.102406, -0.0735431, -0.0735431, -0.852708, -2.13031, 5.12035, 0]
2024-07-29 10:40:01,495 RobotKinematics.cpp:296 [INFO] controlValueCur_L: [1.29208, 0.091301, -0.047575, -0.047575, -0.799929, -2.17574, 5.10205, 0]
2024-07-29 10:40:01,500 RobotKinematics.cpp:296 [INFO] controlValueCur_L: [1.28102, 0.101509, -0.0662751, -0.0662751, -0.778331, -2.18441, 5.10369, 0]
2024-07-29 10:40:01,505 RobotKinematics.cpp:296 [INFO] controlValueCur_L: [1.19652, 0.097168, -0.0764999, -0.0764999, -0.773298, -2.1635, 5.1305, 0]
2024-07-29 10:40:01,510 RobotKinematics.cpp:296 [INFO] controlValueCur_L: [1.19652, 0.097168, -0.0764999, -0.0764999, -0.773298, -2.1635, 5.1305, 0]
2024-07-29 10:40:01,515 RobotKinematics.cpp:296 [INFO] controlValueCur_L: [1.13646, 0.102444, -0.0459146, -0.0459146, -0.788341, -2.11992, 5.17028, 0]
2024-07-29 10:40:01,521 RobotKinematics.cpp:296 [INFO] controlValueCur_L: [1.11668, 0.106079, -0.0410604, -0.0410604, -0.800806, -2.09398, 5.1914, 0]
2024-07-29 10:40:01,526 RobotKinematics.cpp:296 [INFO] controlValueCur_L: [1.08508, 0.0982971, -0.0524983, -0.0524983, -0.814664, -2.06573, 5.21236, 0]
2024-07-29 10:40:01,531 RobotKinematics.cpp:296 [INFO] controlValueCur_L: [0.867371, 0.0924072, -0.0646486, -0.0646486, -0.844824, -2.00684, 5.25309, 0]
2024-07-29 10:40:01,536 RobotKinematics.cpp:296 [INFO] controlValueCur_L: [0.748077, 0.0578651, -0.0617237, -0.0617237, -0.861234, -1.97704, 5.27152, 0]
2024-07-29 10:40:01,541 RobotKinematics.cpp:296 [INFO] controlValueCur_L: [0.640427, 0.0952873, -0.0709848, -0.0709848, -0.876902, -1.94784, 5.28872, 0]
2024-07-29 10:40:01,546 RobotKinematics.cpp:296 [INFO] controlValueCur_L: [0.437668, 0.01548, 0.00809956, 0.00809956, -0.906597, -1.89214, 5.32094, 0]
2024-07-29 10:40:01,552 RobotKinematics.cpp:296 [INFO] controlValueCur_L: [0.437668, 0.01548, 0.00809956, 0.00809956, -0.906597, -1.89214, 5.32094, 0]
2024-07-29 10:40:01,557 RobotKinematics.cpp:296 [INFO] controlValueCur_L: [0.375778, 0.110374, 0.038115, 0.038115, -0.934117, -1.8409, 5.35382, 0]
2024-07-29 10:40:01,562 RobotKinematics.cpp:296 [INFO] controlValueCur_L: [0.413727, 0.0368423, 0.0128436, 0.0128436, -0.948008, -1.8175, 5.37052, 0]
2024-07-29 10:40:01,567 RobotKinematics.cpp:296 [INFO] controlValueCur_L: [0.455002, 0.0514679, -0.00628519, -0.00628519, -0.962901, -1.79486, 5.38669, 0]
2024-07-29 10:40:01,572 RobotKinematics.cpp:296 [INFO] controlValueCur_L: [0.447647, 0.00540924, 0.00751305, 0.00751305, -0.994004, -1.7522, 5.41877, 0]
2024-07-29 10:40:01,578 RobotKinematics.cpp:296 [INFO] controlValueCur_L: [0.467682, 0.0208359, -0.0250263, -0.0250263, -1.00945, -1.73165, 5.43496, 0]
2024-07-29 10:40:01,583 RobotKinematics.cpp:296 [INFO] controlValueCur_L: [0.415955, 0.00668716, -0.0226631, -0.0226631, -1.02502, -1.71139, 5.45121, 0]
2024-07-29 10:40:01,588 RobotKinematics.cpp:296 [INFO] controlValueCur_L: [0.350052, 0.0155487, -0.0413184, -0.0413184, -1.04084, -1.69117, 5.46721, 0]
2024-07-29 10:40:01,593 RobotKinematics.cpp:296 [INFO] controlValueCur_L: [0.24559, 0.0141258, 0.0219688, 0.0219688, -1.05605, -1.67135, 5.48335, 0]
2024-07-29 10:40:01,598 RobotKinematics.cpp:296 [INFO] controlValueCur_L: [0.228439, 0.0353851, -0.0200901, -0.0200901, -1.08559, -1.63235, 5.51585, 0]
2024-07-29 10:40:01,604 RobotKinematics.cpp:296 [INFO] controlValueCur_L: [0.20723, 0.00455856, -0.0219212, -0.0219212, -1.09975, -1.61326, 5.5325, 0]
2024-07-29 10:40:01,609 RobotKinematics.cpp:296 [INFO] controlValueCur_L: [0.18985, 0.00115967, -0.011549, -0.011549, -1.11357, -1.59427, 5.54947, 0]
2024-07-29 10:40:01,614 RobotKinematics.cpp:296 [INFO] controlValueCur_L: [0.200226, 0.0194321, -0.0302458, -0.0302458, -1.12703, -1.57567, 5.56687, 0]
2024-07-29 10:40:01,619 RobotKinematics.cpp:296 [INFO] controlValueCur_L: [0.151733, -0.0152359, -0.0831795, -0.0831795, -1.15224, -1.53895, 5.60279, 0]
2024-07-29 10:40:01,624 RobotKinematics.cpp:296 [INFO] controlValueCur_L: [0.0858917, 0.0639915, -0.0618653, -0.0618653, -1.16382, -1.52092, 5.62128, 0]
2024-07-29 10:40:01,630 RobotKinematics.cpp:296 [INFO] controlValueCur_L: [0.106689, 0.0259399, -0.0423923, -0.0423923, -1.17464, -1.50329, 5.64005, 0]
2024-07-29 10:40:01,635 RobotKinematics.cpp:296 [INFO] controlValueCur_L: [0.0704041, -0.00273895, -0.047996, -0.047996, -1.19284, -1.46931, 5.67812, 0]
2024-07-29 10:40:01,640 RobotKinematics.cpp:296 [INFO] controlValueCur_L: [0.00111389, 0.00305176, -0.0248723, -0.0248723, -1.2002, -1.45338, 5.69738, 0]
2024-07-29 10:40:01,645 RobotKinematics.cpp:296 [INFO] controlValueCur_L: [0.0410461, -0.0285454, -0.0875149, -0.0875149, -1.20645, -1.43841, 5.71669, 0]
2024-07-29 10:40:01,650 RobotKinematics.cpp:296 [INFO] controlValueCur_L: [0.0393982, 0.0224724, -0.0671139, -0.0671139, -1.21142, -1.42452, 5.73608, 0]
2024-07-29 10:40:01,656 RobotKinematics.cpp:296 [INFO] controlValueCur_L: [0.0649719, 0.0299683, -0.0169153, -0.0169153, -1.21816, -1.40064, 5.77494, 0]
2024-07-29 10:40:01,661 RobotKinematics.cpp:296 [INFO] controlValueCur_L: [0.10556, 0.0357246, -0.0142479, -0.0142479, -1.21982, -1.39096, 5.79454, 0]
2024-07-29 10:40:01,666 RobotKinematics.cpp:296 [INFO] controlValueCur_L: [0.170532, 0.0221176, -0.00340223, -0.00340223, -1.22042, -1.38155, 5.81703, 0]
2024-07-29 10:40:01,671 RobotKinematics.cpp:296 [INFO] controlValueCur_L: [0.226135, 0.0260544, 0.00304604, 0.00304604, -1.21975, -1.37255, 5.84407, 0]
2024-07-29 10:40:01,676 RobotKinematics.cpp:296 [INFO] controlValueCur_L: [0.264648, 0.0357552, 0.0164399, 0.0164399, -1.21279, -1.35794, 5.91238, 0]
2024-07-29 10:40:01,682 RobotKinematics.cpp:296 [INFO] controlValueCur_L: [0.323883, 0.0337067, -0.00647449, -0.00647449, -1.20573, -1.35376, 5.95386, 0]
2024-07-29 10:40:01,687 RobotKinematics.cpp:296 [INFO] controlValueCur_L: [0.398422, 0.0329285, -0.0175509, -0.0175509, -1.19592, -1.3525, 6.00009, 0]
2024-07-29 10:40:01,692 RobotKinematics.cpp:296 [INFO] controlValueCur_L: [0.449814, 0.0522079, -0.0421524, -0.0421524, -1.18364, -1.35479, 6.05097, 0]
2024-07-29 10:40:01,697 RobotKinematics.cpp:296 [INFO] controlValueCur_L: [0.51355, 0.0705833, -0.0416527, -0.0416527, -1.15203, -1.37122, 6.16602, 0]
2024-07-29 10:40:01,703 RobotKinematics.cpp:296 [INFO] controlValueCur_L: [0.51355, 0.0705833, -0.0416527, -0.0416527, -1.15203, -1.37122, 6.16602, 0]
2024-07-29 10:40:01,708 RobotKinematics.cpp:296 [INFO] controlValueCur_L: [0.608932, 0.0724335, -0.0356755, -0.0356755, -1.11254, -1.40379, 6.29754, 0]
2024-07-29 10:40:01,713 RobotKinematics.cpp:296 [INFO] controlValueCur_L: [0.778656, 0.0612602, -0.0662656, -0.0662656, -1.06761, -1.45042, 6.44396, 0]
2024-07-29 10:40:01,718 RobotKinematics.cpp:296 [INFO] controlValueCur_L: [0.778656, 0.0612602, -0.0662656, -0.0662656, -1.06761, -1.45042, 6.44396, 0]
2024-07-29 10:40:01,723 RobotKinematics.cpp:296 [INFO] controlValueCur_L: [0.877075, 0.0937233, -0.037643, -0.037643, -1.02129, -1.5059, 6.60419, 0]
2024-07-29 10:40:01,729 RobotKinematics.cpp:296 [INFO] controlValueCur_L: [0.81601, 0.109783, -0.051476, -0.051476, -0.999316, -1.53483, 6.68966, 0]
2024-07-29 10:40:01,734 RobotKinematics.cpp:296 [INFO] controlValueCur_L: [0.765015, 0.0582733, -0.0431218, -0.0431218, -0.97882, -1.56368, 6.77918, 0]
2024-07-29 10:40:01,739 RobotKinematics.cpp:296 [INFO] controlValueCur_L: [0.773361, 0.066227, -0.0266247, -0.0266247, -0.944331, -1.62018, 6.97261, 0]
2024-07-29 10:40:01,744 RobotKinematics.cpp:296 [INFO] controlValueCur_L: [0.871857, 0.0349808, -0.0568161, -0.0568161, -0.930631, -1.64791, 7.07777, 0]
2024-07-29 10:40:01,750 RobotKinematics.cpp:296 [INFO] controlValueCur_L: [0.926468, 0.0531654, -0.0449157, -0.0449157, -0.919334, -1.67572, 7.18953, 0]
2024-07-29 10:40:01,755 RobotKinematics.cpp:296 [INFO] controlValueCur_L: [1.04359, 0.0768623, -0.0557585, -0.0557585, -0.9029, -1.73369, 7.43435, 0]
2024-07-29 10:40:01,760 RobotKinematics.cpp:296 [INFO] controlValueCur_L: [1.04359, 0.0768623, -0.0557585, -0.0557585, -0.9029, -1.73369, 7.43435, 0]
2024-07-29 10:40:01,765 RobotKinematics.cpp:296 [INFO] controlValueCur_L: [0.961166, 0.0527306, -0.0430951, -0.0430951, -0.894351, -1.7966, 7.70621, 0]
2024-07-29 10:40:01,770 RobotKinematics.cpp:296 [INFO] controlValueCur_L: [0.957626, 0.0222435, -0.0576124, -0.0576124, -0.892155, -1.83082, 7.85136, 0]
2024-07-29 10:40:01,776 RobotKinematics.cpp:296 [INFO] controlValueCur_L: [0.903198, 0.0586891, -0.0555568, -0.0555568, -0.891708, -1.86668, 8.00102, 0]
2024-07-29 10:40:01,781 RobotKinematics.cpp:296 [INFO] controlValueCur_L: [0.882599, 0.0650749, -0.0438204, -0.0438204, -0.894519, -1.94404, 8.30877, 0]
2024-07-29 10:40:01,786 RobotKinematics.cpp:296 [INFO] controlValueCur_L: [0.892426, 0.0542831, -0.0373497, -0.0373497, -0.896988, -1.98614, 8.46361, 0]
2024-07-29 10:40:01,791 RobotKinematics.cpp:296 [INFO] controlValueCur_L: [0.886398, 0.0686073, -0.0515175, -0.0515175, -0.89825, -2.031, 8.61661, 0]
2024-07-29 10:40:01,796 RobotKinematics.cpp:296 [INFO] controlValueCur_L: [0.863647, 0.0608063, -0.0252085, -0.0252085, -0.897622, -2.079, 8.76622, 0]
2024-07-29 10:40:01,802 RobotKinematics.cpp:296 [INFO] controlValueCur_L: [0.95134, 0.0912628, -0.0467477, -0.0467477, -0.883421, -2.18388, 9.05031, 0]
2024-07-29 10:40:01,807 RobotKinematics.cpp:296 [INFO] controlValueCur_L: [0.993561, 0.0706253, -0.0670199, -0.0670199, -0.864681, -2.24175, 9.18417, 0]
2024-07-29 10:40:01,812 RobotKinematics.cpp:296 [INFO] controlValueCur_L: [1.07626, 0.102901, -0.0766897, -0.0766897, -0.837623, -2.3038, 9.31184, 0]
2024-07-29 10:40:01,817 RobotKinematics.cpp:296 [INFO] controlValueCur_L: [1.15836, 0.0732918, -0.0495577, -0.0495577, -0.801394, -2.36983, 9.43322, 0]
2024-07-29 10:40:01,823 RobotKinematics.cpp:296 [INFO] controlValueCur_L: [1.47908, 0.0735855, -0.0904083, -0.0904083, -0.707632, -2.51461, 9.65919, 0]
2024-07-29 10:40:01,828 RobotKinematics.cpp:296 [INFO] controlValueCur_L: [1.54945, 0.0838928, -0.0728383, -0.0728383, -0.651819, -2.59527, 9.76856, 0]
2024-07-29 10:40:01,833 RobotKinematics.cpp:296 [INFO] controlValueCur_L: [1.65297, 0.0726852, -0.134737, -0.134737, -0.589629, -2.68055, 9.879, 0]
2024-07-29 10:40:01,838 RobotKinematics.cpp:296 [INFO] controlValueCur_L: [1.70357, 0.124107, -0.096015, -0.096015, -0.524253, -2.77174, 9.99292, 0]
2024-07-29 10:40:01,843 RobotKinematics.cpp:296 [INFO] controlValueCur_L: [1.89775, 0.15794, -0.0880399, -0.0880399, -0.383358, -2.96939, 10.2404, 0]
2024-07-29 10:40:01,848 RobotKinematics.cpp:296 [INFO] controlValueCur_L: [1.94379, 0.150417, -0.100036, -0.100036, -0.309916, -3.07553, 10.377, 0]
2024-07-29 10:40:01,854 RobotKinematics.cpp:296 [INFO] controlValueCur_L: [2.00064, 0.175526, -0.136431, -0.136431, -0.23598, -3.18734, 10.524, 0]
2024-07-29 10:40:01,859 RobotKinematics.cpp:296 [INFO] controlValueCur_L: [2.04024, 0.133392, -0.18926, -0.18926, -0.160588, -3.30363, 10.6818, 0]
2024-07-29 10:40:01,864 RobotKinematics.cpp:296 [INFO] controlValueCur_L: [2.03072, 0.214924, -0.145603, -0.145603, -0.00930119, -3.55474, 11.0319, 0]
2024-07-29 10:40:01,869 RobotKinematics.cpp:296 [INFO] controlValueCur_L: [2.07382, 0.258709, -0.0377164, -0.0377164, 0.0666437, -3.69095, 11.2242, 0]
2024-07-29 10:40:01,875 RobotKinematics.cpp:296 [INFO] controlValueCur_L: [2.17857, 0.190777, -0.0542374, -0.0542374, 0.143101, -3.8354, 11.4276, 0]
2024-07-29 10:40:01,880 RobotKinematics.cpp:296 [INFO] controlValueCur_L: [2.27663, 0.243393, -0.06284, -0.06284, 0.219668, -3.98983, 11.6412, 0]
2024-07-29 10:40:01,885 RobotKinematics.cpp:296 [INFO] controlValueCur_L: [2.43936, 0.231293, -0.111306, -0.111306, 0.373252, -4.3306, 12.0896, 0]
2024-07-29 10:40:01,890 RobotKinematics.cpp:296 [INFO] controlValueCur_L: [2.38319, 0.175266, -0.0792661, -0.0792661, 0.451704, -4.51997, 12.3219, 0]
2024-07-29 10:40:01,895 RobotKinematics.cpp:296 [INFO] controlValueCur_L: [2.37198, 0.16114, -0.121399, -0.121399, 0.531988, -4.72418, 12.5581, 0]
2024-07-29 10:40:01,901 RobotKinematics.cpp:296 [INFO] controlValueCur_L: [2.30171, 0.162453, -0.157246, -0.157246, 0.614223, -4.94469, 12.797, 0]
2024-07-29 10:40:01,906 RobotKinematics.cpp:296 [INFO] controlValueCur_L: [2.2323, 0.167461, -0.199929, -0.199929, 0.786577, -5.4331, 13.2753, 0]
2024-07-29 10:40:01,911 RobotKinematics.cpp:296 [INFO] controlValueCur_L: [2.16743, 0.109295, -0.211886, -0.211886, 0.876947, -5.69871, 13.51, 0]
2024-07-29 10:40:01,916 RobotKinematics.cpp:296 [INFO] controlValueCur_L: [1.98401, 0.137894, -0.174747, -0.174747, 0.970897, -5.97629, 13.7397, 0]
2024-07-29 10:40:01,921 RobotKinematics.cpp:296 [INFO] controlValueCur_L: [1.87148, 0.135643, -0.209015, -0.209015, 1.16877, -6.55842, 14.1783, 0]
2024-07-29 10:40:01,927 RobotKinematics.cpp:296 [INFO] controlValueCur_L: [1.87148, 0.135643, -0.209015, -0.209015, 1.16877, -6.55842, 14.1783, 0]
2024-07-29 10:40:01,932 RobotKinematics.cpp:296 [INFO] controlValueCur_L: [1.72926, 0.131508, -0.150184, -0.150184, 1.37997, -7.15197, 14.5715, 0]
2024-07-29 10:40:01,937 RobotKinematics.cpp:296 [INFO] controlValueCur_L: [1.69768, 0.137928, -0.0675292, -0.0675292, 1.48765, -7.45411, 14.7557, 0]
2024-07-29 10:40:01,942 RobotKinematics.cpp:296 [INFO] controlValueCur_L: [1.73309, 0.139996, -0.090435, -0.090435, 1.59349, -7.76046, 14.9325, 0]
2024-07-29 10:40:01,947 RobotKinematics.cpp:296 [INFO] controlValueCur_L: [1.74068, 0.197018, -0.105552, -0.105552, 1.79929, -8.37552, 15.2602, 0]
2024-07-29 10:40:01,953 RobotKinematics.cpp:296 [INFO] controlValueCur_L: [1.73586, 0.186104, -0.101181, -0.101181, 1.90028, -8.67798, 15.4078, 0]
2024-07-29 10:40:01,958 RobotKinematics.cpp:296 [INFO] controlValueCur_L: [1.77222, 0.163288, -0.0898499, -0.0898499, 2.00267, -8.9741, 15.5451, 0]
2024-07-29 10:40:01,963 RobotKinematics.cpp:296 [INFO] controlValueCur_L: [1.78261, 0.173679, -0.0627432, -0.0627432, 2.20774, -9.52529, 15.8036, 0]
2024-07-29 10:40:01,968 RobotKinematics.cpp:296 [INFO] controlValueCur_L: [1.78261, 0.173679, -0.0627432, -0.0627432, 2.20774, -9.52529, 15.8036, 0]
2024-07-29 10:40:01,974 RobotKinematics.cpp:296 [INFO] controlValueCur_L: [1.77435, 0.152798, -0.063601, -0.063601, 2.3828, -10.0304, 16.0627, 0]
2024-07-29 10:40:01,979 RobotKinematics.cpp:296 [INFO] controlValueCur_L: [1.78302, 0.158325, -0.0980196, -0.0980196, 2.46441, -10.2674, 16.1871, 0]
2024-07-29 10:40:01,984 RobotKinematics.cpp:296 [INFO] controlValueCur_L: [1.77997, 0.162354, -0.0946832, -0.0946832, 2.54564, -10.4929, 16.3046, 0]
2024-07-29 10:40:01,989 RobotKinematics.cpp:296 [INFO] controlValueCur_L: [1.77762, 0.143677, -0.0846825, -0.0846825, 2.7093, -10.9179, 16.5281, 0]
2024-07-29 10:40:01,994 RobotKinematics.cpp:296 [INFO] controlValueCur_L: [1.81104, 0.153477, -0.0907602, -0.0907602, 2.79461, -11.1178, 16.6347, 0]
2024-07-29 10:40:02,000 RobotKinematics.cpp:296 [INFO] controlValueCur_L: [1.84241, 0.1516, -0.0817685, -0.0817685, 2.87843, -11.3086, 16.7324, 0]
2024-07-29 10:40:02,005 RobotKinematics.cpp:296 [INFO] controlValueCur_L: [1.88118, 0.13266, -0.0935111, -0.0935111, 3.05257, -11.6641, 16.9132, 0]
2024-07-29 10:40:02,010 RobotKinematics.cpp:296 [INFO] controlValueCur_L: [1.88118, 0.13266, -0.0935111, -0.0935111, 3.05257, -11.6641, 16.9132, 0]
2024-07-29 10:40:02,015 RobotKinematics.cpp:296 [INFO] controlValueCur_L: [2.05069, 0.150078, -0.128702, -0.128702, 3.23407, -11.987, 17.072, 0]
2024-07-29 10:40:02,020 RobotKinematics.cpp:296 [INFO] controlValueCur_L: [2.16667, 0.184113, -0.135879, -0.135879, 3.32668, -12.137, 17.1412, 0]
2024-07-29 10:40:02,026 RobotKinematics.cpp:296 [INFO] controlValueCur_L: [2.3336, 0.179955, -0.0618958, -0.0618958, 3.42195, -12.2836, 17.2115, 0]
2024-07-29 10:40:02,031 RobotKinematics.cpp:296 [INFO] controlValueCur_L: [2.49582, 0.179878, -0.144774, -0.144774, 3.61201, -12.5626, 17.3328, 0]
2024-07-29 10:40:02,036 RobotKinematics.cpp:296 [INFO] controlValueCur_L: [2.44344, 0.215305, -0.114437, -0.114437, 3.70766, -12.6973, 17.3864, 0]
2024-07-29 10:40:02,041 RobotKinematics.cpp:296 [INFO] controlValueCur_L: [2.46237, 0.20713, -0.0616555, -0.0616555, 3.80775, -12.8281, 17.4354, 0]
2024-07-29 10:40:02,046 RobotKinematics.cpp:296 [INFO] controlValueCur_L: [2.46175, 0.218025, -0.047606, -0.047606, 3.90778, -12.9577, 17.477, 0]
2024-07-29 10:40:02,052 RobotKinematics.cpp:296 [INFO] controlValueCur_L: [2.5498, 0.195614, -0.0570259, -0.0570259, 4.11074, -13.2186, 17.5514, 0]
2024-07-29 10:40:02,057 RobotKinematics.cpp:296 [INFO] controlValueCur_L: [2.5947, 0.118359, -0.0828948, -0.0828948, 4.21623, -13.3461, 17.5805, 0]
2024-07-29 10:40:02,062 RobotKinematics.cpp:296 [INFO] controlValueCur_L: [2.57877, 0.167782, -0.123194, -0.123194, 4.32102, -13.4733, 17.6048, 0]
2024-07-29 10:40:02,067 RobotKinematics.cpp:296 [INFO] controlValueCur_L: [2.50737, 0.12801, -0.105217, -0.105217, 4.4269, -13.5993, 17.6285, 0]
2024-07-29 10:40:02,073 RobotKinematics.cpp:296 [INFO] controlValueCur_L: [2.36746, 0.160175, -0.125876, -0.125876, 4.63633, -13.8503, 17.6677, 0]
2024-07-29 10:40:02,078 RobotKinematics.cpp:296 [INFO] controlValueCur_L: [2.32365, 0.153236, -0.136316, -0.136316, 4.74295, -13.9719, 17.6838, 0]
2024-07-29 10:40:02,083 RobotKinematics.cpp:296 [INFO] controlValueCur_L: [2.21278, 0.153263, -0.116866, -0.116866, 4.84252, -14.0973, 17.7033, 0]
2024-07-29 10:40:02,088 RobotKinematics.cpp:296 [INFO] controlValueCur_L: [2.08698, 0.12571, -0.11661, -0.11661, 4.93966, -14.2207, 17.7247, 0]
2024-07-29 10:40:02,093 RobotKinematics.cpp:296 [INFO] controlValueCur_L: [1.86493, 0.0975189, -0.135611, -0.135611, 5.12717, -14.4534, 17.7716, 0]
2024-07-29 10:40:02,099 RobotKinematics.cpp:296 [INFO] controlValueCur_L: [1.72995, 0.0929832, -0.14386, -0.14386, 5.2132, -14.5622, 17.7977, 0]
2024-07-29 10:40:02,104 RobotKinematics.cpp:296 [INFO] controlValueCur_L: [1.6015, 0.085186, -0.106206, -0.106206, 5.29084, -14.6699, 17.8329, 0]
2024-07-29 10:40:02,109 RobotKinematics.cpp:296 [INFO] controlValueCur_L: [1.45773, 0.0657616, -0.132196, -0.132196, 5.36566, -14.7685, 17.8662, 0]
2024-07-29 10:40:02,114 RobotKinematics.cpp:296 [INFO] controlValueCur_L: [1.078, 0.0523949, -0.0172048, -0.0172048, 5.49822, -14.9579, 17.9471, 0]
2024-07-29 10:40:02,119 RobotKinematics.cpp:296 [INFO] controlValueCur_L: [1.04265, 0.0329933, -0.0723825, -0.0723825, 5.56122, -15.0447, 17.9872, 0]
2024-07-29 10:40:02,125 RobotKinematics.cpp:296 [INFO] controlValueCur_L: [0.954788, 0.0988159, -0.0633578, -0.0633578, 5.62081, -15.1305, 18.0362, 0]
2024-07-29 10:40:02,130 RobotKinematics.cpp:296 [INFO] controlValueCur_L: [0.87973, 0.00485611, -0.00812101, -0.00812101, 5.67589, -15.2139, 18.0844, 0]
2024-07-29 10:40:02,135 RobotKinematics.cpp:296 [INFO] controlValueCur_L: [0.771271, 0.0134468, -0.0492778, -0.0492778, 5.73466, -15.2898, 18.1309, 0]
2024-07-29 10:40:02,140 RobotKinematics.cpp:296 [INFO] controlValueCur_L: [0.673752, 0.044178, -0.104964, -0.104964, 5.83965, -15.4401, 18.2267, 0]
2024-07-29 10:40:02,145 RobotKinematics.cpp:296 [INFO] controlValueCur_L: [0.674149, 0.0157127, -0.0845108, -0.0845108, 5.88931, -15.5116, 18.2735, 0]
2024-07-29 10:40:02,151 RobotKinematics.cpp:296 [INFO] controlValueCur_L: [0.638199, 0.0606232, -0.0554523, -0.0554523, 5.9391, -15.5814, 18.3273, 0]
2024-07-29 10:40:02,156 RobotKinematics.cpp:296 [INFO] controlValueCur_L: [0.536789, 0.0826302, 0.0130534, 0.0130534, 6.03352, -15.715, 18.4357, 0]
2024-07-29 10:40:02,161 RobotKinematics.cpp:296 [INFO] controlValueCur_L: [0.562057, 0.0300026, -0.0259795, -0.0259795, 6.07716, -15.7817, 18.4941, 0]
2024-07-29 10:40:02,166 RobotKinematics.cpp:296 [INFO] controlValueCur_L: [0.53949, 0.0145988, -0.0240746, -0.0240746, 6.1234, -15.8437, 18.5569, 0]
2024-07-29 10:40:02,171 RobotKinematics.cpp:296 [INFO] controlValueCur_L: [0.595551, 0.0127296, -0.0213232, -0.0213232, 6.21302, -15.9622, 18.6873, 0]
2024-07-29 10:40:02,177 RobotKinematics.cpp:296 [INFO] controlValueCur_L: [0.595551, 0.0127296, -0.0213232, -0.0213232, 6.21302, -15.9622, 18.6873, 0]
2024-07-29 10:40:02,182 RobotKinematics.cpp:296 [INFO] controlValueCur_L: [0.602005, 0.060173, -0.0197768, -0.0197768, 6.30579, -16.0653, 18.826, 0]
2024-07-29 10:40:02,187 RobotKinematics.cpp:296 [INFO] controlValueCur_L: [0.530273, 0.0471001, -0.0198493, -0.0198493, 6.35595, -16.1108, 18.8956, 0]
2024-07-29 10:40:02,192 RobotKinematics.cpp:296 [INFO] controlValueCur_L: [0.41391, 0.0727997, -0.00408125, -0.00408125, 6.40947, -16.1541, 18.9732, 0]
2024-07-29 10:40:02,198 RobotKinematics.cpp:296 [INFO] controlValueCur_L: [0.172089, 0.017601, -0.0109463, -0.0109463, 6.53482, -16.2313, 19.1314, 0]
2024-07-29 10:40:02,203 RobotKinematics.cpp:296 [INFO] controlValueCur_L: [0.11557, -0.0255699, -0.0212421, -0.0212421, 6.60862, -16.2648, 19.2134, 0]
2024-07-29 10:40:02,208 RobotKinematics.cpp:296 [INFO] controlValueCur_L: [0.0822449, -0.0519066, -0.0333934, -0.0333934, 6.68776, -16.2944, 19.2917, 0]
2024-07-29 10:40:02,213 RobotKinematics.cpp:296 [INFO] controlValueCur_L: [0.128067, -0.0790787, -0.016273, -0.016273, 6.77333, -16.3205, 19.3735, 0]
2024-07-29 10:40:02,218 RobotKinematics.cpp:296 [INFO] controlValueCur_L: [0.148804, -0.0284843, -0.0832992, -0.0832992, 6.9706, -16.3461, 19.5249, 0]
2024-07-29 10:40:02,224 RobotKinematics.cpp:296 [INFO] controlValueCur_L: [0.119385, -0.00637436, -0.0403981, -0.0403981, 7.07875, -16.3458, 19.5959, 0]
2024-07-29 10:40:02,229 RobotKinematics.cpp:296 [INFO] controlValueCur_L: [0.107712, -0.0127792, 0.0134807, 0.0134807, 7.19541, -16.3345, 19.6657, 0]
2024-07-29 10:40:02,234 RobotKinematics.cpp:296 [INFO] controlValueCur_L: [0.136414, 0.0442734, -0.033608, -0.033608, 7.3118, -16.3188, 19.7367, 0]
2024-07-29 10:40:02,239 RobotKinematics.cpp:296 [INFO] controlValueCur_L: [0.244415, 0.0771713, -0.0359664, -0.0359664, 7.56052, -16.2623, 19.8823, 0]
2024-07-29 10:40:02,245 RobotKinematics.cpp:296 [INFO] controlValueCur_L: [0.259567, 0.107723, -0.0431724, -0.0431724, 7.69104, -16.2245, 19.9579, 0]
2024-07-29 10:40:02,250 RobotKinematics.cpp:296 [INFO] controlValueCur_L: [0.266403, 0.0571785, -0.0449343, -0.0449343, 7.8294, -16.1783, 20.0391, 0]
2024-07-29 10:40:02,255 RobotKinematics.cpp:296 [INFO] controlValueCur_L: [0.266052, 0.0824242, -0.0339584, -0.0339584, 7.96694, -16.1307, 20.1212, 0]
2024-07-29 10:40:02,260 RobotKinematics.cpp:296 [INFO] controlValueCur_L: [0.327606, 0.0363159, -0.0338111, -0.0338111, 8.26451, -16.0216, 20.3065, 0]
2024-07-29 10:40:02,265 RobotKinematics.cpp:296 [INFO] controlValueCur_L: [0.398956, 0.0712547, -0.0482697, -0.0482697, 8.42203, -15.9614, 20.4067, 0]
2024-07-29 10:40:02,271 RobotKinematics.cpp:296 [INFO] controlValueCur_L: [0.405487, 0.0610046, -0.0442214, -0.0442214, 8.58887, -15.8983, 20.5133, 0]
2024-07-29 10:40:02,276 RobotKinematics.cpp:296 [INFO] controlValueCur_L: [0.381378, 0.0825691, -0.0490046, -0.0490046, 8.76111, -15.8405, 20.627, 0]
2024-07-29 10:40:02,281 RobotKinematics.cpp:296 [INFO] controlValueCur_L: [0.234955, 0.0497665, -0.0240998, -0.0240998, 9.13768, -15.7293, 20.8689, 0]
2024-07-29 10:40:02,286 RobotKinematics.cpp:296 [INFO] controlValueCur_L: [0.160065, 0.0213165, -0.0518918, -0.0518918, 9.33434, -15.6829, 20.9944, 0]
2024-07-29 10:40:02,291 RobotKinematics.cpp:296 [INFO] controlValueCur_L: [0.0671844, 0.0257378, -0.0296769, -0.0296769, 9.54605, -15.6365, 21.1183, 0]
2024-07-29 10:40:02,297 RobotKinematics.cpp:296 [INFO] controlValueCur_L: [-0.00692749, 0.0144615, -0.0825448, -0.0825448, 9.75584, -15.6016, 21.2425, 0]
2024-07-29 10:40:02,302 RobotKinematics.cpp:296 [INFO] controlValueCur_L: [-0.274048, 0.0222511, 0.109257, 0.109257, 10.2065, -15.5182, 21.4903, 0]
2024-07-29 10:40:02,307 RobotKinematics.cpp:296 [INFO] controlValueCur_L: [-0.433945, 0.0338745, 0.28997, 0.28997, 10.4341, -15.4755, 21.6138, 0]
2024-07-29 10:40:02,312 RobotKinematics.cpp:296 [INFO] controlValueCur_L: [-0.588791, 0.0430183, 0.471284, 0.471284, 10.656, -15.4362, 21.7373, 0]
2024-07-29 10:40:02,317 RobotKinematics.cpp:296 [INFO] controlValueCur_L: [-0.587997, 0.0196342, 0.314672, 0.314672, 11.155, -15.3969, 21.9938, 0]
2024-07-29 10:40:02,323 RobotKinematics.cpp:296 [INFO] controlValueCur_L: [-0.587997, 0.0196342, 0.314672, 0.314672, 11.155, -15.3969, 21.9938, 0]
2024-07-29 10:40:02,328 RobotKinematics.cpp:296 [INFO] controlValueCur_L: [-0.447052, 0.00770569, 0.156359, 0.156359, 11.693, -15.3226, 22.2326, 0]
2024-07-29 10:40:02,333 RobotKinematics.cpp:296 [INFO] controlValueCur_L: [-0.372406, 0.0132103, 0.147785, 0.147785, 11.9621, -15.3001, 22.3626, 0]
2024-07-29 10:40:02,338 RobotKinematics.cpp:296 [INFO] controlValueCur_L: [-0.287567, 0.0192642, 0.108898, 0.108898, 12.2236, -15.2915, 22.4913, 0]
2024-07-29 10:40:02,344 RobotKinematics.cpp:296 [INFO] controlValueCur_L: [-0.183777, -0.0282631, 0.117264, 0.117264, 12.7632, -15.231, 22.7646, 0]
2024-07-29 10:40:02,349 RobotKinematics.cpp:296 [INFO] controlValueCur_L: [-0.120102, 0.00841141, 0.124739, 0.124739, 13.0335, -15.1928, 22.9073, 0]
2024-07-29 10:40:02,354 RobotKinematics.cpp:296 [INFO] controlValueCur_L: [0.0117645, -0.0238228, 0.078125, 0.078125, 13.2971, -15.1608, 23.0544, 0]
2024-07-29 10:40:02,359 RobotKinematics.cpp:296 [INFO] controlValueCur_L: [0.168564, 0.0323257, 0.0602145, 0.0602145, 13.8539, -15.0666, 23.3689, 0]
2024-07-29 10:40:02,364 RobotKinematics.cpp:296 [INFO] controlValueCur_L: [0.168564, 0.0323257, 0.0602145, 0.0602145, 13.8539, -15.0666, 23.3689, 0]
2024-07-29 10:40:02,370 RobotKinematics.cpp:296 [INFO] controlValueCur_L: [0.281647, 0.0478973, 0.00530243, 0.00530243, 14.4177, -14.9676, 23.6792, 0]
2024-07-29 10:40:02,375 RobotKinematics.cpp:296 [INFO] controlValueCur_L: [0.339249, 0.0431099, -0.000749111, -0.000749111, 28.3068, -25.1766, 23.7079, 0]
2024-07-29 10:40:02,380 RobotKinematics.cpp:296 [INFO] controlValueCur_L: [0.396545, 0.0412178, -0.0159082, -0.0159082, 17.23, -16.8881, 23.9905, 0]
2024-07-29 10:40:02,385 RobotKinematics.cpp:296 [INFO] controlValueCur_L: [0.479263, 0.0430412, -0.00031805, -0.00031805, 15.7486, -14.8787, 24.2779, 0]
2024-07-29 10:40:02,390 RobotKinematics.cpp:296 [INFO] controlValueCur_L: [0.517273, 0.0696716, -0.00973797, -0.00973797, 15.9502, -14.7078, 24.4256, 0]
2024-07-29 10:40:02,396 RobotKinematics.cpp:296 [INFO] controlValueCur_L: [0.534332, 0.0501099, -0.0179071, -0.0179071, 16.2102, -14.5912, 24.5845, 0]
2024-07-29 10:40:02,401 RobotKinematics.cpp:296 [INFO] controlValueCur_L: [0.617325, 0.0573769, 0.0150037, 0.0150037, 16.7635, -14.3909, 24.8838, 0]
2024-07-29 10:40:02,406 RobotKinematics.cpp:296 [INFO] controlValueCur_L: [0.639511, 0.0657234, -0.0294147, -0.0294147, 17.0462, -14.2848, 25.0423, 0]
2024-07-29 10:40:02,411 RobotKinematics.cpp:296 [INFO] controlValueCur_L: [0.634689, 0.0352364, -0.0209775, -0.0209775, 17.3284, -14.176, 25.1952, 0]
2024-07-29 10:40:02,416 RobotKinematics.cpp:296 [INFO] controlValueCur_L: [0.635941, 0.0681992, -0.0217738, -0.0217738, 17.6107, -14.0624, 25.3575, 0]
2024-07-29 10:40:02,422 RobotKinematics.cpp:296 [INFO] controlValueCur_L: [0.646011, 0.0497055, -0.0277815, -0.0277815, 17.8931, -13.943, 25.5222, 0]
2024-07-29 10:40:02,427 RobotKinematics.cpp:296 [INFO] controlValueCur_L: [0.573044, 0.0736923, -0.0146432, -0.0146432, 18.4517, -13.6965, 25.8522, 0]
2024-07-29 10:40:02,432 RobotKinematics.cpp:296 [INFO] controlValueCur_L: [0.527176, 0.0746536, -0.00573349, -0.00573349, 18.7297, -13.5632, 26.0192, 0]
2024-07-29 10:40:02,437 RobotKinematics.cpp:296 [INFO] controlValueCur_L: [0.507858, 0.0694504, -0.013206, -0.013206, 19.0045, -13.4256, 26.1805, 0]
2024-07-29 10:40:02,443 RobotKinematics.cpp:296 [INFO] controlValueCur_L: [0.490402, 0.0568275, -0.0016818, -0.0016818, 19.2774, -13.2818, 26.3481, 0]
2024-07-29 10:40:02,448 RobotKinematics.cpp:296 [INFO] controlValueCur_L: [0.4953, 0.0598526, 0.00719643, 0.00719643, 19.8117, -12.9862, 26.6814, 0]
2024-07-29 10:40:02,453 RobotKinematics.cpp:296 [INFO] controlValueCur_L: [0.510635, 0.0640602, 0.0107398, 0.0107398, 20.0727, -12.8333, 26.8484, 0]
2024-07-29 10:40:02,458 RobotKinematics.cpp:296 [INFO] controlValueCur_L: [0.545013, 0.068924, -0.00740862, -0.00740862, 20.3313, -12.6762, 27.014, 0]
2024-07-29 10:40:02,464 RobotKinematics.cpp:296 [INFO] controlValueCur_L: [0.585403, 0.0711479, -0.00784445, -0.00784445, 20.8351, -12.3583, 27.3421, 0]
2024-07-29 10:40:02,469 RobotKinematics.cpp:296 [INFO] controlValueCur_L: [0.621033, 0.0615234, -0.0184193, -0.0184193, 21.0789, -12.1993, 27.5084, 0]
2024-07-29 10:40:02,474 RobotKinematics.cpp:296 [INFO] controlValueCur_L: [0.620529, 0.0718803, -0.0296421, -0.0296421, 21.3544, -12.0135, 27.6948, 0]
2024-07-29 10:40:02,479 RobotKinematics.cpp:296 [INFO] controlValueCur_L: [0.597031, 0.0641823, -0.00248528, -0.00248528, 21.6527, -11.8096, 27.9011, 0]
2024-07-29 10:40:02,484 RobotKinematics.cpp:296 [INFO] controlValueCur_L: [0.550064, 0.0518188, -0.00624323, -0.00624323, 22.2779, -11.3724, 28.3469, 0]
2024-07-29 10:40:02,490 RobotKinematics.cpp:296 [INFO] controlValueCur_L: [0.55011, 0.05373, -0.0155048, -0.0155048, 22.5907, -11.148, 28.5784, 0]
2024-07-29 10:40:02,495 RobotKinematics.cpp:296 [INFO] controlValueCur_L: [0.551498, 0.0424919, -0.00984001, -0.00984001, 22.894, -10.929, 28.8097, 0]
2024-07-29 10:40:02,500 RobotKinematics.cpp:296 [INFO] controlValueCur_L: [0.5495, 0.0459061, -0.0101633, -0.0101633, 23.1794, -10.732, 29.0409, 0]
2024-07-29 10:40:02,505 RobotKinematics.cpp:296 [INFO] controlValueCur_L: [0.54866, 0.0423927, -0.00539541, -0.00539541, 23.4502, -10.5513, 29.2691, 0]
2024-07-29 10:40:02,510 RobotKinematics.cpp:296 [INFO] controlValueCur_L: [0.544235, 0.0313759, -0.0132089, -0.0132089, 23.9287, -10.2863, 29.7303, 0]
2024-07-29 10:40:02,515 RobotKinematics.cpp:296 [INFO] controlValueCur_L: [0.533127, 0.0517654, -0.00863791, -0.00863791, 24.1385, -10.2027, 29.9545, 0]
2024-07-29 10:40:02,521 RobotKinematics.cpp:296 [INFO] controlValueCur_L: [0.526382, 0.0441055, -0.00255394, -0.00255394, 24.3305, -10.1447, 30.1878, 0]
2024-07-29 10:40:02,526 RobotKinematics.cpp:296 [INFO] controlValueCur_L: [0.549408, 0.0459709, -0.0191998, -0.0191998, 24.6514, -10.1478, 30.6396, 0]
2024-07-29 10:40:02,531 RobotKinematics.cpp:296 [INFO] controlValueCur_L: [0.549408, 0.0459709, -0.0191998, -0.0191998, 24.6514, -10.1478, 30.6396, 0]
2024-07-29 10:40:02,536 RobotKinematics.cpp:296 [INFO] controlValueCur_L: [0.574646, 0.0476379, -0.0301456, -0.0301456, 24.9041, -10.26, 31.0729, 0]
2024-07-29 10:40:02,541 RobotKinematics.cpp:296 [INFO] controlValueCur_L: [0.584427, 0.0533562, -0.0370822, -0.0370822, 25.0043, -10.3523, 31.291, 0]
2024-07-29 10:40:02,547 RobotKinematics.cpp:296 [INFO] controlValueCur_L: [0.593262, 0.0503197, -0.0391316, -0.0391316, 25.0941, -10.4569, 31.5028, 0]
2024-07-29 10:40:02,552 RobotKinematics.cpp:296 [INFO] controlValueCur_L: [0.616852, 0.0394516, -0.0408907, -0.0408907, 25.2142, -10.7551, 31.9104, 0]
2024-07-29 10:40:02,557 RobotKinematics.cpp:296 [INFO] controlValueCur_L: [0.6082, 0.044239, -0.0250883, -0.0250883, 25.2494, -10.938, 32.1247, 0]
2024-07-29 10:40:02,562 RobotKinematics.cpp:296 [INFO] controlValueCur_L: [0.617432, 0.0507088, -0.0363951, -0.0363951, 25.2697, -11.1472, 32.3306, 0]
2024-07-29 10:40:02,567 RobotKinematics.cpp:296 [INFO] controlValueCur_L: [0.65596, 0.0569954, -0.0400538, -0.0400538, 25.2767, -11.6294, 32.7349, 0]
2024-07-29 10:40:02,572 RobotKinematics.cpp:296 [INFO] controlValueCur_L: [0.65596, 0.0569954, -0.0400538, -0.0400538, 25.2767, -11.6294, 32.7349, 0]
2024-07-29 10:40:02,578 RobotKinematics.cpp:296 [INFO] controlValueCur_L: [0.80722, 0.0412903, -0.0202332, -0.0202332, 25.2323, -12.2069, 33.1381, 0]
2024-07-29 10:40:02,583 RobotKinematics.cpp:296 [INFO] controlValueCur_L: [0.826675, 0.0840454, -0.0228167, -0.0228167, 25.1893, -12.5347, 33.3369, 0]
2024-07-29 10:40:02,588 RobotKinematics.cpp:296 [INFO] controlValueCur_L: [0.845383, 0.0288925, -0.0263858, -0.0263858, 25.1311, -12.8901, 33.5432, 0]
2024-07-29 10:40:02,593 RobotKinematics.cpp:296 [INFO] controlValueCur_L: [0.823914, 0.0385628, -0.00458097, -0.00458097, 24.9782, -13.6743, 33.939, 0]
2024-07-29 10:40:02,598 RobotKinematics.cpp:296 [INFO] controlValueCur_L: [0.826859, 0.0212402, -0.0294619, -0.0294619, 24.8784, -14.1084, 34.1428, 0]
2024-07-29 10:40:02,603 RobotKinematics.cpp:296 [INFO] controlValueCur_L: [0.763, 0.0263596, -0.0251584, -0.0251584, 24.7588, -14.5802, 34.3526, 0]
2024-07-29 10:40:02,609 RobotKinematics.cpp:296 [INFO] controlValueCur_L: [0.656433, 0.061142, -0.0345683, -0.0345683, 24.4644, -15.6113, 34.7773, 0]
2024-07-29 10:40:02,614 RobotKinematics.cpp:296 [INFO] controlValueCur_L: [0.656433, 0.061142, -0.0345683, -0.0345683, 24.4644, -15.6113, 34.7773, 0]
2024-07-29 10:40:02,619 RobotKinematics.cpp:296 [INFO] controlValueCur_L: [0.584595, 0.0677032, -0.0381427, -0.0381427, 24.0822, -16.7714, 35.1998, 0]
2024-07-29 10:40:02,624 RobotKinematics.cpp:296 [INFO] controlValueCur_L: [0.561661, 0.0607681, -0.0425038, -0.0425038, 23.8743, -17.364, 35.4088, 0]
2024-07-29 10:40:02,629 RobotKinematics.cpp:296 [INFO] controlValueCur_L: [0.512894, 0.044323, -0.0425, -0.0425, 23.6469, -17.9721, 35.6205, 0]
2024-07-29 10:40:02,635 RobotKinematics.cpp:296 [INFO] controlValueCur_L: [0.492401, 0.0595627, -0.026401, -0.026401, 23.411, -18.5835, 35.8244, 0]
2024-07-29 10:40:02,640 RobotKinematics.cpp:296 [INFO] controlValueCur_L: [0.449631, 0.0618477, -0.0171728, -0.0171728, 22.9462, -19.7596, 36.2232, 0]
2024-07-29 10:40:02,645 RobotKinematics.cpp:296 [INFO] controlValueCur_L: [0.430695, 0.0488052, -0.00854445, -0.00854445, 22.7353, -20.2986, 36.4236, 0]
2024-07-29 10:40:02,650 RobotKinematics.cpp:296 [INFO] controlValueCur_L: [0.417801, 0.0611458, -0.00538015, -0.00538015, 22.5511, -20.7873, 36.6358, 0]
2024-07-29 10:40:02,655 RobotKinematics.cpp:296 [INFO] controlValueCur_L: [0.264786, 0.029007, -0.0123477, -0.0123477, 22.265, -21.6281, 37.0913, 0]
2024-07-29 10:40:02,661 RobotKinematics.cpp:296 [INFO] controlValueCur_L: [0.0939178, 0.0181313, 0.0356655, 0.0356655, 22.1601, -21.9772, 37.3512, 0]
2024-07-29 10:40:02,666 RobotKinematics.cpp:296 [INFO] controlValueCur_L: [-0.0601807, -0.0275688, -0.0483041, -0.0483041, 22.081, -22.2854, 37.6095, 0]
2024-07-29 10:40:02,671 RobotKinematics.cpp:296 [INFO] controlValueCur_L: [-0.214157, -0.0462532, 0.0104795, 0.0104795, 22.0181, -22.5615, 37.8808, 0]
2024-07-29 10:40:02,676 RobotKinematics.cpp:296 [INFO] controlValueCur_L: [-0.486542, -0.102215, 0.0782371, 0.0782371, 21.981, -22.9668, 38.465, 0]
2024-07-29 10:40:02,681 RobotKinematics.cpp:296 [INFO] controlValueCur_L: [-0.521927, -0.139809, 0.119391, 0.119391, 22.0045, -23.1062, 38.7703, 0]
2024-07-29 10:40:02,687 RobotKinematics.cpp:296 [INFO] controlValueCur_L: [-0.488113, -0.0643539, 0.0171409, 0.0171409, 22.0643, -23.1962, 39.0846, 0]
2024-07-29 10:40:02,692 RobotKinematics.cpp:296 [INFO] controlValueCur_L: [-0.498535, -0.0744324, 0.0629139, 0.0629139, 22.142, -23.2505, 39.4266, 0]
2024-07-29 10:40:02,697 RobotKinematics.cpp:296 [INFO] controlValueCur_L: [-0.502365, -0.109859, 0.0447965, 0.0447965, 22.3794, -23.2214, 40.1538, 0]
2024-07-29 10:40:02,702 RobotKinematics.cpp:296 [INFO] controlValueCur_L: [-0.425049, -0.0769539, -0.0123105, -0.0123105, 22.5158, -23.1571, 40.5528, 0]
2024-07-29 10:40:02,707 RobotKinematics.cpp:296 [INFO] controlValueCur_L: [-0.404495, -0.0775566, 0.0479236, 0.0479236, 22.6899, -23.04, 40.9442, 0]
2024-07-29 10:40:02,712 RobotKinematics.cpp:296 [INFO] controlValueCur_L: [-0.337875, -0.0411453, 0.00350475, 0.00350475, 22.8732, -22.8926, 41.3526, 0]
2024-07-29 10:40:02,718 RobotKinematics.cpp:296 [INFO] controlValueCur_L: [-0.291016, -0.0458946, -0.00907087, -0.00907087, 23.2925, -22.4868, 42.1685, 0]
2024-07-29 10:40:02,723 RobotKinematics.cpp:296 [INFO] controlValueCur_L: [-0.24292, -0.0267296, -0.000498772, -0.000498772, 23.5125, -22.2483, 42.5803, 0]
2024-07-29 10:40:02,728 RobotKinematics.cpp:296 [INFO] controlValueCur_L: [-0.202209, -0.0363464, -0.0433679, -0.0433679, 23.7354, -21.9897, 42.9985, 0]
2024-07-29 10:40:02,733 RobotKinematics.cpp:296 [INFO] controlValueCur_L: [-0.21936, -0.0215683, -0.0112014, -0.0112014, 23.961, -21.7063, 43.4165, 0]
2024-07-29 10:40:02,738 RobotKinematics.cpp:296 [INFO] controlValueCur_L: [-0.177856, -0.0124741, -0.0468836, -0.0468836, 24.184, -21.4102, 43.8405, 0]
2024-07-29 10:40:02,744 RobotKinematics.cpp:296 [INFO] controlValueCur_L: [-0.249512, -0.0108757, -0.020144, -0.020144, 24.6306, -20.7746, 44.6882, 0]
2024-07-29 10:40:02,749 RobotKinematics.cpp:296 [INFO] controlValueCur_L: [-0.261368, -0.0411377, 0.00939894, 0.00939894, 24.8507, -20.4408, 45.1313, 0]
2024-07-29 10:40:02,754 RobotKinematics.cpp:296 [INFO] controlValueCur_L: [-0.272278, -0.0284081, -0.027555, -0.027555, 25.0549, -20.1173, 45.5989, 0]
2024-07-29 10:40:02,759 RobotKinematics.cpp:296 [INFO] controlValueCur_L: [-0.3526, -0.0218849, 0.00317955, 0.00317955, 25.4693, -19.405, 46.5684, 0]
2024-07-29 10:40:02,764 RobotKinematics.cpp:296 [INFO] controlValueCur_L: [-0.3526, -0.0218849, 0.00317955, 0.00317955, 25.4693, -19.405, 46.5684, 0]
2024-07-29 10:40:02,770 RobotKinematics.cpp:296 [INFO] controlValueCur_L: [-0.322662, -0.0132141, 0.00631046, 0.00631046, 25.8335, -18.6753, 47.5702, 0]
2024-07-29 10:40:02,775 RobotKinematics.cpp:296 [INFO] controlValueCur_L: [-0.292923, -0.0244141, 0.00361061, 0.00361061, 26.0302, -18.2706, 48.0476, 0]
2024-07-29 10:40:02,780 RobotKinematics.cpp:296 [INFO] controlValueCur_L: [-0.257034, -0.00492096, 0.00601912, 0.00601912, 26.2051, -17.8696, 48.5257, 0]
2024-07-29 10:40:02,785 RobotKinematics.cpp:296 [INFO] controlValueCur_L: [-0.187027, -0.0133972, 0.0109863, 0.0109863, 26.5321, -16.9982, 49.493, 0]
2024-07-29 10:40:02,790 RobotKinematics.cpp:296 [INFO] controlValueCur_L: [-0.128845, -0.0076828, -0.00171566, -0.00171566, 26.7059, -16.5165, 49.964, 0]
2024-07-29 10:40:02,795 RobotKinematics.cpp:296 [INFO] controlValueCur_L: [-0.0855713, -0.0317383, 0.00211334, 0.00211334, 26.8693, -16.0424, 50.4258, 0]
2024-07-29 10:40:02,801 RobotKinematics.cpp:296 [INFO] controlValueCur_L: [-0.0412598, -0.022934, -0.0108523, -0.0108523, 27.1807, -15.0165, 51.3806, 0]
2024-07-29 10:40:02,806 RobotKinematics.cpp:296 [INFO] controlValueCur_L: [-0.0412598, -0.022934, -0.0108523, -0.0108523, 27.1807, -15.0165, 51.3806, 0]
2024-07-29 10:40:02,811 RobotKinematics.cpp:296 [INFO] controlValueCur_L: [0.0151062, -0.00167465, -0.0152354, -0.0152354, 27.4868, -13.8972, 52.3468, 0]
2024-07-29 10:40:02,816 RobotKinematics.cpp:296 [INFO] controlValueCur_L: [0.0347443, 0.0129204, -0.0119491, -0.0119491, 27.6462, -13.3077, 52.8247, 0]
2024-07-29 10:40:02,821 RobotKinematics.cpp:296 [INFO] controlValueCur_L: [0.0544128, 0.0270195, -0.0311985, -0.0311985, 27.746, -12.7707, 53.3393, 0]
2024-07-29 10:40:02,827 RobotKinematics.cpp:296 [INFO] controlValueCur_L: [0.0552216, 0.0133705, -0.0275173, -0.0275173, 28.0685, -11.6013, 54.1627, 0]
2024-07-29 10:40:02,832 RobotKinematics.cpp:296 [INFO] controlValueCur_L: [0.0446777, 0.0121689, -0.0277925, -0.0277925, 28.2118, -11.0459, 54.5493, 0]
2024-07-29 10:40:02,837 RobotKinematics.cpp:296 [INFO] controlValueCur_L: [0.0430298, 0.0146942, -0.0409942, -0.0409942, 28.3586, -10.508, 54.8958, 0]
2024-07-29 10:40:02,842 RobotKinematics.cpp:296 [INFO] controlValueCur_L: [0.0318756, -0.00940704, -0.0363455, -0.0363455, 28.5904, -9.53471, 55.564, 0]
2024-07-29 10:40:02,847 RobotKinematics.cpp:296 [INFO] controlValueCur_L: [0.0318756, -0.00940704, -0.0363455, -0.0363455, 28.5904, -9.53471, 55.564, 0]
2024-07-29 10:40:02,852 RobotKinematics.cpp:296 [INFO] controlValueCur_L: [0.00260925, 0.00880432, -0.0383201, -0.0383201, 28.8411, -8.63631, 56.1038, 0]
2024-07-29 10:40:02,858 RobotKinematics.cpp:296 [INFO] controlValueCur_L: [-0.0435791, 0.0219116, -0.0365129, -0.0365129, 28.9736, -8.19797, 56.3437, 0]
2024-07-29 10:40:02,863 RobotKinematics.cpp:296 [INFO] controlValueCur_L: [-0.0798492, 0.0133934, -0.0345597, -0.0345597, 29.0966, -7.80275, 56.5682, 0]
2024-07-29 10:40:02,868 RobotKinematics.cpp:296 [INFO] controlValueCur_L: [-0.104248, 0.00684738, -0.038693, -0.038693, 29.2393, -7.40047, 56.7682, 0]
2024-07-29 10:40:02,873 RobotKinematics.cpp:296 [INFO] controlValueCur_L: [-0.168243, 0.00172424, -0.0304351, -0.0304351, 29.5014, -6.67959, 57.1382, 0]
2024-07-29 10:40:02,879 RobotKinematics.cpp:296 [INFO] controlValueCur_L: [-0.209106, 0.0132332, -0.0245433, -0.0245433, 29.6431, -6.35173, 57.2922, 0]
2024-07-29 10:40:02,884 RobotKinematics.cpp:296 [INFO] controlValueCur_L: [-0.264572, -0.0164146, -0.00665998, -0.00665998, 29.7595, -6.02534, 57.4619, 0]
2024-07-29 10:40:02,889 RobotKinematics.cpp:296 [INFO] controlValueCur_L: [-0.312576, -0.0122948, -0.0025878, -0.0025878, 29.9917, -5.41211, 57.7754, 0]
2024-07-29 10:40:02,894 RobotKinematics.cpp:296 [INFO] controlValueCur_L: [-0.330902, 0.0068512, -0.00616837, -0.00616837, 30.1024, -5.11332, 57.9208, 0]
2024-07-29 10:40:02,899 RobotKinematics.cpp:296 [INFO] controlValueCur_L: [-0.327011, -0.000297546, -0.0242262, -0.0242262, 30.2413, -4.77645, 58.0367, 0]
2024-07-29 10:40:02,905 RobotKinematics.cpp:296 [INFO] controlValueCur_L: [-0.34874, 0.00529861, -0.0163546, -0.0163546, 30.3676, -4.42823, 58.164, 0]
2024-07-29 10:40:02,910 RobotKinematics.cpp:296 [INFO] controlValueCur_L: [-0.409546, 0.00873566, -0.0222845, -0.0222845, 30.7451, -3.69527, 58.1924, 0]
2024-07-29 10:40:02,915 RobotKinematics.cpp:296 [INFO] controlValueCur_L: [-0.442749, 0.033123, 0.00375271, 0.00375271, 30.8426, -3.49363, 58.2317, 0]
2024-07-29 10:40:02,920 RobotKinematics.cpp:296 [INFO] controlValueCur_L: [-0.436905, 0.00905609, 0.00689697, 0.00689697, 30.9171, -3.3467, 58.284, 0]
2024-07-29 10:40:02,926 RobotKinematics.cpp:296 [INFO] controlValueCur_L: [-0.40625, 0.0547981, -0.0130696, -0.0130696, 30.9623, -3.18669, 58.3593, 0]
2024-07-29 10:40:02,931 RobotKinematics.cpp:296 [INFO] controlValueCur_L: [-0.35173, 0.180321, -0.0745745, -0.0745745, 31.073, -2.86981, 58.4519, 0]
2024-07-29 10:40:02,936 RobotKinematics.cpp:296 [INFO] controlValueCur_L: [-0.339706, 0.220459, -0.0669527, -0.0669527, 31.1498, -2.74939, 58.441, 0]
2024-07-29 10:40:02,941 RobotKinematics.cpp:296 [INFO] controlValueCur_L: [-0.359314, 0.258011, -0.0246639, -0.0246639, 31.2553, -2.61502, 58.3805, 0]
2024-07-29 10:40:02,946 RobotKinematics.cpp:296 [INFO] controlValueCur_L: [-0.436096, 0.226898, 0.0908966, 0.0908966, 31.366, -2.52318, 58.2899, 0]
2024-07-29 10:40:02,952 RobotKinematics.cpp:296 [INFO] controlValueCur_L: [-0.741989, 0.185749, 0.474299, 0.474299, 31.6008, -2.36508, 58.0661, 0]
2024-07-29 10:40:02,957 RobotKinematics.cpp:296 [INFO] controlValueCur_L: [-0.999329, 0.188389, 0.796901, 0.796901, 31.6604, -2.34404, 58.0137, 0]
2024-07-29 10:40:02,962 RobotKinematics.cpp:296 [INFO] controlValueCur_L: [-1.32198, 0.152206, 1.08169, 1.08169, 31.6791, -2.37673, 57.9981, 0]
2024-07-29 10:40:02,967 RobotKinematics.cpp:296 [INFO] controlValueCur_L: [-1.61795, 0.151539, 1.34095, 1.34095, 31.7274, -2.36639, 57.955, 0]
2024-07-29 10:40:02,972 RobotKinematics.cpp:296 [INFO] controlValueCur_L: [-1.92685, 0.133492, 1.62037, 1.62037, 31.7745, -2.35489, 57.9163, 0]
2024-07-29 10:40:02,978 RobotKinematics.cpp:296 [INFO] controlValueCur_L: [-2.09897, 0.217499, 1.82595, 1.82595, 31.7544, -2.40394, 57.9711, 0]
2024-07-29 10:40:02,983 RobotKinematics.cpp:296 [INFO] controlValueCur_L: [-2.06265, 0.131672, 1.77379, 1.77379, 31.7656, -2.42129, 57.9649, 0]
2024-07-29 10:40:02,988 RobotKinematics.cpp:296 [INFO] controlValueCur_L: [-2.1521, 0.236603, 1.83348, 1.83348, 31.7382, -2.46327, 57.9984, 0]
2024-07-29 10:40:02,993 RobotKinematics.cpp:296 [INFO] controlValueCur_L: [-2.00214, 0.278984, 1.75414, 1.75414, 31.7524, -2.54031, 57.9713, 0]
2024-07-29 10:40:02,998 RobotKinematics.cpp:296 [INFO] controlValueCur_L: [-2.02484, 0.248589, 1.68829, 1.68829, 31.7459, -2.58353, 57.9788, 0]
2024-07-29 10:40:03,003 RobotKinematics.cpp:296 [INFO] controlValueCur_L: [-2.18469, 0.301178, 1.76166, 1.76166, 31.742, -2.63523, 57.9736, 0]
2024-07-29 10:40:03,009 RobotKinematics.cpp:296 [INFO] controlValueCur_L: [-2.33591, 0.267967, 1.87241, 1.87241, 31.6582, -2.73062, 58.0515, 0]
2024-07-29 10:40:03,014 RobotKinematics.cpp:296 [INFO] controlValueCur_L: [-2.33591, 0.267967, 1.87241, 1.87241, 31.6582, -2.73062, 58.0515, 0]
2024-07-29 10:40:03,019 RobotKinematics.cpp:296 [INFO] controlValueCur_L: [-2.41682, 0.283997, 1.89607, 1.89607, 31.4945, -2.77965, 58.1889, 0]
2024-07-29 10:40:03,024 RobotKinematics.cpp:296 [INFO] controlValueCur_L: [-2.3383, 0.268494, 1.84326, 1.84326, 31.404, -2.77834, 58.2628, 0]
2024-07-29 10:40:03,029 RobotKinematics.cpp:296 [INFO] controlValueCur_L: [-2.29811, 0.360298, 1.83222, 1.83222, 31.2873, -2.78365, 58.356, 0]
2024-07-29 10:40:03,035 RobotKinematics.cpp:296 [INFO] controlValueCur_L: [-2.13797, 0.320572, 1.69425, 1.69425, 31.0189, -2.82282, 58.585, 0]
2024-07-29 10:40:03,040 RobotKinematics.cpp:296 [INFO] controlValueCur_L: [-2.189, 0.262211, 1.73414, 1.73414, 30.8774, -2.85571, 58.6954, 0]
2024-07-29 10:40:03,045 RobotKinematics.cpp:296 [INFO] controlValueCur_L: [-2.13417, 0.252171, 1.64535, 1.64535, 30.7354, -2.89107, 58.7964, 0]
2024-07-29 10:40:03,050 RobotKinematics.cpp:296 [INFO] controlValueCur_L: [-2.11105, 0.184113, 1.58817, 1.58817, 30.4101, -2.99996, 59.0064, 0]
2024-07-29 10:40:03,055 RobotKinematics.cpp:296 [INFO] controlValueCur_L: [-2.11105, 0.184113, 1.58817, 1.58817, 30.4101, -2.99996, 59.0064, 0]
2024-07-29 10:40:03,060 RobotKinematics.cpp:296 [INFO] controlValueCur_L: [-2.18138, 0.160385, 1.48046, 1.48046, 30.0014, -3.15931, 59.2768, 0]
2024-07-29 10:40:03,066 RobotKinematics.cpp:296 [INFO] controlValueCur_L: [-2.2498, 0.136379, 1.44559, 1.44559, 29.7795, -3.26203, 59.43, 0]
2024-07-29 10:40:03,071 RobotKinematics.cpp:296 [INFO] controlValueCur_L: [-2.29691, 0.140526, 1.35629, 1.35629, 29.5891, -3.39833, 59.559, 0]
2024-07-29 10:40:03,076 RobotKinematics.cpp:296 [INFO] controlValueCur_L: [-2.38728, 0.110104, 1.29487, 1.29487, 29.4231, -3.68839, 59.6299, 0]
2024-07-29 10:40:03,081 RobotKinematics.cpp:296 [INFO] controlValueCur_L: [-2.45425, 0.107868, 1.31711, 1.31711, 29.3905, -3.83648, 59.6149, 0]
2024-07-29 10:40:03,086 RobotKinematics.cpp:296 [INFO] controlValueCur_L: [-2.44441, 0.112232, 1.23952, 1.23952, 29.3754, -3.97569, 59.5816, 0]
2024-07-29 10:40:03,092 RobotKinematics.cpp:296 [INFO] controlValueCur_L: [-2.46013, 0.120861, 1.26164, 1.26164, 29.3309, -4.10691, 59.5781, 0]
2024-07-29 10:40:03,097 RobotKinematics.cpp:296 [INFO] controlValueCur_L: [-2.48158, 0.126984, 1.27532, 1.27532, 29.2622, -4.24379, 59.5955, 0]
2024-07-29 10:40:03,102 RobotKinematics.cpp:296 [INFO] controlValueCur_L: [-2.49846, 0.135414, 1.31649, 1.31649, 29.0799, -4.48056, 59.6749, 0]
2024-07-29 10:40:03,107 RobotKinematics.cpp:296 [INFO] controlValueCur_L: [-2.5829, 0.132675, 1.42643, 1.42643, 28.9398, -4.5714, 59.76, 0]
2024-07-29 10:40:03,112 RobotKinematics.cpp:296 [INFO] controlValueCur_L: [-2.77237, 0.183426, 1.68634, 1.68634, 28.7864, -4.62317, 59.8622, 0]
2024-07-29 10:40:03,117 RobotKinematics.cpp:296 [INFO] controlValueCur_L: [-3.0134, 0.209644, 1.95856, 1.95856, 28.6228, -4.63378, 59.9799, 0]
2024-07-29 10:40:03,123 RobotKinematics.cpp:296 [INFO] controlValueCur_L: [-3.50343, 0.226616, 2.60146, 2.60146, 28.3596, -4.59296, 60.1462, 0]
2024-07-29 10:40:03,128 RobotKinematics.cpp:296 [INFO] controlValueCur_L: [-3.75424, 0.331738, 2.97969, 2.97969, 28.2478, -4.55327, 60.2006, 0]
2024-07-29 10:40:03,133 RobotKinematics.cpp:296 [INFO] controlValueCur_L: [-3.93719, 0.345284, 3.21532, 3.21532, 28.1658, -4.49639, 60.2253, 0]
2024-07-29 10:40:03,138 RobotKinematics.cpp:296 [INFO] controlValueCur_L: [-4.13957, 0.245823, 3.4592, 3.4592, 28.0641, -4.43867, 60.2641, 0]
2024-07-29 10:40:03,143 RobotKinematics.cpp:296 [INFO] controlValueCur_L: [-4.66296, 0.0206032, 4.3167, 4.3167, 27.7972, -4.36154, 60.3707, 0]
2024-07-29 10:40:03,149 RobotKinematics.cpp:296 [INFO] controlValueCur_L: [-5.0498, -0.175797, 4.90217, 4.90217, 27.6186, -4.39368, 60.4258, 0]
2024-07-29 10:40:03,154 RobotKinematics.cpp:296 [INFO] controlValueCur_L: [-5.21532, -0.321224, 5.20091, 5.20091, 27.39, -4.5142, 60.4893, 0]
2024-07-29 10:40:03,159 RobotKinematics.cpp:296 [INFO] controlValueCur_L: [-5.40431, -0.522842, 5.45053, 5.45053, 27.1339, -4.71962, 60.5413, 0]
2024-07-29 10:40:03,164 RobotKinematics.cpp:296 [INFO] controlValueCur_L: [-5.65045, -0.684696, 6.11018, 6.11018, 26.6264, -5.24598, 60.6117, 0]
2024-07-29 10:40:03,169 RobotKinematics.cpp:296 [INFO] controlValueCur_L: [-5.54945, -0.869389, 6.11779, 6.11779, 26.3991, -5.44493, 60.6607, 0]
2024-07-29 10:40:03,174 RobotKinematics.cpp:296 [INFO] controlValueCur_L: [-5.57529, -1.01595, 6.1553, 6.1553, 26.185, -5.56767, 60.736, 0]
2024-07-29 10:40:03,180 RobotKinematics.cpp:296 [INFO] controlValueCur_L: [-5.37741, -1.26276, 5.81244, 5.81244, 25.9975, -5.64644, 60.8315, 0]
2024-07-29 10:40:03,185 RobotKinematics.cpp:296 [INFO] controlValueCur_L: [-5.19899, -0.429146, 5.21903, 5.21903, 25.7164, -5.96766, 60.9353, 0]
2024-07-29 10:40:03,190 RobotKinematics.cpp:296 [INFO] controlValueCur_L: [-5.33765, -0.166126, 5.39513, 5.39513, 25.6792, -6.09786, 60.9239, 0]
2024-07-29 10:40:03,195 RobotKinematics.cpp:296 [INFO] controlValueCur_L: [-5.55733, -0.0606728, 5.70716, 5.70716, 25.6515, -6.21306, 60.9083, 0]
2024-07-29 10:40:03,201 RobotKinematics.cpp:296 [INFO] controlValueCur_L: [-5.60158, -0.48093, 5.59906, 5.59906, 25.5843, -6.4047, 60.8953, 0]
2024-07-29 10:40:03,206 RobotKinematics.cpp:296 [INFO] controlValueCur_L: [-5.60158, -0.48093, 5.59906, 5.59906, 25.5843, -6.4047, 60.8953, 0]
2024-07-29 10:40:03,211 RobotKinematics.cpp:296 [INFO] controlValueCur_L: [-5.52589, -0.559189, 5.16898, 5.16898, 25.5538, -6.52239, 60.8959, 0]
2024-07-29 10:40:03,216 RobotKinematics.cpp:296 [INFO] controlValueCur_L: [-5.3815, -0.692848, 4.99721, 4.99721, 25.5557, -6.57158, 60.8819, 0]
2024-07-29 10:40:03,221 RobotKinematics.cpp:296 [INFO] controlValueCur_L: [-5.39777, -0.913631, 5.03447, 5.03447, 25.5755, -6.6153, 60.8541, 0]
2024-07-29 10:40:03,226 RobotKinematics.cpp:296 [INFO] controlValueCur_L: [-5.5648, -1.19532, 5.22921, 5.22921, 25.601, -6.68093, 60.8333, 0]
2024-07-29 10:40:03,232 RobotKinematics.cpp:296 [INFO] controlValueCur_L: [-5.5298, -1.26091, 5.16352, 5.16352, 25.6169, -6.70582, 60.8243, 0]
2024-07-29 10:40:03,237 RobotKinematics.cpp:296 [INFO] controlValueCur_L: [-5.56538, -1.21819, 5.18561, 5.18561, 25.5988, -6.73548, 60.8448, 0]
2024-07-29 10:40:03,242 RobotKinematics.cpp:296 [INFO] controlValueCur_L: [-5.96883, -1.17063, 5.60915, 5.60915, 25.662, -6.78931, 60.7847, 0]
2024-07-29 10:40:03,247 RobotKinematics.cpp:296 [INFO] controlValueCur_L: [-5.96883, -1.17063, 5.60915, 5.60915, 25.662, -6.78931, 60.7847, 0]
2024-07-29 10:40:03,253 RobotKinematics.cpp:296 [INFO] controlValueCur_L: [-6.42851, -1.12886, 6.16432, 6.16432, 25.6651, -6.84189, 60.7824, 0]
2024-07-29 10:40:03,258 RobotKinematics.cpp:296 [INFO] controlValueCur_L: [-6.56546, -1.09693, 6.25561, 6.25561, 25.6756, -6.86254, 60.7733, 0]
2024-07-29 10:40:03,263 RobotKinematics.cpp:296 [INFO] controlValueCur_L: [-6.63538, -0.986153, 6.25285, 6.25285, 25.6849, -6.87719, 60.768, 0]
2024-07-29 10:40:03,268 RobotKinematics.cpp:296 [INFO] controlValueCur_L: [-6.90288, -0.840065, 6.38902, 6.38902, 25.6875, -6.87605, 60.7755, 0]
2024-07-29 10:40:03,273 RobotKinematics.cpp:296 [INFO] controlValueCur_L: [-7.1705, -0.768211, 6.6814, 6.6814, 25.686, -6.86828, 60.7845, 0]
2024-07-29 10:40:03,279 RobotKinematics.cpp:296 [INFO] controlValueCur_L: [-7.52884, -0.569225, 7.00822, 7.00822, 25.6893, -6.85793, 60.7895, 0]
2024-07-29 10:40:03,284 RobotKinematics.cpp:296 [INFO] controlValueCur_L: [-7.91077, -0.14175, 7.3165, 7.3165, 25.6988, -6.81767, 60.8081, 0]
2024-07-29 10:40:03,289 RobotKinematics.cpp:296 [INFO] controlValueCur_L: [-7.91077, -0.14175, 7.3165, 7.3165, 25.6988, -6.81767, 60.8081, 0]
2024-07-29 10:40:03,294 RobotKinematics.cpp:296 [INFO] controlValueCur_L: [-8.2198, 0.342266, 7.69726, 7.69726, 25.7217, -6.77046, 60.8106, 0]
2024-07-29 10:40:03,299 RobotKinematics.cpp:296 [INFO] controlValueCur_L: [-8.28114, 0.698341, 7.8796, 7.8796, 25.729, -6.7476, 60.8157, 0]
2024-07-29 10:40:03,305 RobotKinematics.cpp:296 [INFO] controlValueCur_L: [-8.30504, 1.00627, 8.03472, 8.03472, 25.7396, -6.72308, 60.8191, 0]
2024-07-29 10:40:03,310 RobotKinematics.cpp:296 [INFO] controlValueCur_L: [-8.2731, 1.7612, 8.34951, 8.34951, 25.7557, -6.67631, 60.8292, 0]
2024-07-29 10:40:03,315 RobotKinematics.cpp:296 [INFO] controlValueCur_L: [-8.26492, 1.97366, 8.5812, 8.5812, 25.7564, -6.64806, 60.8339, 0]
2024-07-29 10:40:03,320 RobotKinematics.cpp:296 [INFO] controlValueCur_L: [-8.00757, 1.42615, 8.21793, 8.21793, 25.748, -6.61968, 60.8475, 0]
2024-07-29 10:40:03,325 RobotKinematics.cpp:296 [INFO] controlValueCur_L: [-7.8286, 0.977791, 7.92711, 7.92711, 25.739, -6.57486, 60.8631, 0]
2024-07-29 10:40:03,330 RobotKinematics.cpp:296 [INFO] controlValueCur_L: [-7.8286, 0.977791, 7.92711, 7.92711, 25.739, -6.57486, 60.8631, 0]
2024-07-29 10:40:03,336 RobotKinematics.cpp:296 [INFO] controlValueCur_L: [-7.58028, 0.610527, 7.50124, 7.50124, 25.7383, -6.51777, 60.8797, 0]
2024-07-29 10:40:03,341 RobotKinematics.cpp:296 [INFO] controlValueCur_L: [-7.34587, 0.442501, 7.22472, 7.22472, 25.7446, -6.48222, 60.8846, 0]
2024-07-29 10:40:03,346 RobotKinematics.cpp:296 [INFO] controlValueCur_L: [-7.03839, 0.218388, 6.80515, 6.80515, 25.7542, -6.44664, 60.8879, 0]
2024-07-29 10:40:03,351 RobotKinematics.cpp:296 [INFO] controlValueCur_L: [-6.63924, -0.268291, 6.30782, 6.30782, 25.7722, -6.35831, 60.903, 0]
2024-07-29 10:40:03,357 RobotKinematics.cpp:296 [INFO] controlValueCur_L: [-6.50371, -0.450684, 6.19528, 6.19528, 25.7824, -6.3104, 60.9106, 0]
2024-07-29 10:40:03,362 RobotKinematics.cpp:296 [INFO] controlValueCur_L: [-6.32246, -0.618279, 6.08863, 6.08863, 25.786, -6.26577, 60.9247, 0]
2024-07-29 10:40:03,367 RobotKinematics.cpp:296 [INFO] controlValueCur_L: [-6.12881, -0.936142, 6.01805, 6.01805, 25.8041, -6.14739, 60.9546, 0]
2024-07-29 10:40:03,372 RobotKinematics.cpp:296 [INFO] controlValueCur_L: [-6.12881, -0.936142, 6.01805, 6.01805, 25.8041, -6.14739, 60.9546, 0]
2024-07-29 10:40:03,378 RobotKinematics.cpp:296 [INFO] controlValueCur_L: [-6.17838, -1.1487, 5.96095, 5.96095, 25.8352, -5.99942, 60.9843, 0]
2024-07-29 10:40:03,383 RobotKinematics.cpp:296 [INFO] controlValueCur_L: [-6.21271, -1.18274, 5.86577, 5.86577, 25.882, -5.85216, 60.9986, 0]
2024-07-29 10:40:03,388 RobotKinematics.cpp:296 [INFO] controlValueCur_L: [-6.21271, -1.18274, 5.86577, 5.86577, 25.882, -5.85216, 60.9986, 0]
2024-07-29 10:40:03,393 RobotKinematics.cpp:296 [INFO] controlValueCur_L: [-6.39523, -1.07929, 5.99388, 5.99388, 25.9264, -5.71461, 61.0068, 0]
2024-07-29 10:40:03,398 RobotKinematics.cpp:296 [INFO] controlValueCur_L: [-6.51614, -1.03073, 6.15245, 6.15245, 25.944, -5.65208, 61.0115, 0]
2024-07-29 10:40:03,404 RobotKinematics.cpp:296 [INFO] controlValueCur_L: [-6.59218, -0.936958, 6.28524, 6.28524, 25.9519, -5.59838, 61.0246, 0]
2024-07-29 10:40:03,409 RobotKinematics.cpp:296 [INFO] controlValueCur_L: [-6.6843, -0.864525, 6.43251, 6.43251, 25.9702, -5.54243, 61.025, 0]
2024-07-29 10:40:03,414 RobotKinematics.cpp:296 [INFO] controlValueCur_L: [-6.91483, -0.717201, 6.77823, 6.77823, 25.9933, -5.44097, 61.0357, 0]
2024-07-29 10:40:03,419 RobotKinematics.cpp:296 [INFO] controlValueCur_L: [-7.02434, -0.664211, 6.93641, 6.93641, 26.0317, -5.38745, 61.0166, 0]
2024-07-29 10:40:03,424 RobotKinematics.cpp:296 [INFO] controlValueCur_L: [-7.09737, -0.625275, 7.07132, 7.07132, 26.0392, -5.33551, 61.0268, 0]
2024-07-29 10:40:03,430 RobotKinematics.cpp:296 [INFO] controlValueCur_L: [-7.12358, -0.575344, 7.18513, 7.18513, 26.0327, -5.2888, 61.0508, 0]
2024-07-29 10:40:03,435 RobotKinematics.cpp:296 [INFO] controlValueCur_L: [-7.10632, -0.451973, 7.37451, 7.37451, 26.06, -5.19341, 61.0546, 0]
2024-07-29 10:40:03,440 RobotKinematics.cpp:296 [INFO] controlValueCur_L: [-7.0584, -0.371063, 7.41943, 7.41943, 26.0745, -5.15195, 61.053, 0]
2024-07-29 10:40:03,445 RobotKinematics.cpp:296 [INFO] controlValueCur_L: [-7.00446, -0.314339, 7.40758, 7.40758, 26.0892, -5.12143, 61.0487, 0]
2024-07-29 10:40:03,451 RobotKinematics.cpp:296 [INFO] controlValueCur_L: [-6.944, -0.20842, 7.35403, 7.35403, 26.0937, -5.08185, 61.0541, 0]
2024-07-29 10:40:03,456 RobotKinematics.cpp:296 [INFO] controlValueCur_L: [-6.80145, -0.0476799, 7.11181, 7.11181, 26.1068, -5.00904, 61.0606, 0]
2024-07-29 10:40:03,461 RobotKinematics.cpp:296 [INFO] controlValueCur_L: [-6.68634, 0.0703926, 6.93854, 6.93854, 26.114, -4.98244, 61.0596, 0]
2024-07-29 10:40:03,466 RobotKinematics.cpp:296 [INFO] controlValueCur_L: [-6.57213, 0.13776, 6.79323, 6.79323, 26.1143, -4.95038, 61.0639, 0]
2024-07-29 10:40:03,471 RobotKinematics.cpp:296 [INFO] controlValueCur_L: [-6.45174, 0.204205, 6.59698, 6.59698, 26.1082, -4.92941, 61.0759, 0]
2024-07-29 10:40:03,477 RobotKinematics.cpp:296 [INFO] controlValueCur_L: [-6.22285, 0.268044, 6.23051, 6.23051, 26.0977, -4.87454, 61.096, 0]
2024-07-29 10:40:03,482 RobotKinematics.cpp:296 [INFO] controlValueCur_L: [-6.10481, 0.299686, 6.04406, 6.04406, 26.1102, -4.84729, 61.0845, 0]
2024-07-29 10:40:03,487 RobotKinematics.cpp:296 [INFO] controlValueCur_L: [-5.94232, 0.298115, 5.78544, 5.78544, 26.115, -4.83061, 61.0798, 0]
2024-07-29 10:40:03,492 RobotKinematics.cpp:296 [INFO] controlValueCur_L: [-5.59544, 0.233479, 5.32945, 5.32945, 26.1182, -4.77417, 61.0854, 0]
2024-07-29 10:40:03,498 RobotKinematics.cpp:296 [INFO] controlValueCur_L: [-5.59544, 0.233479, 5.32945, 5.32945, 26.1182, -4.77417, 61.0854, 0]
2024-07-29 10:40:03,503 RobotKinematics.cpp:296 [INFO] controlValueCur_L: [-5.32639, 0.166096, 4.96699, 4.96699, 26.1245, -4.73138, 61.0865, 0]
2024-07-29 10:40:03,508 RobotKinematics.cpp:296 [INFO] controlValueCur_L: [-5.16943, 0.162277, 4.80148, 4.80148, 26.1266, -4.70751, 61.0938, 0]
2024-07-29 10:40:03,513 RobotKinematics.cpp:296 [INFO] controlValueCur_L: [-5.0961, 0.130707, 4.72217, 4.72217, 26.1223, -4.69687, 61.103, 0]
2024-07-29 10:40:03,518 RobotKinematics.cpp:296 [INFO] controlValueCur_L: [-5.09398, 0.128975, 4.60087, 4.60087, 26.1547, -4.65867, 61.0895, 0]
2024-07-29 10:40:03,524 RobotKinematics.cpp:296 [INFO] controlValueCur_L: [-5.04776, 0.148376, 4.52483, 4.52483, 26.1494, -4.65121, 61.0975, 0]
2024-07-29 10:40:03,529 RobotKinematics.cpp:296 [INFO] controlValueCur_L: [-5.02838, 0.222073, 4.49435, 4.49435, 26.1184, -4.65944, 61.1327, 0]
2024-07-29 10:40:03,534 RobotKinematics.cpp:296 [INFO] controlValueCur_L: [-5.02299, 0.404179, 4.54084, 4.54084, 26.1274, -4.66391, 61.1203, 0]
2024-07-29 10:40:03,539 RobotKinematics.cpp:296 [INFO] controlValueCur_L: [-5.02299, 0.404179, 4.54084, 4.54084, 26.1274, -4.66391, 61.1203, 0]
2024-07-29 10:40:03,545 RobotKinematics.cpp:296 [INFO] controlValueCur_L: [-5.00414, 0.58403, 4.69108, 4.69108, 26.1157, -4.6971, 61.1226, 0]
2024-07-29 10:40:03,550 RobotKinematics.cpp:296 [INFO] controlValueCur_L: [-5.07265, 0.734463, 4.81702, 4.81702, 26.1261, -4.71825, 61.1059, 0]
2024-07-29 10:40:03,555 RobotKinematics.cpp:296 [INFO] controlValueCur_L: [-5.11607, 0.752865, 4.86878, 4.86878, 26.1149, -4.74203, 61.1103, 0]
2024-07-29 10:40:03,560 RobotKinematics.cpp:296 [INFO] controlValueCur_L: [-5.22543, 0.799633, 4.97538, 4.97538, 26.1167, -4.80477, 61.0903, 0]
2024-07-29 10:40:03,565 RobotKinematics.cpp:296 [INFO] controlValueCur_L: [-5.27667, 0.728386, 5.04235, 5.04235, 26.1179, -4.83393, 61.0767, 0]
2024-07-29 10:40:03,570 RobotKinematics.cpp:296 [INFO] controlValueCur_L: [-5.23871, 0.687073, 5.04332, 5.04332, 26.1022, -4.86764, 61.0803, 0]
2024-07-29 10:40:03,576 RobotKinematics.cpp:296 [INFO] controlValueCur_L: [-5.10658, 0.581421, 4.90408, 4.90408, 26.1077, -4.93341, 61.0462, 0]
2024-07-29 10:40:03,581 RobotKinematics.cpp:296 [INFO] controlValueCur_L: [-5.10658, 0.581421, 4.90408, 4.90408, 26.1077, -4.93341, 61.0462, 0]
2024-07-29 10:40:03,586 RobotKinematics.cpp:296 [INFO] controlValueCur_L: [-4.90054, 0.402695, 4.61721, 4.61721, 26.098, -5.0045, 61.0243, 0]
2024-07-29 10:40:03,591 RobotKinematics.cpp:296 [INFO] controlValueCur_L: [-4.76321, 0.234554, 4.43199, 4.43199, 26.0954, -5.04104, 61.0113, 0]
2024-07-29 10:40:03,596 RobotKinematics.cpp:296 [INFO] controlValueCur_L: [-4.64807, 0.0745659, 4.25051, 4.25051, 26.1007, -5.07404, 60.9945, 0]
2024-07-29 10:40:03,602 RobotKinematics.cpp:296 [INFO] controlValueCur_L: [-4.65356, -0.205223, 4.19569, 4.19569, 26.1125, -5.13743, 60.9577, 0]
2024-07-29 10:40:03,607 RobotKinematics.cpp:296 [INFO] controlValueCur_L: [-4.76131, -0.346867, 4.35348, 4.35348, 26.123, -5.16833, 60.9364, 0]
2024-07-29 10:40:03,612 RobotKinematics.cpp:296 [INFO] controlValueCur_L: [-4.72749, -0.375858, 4.32728, 4.32728, 26.1306, -5.20177, 60.9202, 0]
2024-07-29 10:40:03,617 RobotKinematics.cpp:296 [INFO] controlValueCur_L: [-4.65698, -0.461956, 4.24927, 4.24927, 26.15, -5.24685, 60.8872, 0]
2024-07-29 10:40:03,622 RobotKinematics.cpp:296 [INFO] controlValueCur_L: [-4.17189, -0.862442, 3.66758, 3.66758, 26.2213, -5.37467, 60.7874, 0]
2024-07-29 10:40:03,627 RobotKinematics.cpp:296 [INFO] controlValueCur_L: [-3.88559, -1.15937, 3.35112, 3.35112, 26.2726, -5.45634, 60.7258, 0]
2024-07-29 10:40:03,633 RobotKinematics.cpp:296 [INFO] controlValueCur_L: [-3.65074, -1.57782, 3.03969, 3.03969, 26.3311, -5.53947, 60.6553, 0]
2024-07-29 10:40:03,638 RobotKinematics.cpp:296 [INFO] controlValueCur_L: [-3.56587, -1.98249, 2.91184, 2.91184, 26.398, -5.62444, 60.5866, 0]
2024-07-29 10:40:03,643 RobotKinematics.cpp:296 [INFO] controlValueCur_L: [-3.89569, -2.2887, 3.5016, 3.5016, 26.5488, -5.79137, 60.4332, 0]
2024-07-29 10:40:03,648 RobotKinematics.cpp:296 [INFO] controlValueCur_L: [-4.09215, -2.25666, 3.68731, 3.68731, 26.6423, -5.87074, 60.3485, 0]
2024-07-29 10:40:03,653 RobotKinematics.cpp:296 [INFO] controlValueCur_L: [-4.49368, -2.29657, 4.17023, 4.17023, 26.729, -5.96012, 60.2735, 0]
2024-07-29 10:40:03,659 RobotKinematics.cpp:296 [INFO] controlValueCur_L: [-4.84679, -2.16498, 4.54104, 4.54104, 26.8644, -6.01703, 60.1537, 0]
2024-07-29 10:40:03,664 RobotKinematics.cpp:296 [INFO] controlValueCur_L: [-5.39258, -1.89877, 5.36716, 5.36716, 27.1412, -6.13369, 59.9089, 0]
2024-07-29 10:40:03,669 RobotKinematics.cpp:296 [INFO] controlValueCur_L: [-5.54041, -1.89974, 5.60075, 5.60075, 27.2684, -6.19155, 59.7909, 0]
2024-07-29 10:40:03,674 RobotKinematics.cpp:296 [INFO] controlValueCur_L: [-5.68901, -2.11821, 5.6976, 5.6976, 27.3781, -6.2564, 59.6666, 0]
2024-07-29 10:40:03,679 RobotKinematics.cpp:296 [INFO] controlValueCur_L: [-5.85081, -2.35927, 5.87031, 5.87031, 27.4766, -6.35142, 59.5325, 0]
2024-07-29 10:40:03,685 RobotKinematics.cpp:296 [INFO] controlValueCur_L: [-5.88243, -2.991, 5.56536, 5.56536, 27.5822, -6.53346, 59.32, 0]
2024-07-29 10:40:03,690 RobotKinematics.cpp:296 [INFO] controlValueCur_L: [-6.05031, -3.429, 5.41896, 5.41896, 27.6457, -6.6111, 59.1785, 0]
2024-07-29 10:40:03,695 RobotKinematics.cpp:296 [INFO] controlValueCur_L: [-6.32103, -3.89687, 5.1555, 5.1555, 27.698, -6.72138, 59.0323, 0]
2024-07-29 10:40:03,700 RobotKinematics.cpp:296 [INFO] controlValueCur_L: [-6.68369, -4.24033, 4.90425, 4.90425, 27.7401, -6.78543, 58.9011, 0]
2024-07-29 10:40:03,705 RobotKinematics.cpp:296 [INFO] controlValueCur_L: [-7.66281, -4.47204, 4.67588, 4.67588, 27.7879, -6.9231, 58.645, 0]
2024-07-29 10:40:03,711 RobotKinematics.cpp:296 [INFO] controlValueCur_L: [-7.87704, -3.87121, 4.20112, 4.20112, 27.8012, -7.00004, 58.5124, 0]
2024-07-29 10:40:03,716 RobotKinematics.cpp:296 [INFO] controlValueCur_L: [-7.73241, -3.26254, 3.26992, 3.26992, 27.7958, -7.07752, 58.3947, 0]
2024-07-29 10:40:03,721 RobotKinematics.cpp:296 [INFO] controlValueCur_L: [-6.8969, -3.07164, 1.38691, 1.38691, 27.8106, -7.15836, 58.2454, 0]
2024-07-29 10:40:03,726 RobotKinematics.cpp:296 [INFO] controlValueCur_L: [-3.73444, -4.2228, -4.66963, -4.66963, 27.7669, -7.30023, 58.057, 0]
2024-07-29 10:40:03,731 RobotKinematics.cpp:296 [INFO] controlValueCur_L: [-3.73444, -4.2228, -4.66963, -4.66963, 27.7669, -7.30023, 58.057, 0]
2024-07-29 10:40:03,736 RobotKinematics.cpp:296 [INFO] controlValueCur_L: [-3.19228, -6.40179, -6.18891, -6.18891, 27.7692, -7.37117, 57.8457, 0]
2024-07-29 10:40:03,742 RobotKinematics.cpp:296 [INFO] controlValueCur_L: [-3.96188, -7.11946, -5.27724, -5.27724, 27.7867, -7.3692, 57.7429, 0]
2024-07-29 10:40:03,747 RobotKinematics.cpp:296 [INFO] controlValueCur_L: [-4.897, -7.99511, -3.98841, -3.98841, 27.81, -7.3714, 57.6425, 0]
2024-07-29 10:40:03,752 RobotKinematics.cpp:296 [INFO] controlValueCur_L: [-6.92378, -8.30203, -1.23691, -1.23691, 27.8875, -7.39123, 57.4189, 0]
2024-07-29 10:40:03,757 RobotKinematics.cpp:296 [INFO] controlValueCur_L: [-7.70554, -8.02295, -0.224718, -0.224718, 27.9279, -7.36611, 57.3282, 0]
2024-07-29 10:40:03,762 RobotKinematics.cpp:296 [INFO] controlValueCur_L: [-8.37943, -7.57102, 0.601599, 0.601599, 27.9649, -7.35822, 57.2403, 0]
2024-07-29 10:40:03,768 RobotKinematics.cpp:296 [INFO] controlValueCur_L: [-9.50014, -6.18831, 1.77978, 1.77978, 28.0943, -7.36668, 56.9745, 0]
2024-07-29 10:40:03,773 RobotKinematics.cpp:296 [INFO] controlValueCur_L: [-9.50014, -6.18831, 1.77978, 1.77978, 28.0943, -7.36668, 56.9745, 0]
2024-07-29 10:40:03,778 RobotKinematics.cpp:296 [INFO] controlValueCur_L: [-9.88397, -5.72586, 2.0687, 2.0687, 28.1651, -7.42284, 56.7574, 0]
2024-07-29 10:40:03,783 RobotKinematics.cpp:296 [INFO] controlValueCur_L: [-9.82457, -6.00335, 1.90002, 1.90002, 28.2196, -7.39956, 56.6335, 0]
2024-07-29 10:40:03,788 RobotKinematics.cpp:296 [INFO] controlValueCur_L: [-9.74918, -6.42007, 1.67995, 1.67995, 28.2555, -7.46228, 56.5053, 0]
2024-07-29 10:40:03,794 RobotKinematics.cpp:296 [INFO] controlValueCur_L: [-9.79163, -7.30705, 1.49825, 1.49825, 28.3506, -7.41226, 56.2791, 0]
2024-07-29 10:40:03,799 RobotKinematics.cpp:296 [INFO] controlValueCur_L: [-9.96318, -7.62307, 1.67647, 1.67647, 28.3817, -7.42433, 56.1722, 0]
2024-07-29 10:40:03,804 RobotKinematics.cpp:296 [INFO] controlValueCur_L: [-10.1029, -7.91, 1.79031, 1.79031, 28.3558, -7.53244, 56.1073, 0]
2024-07-29 10:40:03,809 RobotKinematics.cpp:296 [INFO] controlValueCur_L: [-10.3396, -8.68842, 2.08921, 2.08921, 28.455, -7.51222, 55.8464, 0]
2024-07-29 10:40:03,814 RobotKinematics.cpp:296 [INFO] controlValueCur_L: [-10.3396, -8.68842, 2.08921, 2.08921, 28.455, -7.51222, 55.8464, 0]
2024-07-29 10:40:03,820 RobotKinematics.cpp:296 [INFO] controlValueCur_L: [-10.3161, -10.0135, 2.05316, 2.05316, 28.5304, -7.48397, 55.6331, 0]
2024-07-29 10:40:03,825 RobotKinematics.cpp:296 [INFO] controlValueCur_L: [-9.57622, -11.8702, 1.027, 1.027, 28.6397, -7.41379, 55.3851, 0]
2024-07-29 10:40:03,830 RobotKinematics.cpp:296 [INFO] controlValueCur_L: [-9.57622, -11.8702, 1.027, 1.027, 28.6397, -7.41379, 55.3851, 0]
2024-07-29 10:40:03,835 RobotKinematics.cpp:296 [INFO] controlValueCur_L: [-8.20686, -13.6223, -0.906682, -0.906682, 28.7683, -7.29003, 55.123, 0]
2024-07-29 10:40:03,840 RobotKinematics.cpp:296 [INFO] controlValueCur_L: [-7.40231, -14.4298, -2.03689, -2.03689, 28.8227, -7.22497, 55.0003, 0]
2024-07-29 10:40:03,845 RobotKinematics.cpp:296 [INFO] controlValueCur_L: [-6.78751, -15.1173, -2.89607, -2.89607, 28.8325, -7.26316, 54.902, 0]
2024-07-29 10:40:03,851 RobotKinematics.cpp:296 [INFO] controlValueCur_L: [-6.10437, -16.2274, -4.13036, -4.13036, 28.9672, -7.05319, 54.632, 0]
2024-07-29 10:40:03,856 RobotKinematics.cpp:296 [INFO] controlValueCur_L: [-5.81389, -16.7156, -4.68676, -4.68676, 29.003, -6.93632, 54.5455, 0]
2024-07-29 10:40:03,861 RobotKinematics.cpp:296 [INFO] controlValueCur_L: [-5.35063, -17.1491, -5.43812, -5.43812, 29.0532, -6.83372, 54.4298, 0]
2024-07-29 10:40:03,866 RobotKinematics.cpp:296 [INFO] controlValueCur_L: [-4.62422, -17.5696, -6.50657, -6.50657, 29.0717, -6.65623, 54.3735, 0]
2024-07-29 10:40:03,871 RobotKinematics.cpp:296 [INFO] controlValueCur_L: [-3.74825, -17.7058, -7.77278, -7.77278, 29.0741, -6.47815, 54.3249, 0]
2024-07-29 10:40:03,877 RobotKinematics.cpp:296 [INFO] controlValueCur_L: [-2.32359, -17.8959, -9.99764, -9.99764, 29.0804, -6.16702, 54.1972, 0]
2024-07-29 10:40:03,882 RobotKinematics.cpp:296 [INFO] controlValueCur_L: [-2.37048, -18.535, -10.063, -10.063, 29.0563, -6.02803, 54.1677, 0]
2024-07-29 10:40:03,887 RobotKinematics.cpp:296 [INFO] controlValueCur_L: [-2.95197, -19.4281, -9.53211, -9.53211, 29.032, -5.91361, 54.1382, 0]
2024-07-29 10:40:03,892 RobotKinematics.cpp:296 [INFO] controlValueCur_L: [-3.49551, -20.6295, -8.96171, -8.96171, 28.9899, -5.82691, 54.1268, 0]
2024-07-29 10:40:03,897 RobotKinematics.cpp:296 [INFO] controlValueCur_L: [-4.72539, -21.6875, -7.78568, -7.78568, 28.8918, -5.77864, 54.0816, 0]
2024-07-29 10:40:03,903 RobotKinematics.cpp:296 [INFO] controlValueCur_L: [-5.36002, -21.4069, -7.30932, -7.30932, 28.8367, -5.83772, 54.0361, 0]
2024-07-29 10:40:03,908 RobotKinematics.cpp:296 [INFO] controlValueCur_L: [-5.8558, -20.8788, -6.97765, -6.97765, 28.7832, -5.92344, 53.9884, 0]
2024-07-29 10:40:03,913 RobotKinematics.cpp:296 [INFO] controlValueCur_L: [-5.53343, -20.6576, -7.50668, -7.50668, 28.7386, -6.06013, 53.9167, 0]
2024-07-29 10:40:03,918 RobotKinematics.cpp:296 [INFO] controlValueCur_L: [-4.53384, -20.2127, -8.95851, -8.95851, 28.6245, -6.48516, 53.7885, 0]
2024-07-29 10:40:03,923 RobotKinematics.cpp:296 [INFO] controlValueCur_L: [-3.98921, -19.9962, -9.71362, -9.71362, 28.5517, -6.80206, 53.7202, 0]
2024-07-29 10:40:03,928 RobotKinematics.cpp:296 [INFO] controlValueCur_L: [-3.45193, -19.7818, -10.4133, -10.4133, 28.4883, -7.15933, 53.6305, 0]
2024-07-29 10:40:03,934 RobotKinematics.cpp:296 [INFO] controlValueCur_L: [-2.89984, -19.4489, -11.1019, -11.1019, 28.4168, -7.56123, 53.5428, 0]
2024-07-29 10:40:03,939 RobotKinematics.cpp:296 [INFO] controlValueCur_L: [-0.676392, -18.8331, -14.0792, -14.0792, 28.3092, -8.49214, 53.2983, 0]
2024-07-29 10:40:03,944 RobotKinematics.cpp:296 [INFO] controlValueCur_L: [0.0254059, -18.7298, -15.127, -15.127, 28.3015, -8.92339, 53.1382, 0]
2024-07-29 10:40:03,949 RobotKinematics.cpp:296 [INFO] controlValueCur_L: [0.539719, -18.2956, -15.9955, -15.9955, 28.3088, -9.28935, 52.9895, 0]
2024-07-29 10:40:03,954 RobotKinematics.cpp:296 [INFO] controlValueCur_L: [0.793015, -17.651, -16.5849, -16.5849, 28.3209, -9.61057, 52.8454, 0]
2024-07-29 10:40:03,960 RobotKinematics.cpp:296 [INFO] controlValueCur_L: [0.733658, -15.3421, -17.1421, -17.1421, 28.3194, -10.156, 52.5917, 0]
2024-07-29 10:40:03,965 RobotKinematics.cpp:296 [INFO] controlValueCur_L: [0.378616, -13.7622, -16.9979, -16.9979, 28.2936, -10.405, 52.4775, 0]
2024-07-29 10:40:03,970 RobotKinematics.cpp:296 [INFO] controlValueCur_L: [0.0372467, -11.8721, -16.8816, -16.8816, 28.2082, -10.6677, 52.4229, 0]
2024-07-29 10:40:03,975 RobotKinematics.cpp:296 [INFO] controlValueCur_L: [-0.285172, -9.40542, -16.8889, -16.8889, 28.1248, -10.9172, 52.3435, 0]
2024-07-29 10:40:03,980 RobotKinematics.cpp:296 [INFO] controlValueCur_L: [-0.174789, -2.92587, -18.0833, -18.0833, 27.9098, -11.4088, 52.2283, 0]
2024-07-29 10:40:03,986 RobotKinematics.cpp:296 [INFO] controlValueCur_L: [0.044632, 0.692528, -18.9306, -18.9306, 27.8097, -11.622, 52.1764, 0]
2024-07-29 10:40:03,991 RobotKinematics.cpp:296 [INFO] controlValueCur_L: [0.394287, 2.81211, -19.6698, -19.6698, 27.707, -11.8257, 52.1375, 0]
2024-07-29 10:40:03,996 RobotKinematics.cpp:296 [INFO] controlValueCur_L: [0.672684, 0.871418, -19.5706, -19.5706, 27.6241, -12.0045, 52.0891, 0]
2024-07-29 10:40:04,001 RobotKinematics.cpp:296 [INFO] controlValueCur_L: [1.311, -0.626175, -20.1146, -20.1146, 27.452, -12.2916, 52.0628, 0]
2024-07-29 10:40:04,006 RobotKinematics.cpp:296 [INFO] controlValueCur_L: [1.311, -0.626175, -20.1146, -20.1146, 27.452, -12.2916, 52.0628, 0]
2024-07-29 10:40:04,011 RobotKinematics.cpp:296 [INFO] controlValueCur_L: [2.35756, 0.556175, -21.9144, -21.9144, 27.2349, -12.5604, 52.1196, 0]
2024-07-29 10:40:04,017 RobotKinematics.cpp:296 [INFO] controlValueCur_L: [3.35136, 2.25582, -23.7156, -23.7156, 27.1397, -12.6747, 52.135, 0]
2024-07-29 10:40:04,022 RobotKinematics.cpp:296 [INFO] controlValueCur_L: [4.50748, 4.86947, -25.8599, -25.8599, 27.0228, -12.8103, 52.1669, 0]
2024-07-29 10:40:04,027 RobotKinematics.cpp:296 [INFO] controlValueCur_L: [6.15417, 10.464, -29.898, -29.898, 26.8205, -12.997, 52.2386, 0]
2024-07-29 10:40:04,032 RobotKinematics.cpp:296 [INFO] controlValueCur_L: [6.15874, 12.802, -30.106, -30.106, 26.7203, -13.0661, 52.2825, 0]
2024-07-29 10:40:04,037 RobotKinematics.cpp:296 [INFO] controlValueCur_L: [5.99341, 13.9975, -29.628, -29.628, 26.6317, -13.1354, 52.3143, 0]
2024-07-29 10:40:04,043 RobotKinematics.cpp:296 [INFO] controlValueCur_L: [6.45853, 14.7267, -29.7456, -29.7456, 26.4301, -13.2856, 52.4095, 0]
2024-07-29 10:40:04,048 RobotKinematics.cpp:296 [INFO] controlValueCur_L: [7.33238, 15.3289, -31.3774, -31.3774, 26.3343, -13.3343, 52.474, 0]
2024-07-29 10:40:04,053 RobotKinematics.cpp:296 [INFO] controlValueCur_L: [-351.794, 16.0745, -33.6387, -33.6387, 26.244, -13.3705, 52.5467, 0]
2024-07-29 10:40:04,058 RobotKinematics.cpp:296 [INFO] controlValueCur_L: [-351.042, 17.5331, -35.955, -35.955, 26.1718, -13.3884, 52.613, 0]
2024-07-29 10:40:04,063 RobotKinematics.cpp:296 [INFO] controlValueCur_L: [-350.549, 18.9967, -37.6158, -37.6158, 26.1365, -13.3799, 52.6586, 0]
2024-07-29 10:40:04,068 RobotKinematics.cpp:296 [INFO] controlValueCur_L: [-349.658, 21.5586, -38.7989, -38.7989, 26.0375, -13.3514, 52.8134, 0]
2024-07-29 10:40:04,074 RobotKinematics.cpp:296 [INFO] controlValueCur_L: [-349.305, 21.7095, -39.0792, -39.0792, 26.0118, -13.3151, 52.884, 0]
2024-07-29 10:40:04,079 RobotKinematics.cpp:296 [INFO] controlValueCur_L: [-348.779, 21.9046, -39.6568, -39.6568, 26.0073, -13.2582, 52.9454, 0]
2024-07-29 10:40:04,084 RobotKinematics.cpp:296 [INFO] controlValueCur_L: [-348.273, 22.528, -40.1415, -40.1415, 25.9971, -13.1916, 53.0245, 0]
2024-07-29 10:40:04,089 RobotKinematics.cpp:296 [INFO] controlValueCur_L: [-347.14, 23.5847, -41.6641, -41.6641, 25.9728, -13.0444, 53.1945, 0]
2024-07-29 10:40:04,094 RobotKinematics.cpp:296 [INFO] controlValueCur_L: [-346.46, 23.6816, -42.5035, -42.5035, 25.9602, -12.9622, 53.2829, 0]
2024-07-29 10:40:04,100 RobotKinematics.cpp:296 [INFO] controlValueCur_L: [-345.671, 23.675, -43.7156, -43.7156, 25.9531, -12.8731, 53.3683, 0]
2024-07-29 10:40:04,105 RobotKinematics.cpp:296 [INFO] controlValueCur_L: [-344.883, 23.9227, -45.3839, -45.3839, 25.9398, -12.7821, 53.4629, 0]
2024-07-29 10:40:04,110 RobotKinematics.cpp:296 [INFO] controlValueCur_L: [-343.055, 25.2702, -49.89, -49.89, 25.9115, -12.5985, 53.6483, 0]
2024-07-29 10:40:04,115 RobotKinematics.cpp:296 [INFO] controlValueCur_L: [-342.172, 26.5203, -52.5672, -52.5672, 25.9011, -12.5027, 53.7353, 0]
2024-07-29 10:40:04,120 RobotKinematics.cpp:296 [INFO] controlValueCur_L: [-341.267, 27.5323, -55.2141, -55.2141, 25.888, -12.406, 53.8274, 0]
2024-07-29 10:40:04,125 RobotKinematics.cpp:296 [INFO] controlValueCur_L: [-340.264, 28.4681, -57.6983, -57.6983, 25.879, -12.3077, 53.9129, 0]
2024-07-29 10:40:04,131 RobotKinematics.cpp:296 [INFO] controlValueCur_L: [-338.356, 30.0285, -62.1864, -62.1864, 25.8697, -12.1154, 54.0689, 0]
2024-07-29 10:40:04,136 RobotKinematics.cpp:296 [INFO] controlValueCur_L: [-337.315, 30.7623, -64.5519, -64.5519, 25.8542, -12.0319, 54.1481, 0]
2024-07-29 10:40:04,141 RobotKinematics.cpp:296 [INFO] controlValueCur_L: [-336.55, 31.8114, -66.507, -66.507, 25.8335, -11.941, 54.2376, 0]
2024-07-29 10:40:04,146 RobotKinematics.cpp:296 [INFO] controlValueCur_L: [-335.852, 33.7316, -69.249, -69.249, 25.8146, -11.8444, 54.3252, 0]
2024-07-29 10:40:04,151 RobotKinematics.cpp:296 [INFO] controlValueCur_L: [-334.853, 37.3016, -74.4917, -74.4917, 25.743, -11.6582, 54.5199, 0]
2024-07-29 10:40:04,157 RobotKinematics.cpp:296 [INFO] controlValueCur_L: [-334.461, 38.9721, -76.3718, -76.3718, 25.6917, -11.5782, 54.6153, 0]
2024-07-29 10:40:04,162 RobotKinematics.cpp:296 [INFO] controlValueCur_L: [-333.828, 40.4971, -77.7259, -77.7259, 25.6276, -11.5114, 54.7087, 0]
2024-07-29 10:40:04,167 RobotKinematics.cpp:296 [INFO] controlValueCur_L: [-333.487, 41.6833, -79.2964, -79.2964, 25.5641, -11.4532, 54.7926, 0]
2024-07-29 10:40:04,172 RobotKinematics.cpp:296 [INFO] controlValueCur_L: [-332.228, 43.097, -80.3269, -80.3269, 25.4284, -11.3652, 54.9439, 0]
2024-07-29 10:40:04,177 RobotKinematics.cpp:296 [INFO] controlValueCur_L: [-331.854, 43.2424, -80.4376, -80.4376, 25.3443, -11.3303, 55.0292, 0]
2024-07-29 10:40:04,183 RobotKinematics.cpp:296 [INFO] controlValueCur_L: [-331.262, 43.1431, -80.0626, -80.0626, 25.2731, -11.2868, 55.1018, 0]
2024-07-29 10:40:04,188 RobotKinematics.cpp:296 [INFO] controlValueCur_L: [-330.707, 43.4751, -79.9247, -79.9247, 25.1748, -11.256, 55.201, 0]
2024-07-29 10:40:04,193 RobotKinematics.cpp:296 [INFO] controlValueCur_L: [-329.537, 44.4744, -79.3745, -79.3745, 25.0554, -11.1763, 55.3216, 0]
2024-07-29 10:40:04,198 RobotKinematics.cpp:296 [INFO] controlValueCur_L: [-329.537, 44.4744, -79.3745, -79.3745, 25.0554, -11.1763, 55.3216, 0]
2024-07-29 10:40:04,203 RobotKinematics.cpp:296 [INFO] controlValueCur_L: [-327.933, 43.2024, -78.1077, -78.1077, 24.916, -11.1134, 55.4549, 0]
2024-07-29 10:40:04,209 RobotKinematics.cpp:296 [INFO] controlValueCur_L: [-325.959, 42.3869, -77.2705, -77.2705, 24.7459, -11.087, 55.5965, 0]
2024-07-29 10:40:04,214 RobotKinematics.cpp:296 [INFO] controlValueCur_L: [-325.959, 42.3869, -77.2705, -77.2705, 24.7459, -11.087, 55.5965, 0]
2024-07-29 10:40:04,219 RobotKinematics.cpp:296 [INFO] controlValueCur_L: [-323.918, 44.0405, -77.7382, -77.7382, 24.5472, -11.0998, 55.7459, 0]
2024-07-29 10:40:04,224 RobotKinematics.cpp:296 [INFO] controlValueCur_L: [-322.895, 45.1705, -78.0574, -78.0574, 24.4618, -11.1085, 55.8029, 0]
2024-07-29 10:40:04,229 RobotKinematics.cpp:296 [INFO] controlValueCur_L: [-321.811, 45.8527, -78.2366, -78.2366, 24.3461, -11.138, 55.883, 0]
2024-07-29 10:40:04,235 RobotKinematics.cpp:296 [INFO] controlValueCur_L: [-319.436, 46.582, -77.913, -77.913, 24.1517, -11.2038, 55.9981, 0]
2024-07-29 10:40:04,240 RobotKinematics.cpp:296 [INFO] controlValueCur_L: [-318.122, 46.8506, -77.5898, -77.5898, 24.0588, -11.2511, 56.0422, 0]
2024-07-29 10:40:04,245 RobotKinematics.cpp:296 [INFO] controlValueCur_L: [-316.782, 47.2236, -77.5331, -77.5331, 23.9498, -11.3169, 56.0927, 0]
2024-07-29 10:40:04,250 RobotKinematics.cpp:296 [INFO] controlValueCur_L: [-314.294, 47.8284, -77.3585, -77.3585, 23.7731, -11.4453, 56.1632, 0]
2024-07-29 10:40:04,255 RobotKinematics.cpp:296 [INFO] controlValueCur_L: [-314.294, 47.8284, -77.3585, -77.3585, 23.7731, -11.4453, 56.1632, 0]
2024-07-29 10:40:04,260 RobotKinematics.cpp:296 [INFO] controlValueCur_L: [-312.594, 47.9247, -76.886, -76.886, 23.634, -11.5715, 56.2087, 0]
2024-07-29 10:40:04,266 RobotKinematics.cpp:296 [INFO] controlValueCur_L: [-312.667, 47.1391, -76.4885, -76.4885, 23.5667, -11.6287, 56.2295, 0]
2024-07-29 10:40:04,271 RobotKinematics.cpp:296 [INFO] controlValueCur_L: [-312.881, 46.1546, -75.8593, -75.8593, 23.5204, -11.6788, 56.2432, 0]
2024-07-29 10:40:04,276 RobotKinematics.cpp:296 [INFO] controlValueCur_L: [-313.676, 44.1109, -75.5079, -75.5079, 23.4498, -11.7433, 56.2669, 0]
2024-07-29 10:40:04,281 RobotKinematics.cpp:296 [INFO] controlValueCur_L: [-314.435, 43.9157, -76.5702, -76.5702, 23.4086, -11.7708, 56.289, 0]
2024-07-29 10:40:04,286 RobotKinematics.cpp:296 [INFO] controlValueCur_L: [-315.21, 43.6938, -78.1524, -78.1524, 23.3716, -11.804, 56.3086, 0]
2024-07-29 10:40:04,292 RobotKinematics.cpp:296 [INFO] controlValueCur_L: [-315.86, 42.808, -78.6119, -78.6119, 23.3622, -11.8313, 56.3052, 0]
2024-07-29 10:40:04,297 RobotKinematics.cpp:296 [INFO] controlValueCur_L: [-316.38, 41.2788, -78.2757, -78.2757, 23.3549, -11.8619, 56.3022, 0]
2024-07-29 10:40:04,302 RobotKinematics.cpp:296 [INFO] controlValueCur_L: [-317.424, 37.1786, -76.8274, -76.8274, 23.3694, -11.9133, 56.2696, 0]
2024-07-29 10:40:04,307 RobotKinematics.cpp:296 [INFO] controlValueCur_L: [-317.974, 34.8835, -75.8505, -75.8505, 23.3804, -11.9377, 56.2504, 0]
2024-07-29 10:40:04,312 RobotKinematics.cpp:296 [INFO] controlValueCur_L: [-318.553, 32.5276, -74.7416, -74.7416, 23.39, -11.9624, 56.2328, 0]
2024-07-29 10:40:04,318 RobotKinematics.cpp:296 [INFO] controlValueCur_L: [-319.103, 28.4759, -72.0398, -72.0398, 23.4107, -11.9763, 56.2169, 0]
2024-07-29 10:40:04,323 RobotKinematics.cpp:296 [INFO] controlValueCur_L: [-320.174, 27.8555, -71.83, -71.83, 23.4275, -12.0307, 56.1928, 0]
2024-07-29 10:40:04,328 RobotKinematics.cpp:296 [INFO] controlValueCur_L: [-320.689, 27.6001, -71.789, -71.789, 23.4396, -12.0558, 56.1798, 0]
2024-07-29 10:40:04,333 RobotKinematics.cpp:296 [INFO] controlValueCur_L: [-321.329, 26.3909, -70.9848, -70.9848, 23.4535, -12.0748, 56.1663, 0]
2024-07-29 10:40:04,339 RobotKinematics.cpp:296 [INFO] controlValueCur_L: [-323.176, 24.2497, -68.5966, -68.5966, 23.4745, -12.1027, 56.1473, 0]
2024-07-29 10:40:04,344 RobotKinematics.cpp:296 [INFO] controlValueCur_L: [-324.445, 23.2454, -66.7389, -66.7389, 23.4818, -12.1119, 56.1426, 0]
2024-07-29 10:40:04,349 RobotKinematics.cpp:296 [INFO] controlValueCur_L: [-325.83, 22.0545, -64.4115, -64.4115, 23.4841, -12.1186, 56.1402, 0]
2024-07-29 10:40:04,354 RobotKinematics.cpp:296 [INFO] controlValueCur_L: [-327.114, 21.1236, -62.3216, -62.3216, 23.4807, -12.1284, 56.1404, 0]
2024-07-29 10:40:04,359 RobotKinematics.cpp:296 [INFO] controlValueCur_L: [-329.097, 19.6131, -59.9299, -59.9299, 23.465, -12.1479, 56.1456, 0]
2024-07-29 10:40:04,365 RobotKinematics.cpp:296 [INFO] controlValueCur_L: [-329.748, 19.0352, -59.7716, -59.7716, 23.458, -12.1538, 56.1465, 0]
2024-07-29 10:40:04,370 RobotKinematics.cpp:296 [INFO] controlValueCur_L: [-330.264, 18.6152, -59.9475, -59.9475, 23.4427, -12.1607, 56.1537, 0]
2024-07-29 10:40:04,375 RobotKinematics.cpp:296 [INFO] controlValueCur_L: [-330.796, 18.225, -59.7879, -59.7879, 23.4329, -12.164, 56.1569, 0]
2024-07-29 10:40:04,380 RobotKinematics.cpp:296 [INFO] controlValueCur_L: [-331.287, 17.8576, -59.4004, -59.4004, 23.4234, -12.1671, 56.1599, 0]
2024-07-29 10:40:04,386 RobotKinematics.cpp:296 [INFO] controlValueCur_L: [-332.746, 17.0337, -57.7556, -57.7556, 23.3991, -12.1657, 56.1765, 0]
2024-07-29 10:40:04,391 RobotKinematics.cpp:296 [INFO] controlValueCur_L: [-333.424, 16.8073, -57.1175, -57.1175, 23.3959, -12.1624, 56.1784, 0]
2024-07-29 10:40:04,396 RobotKinematics.cpp:296 [INFO] controlValueCur_L: [-334.074, 16.7083, -56.8017, -56.8017, 23.3968, -12.1589, 56.1784, 0]
2024-07-29 10:40:04,401 RobotKinematics.cpp:296 [INFO] controlValueCur_L: [-334.992, 16.8179, -56.7135, -56.7135, 23.3926, -12.1501, 56.1874, 0]
2024-07-29 10:40:04,406 RobotKinematics.cpp:296 [INFO] controlValueCur_L: [-334.992, 16.8179, -56.7135, -56.7135, 23.3926, -12.1501, 56.1874, 0]
2024-07-29 10:40:04,412 RobotKinematics.cpp:296 [INFO] controlValueCur_L: [-336.202, 16.9895, -56.0279, -56.0279, 23.4008, -12.1407, 56.1847, 0]
2024-07-29 10:40:04,417 RobotKinematics.cpp:296 [INFO] controlValueCur_L: [-337.638, 17.4677, -54.9721, -54.9721, 23.4151, -12.1295, 56.1843, 0]
2024-07-29 10:40:04,422 RobotKinematics.cpp:296 [INFO] controlValueCur_L: [-337.638, 17.4677, -54.9721, -54.9721, 23.4151, -12.1295, 56.1843, 0]
2024-07-29 10:40:04,427 RobotKinematics.cpp:296 [INFO] controlValueCur_L: [-338.698, 17.868, -54.6321, -54.6321, 23.4418, -12.1182, 56.1721, 0]
2024-07-29 10:40:04,433 RobotKinematics.cpp:296 [INFO] controlValueCur_L: [-339.113, 18.0146, -54.8193, -54.8193, 23.4546, -12.1121, 56.1663, 0]
2024-07-29 10:40:04,438 RobotKinematics.cpp:296 [INFO] controlValueCur_L: [-339.479, 18.2583, -54.8661, -54.8661, 23.4635, -12.1083, 56.1604, 0]
2024-07-29 10:40:04,443 RobotKinematics.cpp:296 [INFO] controlValueCur_L: [-340.224, 18.6406, -54.6736, -54.6736, 23.486, -12.1025, 56.1431, 0]
2024-07-29 10:40:04,448 RobotKinematics.cpp:296 [INFO] controlValueCur_L: [-340.546, 18.5234, -54.7615, -54.7615, 23.4936, -12.1012, 56.1354, 0]
2024-07-29 10:40:04,453 RobotKinematics.cpp:296 [INFO] controlValueCur_L: [-340.886, 18.7373, -54.9715, -54.9715, 23.4969, -12.1034, 56.1284, 0]
2024-07-29 10:40:04,458 RobotKinematics.cpp:296 [INFO] controlValueCur_L: [-341.526, 18.9186, -55.3803, -55.3803, 23.4953, -12.1106, 56.1185, 0]
2024-07-29 10:40:04,464 RobotKinematics.cpp:296 [INFO] controlValueCur_L: [-341.526, 18.9186, -55.3803, -55.3803, 23.4953, -12.1106, 56.1185, 0]
2024-07-29 10:40:04,469 RobotKinematics.cpp:296 [INFO] controlValueCur_L: [-342.274, 19.0186, -55.4793, -55.4793, 23.4924, -12.1175, 56.1088, 0]
2024-07-29 10:40:04,474 RobotKinematics.cpp:296 [INFO] controlValueCur_L: [-342.626, 19.0616, -55.5589, -55.5589, 23.4932, -12.1205, 56.1022, 0]
2024-07-29 10:40:04,479 RobotKinematics.cpp:296 [INFO] controlValueCur_L: [-342.933, 19.0653, -55.6791, -55.6791, 23.4956, -12.1243, 56.0928, 0]
2024-07-29 10:40:04,484 RobotKinematics.cpp:296 [INFO] controlValueCur_L: [-343.275, 19.0961, -56.0839, -56.0839, 23.4945, -12.1332, 56.0809, 0]
2024-07-29 10:40:04,490 RobotKinematics.cpp:296 [INFO] controlValueCur_L: [-343.329, 19.0575, -56.3623, -56.3623, 23.4925, -12.1394, 56.0746, 0]
2024-07-29 10:40:04,495 RobotKinematics.cpp:296 [INFO] controlValueCur_L: [-343.512, 18.9614, -56.5952, -56.5952, 23.485, -12.1478, 56.0722, 0]
2024-07-29 10:40:04,500 RobotKinematics.cpp:296 [INFO] controlValueCur_L: [-343.792, 18.8486, -57.1743, -57.1743, 23.4808, -12.169, 56.0559, 0]
2024-07-29 10:40:04,505 RobotKinematics.cpp:296 [INFO] controlValueCur_L: [-343.792, 18.8486, -57.1743, -57.1743, 23.4808, -12.169, 56.0559, 0]
2024-07-29 10:40:04,510 RobotKinematics.cpp:296 [INFO] controlValueCur_L: [-343.996, 18.6883, -57.6899, -57.6899, 23.4807, -12.1993, 56.0304, 0]
2024-07-29 10:40:04,515 RobotKinematics.cpp:296 [INFO] controlValueCur_L: [-344.103, 18.6037, -57.9438, -57.9438, 23.4874, -12.214, 56.0121, 0]
2024-07-29 10:40:04,521 RobotKinematics.cpp:296 [INFO] controlValueCur_L: [-344.222, 18.5155, -58.1847, -58.1847, 23.4926, -12.2311, 55.998, 0]
2024-07-29 10:40:04,526 RobotKinematics.cpp:296 [INFO] controlValueCur_L: [-344.317, 18.3834, -58.373, -58.373, 23.5015, -12.2443, 55.9775, 0]
2024-07-29 10:40:04,531 RobotKinematics.cpp:296 [INFO] controlValueCur_L: [-344.532, 18.1906, -58.8259, -58.8259, 23.5205, -12.2738, 55.9346, 0]
2024-07-29 10:40:04,536 RobotKinematics.cpp:296 [INFO] controlValueCur_L: [-344.67, 18.0823, -59.0662, -59.0662, 23.5163, -12.2971, 55.9227, 0]
2024-07-29 10:40:04,541 RobotKinematics.cpp:296 [INFO] controlValueCur_L: [-344.901, 17.9308, -59.1715, -59.1715, 23.5204, -12.3192, 55.8965, 0]
2024-07-29 10:40:04,547 RobotKinematics.cpp:296 [INFO] controlValueCur_L: [-345.08, 17.8134, -59.3339, -59.3339, 23.5114, -12.3447, 55.8841, 0]
2024-07-29 10:40:04,552 RobotKinematics.cpp:296 [INFO] controlValueCur_L: [-345.379, 17.6047, -59.4027, -59.4027, 23.5247, -12.3945, 55.8072, 0]
2024-07-29 10:40:04,557 RobotKinematics.cpp:296 [INFO] controlValueCur_L: [-345.564, 17.5389, -59.3461, -59.3461, 23.5114, -12.4238, 55.7893, 0]
2024-07-29 10:40:04,562 RobotKinematics.cpp:296 [INFO] controlValueCur_L: [-345.694, 17.4586, -59.3617, -59.3617, 23.5002, -12.4575, 55.7661, 0]
2024-07-29 10:40:04,567 RobotKinematics.cpp:296 [INFO] controlValueCur_L: [-345.863, 17.4992, -59.185, -59.185, 23.488, -12.4918, 55.746, 0]
2024-07-29 10:40:04,573 RobotKinematics.cpp:296 [INFO] controlValueCur_L: [-346.193, 17.4565, -58.964, -58.964, 23.4637, -12.5581, 55.7089, 0]
2024-07-29 10:40:04,578 RobotKinematics.cpp:296 [INFO] controlValueCur_L: [-346.452, 17.3247, -58.9734, -58.9734, 23.4484, -12.5898, 55.6992, 0]
2024-07-29 10:40:04,583 RobotKinematics.cpp:296 [INFO] controlValueCur_L: [-346.765, 17.3754, -58.7019, -58.7019, 23.4347, -12.6155, 55.6848, 0]
2024-07-29 10:40:04,588 RobotKinematics.cpp:296 [INFO] controlValueCur_L: [-347.096, 17.4435, -58.4365, -58.4365, 23.4058, -12.6577, 55.6714, 0]
2024-07-29 10:40:04,594 RobotKinematics.cpp:296 [INFO] controlValueCur_L: [-347.428, 17.404, -58.1209, -58.1209, 23.3785, -12.6788, 55.6796, 0]
2024-07-29 10:40:04,599 RobotKinematics.cpp:296 [INFO] controlValueCur_L: [-347.678, 17.4514, -57.922, -57.922, 23.3746, -12.6841, 55.6703, 0]
2024-07-29 10:40:04,604 RobotKinematics.cpp:296 [INFO] controlValueCur_L: [-347.879, 17.5096, -57.6761, -57.6761, 23.3736, -12.6881, 55.6611, 0]
2024-07-29 10:40:04,609 RobotKinematics.cpp:296 [INFO] controlValueCur_L: [-348.327, 17.6682, -57.2703, -57.2703, 23.3334, -12.6949, 55.6833, 0]
2024-07-29 10:40:04,614 RobotKinematics.cpp:296 [INFO] controlValueCur_L: [-348.327, 17.6682, -57.2703, -57.2703, 23.3334, -12.6949, 55.6833, 0]
2024-07-29 10:40:04,620 RobotKinematics.cpp:296 [INFO] controlValueCur_L: [-348.751, 17.8105, -56.8482, -56.8482, 23.3043, -12.6915, 55.7058, 0]
2024-07-29 10:40:04,625 RobotKinematics.cpp:296 [INFO] controlValueCur_L: [-348.866, 17.8701, -56.7118, -56.7118, 23.3012, -12.6835, 55.7104, 0]
2024-07-29 10:40:04,630 RobotKinematics.cpp:296 [INFO] controlValueCur_L: [-349.041, 18.0187, -56.6449, -56.6449, 23.2871, -12.682, 55.7254, 0]
2024-07-29 10:40:04,635 RobotKinematics.cpp:296 [INFO] controlValueCur_L: [-349.322, 18.1808, -56.3814, -56.3814, 23.2919, -12.6707, 55.7337, 0]
2024-07-29 10:40:04,641 RobotKinematics.cpp:296 [INFO] controlValueCur_L: [-349.469, 18.1736, -56.216, -56.216, 23.2972, -12.6625, 55.7371, 0]
2024-07-29 10:40:04,646 RobotKinematics.cpp:296 [INFO] controlValueCur_L: [-349.556, 18.2326, -56.1862, -56.1862, 23.3083, -12.6547, 55.7406, 0]
2024-07-29 10:40:04,651 RobotKinematics.cpp:296 [INFO] controlValueCur_L: [-349.727, 18.404, -56.0298, -56.0298, 23.3305, -12.6333, 55.7476, 0]
2024-07-29 10:40:04,656 RobotKinematics.cpp:296 [INFO] controlValueCur_L: [-349.727, 18.404, -56.0298, -56.0298, 23.3305, -12.6333, 55.7476, 0]
2024-07-29 10:40:04,661 RobotKinematics.cpp:296 [INFO] controlValueCur_L: [-350.052, 18.4406, -56.0109, -56.0109, 23.361, -12.6055, 55.7523, 0]
2024-07-29 10:40:04,667 RobotKinematics.cpp:296 [INFO] controlValueCur_L: [-350.142, 18.5531, -55.9687, -55.9687, 23.3722, -12.5866, 55.7623, 0]
2024-07-29 10:40:04,672 RobotKinematics.cpp:296 [INFO] controlValueCur_L: [-350.168, 18.4919, -55.9823, -55.9823, 23.383, -12.5683, 55.773, 0]
2024-07-29 10:40:04,677 RobotKinematics.cpp:296 [INFO] controlValueCur_L: [-350.211, 18.5804, -56.2118, -56.2118, 23.4123, -12.5173, 55.7954, 0]
2024-07-29 10:40:04,682 RobotKinematics.cpp:296 [INFO] controlValueCur_L: [-350.39, 18.5518, -56.1968, -56.1968, 23.4326, -12.4858, 55.8067, 0]
2024-07-29 10:40:04,687 RobotKinematics.cpp:296 [INFO] controlValueCur_L: [-350.454, 18.5635, -56.3155, -56.3155, 23.4527, -12.4554, 55.8188, 0]
2024-07-29 10:40:04,693 RobotKinematics.cpp:296 [INFO] controlValueCur_L: [-350.627, 18.5166, -56.5202, -56.5202, 23.5187, -12.3589, 55.852, 0]
2024-07-29 10:40:04,698 RobotKinematics.cpp:296 [INFO] controlValueCur_L: [-350.673, 18.4711, -56.6214, -56.6214, 23.5691, -12.2899, 55.8701, 0]
2024-07-29 10:40:04,703 RobotKinematics.cpp:296 [INFO] controlValueCur_L: [-350.757, 18.3838, -56.6932, -56.6932, 23.6266, -12.2233, 55.8804, 0]
2024-07-29 10:40:04,708 RobotKinematics.cpp:296 [INFO] controlValueCur_L: [-350.71, 18.2661, -56.9366, -56.9366, 23.7264, -12.0707, 55.9259, 0]
2024-07-29 10:40:04,713 RobotKinematics.cpp:296 [INFO] controlValueCur_L: [-350.71, 18.2661, -56.9366, -56.9366, 23.7264, -12.0707, 55.9259, 0]
2024-07-29 10:40:04,718 RobotKinematics.cpp:296 [INFO] controlValueCur_L: [-350.894, 18.197, -57.2488, -57.2488, 23.7888, -11.9406, 55.9862, 0]
2024-07-29 10:40:04,724 RobotKinematics.cpp:296 [INFO] controlValueCur_L: [-350.985, 18.1647, -57.3159, -57.3159, 23.8087, -11.8743, 56.0249, 0]
2024-07-29 10:40:04,729 RobotKinematics.cpp:296 [INFO] controlValueCur_L: [-351, 18.0782, -57.4755, -57.4755, 23.8172, -11.811, 56.0706, 0]
2024-07-29 10:40:04,734 RobotKinematics.cpp:296 [INFO] controlValueCur_L: [-351.041, 17.9095, -57.7818, -57.7818, 23.8589, -11.6907, 56.1318, 0]
2024-07-29 10:40:04,739 RobotKinematics.cpp:296 [INFO] controlValueCur_L: [-351.106, 17.7818, -57.8771, -57.8771, 23.8872, -11.6394, 56.1403, 0]
2024-07-29 10:40:04,744 RobotKinematics.cpp:296 [INFO] controlValueCur_L: [-351.147, 17.7877, -57.9086, -57.9086, 23.8897, -11.6045, 56.1628, 0]
2024-07-29 10:40:04,749 RobotKinematics.cpp:296 [INFO] controlValueCur_L: [-351.129, 17.7094, -58.0263, -58.0263, 23.9092, -11.5622, 56.1695, 0]
2024-07-29 10:40:04,755 RobotKinematics.cpp:296 [INFO] controlValueCur_L: [-351.129, 17.66, -57.9882, -57.9882, 23.8887, -11.533, 56.2016, 0]
2024-07-29 10:40:04,760 RobotKinematics.cpp:296 [INFO] controlValueCur_L: [-351.257, 17.6005, -58.0882, -58.0882, 23.9073, -11.4619, 56.2113, 0]
2024-07-29 10:40:04,765 RobotKinematics.cpp:296 [INFO] controlValueCur_L: [-351.329, 17.4912, -58.1483, -58.1483, 23.9317, -11.4189, 56.2098, 0]
2024-07-29 10:40:04,770 RobotKinematics.cpp:296 [INFO] controlValueCur_L: [-351.506, 17.4796, -58.1169, -58.1169, 23.9712, -11.3852, 56.1893, 0]
2024-07-29 10:40:04,775 RobotKinematics.cpp:296 [INFO] controlValueCur_L: [-351.619, 17.4949, -58.0059, -58.0059, 23.9725, -11.3376, 56.2093, 0]
2024-07-29 10:40:04,780 RobotKinematics.cpp:296 [INFO] controlValueCur_L: [-351.715, 17.4037, -57.9982, -57.9982, 23.9957, -11.239, 56.2365, 0]
2024-07-29 10:40:04,786 RobotKinematics.cpp:296 [INFO] controlValueCur_L: [-351.697, 17.3476, -57.8532, -57.8532, 24.0175, -11.1897, 56.2446, 0]
2024-07-29 10:40:04,791 RobotKinematics.cpp:296 [INFO] controlValueCur_L: [-351.777, 17.4869, -57.7597, -57.7597, 24.0374, -11.1374, 56.2553, 0]
2024-07-29 10:40:04,796 RobotKinematics.cpp:296 [INFO] controlValueCur_L: [-351.813, 17.4782, -57.6956, -57.6956, 24.0466, -11.0842, 56.2772, 0]
2024-07-29 10:40:04,801 RobotKinematics.cpp:296 [INFO] controlValueCur_L: [-352.029, 17.5394, -57.5448, -57.5448, 24.1287, -10.982, 56.2662, 0]
2024-07-29 10:40:04,806 RobotKinematics.cpp:296 [INFO] controlValueCur_L: [-352.141, 17.5717, -57.4266, -57.4266, 24.1329, -10.9261, 56.2938, 0]
2024-07-29 10:40:04,812 RobotKinematics.cpp:296 [INFO] controlValueCur_L: [-352.231, 17.5786, -57.3622, -57.3622, 24.1433, -10.8838, 56.3111, 0]
2024-07-29 10:40:04,817 RobotKinematics.cpp:296 [INFO] controlValueCur_L: [-352.401, 17.6087, -57.2232, -57.2232, 24.1507, -10.8353, 56.3357, 0]
2024-07-29 10:40:04,822 RobotKinematics.cpp:296 [INFO] controlValueCur_L: [7.29356, 17.7976, -56.9654, -56.9654, 24.1774, -10.7399, 56.3765, 0]
2024-07-29 10:40:04,827 RobotKinematics.cpp:296 [INFO] controlValueCur_L: [7.16133, 17.794, -56.9122, -56.9122, 24.1775, -10.6876, 56.409, 0]
2024-07-29 10:40:04,832 RobotKinematics.cpp:296 [INFO] controlValueCur_L: [6.9884, 17.9158, -56.7705, -56.7705, 24.186, -10.6338, 56.4404, 0]
2024-07-29 10:40:04,838 RobotKinematics.cpp:296 [INFO] controlValueCur_L: [6.89783, 17.908, -56.7155, -56.7155, 24.1635, -10.5829, 56.493, 0]
2024-07-29 10:40:04,843 RobotKinematics.cpp:296 [INFO] controlValueCur_L: [6.38821, 18.0162, -56.5527, -56.5527, 24.1911, -10.485, 56.5426, 0]
2024-07-29 10:40:04,848 RobotKinematics.cpp:296 [INFO] controlValueCur_L: [6.22586, 18.0506, -56.4337, -56.4337, 24.2059, -10.438, 56.5636, 0]
2024-07-29 10:40:04,854 RobotKinematics.cpp:296 [INFO] controlValueCur_L: [6.0901, 18.1376, -56.393, -56.393, 24.2203, -10.3916, 56.5937, 0]
2024-07-29 10:40:04,859 RobotKinematics.cpp:296 [INFO] controlValueCur_L: [5.91672, 18.1789, -56.4166, -56.4166, 24.2293, -10.3507, 56.6158, 0]
2024-07-29 10:40:04,864 RobotKinematics.cpp:296 [INFO] controlValueCur_L: [5.84319, 18.2317, -56.3888, -56.3888, 24.2422, -10.3172, 56.637, 0]
2024-07-29 10:40:04,869 RobotKinematics.cpp:296 [INFO] controlValueCur_L: [5.55495, 18.2559, -56.3839, -56.3839, 24.2393, -10.2324, 56.7051, 0]
2024-07-29 10:40:04,875 RobotKinematics.cpp:296 [INFO] controlValueCur_L: [5.56468, 18.2609, -56.447, -56.447, 24.2514, -10.1891, 56.733, 0]
2024-07-29 10:40:04,880 RobotKinematics.cpp:296 [INFO] controlValueCur_L: [5.53859, 18.2833, -56.372, -56.372, 24.279, -10.1736, 56.7302, 0]
2024-07-29 10:40:04,885 RobotKinematics.cpp:296 [INFO] controlValueCur_L: [5.69475, 18.236, -56.4738, -56.4738, 24.2924, -10.0945, 56.7981, 0]
2024-07-29 10:40:04,890 RobotKinematics.cpp:296 [INFO] controlValueCur_L: [5.72122, 18.352, -56.528, -56.528, 24.3265, -10.0648, 56.7959, 0]
2024-07-29 10:40:04,895 RobotKinematics.cpp:296 [INFO] controlValueCur_L: [5.74809, 18.2845, -56.5798, -56.5798, 24.3571, -10.0423, 56.7963, 0]
2024-07-29 10:40:04,901 RobotKinematics.cpp:296 [INFO] controlValueCur_L: [5.62694, 18.2406, -56.6505, -56.6505, 24.3806, -9.9749, 56.8354, 0]
2024-07-29 10:40:04,906 RobotKinematics.cpp:296 [INFO] controlValueCur_L: [5.62694, 18.2406, -56.6505, -56.6505, 24.3806, -9.9749, 56.8354, 0]
2024-07-29 10:40:04,911 RobotKinematics.cpp:296 [INFO] controlValueCur_L: [5.56062, 18.2143, -56.7501, -56.7501, 24.4157, -9.92965, 56.8431, 0]
2024-07-29 10:40:04,916 RobotKinematics.cpp:296 [INFO] controlValueCur_L: [5.65804, 18.2261, -56.8253, -56.8253, 24.4376, -9.90312, 56.8417, 0]
2024-07-29 10:40:04,921 RobotKinematics.cpp:296 [INFO] controlValueCur_L: [5.75848, 18.1665, -56.865, -56.865, 24.4445, -9.87515, 56.8534, 0]
2024-07-29 10:40:04,927 RobotKinematics.cpp:296 [INFO] controlValueCur_L: [6.02182, 18.12, -57.0465, -57.0465, 24.4802, -9.83168, 56.8553, 0]
2024-07-29 10:40:04,932 RobotKinematics.cpp:296 [INFO] controlValueCur_L: [6.08049, 18.1383, -57.0707, -57.0707, 24.5078, -9.81289, 56.8442, 0]
2024-07-29 10:40:04,937 RobotKinematics.cpp:296 [INFO] controlValueCur_L: [6.13387, 18.0815, -57.1177, -57.1177, 24.5282, -9.79394, 56.8423, 0]
2024-07-29 10:40:04,942 RobotKinematics.cpp:296 [INFO] controlValueCur_L: [6.17918, 18.014, -57.1901, -57.1901, 24.578, -9.75061, 56.8322, 0]
2024-07-29 10:40:04,947 RobotKinematics.cpp:296 [INFO] controlValueCur_L: [6.17918, 18.014, -57.1901, -57.1901, 24.578, -9.75061, 56.8322, 0]
2024-07-29 10:40:04,952 RobotKinematics.cpp:296 [INFO] controlValueCur_L: [6.22986, 17.9565, -57.2828, -57.2828, 24.6527, -9.73138, 56.7998, 0]
2024-07-29 10:40:04,958 RobotKinematics.cpp:296 [INFO] controlValueCur_L: [6.31653, 17.9265, -57.3257, -57.3257, 24.6799, -9.728, 56.7858, 0]
2024-07-29 10:40:04,963 RobotKinematics.cpp:296 [INFO] controlValueCur_L: [6.35158, 17.9095, -57.3539, -57.3539, 24.7318, -9.7104, 56.7622, 0]
2024-07-29 10:40:04,968 RobotKinematics.cpp:296 [INFO] controlValueCur_L: [6.44778, 17.8641, -57.3978, -57.3978, 24.7712, -9.7036, 56.7518, 0]
2024-07-29 10:40:04,973 RobotKinematics.cpp:296 [INFO] controlValueCur_L: [6.5009, 17.8621, -57.4292, -57.4292, 24.8155, -9.7063, 56.7226, 0]
2024-07-29 10:40:04,978 RobotKinematics.cpp:296 [INFO] controlValueCur_L: [6.54405, 17.8076, -57.4574, -57.4574, 24.8665, -9.71687, 56.6828, 0]
2024-07-29 10:40:04,984 RobotKinematics.cpp:296 [INFO] controlValueCur_L: [6.60889, 17.8038, -57.4437, -57.4437, 24.9661, -9.7177, 56.6162, 0]
2024-07-29 10:40:04,989 RobotKinematics.cpp:296 [INFO] controlValueCur_L: [6.60889, 17.8038, -57.4437, -57.4437, 24.9661, -9.7177, 56.6162, 0]
2024-07-29 10:40:04,994 RobotKinematics.cpp:296 [INFO] controlValueCur_L: [6.58351, 17.7678, -57.4244, -57.4244, 25.0731, -9.7186, 56.5417, 0]
2024-07-29 10:40:04,999 RobotKinematics.cpp:296 [INFO] controlValueCur_L: [6.5731, 17.7731, -57.4082, -57.4082, 25.1297, -9.71468, 56.5032, 0]
2024-07-29 10:40:05,004 RobotKinematics.cpp:296 [INFO] controlValueCur_L: [6.57578, 17.7676, -57.3924, -57.3924, 25.1824, -9.70895, 56.4683, 0]
2024-07-29 10:40:05,010 RobotKinematics.cpp:296 [INFO] controlValueCur_L: [6.5555, 17.7835, -57.3825, -57.3825, 25.2536, -9.70908, 56.4097, 0]
2024-07-29 10:40:05,015 RobotKinematics.cpp:296 [INFO] controlValueCur_L: [6.51665, 17.7825, -57.3211, -57.3211, 25.4041, -9.70915, 56.2809, 0]
2024-07-29 10:40:05,020 RobotKinematics.cpp:296 [INFO] controlValueCur_L: [6.50211, 17.7977, -57.283, -57.283, 25.4383, -9.71218, 56.2529, 0]
2024-07-29 10:40:05,025 RobotKinematics.cpp:296 [INFO] controlValueCur_L: [6.49577, 17.8016, -57.2777, -57.2777, 25.5215, -9.71029, 56.1798, 0]
2024-07-29 10:40:05,030 RobotKinematics.cpp:296 [INFO] controlValueCur_L: [6.48331, 17.832, -57.2336, -57.2336, 25.5953, -9.70468, 56.1188, 0]
2024-07-29 10:40:05,035 RobotKinematics.cpp:296 [INFO] controlValueCur_L: [6.4669, 17.8566, -57.1831, -57.1831, 25.7708, -9.71536, 55.9543, 0]
2024-07-29 10:40:05,041 RobotKinematics.cpp:296 [INFO] controlValueCur_L: [6.45912, 17.8754, -57.1625, -57.1625, 25.8485, -9.71577, 55.8839, 0]
2024-07-29 10:40:05,046 RobotKinematics.cpp:296 [INFO] controlValueCur_L: [6.45471, 17.8924, -57.129, -57.129, 25.9147, -9.72767, 55.817, 0]
2024-07-29 10:40:05,051 RobotKinematics.cpp:296 [INFO] controlValueCur_L: [6.47484, 17.9358, -57.0786, -57.0786, 26.0063, -9.73516, 55.7268, 0]
2024-07-29 10:40:05,056 RobotKinematics.cpp:296 [INFO] controlValueCur_L: [6.51498, 18.0412, -56.9599, -56.9599, 26.1588, -9.78457, 55.5591, 0]
2024-07-29 10:40:05,061 RobotKinematics.cpp:296 [INFO] controlValueCur_L: [6.55811, 18.0864, -56.9172, -56.9172, 26.2468, -9.80833, 55.4606, 0]
2024-07-29 10:40:05,067 RobotKinematics.cpp:296 [INFO] controlValueCur_L: [6.60504, 18.1599, -56.8492, -56.8492, 26.3138, -9.83484, 55.3761, 0]
2024-07-29 10:40:05,072 RobotKinematics.cpp:296 [INFO] controlValueCur_L: [6.61507, 18.2548, -56.8125, -56.8125, 26.4354, -9.91236, 55.205, 0]
2024-07-29 10:40:05,077 RobotKinematics.cpp:296 [INFO] controlValueCur_L: [6.62424, 18.2877, -56.789, -56.789, 26.445, -9.95429, 55.1716, 0]
2024-07-29 10:40:05,082 RobotKinematics.cpp:296 [INFO] controlValueCur_L: [6.66786, 18.3562, -56.7608, -56.7608, 26.51, -10.015, 55.0612, 0]
2024-07-29 10:40:05,087 RobotKinematics.cpp:296 [INFO] controlValueCur_L: [6.70868, 18.4082, -56.7522, -56.7522, 26.5466, -10.0933, 54.9657, 0]
2024-07-29 10:40:05,092 RobotKinematics.cpp:296 [INFO] controlValueCur_L: [6.78989, 18.41, -56.7095, -56.7095, 26.6903, -10.2282, 54.7184, 0]
2024-07-29 10:40:05,098 RobotKinematics.cpp:296 [INFO] controlValueCur_L: [6.75327, 18.4493, -56.7859, -56.7859, 26.7173, -10.3012, 54.6309, 0]
2024-07-29 10:40:05,103 RobotKinematics.cpp:296 [INFO] controlValueCur_L: [6.65623, 18.4151, -56.7664, -56.7664, 26.7385, -10.385, 54.5421, 0]
2024-07-29 10:40:05,108 RobotKinematics.cpp:296 [INFO] controlValueCur_L: [6.55392, 18.4144, -56.7908, -56.7908, 26.7868, -10.4709, 54.4252, 0]
2024-07-29 10:40:05,113 RobotKinematics.cpp:296 [INFO] controlValueCur_L: [6.43257, 18.3815, -56.8473, -56.8473, 26.875, -10.6476, 54.193, 0]
2024-07-29 10:40:05,118 RobotKinematics.cpp:296 [INFO] controlValueCur_L: [6.40125, 18.3784, -56.8885, -56.8885, 26.9067, -10.743, 54.083, 0]
2024-07-29 10:40:05,124 RobotKinematics.cpp:296 [INFO] controlValueCur_L: [6.42091, 18.382, -56.901, -56.901, 26.983, -10.8413, 53.9247, 0]
2024-07-29 10:40:05,129 RobotKinematics.cpp:296 [INFO] controlValueCur_L: [6.41957, 18.3732, -56.9454, -56.9454, 27.0372, -10.9419, 53.7915, 0]
2024-07-29 10:40:05,134 RobotKinematics.cpp:296 [INFO] controlValueCur_L: [6.40025, 18.3287, -57.001, -57.001, 27.1573, -11.1342, 53.5029, 0]
2024-07-29 10:40:05,139 RobotKinematics.cpp:296 [INFO] controlValueCur_L: [6.40025, 18.3287, -57.001, -57.001, 27.1573, -11.1342, 53.5029, 0]
2024-07-29 10:40:05,144 RobotKinematics.cpp:296 [INFO] controlValueCur_L: [6.41241, 18.2902, -57.0251, -57.0251, 27.2939, -11.3401, 53.1856, 0]
2024-07-29 10:40:05,149 RobotKinematics.cpp:296 [INFO] controlValueCur_L: [6.40631, 18.2964, -57.0227, -57.0227, 27.3814, -11.4396, 52.9955, 0]
2024-07-29 10:40:05,155 RobotKinematics.cpp:296 [INFO] controlValueCur_L: [6.40149, 18.2623, -57.0546, -57.0546, 27.4513, -11.5422, 52.8266, 0]
2024-07-29 10:40:05,160 RobotKinematics.cpp:296 [INFO] controlValueCur_L: [6.44049, 18.218, -57.1243, -57.1243, 27.6085, -11.7516, 52.4688, 0]
2024-07-29 10:40:05,165 RobotKinematics.cpp:296 [INFO] controlValueCur_L: [6.42578, 18.2097, -57.1454, -57.1454, 27.6992, -11.8494, 52.28, 0]
2024-07-29 10:40:05,170 RobotKinematics.cpp:296 [INFO] controlValueCur_L: [6.43129, 18.1892, -57.1486, -57.1486, 27.7393, -11.9537, 52.1421, 0]
2024-07-29 10:40:05,175 RobotKinematics.cpp:296 [INFO] controlValueCur_L: [6.46916, 18.1468, -57.1807, -57.1807, 27.9106, -12.1616, 51.7493, 0]
2024-07-29 10:40:05,180 RobotKinematics.cpp:296 [INFO] controlValueCur_L: [6.46916, 18.1468, -57.1807, -57.1807, 27.9106, -12.1616, 51.7493, 0]
2024-07-29 10:40:05,186 RobotKinematics.cpp:296 [INFO] controlValueCur_L: [6.5182, 18.1154, -57.1988, -57.1988, 28.0024, -12.382, 51.4441, 0]
2024-07-29 10:40:05,191 RobotKinematics.cpp:296 [INFO] controlValueCur_L: [6.54437, 18.106, -57.2051, -57.2051, 28.0854, -12.502, 51.2251, 0]
2024-07-29 10:40:05,196 RobotKinematics.cpp:296 [INFO] controlValueCur_L: [6.5527, 18.09, -57.2171, -57.2171, 28.1223, -12.6425, 51.0575, 0]
2024-07-29 10:40:05,201 RobotKinematics.cpp:296 [INFO] controlValueCur_L: [6.53162, 18.0578, -57.2209, -57.2209, 28.2498, -12.9002, 50.6514, 0]
2024-07-29 10:40:05,206 RobotKinematics.cpp:296 [INFO] controlValueCur_L: [6.50252, 18.0514, -57.2163, -57.2163, 28.3227, -13.0421, 50.4263, 0]
2024-07-29 10:40:05,212 RobotKinematics.cpp:296 [INFO] controlValueCur_L: [6.47617, 18.0449, -57.2163, -57.2163, 28.3536, -13.1852, 50.2572, 0]
2024-07-29 10:40:05,217 RobotKinematics.cpp:296 [INFO] controlValueCur_L: [6.37369, 18.0161, -57.1808, -57.1808, 28.4604, -13.4788, 49.8108, 0]
2024-07-29 10:40:05,222 RobotKinematics.cpp:296 [INFO] controlValueCur_L: [6.37369, 18.0161, -57.1808, -57.1808, 28.4604, -13.4788, 49.8108, 0]
2024-07-29 10:40:05,227 RobotKinematics.cpp:296 [INFO] controlValueCur_L: [6.31207, 18.0083, -57.1355, -57.1355, 28.5548, -13.7978, 49.3416, 0]
2024-07-29 10:40:05,232 RobotKinematics.cpp:296 [INFO] controlValueCur_L: [6.28552, 18.0084, -57.1504, -57.1504, 28.6151, -13.9553, 49.0807, 0]
2024-07-29 10:40:05,237 RobotKinematics.cpp:296 [INFO] controlValueCur_L: [6.25842, 18.0201, -57.1077, -57.1077, 28.6484, -14.1234, 48.8503, 0]
2024-07-29 10:40:05,243 RobotKinematics.cpp:296 [INFO] controlValueCur_L: [6.12308, 18.0333, -57.0321, -57.0321, 28.7226, -14.4799, 48.3138, 0]
2024-07-29 10:40:05,248 RobotKinematics.cpp:296 [INFO] controlValueCur_L: [6.04729, 18.0289, -57.0513, -57.0513, 28.7495, -14.6551, 48.0513, 0]
2024-07-29 10:40:05,253 RobotKinematics.cpp:296 [INFO] controlValueCur_L: [5.95392, 18.0375, -56.9932, -56.9932, 28.7288, -14.8601, 47.8414, 0]
2024-07-29 10:40:05,258 RobotKinematics.cpp:296 [INFO] controlValueCur_L: [5.93156, 18.0881, -56.9207, -56.9207, 28.7975, -15.2795, 47.1905, 0]
2024-07-29 10:40:05,263 RobotKinematics.cpp:296 [INFO] controlValueCur_L: [5.93156, 18.0881, -56.9207, -56.9207, 28.7975, -15.2795, 47.1905, 0]
2024-07-29 10:40:05,268 RobotKinematics.cpp:296 [INFO] controlValueCur_L: [5.95815, 18.1258, -56.9092, -56.9092, 28.7572, -15.7187, 46.6831, 0]
2024-07-29 10:40:05,274 RobotKinematics.cpp:296 [INFO] controlValueCur_L: [5.99028, 18.1483, -56.8791, -56.8791, 28.7798, -15.9303, 46.3488, 0]
2024-07-29 10:40:05,279 RobotKinematics.cpp:296 [INFO] controlValueCur_L: [6.02716, 18.1776, -56.8844, -56.8844, 28.7614, -16.1588, 46.0627, 0]
2024-07-29 10:40:05,284 RobotKinematics.cpp:296 [INFO] controlValueCur_L: [6.04947, 18.2013, -56.876, -56.876, 28.762, -16.3854, 45.7345, 0]
2024-07-29 10:40:05,289 RobotKinematics.cpp:296 [INFO] controlValueCur_L: [6.03398, 18.2525, -56.8904, -56.8904, 28.7214, -16.8689, 45.0914, 0]
2024-07-29 10:40:05,294 RobotKinematics.cpp:296 [INFO] controlValueCur_L: [6.0107, 18.2511, -56.9075, -56.9075, 28.6485, -17.1275, 44.8328, 0]
2024-07-29 10:40:05,300 RobotKinematics.cpp:296 [INFO] controlValueCur_L: [5.98659, 18.2548, -56.8942, -56.8942, 28.6194, -17.3811, 44.4755, 0]
2024-07-29 10:40:05,305 RobotKinematics.cpp:296 [INFO] controlValueCur_L: [5.96176, 18.2487, -56.8828, -56.8828, 28.5628, -17.6388, 44.1769, 0]
2024-07-29 10:40:05,310 RobotKinematics.cpp:296 [INFO] controlValueCur_L: [5.93404, 18.2432, -56.854, -56.854, 28.5246, -17.8937, 43.8384, 0]
2024-07-29 10:40:05,315 RobotKinematics.cpp:296 [INFO] controlValueCur_L: [5.85466, 18.2406, -56.8168, -56.8168, 28.4705, -18.1321, 43.3219, 0]
2024-07-29 10:40:05,321 RobotKinematics.cpp:296 [INFO] controlValueCur_L: [5.84698, 18.2793, -56.8442, -56.8442, 28.3374, -18.5958, 42.826, 0]
2024-07-29 10:40:05,326 RobotKinematics.cpp:296 [INFO] controlValueCur_L: [5.84415, 18.2852, -56.8332, -56.8332, 28.1968, -18.9834, 42.4295, 0]
2024-07-29 10:40:05,331 RobotKinematics.cpp:296 [INFO] controlValueCur_L: [5.89453, 18.3138, -56.8891, -56.8891, 27.915, -19.6829, 41.6853, 0]
2024-07-29 10:40:05,336 RobotKinematics.cpp:296 [INFO] controlValueCur_L: [5.91815, 18.3298, -56.8995, -56.8995, 27.7734, -20.0202, 41.3021, 0]
2024-07-29 10:40:05,341 RobotKinematics.cpp:296 [INFO] controlValueCur_L: [5.94815, 18.3274, -56.913, -56.913, 27.6341, -20.338, 40.9281, 0]
2024-07-29 10:40:05,347 RobotKinematics.cpp:296 [INFO] controlValueCur_L: [6.04515, 18.3345, -56.9528, -56.9528, 27.3143, -21.0064, 40.1669, 0]
2024-07-29 10:40:05,352 RobotKinematics.cpp:296 [INFO] controlValueCur_L: [6.04515, 18.3345, -56.9528, -56.9528, 27.3143, -21.0064, 40.1669, 0]
2024-07-29 10:40:05,357 RobotKinematics.cpp:296 [INFO] controlValueCur_L: [6.1032, 18.3609, -56.9752, -56.9752, 26.9567, -21.6843, 39.4128, 0]
2024-07-29 10:40:05,362 RobotKinematics.cpp:296 [INFO] controlValueCur_L: [6.12393, 18.3419, -56.995, -56.995, 26.7952, -22.0094, 38.9825, 0]
2024-07-29 10:40:05,367 RobotKinematics.cpp:296 [INFO] controlValueCur_L: [6.11501, 18.3328, -56.9868, -56.9868, 26.5983, -22.3365, 38.631, 0]
2024-07-29 10:40:05,373 RobotKinematics.cpp:296 [INFO] controlValueCur_L: [6.10936, 18.3007, -57.0037, -57.0037, 26.1826, -23.0004, 37.8762, 0]
2024-07-29 10:40:05,378 RobotKinematics.cpp:296 [INFO] controlValueCur_L: [6.13591, 18.296, -57.0092, -57.0092, 25.9691, -23.3293, 37.4794, 0]
2024-07-29 10:40:05,383 RobotKinematics.cpp:296 [INFO] controlValueCur_L: [6.16887, 18.2817, -57.0239, -57.0239, 25.7597, -23.6432, 37.0916, 0]
2024-07-29 10:40:05,388 RobotKinematics.cpp:296 [INFO] controlValueCur_L: [6.22005, 18.2807, -57.0399, -57.0399, 25.3464, -24.2421, 36.2878, 0]
2024-07-29 10:40:05,393 RobotKinematics.cpp:296 [INFO] controlValueCur_L: [6.22005, 18.2807, -57.0399, -57.0399, 25.3464, -24.2421, 36.2878, 0]
2024-07-29 10:40:05,399 RobotKinematics.cpp:296 [INFO] controlValueCur_L: [6.29085, 18.2602, -57.0608, -57.0608, 24.9468, -24.7729, 35.5009, 0]
2024-07-29 10:40:05,404 RobotKinematics.cpp:296 [INFO] controlValueCur_L: [6.31805, 18.2431, -57.0833, -57.0833, 24.732, -25.0376, 35.1175, 0]
2024-07-29 10:40:05,409 RobotKinematics.cpp:296 [INFO] controlValueCur_L: [6.34573, 18.2436, -57.0828, -57.0828, 24.5757, -25.2425, 34.6923, 0]
2024-07-29 10:40:05,414 RobotKinematics.cpp:296 [INFO] controlValueCur_L: [6.49527, 18.2153, -57.1075, -57.1075, 24.304, -25.5813, 33.8749, 0]
2024-07-29 10:40:05,419 RobotKinematics.cpp:296 [INFO] controlValueCur_L: [6.58928, 18.2123, -57.1092, -57.1092, 24.1721, -25.7307, 33.5044, 0]
2024-07-29 10:40:05,425 RobotKinematics.cpp:296 [INFO] controlValueCur_L: [6.67088, 18.2611, -57.0897, -57.0897, 24.0853, -25.827, 33.0782, 0]
2024-07-29 10:40:05,430 RobotKinematics.cpp:296 [INFO] controlValueCur_L: [6.81958, 18.2299, -57.1326, -57.1326, 23.8813, -26.0164, 32.2682, 0]
2024-07-29 10:40:05,435 RobotKinematics.cpp:296 [INFO] controlValueCur_L: [6.81958, 18.2299, -57.1326, -57.1326, 23.8813, -26.0164, 32.2682, 0]
2024-07-29 10:40:05,440 RobotKinematics.cpp:296 [INFO] controlValueCur_L: [6.85548, 18.2331, -57.1456, -57.1456, 23.6234, -26.2092, 31.443, 0]
2024-07-29 10:40:05,446 RobotKinematics.cpp:296 [INFO] controlValueCur_L: [6.85284, 18.271, -57.0915, -57.0915, 23.4728, -26.3072, 31.04, 0]
2024-07-29 10:40:05,451 RobotKinematics.cpp:296 [INFO] controlValueCur_L: [6.84657, 18.2677, -57.0821, -57.0821, 23.3223, -26.389, 30.6007, 0]
2024-07-29 10:40:05,456 RobotKinematics.cpp:296 [INFO] controlValueCur_L: [6.8275, 18.314, -57.0414, -57.0414, 22.9815, -26.5534, 29.7358, 0]
2024-07-29 10:40:05,461 RobotKinematics.cpp:296 [INFO] controlValueCur_L: [6.86526, 18.3459, -57.0423, -57.0423, 22.8135, -26.6158, 29.2654, 0]
2024-07-29 10:40:05,467 RobotKinematics.cpp:296 [INFO] controlValueCur_L: [6.93211, 18.3446, -57.052, -57.052, 22.6406, -26.6682, 28.8452, 0]
2024-07-29 10:40:05,472 RobotKinematics.cpp:296 [INFO] controlValueCur_L: [6.96922, 18.3547, -57.0554, -57.0554, 22.4816, -26.6936, 28.3746, 0]
2024-07-29 10:40:05,477 RobotKinematics.cpp:296 [INFO] controlValueCur_L: [7.00258, 18.366, -57.0687, -57.0687, 22.1359, -26.729, 27.5008, 0]
2024-07-29 10:40:05,482 RobotKinematics.cpp:296 [INFO] controlValueCur_L: [6.98155, 18.3803, -57.0215, -57.0215, 21.9881, -26.7031, 27.0515, 0]
2024-07-29 10:40:05,487 RobotKinematics.cpp:296 [INFO] controlValueCur_L: [6.96884, 18.3772, -57.0914, -57.0914, 21.8482, -26.6517, 26.597, 0]
2024-07-29 10:40:05,493 RobotKinematics.cpp:296 [INFO] controlValueCur_L: [6.96124, 18.3938, -57.0405, -57.0405, 21.7261, -26.5707, 26.1702, 0]
2024-07-29 10:40:05,498 RobotKinematics.cpp:296 [INFO] controlValueCur_L: [6.99669, 18.4285, -57.0386, -57.0386, 21.5684, -26.2907, 25.3187, 0]
2024-07-29 10:40:05,503 RobotKinematics.cpp:296 [INFO] controlValueCur_L: [7.02243, 18.4783, -57.0682, -57.0682, 21.5362, -26.1069, 24.9193, 0]
2024-07-29 10:40:05,508 RobotKinematics.cpp:296 [INFO] controlValueCur_L: [7.06677, 18.494, -57.0374, -57.0374, 21.5891, -25.8466, 24.5504, 0]
2024-07-29 10:40:05,513 RobotKinematics.cpp:296 [INFO] controlValueCur_L: [7.15187, 18.5418, -57.0425, -57.0425, 21.6793, -25.5607, 24.2068, 0]
2024-07-29 10:40:05,519 RobotKinematics.cpp:296 [INFO] controlValueCur_L: [7.32541, 18.5884, -57.0157, -57.0157, 22.0085, -24.8634, 23.5389, 0]
2024-07-29 10:40:05,524 RobotKinematics.cpp:296 [INFO] controlValueCur_L: [7.37955, 18.5793, -57.0582, -57.0582, 22.2335, -24.4631, 23.2463, 0]
2024-07-29 10:40:05,529 RobotKinematics.cpp:296 [INFO] controlValueCur_L: [7.4319, 18.6057, -56.9934, -56.9934, 22.4664, -24.0511, 22.9562, 0]
2024-07-29 10:40:05,534 RobotKinematics.cpp:296 [INFO] controlValueCur_L: [7.41055, 18.6653, -57.0566, -57.0566, 22.7125, -23.6182, 22.6745, 0]
2024-07-29 10:40:05,539 RobotKinematics.cpp:296 [INFO] controlValueCur_L: [7.37413, 18.605, -57.071, -57.071, 23.2034, -22.7098, 22.1098, 0]
2024-07-29 10:40:05,545 RobotKinematics.cpp:296 [INFO] controlValueCur_L: [7.3632, 18.6212, -57.0891, -57.0891, 23.4559, -22.2189, 21.8245, 0]
2024-07-29 10:40:05,550 RobotKinematics.cpp:296 [INFO] controlValueCur_L: [7.42366, 18.5809, -57.0898, -57.0898, 23.7034, -21.7175, 21.5388, 0]
2024-07-29 10:40:05,555 RobotKinematics.cpp:296 [INFO] controlValueCur_L: [-352.508, 18.6232, -57.1066, -57.1066, 24.1834, -20.6712, 20.9624, 0]
2024-07-29 10:40:05,560 RobotKinematics.cpp:296 [INFO] controlValueCur_L: [-352.427, 18.5834, -57.1095, -57.1095, 24.4076, -20.131, 20.6612, 0]
2024-07-29 10:40:05,566 RobotKinematics.cpp:296 [INFO] controlValueCur_L: [-352.249, 18.6153, -57.1561, -57.1561, 24.6292, -19.5761, 20.3873, 0]
2024-07-29 10:40:05,571 RobotKinematics.cpp:296 [INFO] controlValueCur_L: [-352.143, 18.5326, -57.1454, -57.1454, 24.8212, -19.0317, 20.0956, 0]
2024-07-29 10:40:05,576 RobotKinematics.cpp:296 [INFO] controlValueCur_L: [-351.906, 18.573, -57.1025, -57.1025, 25.1837, -17.8906, 19.5279, 0]
2024-07-29 10:40:05,581 RobotKinematics.cpp:296 [INFO] controlValueCur_L: [-351.701, 18.5038, -57.0555, -57.0555, 25.3485, -17.3015, 19.2495, 0]
2024-07-29 10:40:05,586 RobotKinematics.cpp:296 [INFO] controlValueCur_L: [-351.559, 18.5887, -57.0725, -57.0725, 25.4901, -16.7236, 18.985, 0]
2024-07-29 10:40:05,592 RobotKinematics.cpp:296 [INFO] controlValueCur_L: [-351.422, 18.6217, -57.0798, -57.0798, 25.625, -16.1142, 18.7012, 0]
2024-07-29 10:40:05,597 RobotKinematics.cpp:296 [INFO] controlValueCur_L: [-351.277, 18.4523, -57.0579, -57.0579, 25.8454, -14.8962, 18.1593, 0]
2024-07-29 10:40:05,602 RobotKinematics.cpp:296 [INFO] controlValueCur_L: [-351.277, 18.4523, -57.0579, -57.0579, 25.8454, -14.8962, 18.1593, 0]
2024-07-29 10:40:05,607 RobotKinematics.cpp:296 [INFO] controlValueCur_L: [-351.418, 18.39, -57.0704, -57.0704, 26.0175, -13.6545, 17.6535, 0]
2024-07-29 10:40:05,613 RobotKinematics.cpp:296 [INFO] controlValueCur_L: [-351.446, 18.5035, -57.0781, -57.0781, 26.0731, -13.0428, 17.3911, 0]
2024-07-29 10:40:05,618 RobotKinematics.cpp:296 [INFO] controlValueCur_L: [-351.413, 18.422, -57.0773, -57.0773, 26.1335, -12.41, 17.1626, 0]
2024-07-29 10:40:05,623 RobotKinematics.cpp:296 [INFO] controlValueCur_L: [-351.375, 18.4345, -57.0419, -57.0419, 26.1997, -11.1958, 16.721, 0]
2024-07-29 10:40:05,628 RobotKinematics.cpp:296 [INFO] controlValueCur_L: [-351.395, 18.4127, -57.0919, -57.0919, 26.2138, -10.6192, 16.5088, 0]
2024-07-29 10:40:05,633 RobotKinematics.cpp:296 [INFO] controlValueCur_L: [-351.396, 18.4059, -57.0885, -57.0885, 26.2284, -10.0627, 16.3303, 0]
2024-07-29 10:40:05,639 RobotKinematics.cpp:296 [INFO] controlValueCur_L: [-351.505, 18.4022, -57.0873, -57.0873, 26.2302, -9.06263, 15.9956, 0]
2024-07-29 10:40:05,644 RobotKinematics.cpp:296 [INFO] controlValueCur_L: [-351.551, 18.3933, -57.0824, -57.0824, 26.2203, -8.63256, 15.842, 0]
2024-07-29 10:40:05,649 RobotKinematics.cpp:296 [INFO] controlValueCur_L: [-351.535, 18.4109, -57.1157, -57.1157, 26.2167, -8.22479, 15.7289, 0]
2024-07-29 10:40:05,654 RobotKinematics.cpp:296 [INFO] controlValueCur_L: [-351.551, 18.3981, -57.0793, -57.0793, 26.1846, -7.55118, 15.5045, 0]
2024-07-29 10:40:05,660 RobotKinematics.cpp:296 [INFO] controlValueCur_L: [-351.551, 18.3981, -57.0793, -57.0793, 26.1846, -7.55118, 15.5045, 0]
2024-07-29 10:40:05,665 RobotKinematics.cpp:296 [INFO] controlValueCur_L: [-351.53, 18.3876, -57.0303, -57.0303, 26.133, -7.03059, 15.3167, 0]
2024-07-29 10:40:05,670 RobotKinematics.cpp:296 [INFO] controlValueCur_L: [-351.581, 18.4045, -57.0108, -57.0108, 26.1011, -6.81203, 15.2337, 0]
2024-07-29 10:40:05,675 RobotKinematics.cpp:296 [INFO] controlValueCur_L: [-351.657, 18.397, -56.9535, -56.9535, 26.0572, -6.63583, 15.1465, 0]
2024-07-29 10:40:05,680 RobotKinematics.cpp:296 [INFO] controlValueCur_L: [-351.738, 18.3968, -56.9059, -56.9059, 25.9499, -6.35155, 14.9821, 0]
2024-07-29 10:40:05,686 RobotKinematics.cpp:296 [INFO] controlValueCur_L: [-351.805, 18.4224, -56.8746, -56.8746, 25.8844, -6.2541, 14.9009, 0]
2024-07-29 10:40:05,691 RobotKinematics.cpp:296 [INFO] controlValueCur_L: [-351.855, 18.3652, -56.8491, -56.8491, 25.8102, -6.17402, 14.8177, 0]
2024-07-29 10:40:05,696 RobotKinematics.cpp:296 [INFO] controlValueCur_L: [-351.947, 18.3266, -56.7961, -56.7961, 25.6349, -6.09989, 14.6648, 0]
2024-07-29 10:40:05,701 RobotKinematics.cpp:296 [INFO] controlValueCur_L: [-351.947, 18.3266, -56.7961, -56.7961, 25.6349, -6.09989, 14.6648, 0]
2024-07-29 10:40:05,706 RobotKinematics.cpp:296 [INFO] controlValueCur_L: [-351.992, 18.2867, -56.708, -56.708, 25.4278, -6.00625, 14.494, 0]
2024-07-29 10:40:05,712 RobotKinematics.cpp:296 [INFO] controlValueCur_L: [-351.999, 18.2552, -56.6272, -56.6272, 25.3034, -5.97063, 14.3947, 0]
2024-07-29 10:40:05,717 RobotKinematics.cpp:296 [INFO] controlValueCur_L: [-352.013, 18.2086, -56.5407, -56.5407, 25.1831, -5.93661, 14.3207, 0]
2024-07-29 10:40:05,722 RobotKinematics.cpp:296 [INFO] controlValueCur_L: [-352.002, 18.144, -56.4821, -56.4821, 25.0471, -5.92648, 14.2435, 0]
2024-07-29 10:40:05,727 RobotKinematics.cpp:296 [INFO] controlValueCur_L: [-351.95, 18.0426, -56.3055, -56.3055, 24.7458, -5.94967, 14.0842, 0]
2024-07-29 10:40:05,733 RobotKinematics.cpp:296 [INFO] controlValueCur_L: [-351.937, 18.0579, -56.204, -56.204, 24.5829, -5.97393, 14.0005, 0]
2024-07-29 10:40:05,738 RobotKinematics.cpp:296 [INFO] controlValueCur_L: [-351.902, 17.985, -56.0943, -56.0943, 24.4058, -6.01259, 13.9062, 0]
2024-07-29 10:40:05,743 RobotKinematics.cpp:296 [INFO] controlValueCur_L: [-351.815, 17.8529, -55.8358, -55.8358, 24.0396, -6.12243, 13.7553, 0]
2024-07-29 10:40:05,748 RobotKinematics.cpp:296 [INFO] controlValueCur_L: [-351.829, 17.8054, -55.7971, -55.7971, 23.8437, -6.20342, 13.682, 0]
2024-07-29 10:40:05,753 RobotKinematics.cpp:296 [INFO] controlValueCur_L: [-351.823, 17.7564, -55.6747, -55.6747, 23.6408, -6.28856, 13.5969, 0]
2024-07-29 10:40:05,759 RobotKinematics.cpp:296 [INFO] controlValueCur_L: [-351.803, 17.6683, -55.6277, -55.6277, 23.4363, -6.37888, 13.5047, 0]
2024-07-29 10:40:05,764 RobotKinematics.cpp:296 [INFO] controlValueCur_L: [-352.014, 17.5055, -55.4139, -55.4139, 23.0126, -6.55841, 13.3054, 0]
2024-07-29 10:40:05,769 RobotKinematics.cpp:296 [INFO] controlValueCur_L: [-352.171, 17.4543, -55.3993, -55.3993, 22.7863, -6.65042, 13.2026, 0]
2024-07-29 10:40:05,774 RobotKinematics.cpp:296 [INFO] controlValueCur_L: [-352.336, 17.4301, -55.2456, -55.2456, 22.5464, -6.74002, 13.0944, 0]
2024-07-29 10:40:05,779 RobotKinematics.cpp:296 [INFO] controlValueCur_L: [-352.37, 17.4293, -55.3271, -55.3271, 22.2901, -6.82863, 12.9728, 0]
2024-07-29 10:40:05,785 RobotKinematics.cpp:296 [INFO] controlValueCur_L: [-352.444, 17.3672, -55.3192, -55.3192, 21.7475, -7.01308, 12.7014, 0]
2024-07-29 10:40:05,790 RobotKinematics.cpp:296 [INFO] controlValueCur_L: [-352.422, 17.3322, -55.2289, -55.2289, 21.4726, -7.09933, 12.5563, 0]
2024-07-29 10:40:05,795 RobotKinematics.cpp:296 [INFO] controlValueCur_L: [-352.392, 17.374, -55.1804, -55.1804, 21.1941, -7.19373, 12.4083, 0]
2024-07-29 10:40:05,800 RobotKinematics.cpp:296 [INFO] controlValueCur_L: [-352.347, 17.2706, -55.1652, -55.1652, 20.9158, -7.2893, 12.2547, 0]
2024-07-29 10:40:05,806 RobotKinematics.cpp:296 [INFO] controlValueCur_L: [-352.366, 17.2895, -55.2103, -55.2103, 20.3785, -7.46919, 11.943, 0]
2024-07-29 10:40:05,811 RobotKinematics.cpp:296 [INFO] controlValueCur_L: [-352.366, 17.2895, -55.2103, -55.2103, 20.3785, -7.46919, 11.943, 0]
2024-07-29 10:40:05,816 RobotKinematics.cpp:296 [INFO] controlValueCur_L: [-352.429, 17.3094, -55.3276, -55.3276, 19.8556, -7.58439, 11.5977, 0]
2024-07-29 10:40:05,821 RobotKinematics.cpp:296 [INFO] controlValueCur_L: [-352.516, 17.2754, -55.3528, -55.3528, 19.593, -7.62086, 11.419, 0]
2024-07-29 10:40:05,826 RobotKinematics.cpp:296 [INFO] controlValueCur_L: [7.38571, 17.2369, -55.3567, -55.3567, 19.3349, -7.63859, 11.233, 0]
2024-07-29 10:40:05,832 RobotKinematics.cpp:296 [INFO] controlValueCur_L: [7.29683, 17.257, -55.4534, -55.4534, 18.8452, -7.64343, 10.8344, 0]
2024-07-29 10:40:05,837 RobotKinematics.cpp:296 [INFO] controlValueCur_L: [7.2686, 17.2827, -55.5111, -55.5111, 18.616, -7.6339, 10.6303, 0]
2024-07-29 10:40:05,842 RobotKinematics.cpp:296 [INFO] controlValueCur_L: [7.2818, 17.2877, -55.5366, -55.5366, 18.3932, -7.61124, 10.4221, 0]
2024-07-29 10:40:05,847 RobotKinematics.cpp:296 [INFO] controlValueCur_L: [7.3101, 17.384, -55.6077, -55.6077, 17.9543, -7.56129, 10.0091, 0]
2024-07-29 10:40:05,852 RobotKinematics.cpp:296 [INFO] controlValueCur_L: [7.35452, 17.3851, -55.6671, -55.6671, 17.7347, -7.54123, 9.80753, 0]
2024-07-29 10:40:05,858 RobotKinematics.cpp:296 [INFO] controlValueCur_L: [7.36057, 17.4054, -55.6818, -55.6818, 17.5212, -7.51559, 9.61508, 0]
2024-07-29 10:40:05,863 RobotKinematics.cpp:296 [INFO] controlValueCur_L: [7.38869, 17.4444, -55.7657, -55.7657, 17.0929, -7.47474, 9.26073, 0]
2024-07-29 10:40:05,868 RobotKinematics.cpp:296 [INFO] controlValueCur_L: [7.38869, 17.4444, -55.7657, -55.7657, 17.0929, -7.47474, 9.26073, 0]
2024-07-29 10:40:05,873 RobotKinematics.cpp:296 [INFO] controlValueCur_L: [7.304, 17.4363, -55.8189, -55.8189, 16.6582, -7.43409, 8.94188, 0]
2024-07-29 10:40:05,878 RobotKinematics.cpp:296 [INFO] controlValueCur_L: [7.26266, 17.4587, -55.8344, -55.8344, 16.4318, -7.41352, 8.78638, 0]
2024-07-29 10:40:05,884 RobotKinematics.cpp:296 [INFO] controlValueCur_L: [7.19411, 17.4733, -55.8572, -55.8572, 16.2153, -7.38942, 8.64717, 0]
2024-07-29 10:40:05,889 RobotKinematics.cpp:296 [INFO] controlValueCur_L: [7.12584, 17.5598, -55.875, -55.875, 15.7786, -7.33651, 8.37229, 0]
2024-07-29 10:40:05,894 RobotKinematics.cpp:296 [INFO] controlValueCur_L: [7.11412, 17.5492, -55.9053, -55.9053, 15.5632, -7.30317, 8.23363, 0]
2024-07-29 10:40:05,899 RobotKinematics.cpp:296 [INFO] controlValueCur_L: [7.07849, 17.5744, -55.9198, -55.9198, 15.3482, -7.26453, 8.09088, 0]
2024-07-29 10:40:05,905 RobotKinematics.cpp:296 [INFO] controlValueCur_L: [7.00752, 17.5932, -55.8766, -55.8766, 14.9316, -7.16404, 7.79307, 0]
2024-07-29 10:40:05,910 RobotKinematics.cpp:296 [INFO] controlValueCur_L: [7.00752, 17.5932, -55.8766, -55.8766, 14.9316, -7.16404, 7.79307, 0]
2024-07-29 10:40:05,915 RobotKinematics.cpp:296 [INFO] controlValueCur_L: [6.9346, 17.6074, -55.7253, -55.7253, 14.5326, -7.02733, 7.46928, 0]
2024-07-29 10:40:05,920 RobotKinematics.cpp:296 [INFO] controlValueCur_L: [6.94733, 17.5834, -55.6802, -55.6802, 14.3364, -6.95038, 7.2985, 0]
2024-07-29 10:40:05,925 RobotKinematics.cpp:296 [INFO] controlValueCur_L: [6.95248, 17.5747, -55.6801, -55.6801, 14.1456, -6.86198, 7.12803, 0]
2024-07-29 10:40:05,931 RobotKinematics.cpp:296 [INFO] controlValueCur_L: [6.9413, 17.5805, -55.6485, -55.6485, 13.9516, -6.77737, 6.95686, 0]
2024-07-29 10:40:05,936 RobotKinematics.cpp:296 [INFO] controlValueCur_L: [6.94814, 17.5676, -55.595, -55.595, 13.567, -6.6054, 6.62647, 0]
2024-07-29 10:40:05,941 RobotKinematics.cpp:296 [INFO] controlValueCur_L: [6.93901, 17.5506, -55.5815, -55.5815, 13.3816, -6.51744, 6.47496, 0]
2024-07-29 10:40:05,946 RobotKinematics.cpp:296 [INFO] controlValueCur_L: [6.91634, 17.5325, -55.5297, -55.5297, 13.1892, -6.43638, 6.32657, 0]
2024-07-29 10:40:05,951 RobotKinematics.cpp:296 [INFO] controlValueCur_L: [6.85117, 17.5191, -55.4604, -55.4604, 12.814, -6.26429, 6.04705, 0]
2024-07-29 10:40:05,957 RobotKinematics.cpp:296 [INFO] controlValueCur_L: [6.80638, 17.4678, -55.3639, -55.3639, 12.6312, -6.17561, 5.91332, 0]
2024-07-29 10:40:05,962 RobotKinematics.cpp:296 [INFO] controlValueCur_L: [6.71318, 17.4045, -55.2349, -55.2349, 12.4478, -6.0861, 5.77885, 0]
2024-07-29 10:40:05,967 RobotKinematics.cpp:296 [INFO] controlValueCur_L: [6.68076, 17.3816, -55.1252, -55.1252, 12.2608, -5.98734, 5.6358, 0]
2024-07-29 10:40:05,972 RobotKinematics.cpp:296 [INFO] controlValueCur_L: [6.57733, 17.2475, -54.9668, -54.9668, 11.8911, -5.78022, 5.34326, 0]
2024-07-29 10:40:05,978 RobotKinematics.cpp:296 [INFO] controlValueCur_L: [6.5726, 17.2273, -54.9108, -54.9108, 11.7029, -5.66987, 5.19044, 0]
2024-07-29 10:40:05,983 RobotKinematics.cpp:296 [INFO] controlValueCur_L: [6.60255, 17.1323, -54.9157, -54.9157, 11.5226, -5.55881, 5.0433, 0]
2024-07-29 10:40:05,988 RobotKinematics.cpp:296 [INFO] controlValueCur_L: [6.54395, 17.1152, -54.901, -54.901, 11.3367, -5.44109, 4.88983, 0]
2024-07-29 10:40:05,993 RobotKinematics.cpp:296 [INFO] controlValueCur_L: [6.57559, 17.1154, -54.8182, -54.8182, 10.9721, -5.22232, 4.57619, 0]
2024-07-29 10:40:05,999 RobotKinematics.cpp:296 [INFO] controlValueCur_L: [6.58882, 17.1383, -54.8558, -54.8558, 10.8043, -5.12361, 4.42174, 0]
2024-07-29 10:40:06,004 RobotKinematics.cpp:296 [INFO] controlValueCur_L: [6.58467, 17.087, -54.8136, -54.8136, 10.6369, -5.02916, 4.26691, 0]
2024-07-29 10:40:06,009 RobotKinematics.cpp:296 [INFO] controlValueCur_L: [6.63414, 17.1496, -54.9276, -54.9276, 10.4721, -4.93579, 4.11574, 0]
2024-07-29 10:40:06,014 RobotKinematics.cpp:296 [INFO] controlValueCur_L: [6.73418, 17.2108, -55.162, -55.162, 10.1395, -4.75207, 3.85412, 0]
2024-07-29 10:40:06,019 RobotKinematics.cpp:296 [INFO] controlValueCur_L: [6.77652, 17.2436, -55.2887, -55.2887, 9.96506, -4.65777, 3.73835, 0]
2024-07-29 10:40:06,025 RobotKinematics.cpp:296 [INFO] controlValueCur_L: [6.87044, 17.3144, -55.509, -55.509, 9.7901, -4.56006, 3.61869, 0]
2024-07-29 10:40:06,030 RobotKinematics.cpp:296 [INFO] controlValueCur_L: [6.93503, 17.3546, -55.6645, -55.6645, 9.61542, -4.4696, 3.50068, 0]
2024-07-29 10:40:06,035 RobotKinematics.cpp:296 [INFO] controlValueCur_L: [6.99452, 17.5104, -55.9874, -55.9874, 9.26926, -4.27683, 3.26654, 0]
2024-07-29 10:40:06,040 RobotKinematics.cpp:296 [INFO] controlValueCur_L: [7.03381, 17.6138, -56.1798, -56.1798, 9.09674, -4.1763, 3.14929, 0]
2024-07-29 10:40:06,046 RobotKinematics.cpp:296 [INFO] controlValueCur_L: [7.08195, 17.7243, -56.3704, -56.3704, 8.92229, -4.07525, 3.02771, 0]
2024-07-29 10:40:06,051 RobotKinematics.cpp:296 [INFO] controlValueCur_L: [7.15829, 17.8929, -56.5968, -56.5968, 8.75055, -3.96791, 2.90417, 0]
2024-07-29 10:40:06,056 RobotKinematics.cpp:296 [INFO] controlValueCur_L: [7.27553, 18.207, -57.0833, -57.0833, 8.41637, -3.74612, 2.65578, 0]
2024-07-29 10:40:06,061 RobotKinematics.cpp:296 [INFO] controlValueCur_L: [7.40878, 18.4314, -57.2948, -57.2948, 8.25472, -3.63257, 2.53239, 0]
2024-07-29 10:40:06,066 RobotKinematics.cpp:296 [INFO] controlValueCur_L: [-352.455, 18.5803, -57.5359, -57.5359, 8.09303, -3.51668, 2.40697, 0]
2024-07-29 10:40:06,071 RobotKinematics.cpp:296 [INFO] controlValueCur_L: [-352.222, 19.0112, -58.0263, -58.0263, 7.76583, -3.27676, 2.15033, 0]
2024-07-29 10:40:06,077 RobotKinematics.cpp:296 [INFO] controlValueCur_L: [-352.222, 19.0112, -58.0263, -58.0263, 7.76583, -3.27676, 2.15033, 0]
2024-07-29 10:40:06,082 RobotKinematics.cpp:296 [INFO] controlValueCur_L: [-352.305, 19.2562, -58.3336, -58.3336, 7.43975, -3.03735, 1.90202, 0]
2024-07-29 10:40:06,087 RobotKinematics.cpp:296 [INFO] controlValueCur_L: [-352.388, 19.4028, -58.5297, -58.5297, 7.27999, -2.92318, 1.78644, 0]
2024-07-29 10:40:06,092 RobotKinematics.cpp:296 [INFO] controlValueCur_L: [-352.405, 19.4341, -58.5756, -58.5756, 7.12419, -2.81394, 1.67883, 0]
2024-07-29 10:40:06,097 RobotKinematics.cpp:296 [INFO] controlValueCur_L: [-352.476, 19.6528, -58.6783, -58.6783, 6.8128, -2.60494, 1.47208, 0]
2024-07-29 10:40:06,103 RobotKinematics.cpp:296 [INFO] controlValueCur_L: [-352.488, 19.7273, -58.6545, -58.6545, 6.65573, -2.50516, 1.37047, 0]
2024-07-29 10:40:06,108 RobotKinematics.cpp:296 [INFO] controlValueCur_L: [7.38528, 19.7701, -58.6908, -58.6908, 6.50528, -2.41114, 1.27369, 0]
2024-07-29 10:40:06,113 RobotKinematics.cpp:296 [INFO] controlValueCur_L: [7.15636, 19.85, -58.5662, -58.5662, 6.20638, -2.23023, 1.08157, 0]
2024-07-29 10:40:06,118 RobotKinematics.cpp:296 [INFO] controlValueCur_L: [7.15636, 19.85, -58.5662, -58.5662, 6.20638, -2.23023, 1.08157, 0]
2024-07-29 10:40:06,123 RobotKinematics.cpp:296 [INFO] controlValueCur_L: [7.10863, 19.8274, -58.4226, -58.4226, 5.91677, -2.06143, 0.893927, 0]
2024-07-29 10:40:06,128 RobotKinematics.cpp:296 [INFO] controlValueCur_L: [7.10814, 19.7861, -58.367, -58.367, 5.77261, -1.98115, 0.801243, 0]
2024-07-29 10:40:06,134 RobotKinematics.cpp:296 [INFO] controlValueCur_L: [7.11436, 19.8086, -58.2474, -58.2474, 5.63329, -1.90386, 0.712412, 0]
2024-07-29 10:40:06,139 RobotKinematics.cpp:296 [INFO] controlValueCur_L: [7.15678, 19.7429, -58.1393, -58.1393, 5.35336, -1.75796, 0.536598, 0]
2024-07-29 10:40:06,144 RobotKinematics.cpp:296 [INFO] controlValueCur_L: [7.07661, 19.6864, -58.0483, -58.0483, 5.21136, -1.69113, 0.450981, 0]
2024-07-29 10:40:06,149 RobotKinematics.cpp:296 [INFO] controlValueCur_L: [7.02592, 19.6515, -57.931, -57.931, 5.07307, -1.62777, 0.368746, 0]
2024-07-29 10:40:06,154 RobotKinematics.cpp:296 [INFO] controlValueCur_L: [7.07265, 19.5935, -57.659, -57.659, 4.79866, -1.51162, 0.210962, 0]
2024-07-29 10:40:06,160 RobotKinematics.cpp:296 [INFO] controlValueCur_L: [7.07265, 19.5935, -57.659, -57.659, 4.79866, -1.51162, 0.210962, 0]
2024-07-29 10:40:06,165 RobotKinematics.cpp:296 [INFO] controlValueCur_L: [7.1456, 19.5001, -57.4683, -57.4683, 4.53386, -1.41171, 0.0626106, 0]
2024-07-29 10:40:06,170 RobotKinematics.cpp:296 [INFO] controlValueCur_L: [7.14407, 19.432, -57.3691, -57.3691, 4.40478, -1.36869, -0.00834656, 0]
2024-07-29 10:40:06,175 RobotKinematics.cpp:296 [INFO] controlValueCur_L: [7.14729, 19.3789, -57.2942, -57.2942, 4.28072, -1.32767, -0.0773277, 0]
2024-07-29 10:40:06,180 RobotKinematics.cpp:296 [INFO] controlValueCur_L: [7.11543, 19.3149, -57.2478, -57.2478, 4.15777, -1.29021, -0.145531, 0]
2024-07-29 10:40:06,186 RobotKinematics.cpp:296 [INFO] controlValueCur_L: [7.04155, 19.215, -57.0866, -57.0866, 3.9221, -1.22206, -0.277658, 0]
2024-07-29 10:40:06,191 RobotKinematics.cpp:296 [INFO] controlValueCur_L: [7.03712, 19.1588, -57.0195, -57.0195, 3.81084, -1.19272, -0.341566, 0]
2024-07-29 10:40:06,196 RobotKinematics.cpp:296 [INFO] controlValueCur_L: [7.01889, 19.1207, -56.9884, -56.9884, 3.69822, -1.16393, -0.40657, 0]
2024-07-29 10:40:06,201 RobotKinematics.cpp:296 [INFO] controlValueCur_L: [6.98109, 19.0521, -56.8982, -56.8982, 3.5925, -1.13707, -0.468819, 0]
2024-07-29 10:40:06,206 RobotKinematics.cpp:296 [INFO] controlValueCur_L: [6.92583, 18.9412, -56.803, -56.803, 3.38403, -1.0858, -0.592108, 0]
2024-07-29 10:40:06,212 RobotKinematics.cpp:296 [INFO] controlValueCur_L: [6.84409, 18.8913, -56.7729, -56.7729, 3.28313, -1.06222, -0.651499, 0]
2024-07-29 10:40:06,217 RobotKinematics.cpp:296 [INFO] controlValueCur_L: [6.74997, 18.7959, -56.7459, -56.7459, 3.18171, -1.03306, -0.710976, 0]
2024-07-29 10:40:06,222 RobotKinematics.cpp:296 [INFO] controlValueCur_L: [6.68301, 18.6978, -56.7121, -56.7121, 2.98346, -0.974208, -0.824738, 0]
2024-07-29 10:40:06,227 RobotKinematics.cpp:296 [INFO] controlValueCur_L: [6.64349, 18.6858, -56.6717, -56.6717, 2.88468, -0.943391, -0.87883, 0]
2024-07-29 10:40:06,232 RobotKinematics.cpp:296 [INFO] controlValueCur_L: [6.63419, 18.6562, -56.7036, -56.7036, 2.78992, -0.91208, -0.929663, 0]
2024-07-29 10:40:06,238 RobotKinematics.cpp:296 [INFO] controlValueCur_L: [6.6015, 18.6516, -56.7332, -56.7332, 2.69206, -0.881284, -0.979588, 0]
2024-07-29 10:40:06,243 RobotKinematics.cpp:296 [INFO] controlValueCur_L: [6.50967, 18.6213, -56.8076, -56.8076, 2.50837, -0.826418, -1.06909, 0]
2024-07-29 10:40:06,248 RobotKinematics.cpp:296 [INFO] controlValueCur_L: [6.49689, 18.6213, -56.8995, -56.8995, 2.42051, -0.800739, -1.11186, 0]
2024-07-29 10:40:06,253 RobotKinematics.cpp:296 [INFO] controlValueCur_L: [6.43341, 18.6441, -56.9145, -56.9145, 2.3342, -0.780914, -1.1515, 0]
2024-07-29 10:40:06,258 RobotKinematics.cpp:296 [INFO] controlValueCur_L: [6.39925, 18.6494, -56.9885, -56.9885, 2.24916, -0.760486, -1.19103, 0]
2024-07-29 10:40:06,264 RobotKinematics.cpp:296 [INFO] controlValueCur_L: [6.38744, 18.6717, -57.0929, -57.0929, 2.08569, -0.732955, -1.26369, 0]
2024-07-29 10:40:06,269 RobotKinematics.cpp:296 [INFO] controlValueCur_L: [6.38339, 18.6768, -57.1533, -57.1533, 2.00855, -0.724817, -1.29666, 0]
2024-07-29 10:40:06,274 RobotKinematics.cpp:296 [INFO] controlValueCur_L: [6.35863, 18.6911, -57.2029, -57.2029, 1.93227, -0.719299, -1.32864, 0]
2024-07-29 10:40:06,279 RobotKinematics.cpp:296 [INFO] controlValueCur_L: [6.34398, 18.7175, -57.2985, -57.2985, 1.85457, -0.717261, -1.35933, 0]
2024-07-29 10:40:06,284 RobotKinematics.cpp:296 [INFO] controlValueCur_L: [6.33086, 18.7429, -57.3585, -57.3585, 1.78728, -0.71873, -1.386, 0]
2024-07-29 10:40:06,290 RobotKinematics.cpp:296 [INFO] controlValueCur_L: [6.32545, 18.8126, -57.5387, -57.5387, 1.65514, -0.731528, -1.4334, 0]
2024-07-29 10:40:06,295 RobotKinematics.cpp:296 [INFO] controlValueCur_L: [6.31236, 18.8965, -57.622, -57.622, 1.5922, -0.742134, -1.45396, 0]
2024-07-29 10:40:06,300 RobotKinematics.cpp:296 [INFO] controlValueCur_L: [6.32176, 18.9068, -57.6818, -57.6818, 1.5352, -0.755458, -1.4722, 0]
2024-07-29 10:40:06,305 RobotKinematics.cpp:296 [INFO] controlValueCur_L: [6.3394, 18.9329, -57.7618, -57.7618, 1.41704, -0.780567, -1.51021, 0]
2024-07-29 10:40:06,310 RobotKinematics.cpp:296 [INFO] controlValueCur_L: [6.3394, 18.9329, -57.7618, -57.7618, 1.41704, -0.780567, -1.51021, 0]
2024-07-29 10:40:06,315 RobotKinematics.cpp:296 [INFO] controlValueCur_L: [6.35207, 18.9325, -57.7834, -57.7834, 1.35757, -0.792969, -1.52938, 0]
2024-07-29 10:40:06,321 RobotKinematics.cpp:296 [INFO] controlValueCur_L: [6.43111, 19.046, -57.7843, -57.7843, 1.29696, -0.871998, -1.54005, 0]
2024-07-29 10:40:06,326 RobotKinematics.cpp:296 [INFO] controlValueCur_L: [6.53685, 19.099, -57.7975, -57.7975, 1.21746, -0.942191, -1.56471, 0]
2024-07-29 10:40:06,331 RobotKinematics.cpp:296 [INFO] controlValueCur_L: [6.53685, 19.099, -57.7975, -57.7975, 1.21746, -0.942191, -1.56471, 0]
2024-07-29 10:40:06,336 RobotKinematics.cpp:296 [INFO] controlValueCur_L: [6.60324, 19.1532, -57.795, -57.795, 1.15748, -1.02592, -1.58595, 0]
2024-07-29 10:40:06,341 RobotKinematics.cpp:296 [INFO] controlValueCur_L: [6.64403, 19.148, -57.7594, -57.7594, 1.13258, -1.07056, -1.59609, 0]
2024-07-29 10:40:06,347 RobotKinematics.cpp:296 [INFO] controlValueCur_L: [6.71634, 19.1845, -57.7258, -57.7258, 1.11066, -1.12032, -1.60505, 0]
2024-07-29 10:40:06,352 RobotKinematics.cpp:296 [INFO] controlValueCur_L: [6.75568, 19.1563, -57.6806, -57.6806, 1.07956, -1.22132, -1.62429, 0]
2024-07-29 10:40:06,357 RobotKinematics.cpp:296 [INFO] controlValueCur_L: [6.76906, 19.1928, -57.637, -57.637, 1.06911, -1.27387, -1.6351, 0]
2024-07-29 10:40:06,362 RobotKinematics.cpp:296 [INFO] controlValueCur_L: [6.81476, 19.1674, -57.6339, -57.6339, 1.06116, -1.32855, -1.6459, 0]
2024-07-29 10:40:06,367 RobotKinematics.cpp:296 [INFO] controlValueCur_L: [6.82472, 19.1718, -57.5329, -57.5329, 1.0571, -1.44186, -1.66889, 0]
2024-07-29 10:40:06,372 RobotKinematics.cpp:296 [INFO] controlValueCur_L: [6.82472, 19.1718, -57.5329, -57.5329, 1.0571, -1.44186, -1.66889, 0]
2024-07-29 10:40:06,378 RobotKinematics.cpp:296 [INFO] controlValueCur_L: [6.81416, 19.1681, -57.4548, -57.4548, 1.06918, -1.5608, -1.69211, 0]
2024-07-29 10:40:06,383 RobotKinematics.cpp:296 [INFO] controlValueCur_L: [6.8179, 19.167, -57.4022, -57.4022, 1.08117, -1.62319, -1.70313, 0]
2024-07-29 10:40:06,388 RobotKinematics.cpp:296 [INFO] controlValueCur_L: [6.81497, 19.1665, -57.3896, -57.3896, 1.09459, -1.68676, -1.7141, 0]
2024-07-29 10:40:06,393 RobotKinematics.cpp:296 [INFO] controlValueCur_L: [6.74863, 19.1494, -57.3253, -57.3253, 1.13285, -1.81693, -1.73457, 0]
2024-07-29 10:40:06,398 RobotKinematics.cpp:296 [INFO] controlValueCur_L: [6.6834, 19.135, -57.2678, -57.2678, 1.15648, -1.88556, -1.7448, 0]
2024-07-29 10:40:06,403 RobotKinematics.cpp:296 [INFO] controlValueCur_L: [6.64989, 19.1264, -57.2662, -57.2662, 1.18412, -1.95708, -1.75531, 0]
2024-07-29 10:40:06,409 RobotKinematics.cpp:296 [INFO] controlValueCur_L: [6.56502, 19.0973, -57.2173, -57.2173, 1.2477, -2.10957, -1.78027, 0]
2024-07-29 10:40:06,414 RobotKinematics.cpp:296 [INFO] controlValueCur_L: [6.56502, 19.0973, -57.2173, -57.2173, 1.2477, -2.10957, -1.78027, 0]
2024-07-29 10:40:06,419 RobotKinematics.cpp:296 [INFO] controlValueCur_L: [6.53351, 19.0744, -57.144, -57.144, 1.32636, -2.27523, -1.8104, 0]
2024-07-29 10:40:06,424 RobotKinematics.cpp:296 [INFO] controlValueCur_L: [6.52878, 19.0739, -57.142, -57.142, 1.37166, -2.36178, -1.8277, 0]
2024-07-29 10:40:06,429 RobotKinematics.cpp:296 [INFO] controlValueCur_L: [6.52165, 19.0653, -57.1125, -57.1125, 1.41705, -2.44895, -1.8478, 0]
2024-07-29 10:40:06,435 RobotKinematics.cpp:296 [INFO] controlValueCur_L: [6.50537, 19.0607, -57.1249, -57.1249, 1.52595, -2.63345, -1.88943, 0]
2024-07-29 10:40:06,440 RobotKinematics.cpp:296 [INFO] controlValueCur_L: [6.50934, 19.0733, -57.1483, -57.1483, 1.58293, -2.72664, -1.91348, 0]
2024-07-29 10:40:06,445 RobotKinematics.cpp:296 [INFO] controlValueCur_L: [6.49554, 19.0664, -57.1542, -57.1542, 1.64218, -2.82185, -1.93888, 0]
2024-07-29 10:40:06,450 RobotKinematics.cpp:296 [INFO] controlValueCur_L: [6.49908, 19.0605, -57.1623, -57.1623, 1.70291, -2.91638, -1.96637, 0]
2024-07-29 10:40:06,455 RobotKinematics.cpp:296 [INFO] controlValueCur_L: [6.52834, 19.0799, -57.2142, -57.2142, 1.82789, -3.10562, -2.02605, 0]
2024-07-29 10:40:06,461 RobotKinematics.cpp:296 [INFO] controlValueCur_L: [6.54353, 19.0847, -57.231, -57.231, 1.89046, -3.20042, -2.05806, 0]
2024-07-29 10:40:06,466 RobotKinematics.cpp:296 [INFO] controlValueCur_L: [6.58026, 19.0902, -57.2508, -57.2508, 1.95465, -3.29015, -2.09213, 0]
2024-07-29 10:40:06,471 RobotKinematics.cpp:296 [INFO] controlValueCur_L: [6.62093, 19.1109, -57.2654, -57.2654, 2.01781, -3.37939, -2.12758, 0]
2024-07-29 10:40:06,476 RobotKinematics.cpp:296 [INFO] controlValueCur_L: [6.64722, 19.1274, -57.3002, -57.3002, 2.14546, -3.55971, -2.19928, 0]
2024-07-29 10:40:06,481 RobotKinematics.cpp:296 [INFO] controlValueCur_L: [6.65923, 19.1298, -57.3305, -57.3305, 2.20993, -3.64708, -2.23577, 0]
2024-07-29 10:40:06,487 RobotKinematics.cpp:296 [INFO] controlValueCur_L: [6.67155, 19.1347, -57.359, -57.359, 2.27038, -3.73558, -2.27301, 0]
2024-07-29 10:40:06,492 RobotKinematics.cpp:296 [INFO] controlValueCur_L: [6.67703, 19.1518, -57.3767, -57.3767, 2.33476, -3.82384, -2.30905, 0]
2024-07-29 10:40:06,497 RobotKinematics.cpp:296 [INFO] controlValueCur_L: [6.70204, 19.1557, -57.4211, -57.4211, 2.46143, -3.99947, -2.38205, 0]
2024-07-29 10:40:06,502 RobotKinematics.cpp:296 [INFO] controlValueCur_L: [6.72076, 19.1617, -57.439, -57.439, 2.52659, -4.08713, -2.41782, 0]
2024-07-29 10:40:06,507 RobotKinematics.cpp:296 [INFO] controlValueCur_L: [6.78294, 19.1742, -57.513, -57.513, 2.592, -4.1756, -2.45314, 0]
2024-07-29 10:40:06,513 RobotKinematics.cpp:296 [INFO] controlValueCur_L: [6.79372, 19.2065, -57.5313, -57.5313, 2.65806, -4.26602, -2.48715, 0]
2024-07-29 10:40:06,518 RobotKinematics.cpp:296 [INFO] controlValueCur_L: [6.85417, 19.2115, -57.6122, -57.6122, 2.79566, -4.43975, -2.55315, 0]
2024-07-29 10:40:06,523 RobotKinematics.cpp:296 [INFO] controlValueCur_L: [6.85417, 19.2115, -57.6122, -57.6122, 2.79566, -4.43975, -2.55315, 0]
2024-07-29 10:40:06,528 RobotKinematics.cpp:296 [INFO] controlValueCur_L: [7.09055, 19.2265, -57.6532, -57.6532, 2.92585, -4.61516, -2.61655, 0]
2024-07-29 10:40:06,533 RobotKinematics.cpp:296 [INFO] controlValueCur_L: [7.12796, 19.2848, -57.6815, -57.6815, 2.99055, -4.69646, -2.64885, 0]
2024-07-29 10:40:06,539 RobotKinematics.cpp:296 [INFO] controlValueCur_L: [7.16109, 19.2844, -57.6637, -57.6637, 3.05061, -4.782, -2.6804, 0]
2024-07-29 10:40:06,544 RobotKinematics.cpp:296 [INFO] controlValueCur_L: [7.05356, 19.2237, -57.6666, -57.6666, 3.179, -4.94553, -2.74247, 0]
2024-07-29 10:40:06,549 RobotKinematics.cpp:296 [INFO] controlValueCur_L: [6.9473, 19.2225, -57.6639, -57.6639, 3.24719, -5.02346, -2.7732, 0]
2024-07-29 10:40:06,554 RobotKinematics.cpp:296 [INFO] controlValueCur_L: [6.84544, 19.1934, -57.6234, -57.6234, 3.30809, -5.10669, -2.80349, 0]
2024-07-29 10:40:06,559 RobotKinematics.cpp:296 [INFO] controlValueCur_L: [6.72795, 19.1583, -57.557, -57.557, 3.42638, -5.25641, -2.86861, 0]
2024-07-29 10:40:06,565 RobotKinematics.cpp:296 [INFO] controlValueCur_L: [6.72795, 19.1583, -57.557, -57.557, 3.42638, -5.25641, -2.86861, 0]
2024-07-29 10:40:06,570 RobotKinematics.cpp:296 [INFO] controlValueCur_L: [6.6842, 19.1379, -57.5038, -57.5038, 3.55449, -5.40151, -2.92798, 0]
2024-07-29 10:40:06,575 RobotKinematics.cpp:296 [INFO] controlValueCur_L: [6.6881, 19.1472, -57.4682, -57.4682, 3.66705, -5.53599, -2.98827, 0]
2024-07-29 10:40:06,580 RobotKinematics.cpp:296 [INFO] controlValueCur_L: [6.6881, 19.1472, -57.4682, -57.4682, 3.66705, -5.53599, -2.98827, 0]
2024-07-29 10:40:06,585 RobotKinematics.cpp:296 [INFO] controlValueCur_L: [6.72729, 19.1524, -57.4149, -57.4149, 3.78471, -5.66642, -3.03948, 0]
2024-07-29 10:40:06,591 RobotKinematics.cpp:296 [INFO] controlValueCur_L: [6.75644, 19.1644, -57.3874, -57.3874, 3.83863, -5.71735, -3.06763, 0]
2024-07-29 10:40:06,596 RobotKinematics.cpp:296 [INFO] controlValueCur_L: [6.77409, 19.1616, -57.376, -57.376, 3.89102, -5.77685, -3.09101, 0]
2024-07-29 10:40:06,601 RobotKinematics.cpp:296 [INFO] controlValueCur_L: [6.84723, 19.1433, -57.3352, -57.3352, 3.99378, -5.87816, -3.13745, 0]
2024-07-29 10:40:06,606 RobotKinematics.cpp:296 [INFO] controlValueCur_L: [6.90363, 19.1606, -57.3157, -57.3157, 4.04929, -5.91918, -3.15903, 0]
2024-07-29 10:40:06,611 RobotKinematics.cpp:296 [INFO] controlValueCur_L: [6.97464, 19.1477, -57.3086, -57.3086, 4.09674, -5.96352, -3.17973, 0]
2024-07-29 10:40:06,617 RobotKinematics.cpp:296 [INFO] controlValueCur_L: [7.14684, 19.1745, -57.2679, -57.2679, 4.19268, -6.045, -3.21704, 0]
2024-07-29 10:40:06,622 RobotKinematics.cpp:296 [INFO] controlValueCur_L: [7.14684, 19.1745, -57.2679, -57.2679, 4.19268, -6.045, -3.21704, 0]
2024-07-29 10:40:06,627 RobotKinematics.cpp:296 [INFO] controlValueCur_L: [7.3364, 19.1678, -57.2106, -57.2106, 4.27993, -6.12766, -3.24758, 0]
2024-07-29 10:40:06,632 RobotKinematics.cpp:296 [INFO] controlValueCur_L: [-352.475, 19.223, -57.3369, -57.3369, 4.33033, -6.16249, -3.26151, 0]
2024-07-29 10:40:06,637 RobotKinematics.cpp:296 [INFO] controlValueCur_L: [-352.405, 19.2755, -57.2066, -57.2066, 4.37433, -6.20541, -3.27311, 0]
2024-07-29 10:40:06,643 RobotKinematics.cpp:296 [INFO] controlValueCur_L: [-352.249, 19.2768, -57.2676, -57.2676, 4.4535, -6.27909, -3.29975, 0]
2024-07-29 10:40:06,648 RobotKinematics.cpp:296 [INFO] controlValueCur_L: [-352.14, 19.2609, -57.3361, -57.3361, 4.49144, -6.31299, -3.31215, 0]
2024-07-29 10:40:06,653 RobotKinematics.cpp:296 [INFO] controlValueCur_L: [-352.063, 19.3517, -57.3415, -57.3415, 4.52666, -6.34987, -3.32312, 0]
2024-07-29 10:40:06,658 RobotKinematics.cpp:296 [INFO] controlValueCur_L: [-351.898, 19.3866, -57.3923, -57.3923, 4.56517, -6.38064, -3.33413, 0]
2024-07-29 10:40:06,663 RobotKinematics.cpp:296 [INFO] controlValueCur_L: [-351.924, 19.3905, -57.4071, -57.4071, 4.60404, -6.41219, -3.34233, 0]
2024-07-29 10:40:06,669 RobotKinematics.cpp:296 [INFO] controlValueCur_L: [-352.055, 19.3608, -57.4794, -57.4794, 4.66676, -6.46715, -3.36174, 0]
2024-07-29 10:40:06,674 RobotKinematics.cpp:296 [INFO] controlValueCur_L: [-352.144, 19.3526, -57.506, -57.506, 4.70367, -6.48915, -3.36803, 0]
2024-07-29 10:40:06,679 RobotKinematics.cpp:296 [INFO] controlValueCur_L: [-352.25, 19.3633, -57.4605, -57.4605, 4.73558, -6.50821, -3.37514, 0]
2024-07-29 10:40:06,684 RobotKinematics.cpp:296 [INFO] controlValueCur_L: [-352.304, 19.419, -57.502, -57.502, 4.76544, -6.5284, -3.38013, 0]
2024-07-29 10:40:06,689 RobotKinematics.cpp:296 [INFO] controlValueCur_L: [-352.41, 19.4244, -57.5409, -57.5409, 4.82233, -6.56334, -3.38772, 0]
2024-07-29 10:40:06,695 RobotKinematics.cpp:296 [INFO] controlValueCur_L: [-352.423, 19.3988, -57.5625, -57.5625, 4.84237, -6.57616, -3.39414, 0]
2024-07-29 10:40:06,700 RobotKinematics.cpp:296 [INFO] controlValueCur_L: [-352.427, 19.3819, -57.5478, -57.5478, 4.87333, -6.58957, -3.39487, 0]
2024-07-29 10:40:06,705 RobotKinematics.cpp:296 [INFO] controlValueCur_L: [-352.402, 19.3765, -57.6026, -57.6026, 4.90315, -6.60391, -3.3944, 0]
2024-07-29 10:40:06,710 RobotKinematics.cpp:296 [INFO] controlValueCur_L: [-352.382, 19.3717, -57.6202, -57.6202, 4.94535, -6.62006, -3.39888, 0]
2024-07-29 10:40:06,715 RobotKinematics.cpp:296 [INFO] controlValueCur_L: [-352.368, 19.3914, -57.6235, -57.6235, 4.96566, -6.62796, -3.3991, 0]
2024-07-29 10:40:06,721 RobotKinematics.cpp:296 [INFO] controlValueCur_L: [-352.385, 19.3616, -57.6227, -57.6227, 4.97847, -6.63623, -3.3998, 0]
2024-07-29 10:40:06,726 RobotKinematics.cpp:296 [INFO] controlValueCur_L: [-352.391, 19.3555, -57.6405, -57.6405, 5.00172, -6.63758, -3.39716, 0]
2024-07-29 10:40:06,731 RobotKinematics.cpp:296 [INFO] controlValueCur_L: [-352.396, 19.3566, -57.6256, -57.6256, 5.0355, -6.64366, -3.38833, 0]
2024-07-29 10:40:06,736 RobotKinematics.cpp:296 [INFO] controlValueCur_L: [-352.401, 19.3369, -57.6195, -57.6195, 5.05562, -6.65221, -3.3784, 0]
2024-07-29 10:40:06,741 RobotKinematics.cpp:296 [INFO] controlValueCur_L: [-352.412, 19.3409, -57.6129, -57.6129, 5.06418, -6.6461, -3.37485, 0]
2024-07-29 10:40:06,747 RobotKinematics.cpp:296 [INFO] controlValueCur_L: [-352.44, 19.338, -57.6081, -57.6081, 5.08565, -6.64265, -3.35933, 0]
2024-07-29 10:40:06,752 RobotKinematics.cpp:296 [INFO] controlValueCur_L: [-352.446, 19.351, -57.5844, -57.5844, 5.0924, -6.64256, -3.35031, 0]
2024-07-29 10:40:06,757 RobotKinematics.cpp:296 [INFO] controlValueCur_L: [-352.449, 19.3378, -57.5975, -57.5975, 5.10642, -6.63916, -3.33938, 0]
2024-07-29 10:40:06,762 RobotKinematics.cpp:296 [INFO] controlValueCur_L: [-352.466, 19.3408, -57.5623, -57.5623, 5.11771, -6.64299, -3.3261, 0]
2024-07-29 10:40:06,767 RobotKinematics.cpp:296 [INFO] controlValueCur_L: [-352.47, 19.3378, -57.559, -57.559, 5.12918, -6.62955, -3.30786, 0]
2024-07-29 10:40:06,773 RobotKinematics.cpp:296 [INFO] controlValueCur_L: [-352.48, 19.3337, -57.5526, -57.5526, 5.1408, -6.62681, -3.29427, 0]
2024-07-29 10:40:06,778 RobotKinematics.cpp:296 [INFO] controlValueCur_L: [-352.479, 19.3307, -57.5514, -57.5514, 5.15039, -6.62997, -3.27901, 0]
2024-07-29 10:40:06,783 RobotKinematics.cpp:296 [INFO] controlValueCur_L: [-352.496, 19.3362, -57.5342, -57.5342, 5.1614, -6.62651, -3.26543, 0]
2024-07-29 10:40:06,788 RobotKinematics.cpp:296 [INFO] controlValueCur_L: [-352.526, 19.3277, -57.5282, -57.5282, 5.16724, -6.62778, -3.25247, 0]
2024-07-29 10:40:06,793 RobotKinematics.cpp:296 [INFO] controlValueCur_L: [7.39847, 19.3238, -57.5018, -57.5018, 5.1949, -6.63202, -3.22133, 0]
2024-07-29 10:40:06,799 RobotKinematics.cpp:296 [INFO] controlValueCur_L: [7.3889, 19.317, -57.476, -57.476, 5.20686, -6.63321, -3.20801, 0]
2024-07-29 10:40:06,804 RobotKinematics.cpp:296 [INFO] controlValueCur_L: [7.37616, 19.338, -57.4947, -57.4947, 5.21332, -6.6409, -3.195, 0]
2024-07-29 10:40:06,809 RobotKinematics.cpp:296 [INFO] controlValueCur_L: [7.31245, 19.3375, -57.4674, -57.4674, 5.24553, -6.64991, -3.16734, 0]
2024-07-29 10:40:06,814 RobotKinematics.cpp:296 [INFO] controlValueCur_L: [7.31245, 19.3375, -57.4674, -57.4674, 5.24553, -6.64991, -3.16734, 0]
2024-07-29 10:40:06,819 RobotKinematics.cpp:296 [INFO] controlValueCur_L: [7.27434, 19.3519, -57.4372, -57.4372, 5.28769, -6.67024, -3.13522, 0]
2024-07-29 10:40:06,824 RobotKinematics.cpp:296 [INFO] controlValueCur_L: [7.24559, 19.3705, -57.4381, -57.4381, 5.30817, -6.67762, -3.12169, 0]
2024-07-29 10:40:06,830 RobotKinematics.cpp:296 [INFO] controlValueCur_L: [7.19949, 19.3676, -57.3764, -57.3764, 5.32776, -6.68433, -3.10869, 0]
2024-07-29 10:40:06,835 RobotKinematics.cpp:296 [INFO] controlValueCur_L: [7.16531, 19.3836, -57.3509, -57.3509, 5.36731, -6.71217, -3.07902, 0]
2024-07-29 10:40:06,840 RobotKinematics.cpp:296 [INFO] controlValueCur_L: [7.21211, 19.3964, -57.4054, -57.4054, 5.39457, -6.72374, -3.06324, 0]
2024-07-29 10:40:06,845 RobotKinematics.cpp:296 [INFO] controlValueCur_L: [7.21233, 19.3799, -57.392, -57.392, 5.42297, -6.73598, -3.04718, 0]
2024-07-29 10:40:06,850 RobotKinematics.cpp:296 [INFO] controlValueCur_L: [7.23541, 19.4175, -57.4122, -57.4122, 5.45753, -6.76263, -3.02366, 0]
2024-07-29 10:40:06,856 RobotKinematics.cpp:296 [INFO] controlValueCur_L: [7.23541, 19.4175, -57.4122, -57.4122, 5.45753, -6.76263, -3.02366, 0]
2024-07-29 10:40:06,861 RobotKinematics.cpp:296 [INFO] controlValueCur_L: [7.29779, 19.4115, -57.3949, -57.3949, 5.51525, -6.79307, -2.99228, 0]
2024-07-29 10:40:06,866 RobotKinematics.cpp:296 [INFO] controlValueCur_L: [7.30836, 19.4253, -57.412, -57.412, 5.54994, -6.80961, -2.97577, 0]
2024-07-29 10:40:06,871 RobotKinematics.cpp:296 [INFO] controlValueCur_L: [7.34128, 19.4099, -57.4483, -57.4483, 5.57915, -6.82479, -2.96157, 0]
2024-07-29 10:40:06,876 RobotKinematics.cpp:296 [INFO] controlValueCur_L: [7.31552, 19.4127, -57.4377, -57.4377, 5.63356, -6.86597, -2.93375, 0]
2024-07-29 10:40:06,882 RobotKinematics.cpp:296 [INFO] controlValueCur_L: [7.31171, 19.425, -57.4395, -57.4395, 5.67154, -6.87718, -2.92014, 0]
2024-07-29 10:40:06,887 RobotKinematics.cpp:296 [INFO] controlValueCur_L: [7.32785, 19.4291, -57.4535, -57.4535, 5.70467, -6.89066, -2.90829, 0]
2024-07-29 10:40:06,892 RobotKinematics.cpp:296 [INFO] controlValueCur_L: [7.35228, 19.4223, -57.4721, -57.4721, 5.76675, -6.91837, -2.88532, 0]
2024-07-29 10:40:06,897 RobotKinematics.cpp:296 [INFO] controlValueCur_L: [7.35228, 19.4223, -57.4721, -57.4721, 5.76675, -6.91837, -2.88532, 0]
2024-07-29 10:40:06,902 RobotKinematics.cpp:296 [INFO] controlValueCur_L: [7.35478, 19.4244, -57.4833, -57.4833, 5.8286, -6.94661, -2.86482, 0]
2024-07-29 10:40:06,908 RobotKinematics.cpp:296 [INFO] controlValueCur_L: [7.35617, 19.4289, -57.4714, -57.4714, 5.86652, -6.9596, -2.85373, 0]
2024-07-29 10:40:06,913 RobotKinematics.cpp:296 [INFO] controlValueCur_L: [7.37422, 19.4286, -57.4862, -57.4862, 5.89449, -6.97018, -2.84681, 0]
2024-07-29 10:40:06,918 RobotKinematics.cpp:296 [INFO] controlValueCur_L: [7.39079, 19.4172, -57.4765, -57.4765, 5.93299, -6.98354, -2.83621, 0]
2024-07-29 10:40:06,923 RobotKinematics.cpp:296 [INFO] controlValueCur_L: [7.42105, 19.4189, -57.4912, -57.4912, 6.00077, -7.00721, -2.81976, 0]
2024-07-29 10:40:06,928 RobotKinematics.cpp:296 [INFO] controlValueCur_L: [-352.566, 19.416, -57.4928, -57.4928, 6.03374, -7.0189, -2.81271, 0]
2024-07-29 10:40:06,934 RobotKinematics.cpp:296 [INFO] controlValueCur_L: [-352.547, 19.4078, -57.4976, -57.4976, 6.06809, -7.02769, -2.80605, 0]
2024-07-29 10:40:06,939 RobotKinematics.cpp:296 [INFO] controlValueCur_L: [-352.524, 19.4016, -57.5027, -57.5027, 6.13241, -7.04384, -2.79676, 0]
2024-07-29 10:40:06,944 RobotKinematics.cpp:296 [INFO] controlValueCur_L: [-352.511, 19.4174, -57.5026, -57.5026, 6.16439, -7.0508, -2.79275, 0]
2024-07-29 10:40:06,949 RobotKinematics.cpp:296 [INFO] controlValueCur_L: [-352.527, 19.4062, -57.5111, -57.5111, 6.1982, -7.06095, -2.78746, 0]
2024-07-29 10:40:06,954 RobotKinematics.cpp:296 [INFO] controlValueCur_L: [-352.554, 19.3969, -57.5057, -57.5057, 6.22843, -7.07124, -2.78313, 0]
2024-07-29 10:40:06,959 RobotKinematics.cpp:296 [INFO] controlValueCur_L: [7.42358, 19.4131, -57.5265, -57.5265, 6.26404, -7.07782, -2.77808, 0]
2024-07-29 10:40:06,965 RobotKinematics.cpp:296 [INFO] controlValueCur_L: [7.36745, 19.3861, -57.5162, -57.5162, 6.32719, -7.09451, -2.7686, 0]
2024-07-29 10:40:06,970 RobotKinematics.cpp:296 [INFO] controlValueCur_L: [7.34578, 19.3853, -57.5151, -57.5151, 6.35792, -7.10294, -2.76377, 0]
2024-07-29 10:40:06,975 RobotKinematics.cpp:296 [INFO] controlValueCur_L: [7.32141, 19.38, -57.522, -57.522, 6.39028, -7.11099, -2.75815, 0]
2024-07-29 10:40:06,980 RobotKinematics.cpp:296 [INFO] controlValueCur_L: [7.31136, 19.3837, -57.5336, -57.5336, 6.4509, -7.12657, -2.74828, 0]
2024-07-29 10:40:06,985 RobotKinematics.cpp:296 [INFO] controlValueCur_L: [7.31404, 19.3775, -57.5192, -57.5192, 6.47583, -7.13455, -2.74476, 0]
2024-07-29 10:40:06,991 RobotKinematics.cpp:296 [INFO] controlValueCur_L: [7.31715, 19.3754, -57.5208, -57.5208, 6.5063, -7.14303, -2.73963, 0]
2024-07-29 10:40:06,996 RobotKinematics.cpp:296 [INFO] controlValueCur_L: [7.32265, 19.3738, -57.5127, -57.5127, 6.53207, -7.15616, -2.73389, 0]
2024-07-29 10:40:07,001 RobotKinematics.cpp:296 [INFO] controlValueCur_L: [7.32407, 19.3806, -57.5017, -57.5017, 6.58669, -7.16951, -2.72528, 0]
2024-07-29 10:40:07,006 RobotKinematics.cpp:296 [INFO] controlValueCur_L: [7.33211, 19.3789, -57.4971, -57.4971, 6.61094, -7.17596, -2.72086, 0]
2024-07-29 10:40:07,011 RobotKinematics.cpp:296 [INFO] controlValueCur_L: [7.35631, 19.3772, -57.4948, -57.4948, 6.63701, -7.18544, -2.71469, 0]
2024-07-29 10:40:07,016 RobotKinematics.cpp:296 [INFO] controlValueCur_L: [7.35806, 19.3741, -57.4878, -57.4878, 6.65915, -7.19105, -2.71028, 0]
2024-07-29 10:40:07,022 RobotKinematics.cpp:296 [INFO] controlValueCur_L: [7.35658, 19.3808, -57.4783, -57.4783, 6.70173, -7.20442, -2.69964, 0]
2024-07-29 10:40:07,027 RobotKinematics.cpp:296 [INFO] controlValueCur_L: [7.36563, 19.379, -57.4868, -57.4868, 6.71696, -7.21556, -2.6932, 0]
2024-07-29 10:40:07,032 RobotKinematics.cpp:296 [INFO] controlValueCur_L: [7.35542, 19.3741, -57.4743, -57.4743, 6.7402, -7.21738, -2.68727, 0]
2024-07-29 10:40:07,037 RobotKinematics.cpp:296 [INFO] controlValueCur_L: [7.33615, 19.3802, -57.4769, -57.4769, 6.75299, -7.22073, -2.68328, 0]
2024-07-29 10:40:07,042 RobotKinematics.cpp:296 [INFO] controlValueCur_L: [7.29865, 19.3794, -57.4727, -57.4727, 6.79281, -7.23107, -2.66412, 0]
2024-07-29 10:40:07,048 RobotKinematics.cpp:296 [INFO] controlValueCur_L: [7.28207, 19.387, -57.469, -57.469, 6.80504, -7.23501, -2.65631, 0]
2024-07-29 10:40:07,053 RobotKinematics.cpp:296 [INFO] controlValueCur_L: [7.25787, 19.3772, -57.4654, -57.4654, 6.81866, -7.23412, -2.64799, 0]
2024-07-29 10:40:07,058 RobotKinematics.cpp:296 [INFO] controlValueCur_L: [7.20741, 19.3954, -57.4651, -57.4651, 6.82973, -7.23787, -2.63728, 0]
2024-07-29 10:40:07,063 RobotKinematics.cpp:296 [INFO] controlValueCur_L: [7.12444, 19.3913, -57.4524, -57.4524, 6.83606, -7.23657, -2.62868, 0]
2024-07-29 10:40:07,068 RobotKinematics.cpp:296 [INFO] controlValueCur_L: [7.0033, 19.419, -57.422, -57.422, 6.85151, -7.239, -2.60535, 0]
2024-07-29 10:40:07,073 RobotKinematics.cpp:296 [INFO] controlValueCur_L: [6.96715, 19.3813, -57.4284, -57.4284, 6.86302, -7.23187, -2.59413, 0]
2024-07-29 10:40:07,079 RobotKinematics.cpp:296 [INFO] controlValueCur_L: [6.92213, 19.3648, -57.3838, -57.3838, 6.86643, -7.22499, -2.58559, 0]
2024-07-29 10:40:07,084 RobotKinematics.cpp:296 [INFO] controlValueCur_L: [6.90034, 19.3919, -57.4251, -57.4251, 6.86941, -7.22189, -2.56541, 0]
2024-07-29 10:40:07,089 RobotKinematics.cpp:296 [INFO] controlValueCur_L: [6.90034, 19.3919, -57.4251, -57.4251, 6.86941, -7.22189, -2.56541, 0]
2024-07-29 10:40:07,094 RobotKinematics.cpp:296 [INFO] controlValueCur_L: [6.62535, 19.4027, -57.3688, -57.3688, 6.87295, -7.21176, -2.54545, 0]
2024-07-29 10:40:07,099 RobotKinematics.cpp:296 [INFO] controlValueCur_L: [6.4864, 19.3929, -57.4441, -57.4441, 6.87353, -7.20774, -2.53547, 0]
2024-07-29 10:40:07,105 RobotKinematics.cpp:296 [INFO] controlValueCur_L: [6.38797, 19.3376, -57.3514, -57.3514, 6.86603, -7.20643, -2.52714, 0]
2024-07-29 10:40:07,110 RobotKinematics.cpp:296 [INFO] controlValueCur_L: [6.3756, 19.3846, -57.379, -57.379, 6.86314, -7.2051, -2.50492, 0]
2024-07-29 10:40:07,115 RobotKinematics.cpp:296 [INFO] controlValueCur_L: [6.41205, 19.3362, -57.4508, -57.4508, 6.86505, -7.20136, -2.49275, 0]
2024-07-29 10:40:07,120 RobotKinematics.cpp:296 [INFO] controlValueCur_L: [6.42789, 19.3977, -57.3965, -57.3965, 6.8604, -7.20043, -2.48214, 0]
2024-07-29 10:40:07,125 RobotKinematics.cpp:296 [INFO] controlValueCur_L: [6.57137, 19.3698, -57.429, -57.429, 6.85899, -7.20218, -2.4557, 0]
2024-07-29 10:40:07,130 RobotKinematics.cpp:296 [INFO] controlValueCur_L: [6.57137, 19.3698, -57.429, -57.429, 6.85899, -7.20218, -2.4557, 0]
2024-07-29 10:40:07,136 RobotKinematics.cpp:296 [INFO] controlValueCur_L: [6.65111, 19.394, -57.4674, -57.4674, 6.85286, -7.21024, -2.42702, 0]
2024-07-29 10:40:07,141 RobotKinematics.cpp:296 [INFO] controlValueCur_L: [6.68648, 19.391, -57.4218, -57.4218, 6.85176, -7.21268, -2.41177, 0]
2024-07-29 10:40:07,146 RobotKinematics.cpp:296 [INFO] controlValueCur_L: [6.75365, 19.3949, -57.4586, -57.4586, 6.84545, -7.21773, -2.39704, 0]
2024-07-29 10:40:07,151 RobotKinematics.cpp:296 [INFO] controlValueCur_L: [6.85121, 19.3786, -57.4506, -57.4506, 6.8455, -7.23118, -2.35816, 0]
2024-07-29 10:40:07,156 RobotKinematics.cpp:296 [INFO] controlValueCur_L: [6.95468, 19.4228, -57.4995, -57.4995, 6.84113, -7.23567, -2.34028, 0]
2024-07-29 10:40:07,162 RobotKinematics.cpp:296 [INFO] controlValueCur_L: [7.03532, 19.3597, -57.492, -57.492, 6.83254, -7.24, -2.3235, 0]
2024-07-29 10:40:07,167 RobotKinematics.cpp:296 [INFO] controlValueCur_L: [7.17853, 19.3947, -57.5131, -57.5131, 6.8236, -7.25514, -2.28169, 0]
2024-07-29 10:40:07,172 RobotKinematics.cpp:296 [INFO] controlValueCur_L: [7.17853, 19.3947, -57.5131, -57.5131, 6.8236, -7.25514, -2.28169, 0]
2024-07-29 10:40:07,177 RobotKinematics.cpp:296 [INFO] controlValueCur_L: [7.26903, 19.4114, -57.499, -57.499, 6.8114, -7.27418, -2.23605, 0]
2024-07-29 10:40:07,182 RobotKinematics.cpp:296 [INFO] controlValueCur_L: [7.33095, 19.4201, -57.5126, -57.5126, 6.8075, -7.28074, -2.21259, 0]
2024-07-29 10:40:07,188 RobotKinematics.cpp:296 [INFO] controlValueCur_L: [7.3688, 19.4001, -57.4833, -57.4833, 6.799, -7.28918, -2.18909, 0]
2024-07-29 10:40:07,193 RobotKinematics.cpp:296 [INFO] controlValueCur_L: [-352.513, 19.4141, -57.4906, -57.4906, 6.78452, -7.30366, -2.13992, 0]
2024-07-29 10:40:07,198 RobotKinematics.cpp:296 [INFO] controlValueCur_L: [-352.449, 19.4181, -57.5445, -57.5445, 6.77691, -7.31253, -2.11401, 0]
2024-07-29 10:40:07,203 RobotKinematics.cpp:296 [INFO] controlValueCur_L: [-352.377, 19.4283, -57.4978, -57.4978, 6.76866, -7.3215, -2.08751, 0]
2024-07-29 10:40:07,209 RobotKinematics.cpp:296 [INFO] controlValueCur_L: [-352.329, 19.4328, -57.5007, -57.5007, 6.7592, -7.3278, -2.06244, 0]
2024-07-29 10:40:07,214 RobotKinematics.cpp:296 [INFO] controlValueCur_L: [-352.368, 19.4367, -57.455, -57.455, 6.74009, -7.3394, -2.01108, 0]
2024-07-29 10:40:07,219 RobotKinematics.cpp:296 [INFO] controlValueCur_L: [-352.367, 19.4506, -57.4871, -57.4871, 6.72863, -7.34628, -1.98505, 0]
2024-07-29 10:40:07,224 RobotKinematics.cpp:296 [INFO] controlValueCur_L: [-352.332, 19.4319, -57.4798, -57.4798, 6.72096, -7.35191, -1.95827, 0]
2024-07-29 10:40:07,230 RobotKinematics.cpp:296 [INFO] controlValueCur_L: [-352.308, 19.4564, -57.4659, -57.4659, 6.70632, -7.35692, -1.93449, 0]
2024-07-29 10:40:07,235 RobotKinematics.cpp:296 [INFO] controlValueCur_L: [-352.319, 19.4644, -57.4363, -57.4363, 6.69207, -7.37136, -1.87888, 0]
2024-07-29 10:40:07,240 RobotKinematics.cpp:296 [INFO] controlValueCur_L: [-352.304, 19.4416, -57.4463, -57.4463, 6.68414, -7.37689, -1.85328, 0]
2024-07-29 10:40:07,245 RobotKinematics.cpp:296 [INFO] controlValueCur_L: [-352.295, 19.467, -57.4361, -57.4361, 6.67476, -7.3865, -1.82646, 0]
2024-07-29 10:40:07,250 RobotKinematics.cpp:296 [INFO] controlValueCur_L: [-352.274, 19.4328, -57.4558, -57.4558, 6.66849, -7.38783, -1.80283, 0]
2024-07-29 10:40:07,256 RobotKinematics.cpp:296 [INFO] controlValueCur_L: [-352.178, 19.4777, -57.4666, -57.4666, 6.65294, -7.39743, -1.75603, 0]
2024-07-29 10:40:07,261 RobotKinematics.cpp:296 [INFO] controlValueCur_L: [-352.165, 19.4835, -57.4187, -57.4187, 6.64965, -7.40452, -1.73096, 0]
2024-07-29 10:40:07,266 RobotKinematics.cpp:296 [INFO] controlValueCur_L: [-352.174, 19.4949, -57.415, -57.415, 6.64177, -7.40768, -1.71035, 0]
2024-07-29 10:40:07,271 RobotKinematics.cpp:296 [INFO] controlValueCur_L: [-352.174, 19.4729, -57.4128, -57.4128, 6.63464, -7.41066, -1.69019, 0]
2024-07-29 10:40:07,276 RobotKinematics.cpp:296 [INFO] controlValueCur_L: [-352.229, 19.4872, -57.4438, -57.4438, 6.62136, -7.42648, -1.64783, 0]
2024-07-29 10:40:07,282 RobotKinematics.cpp:296 [INFO] controlValueCur_L: [-352.234, 19.5008, -57.4467, -57.4467, 6.62066, -7.42775, -1.62833, 0]
2024-07-29 10:40:07,287 RobotKinematics.cpp:296 [INFO] controlValueCur_L: [-352.248, 19.5004, -57.4433, -57.4433, 6.61584, -7.43382, -1.60903, 0]
2024-07-29 10:40:07,292 RobotKinematics.cpp:296 [INFO] controlValueCur_L: [-352.244, 19.5054, -57.4482, -57.4482, 6.61535, -7.43669, -1.58947, 0]
2024-07-29 10:40:07,297 RobotKinematics.cpp:296 [INFO] controlValueCur_L: [-352.235, 19.5102, -57.4329, -57.4329, 6.6096, -7.44117, -1.57166, 0]
2024-07-29 10:40:07,303 RobotKinematics.cpp:296 [INFO] controlValueCur_L: [-352.217, 19.5533, -57.455, -57.455, 6.60536, -7.45176, -1.53349, 0]
2024-07-29 10:40:07,308 RobotKinematics.cpp:296 [INFO] controlValueCur_L: [-352.207, 19.5842, -57.477, -57.477, 6.60385, -7.45718, -1.5142, 0]
2024-07-29 10:40:07,313 RobotKinematics.cpp:296 [INFO] controlValueCur_L: [-352.193, 19.6237, -57.5022, -57.5022, 6.60082, -7.4624, -1.49544, 0]
2024-07-29 10:40:07,318 RobotKinematics.cpp:296 [INFO] controlValueCur_L: [-352.1, 19.6163, -57.5161, -57.5161, 6.60019, -7.48022, -1.45306, 0]
2024-07-29 10:40:07,323 RobotKinematics.cpp:296 [INFO] controlValueCur_L: [-352.022, 19.5919, -57.5144, -57.5144, 6.60255, -7.48263, -1.43423, 0]
2024-07-29 10:40:07,329 RobotKinematics.cpp:296 [INFO] controlValueCur_L: [-351.997, 19.6354, -57.4403, -57.4403, 6.59869, -7.49288, -1.41479, 0]
2024-07-29 10:40:07,334 RobotKinematics.cpp:296 [INFO] controlValueCur_L: [-352.028, 19.6276, -57.4687, -57.4687, 6.60471, -7.49915, -1.37788, 0]
2024-07-29 10:40:07,339 RobotKinematics.cpp:296 [INFO] controlValueCur_L: [-352.028, 19.6276, -57.4687, -57.4687, 6.60471, -7.49915, -1.37788, 0]
2024-07-29 10:40:07,344 RobotKinematics.cpp:296 [INFO] controlValueCur_L: [-352.034, 19.6258, -57.4577, -57.4577, 6.61296, -7.50752, -1.33985, 0]
2024-07-29 10:40:07,350 RobotKinematics.cpp:296 [INFO] controlValueCur_L: [-352.017, 19.6078, -57.4838, -57.4838, 6.61333, -7.51196, -1.32299, 0]
2024-07-29 10:40:07,355 RobotKinematics.cpp:296 [INFO] controlValueCur_L: [-352.006, 19.5838, -57.4892, -57.4892, 6.61788, -7.51879, -1.30311, 0]
2024-07-29 10:40:07,360 RobotKinematics.cpp:296 [INFO] controlValueCur_L: [-351.978, 19.5898, -57.4673, -57.4673, 6.62077, -7.52449, -1.27094, 0]
2024-07-29 10:40:07,365 RobotKinematics.cpp:296 [INFO] controlValueCur_L: [-351.947, 19.5754, -57.4717, -57.4717, 6.62987, -7.53007, -1.25091, 0]
2024-07-29 10:40:07,370 RobotKinematics.cpp:296 [INFO] controlValueCur_L: [-351.929, 19.6047, -57.4768, -57.4768, 6.63804, -7.53441, -1.23243, 0]
2024-07-29 10:40:07,376 RobotKinematics.cpp:296 [INFO] controlValueCur_L: [-351.831, 19.5695, -57.4669, -57.4669, 6.65313, -7.53813, -1.19845, 0]
2024-07-29 10:40:07,381 RobotKinematics.cpp:296 [INFO] controlValueCur_L: [-351.831, 19.5695, -57.4669, -57.4669, 6.65313, -7.53813, -1.19845, 0]
2024-07-29 10:40:07,386 RobotKinematics.cpp:296 [INFO] controlValueCur_L: [-351.83, 19.5952, -57.451, -57.451, 6.66657, -7.54742, -1.16386, 0]
2024-07-29 10:40:07,391 RobotKinematics.cpp:296 [INFO] controlValueCur_L: [-351.813, 19.5504, -57.4724, -57.4724, 6.67645, -7.5496, -1.1466, 0]
2024-07-29 10:40:07,396 RobotKinematics.cpp:296 [INFO] controlValueCur_L: [-351.808, 19.5943, -57.4769, -57.4769, 6.6879, -7.55602, -1.12701, 0]
2024-07-29 10:40:07,402 RobotKinematics.cpp:296 [INFO] controlValueCur_L: [-351.747, 19.5899, -57.4925, -57.4925, 6.71217, -7.55658, -1.09204, 0]
2024-07-29 10:40:07,407 RobotKinematics.cpp:296 [INFO] controlValueCur_L: [-351.772, 19.5563, -57.4808, -57.4808, 6.72425, -7.56059, -1.07317, 0]
2024-07-29 10:40:07,412 RobotKinematics.cpp:296 [INFO] controlValueCur_L: [-351.774, 19.5355, -57.5021, -57.5021, 6.7297, -7.56421, -1.05727, 0]
2024-07-29 10:40:07,417 RobotKinematics.cpp:296 [INFO] controlValueCur_L: [-351.803, 19.5363, -57.4628, -57.4628, 6.76745, -7.56891, -1.0152, 0]
2024-07-29 10:40:07,422 RobotKinematics.cpp:296 [INFO] controlValueCur_L: [-351.803, 19.5363, -57.4628, -57.4628, 6.76745, -7.56891, -1.0152, 0]
2024-07-29 10:40:07,427 RobotKinematics.cpp:296 [INFO] controlValueCur_L: [-351.82, 19.5318, -57.4767, -57.4767, 6.79802, -7.57661, -0.975157, 0]
2024-07-29 10:40:07,433 RobotKinematics.cpp:296 [INFO] controlValueCur_L: [-351.852, 19.5407, -57.4938, -57.4938, 6.81831, -7.58277, -0.952614, 0]
2024-07-29 10:40:07,438 RobotKinematics.cpp:296 [INFO] controlValueCur_L: [-351.885, 19.5361, -57.4882, -57.4882, 6.83776, -7.58936, -0.930731, 0]
2024-07-29 10:40:07,443 RobotKinematics.cpp:296 [INFO] controlValueCur_L: [-351.948, 19.5494, -57.4793, -57.4793, 6.87978, -7.59936, -0.887938, 0]
2024-07-29 10:40:07,448 RobotKinematics.cpp:296 [INFO] controlValueCur_L: [-351.98, 19.5514, -57.4827, -57.4827, 6.90444, -7.60372, -0.86676, 0]
2024-07-29 10:40:07,453 RobotKinematics.cpp:296 [INFO] controlValueCur_L: [-352.01, 19.5457, -57.4623, -57.4623, 6.92619, -7.6087, -0.847397, 0]
2024-07-29 10:40:07,459 RobotKinematics.cpp:296 [INFO] controlValueCur_L: [-352.035, 19.5689, -57.4628, -57.4628, 6.9535, -7.61406, -0.826603, 0]
2024-07-29 10:40:07,464 RobotKinematics.cpp:296 [INFO] controlValueCur_L: [-352.061, 19.5509, -57.4482, -57.4482, 7.00926, -7.62611, -0.78742, 0]
2024-07-29 10:40:07,469 RobotKinematics.cpp:296 [INFO] controlValueCur_L: [-352.051, 19.5366, -57.4655, -57.4655, 7.02806, -7.62919, -0.775099, 0]
2024-07-29 10:40:07,474 RobotKinematics.cpp:296 [INFO] controlValueCur_L: [-352.052, 19.5361, -57.4521, -57.4521, 7.06193, -7.63551, -0.756105, 0]
2024-07-29 10:40:07,479 RobotKinematics.cpp:296 [INFO] controlValueCur_L: [-352.037, 19.5451, -57.4644, -57.4644, 7.08744, -7.6438, -0.741568, 0]
2024-07-29 10:40:07,485 RobotKinematics.cpp:296 [INFO] controlValueCur_L: [-352.033, 19.5555, -57.4612, -57.4612, 7.15381, -7.65318, -0.713795, 0]
2024-07-29 10:40:07,490 RobotKinematics.cpp:296 [INFO] controlValueCur_L: [-352.032, 19.5452, -57.4699, -57.4699, 7.18286, -7.6608, -0.702864, 0]
2024-07-29 10:40:07,495 RobotKinematics.cpp:296 [INFO] controlValueCur_L: [-352.031, 19.5558, -57.4707, -57.4707, 7.21108, -7.67012, -0.694208, 0]
2024-07-29 10:40:07,500 RobotKinematics.cpp:296 [INFO] controlValueCur_L: [-352.033, 19.547, -57.4657, -57.4657, 7.24359, -7.67548, -0.685764, 0]
2024-07-29 10:40:07,505 RobotKinematics.cpp:296 [INFO] controlValueCur_L: [-352.036, 19.5483, -57.4653, -57.4653, 7.30464, -7.69013, -0.674303, 0]
2024-07-29 10:40:07,511 RobotKinematics.cpp:296 [INFO] controlValueCur_L: [-352.047, 19.5545, -57.4781, -57.4781, 7.33339, -7.70078, -0.66992, 0]
2024-07-29 10:40:07,516 RobotKinematics.cpp:296 [INFO] controlValueCur_L: [-352.063, 19.5515, -57.4702, -57.4702, 7.36711, -7.70782, -0.665302, 0]
2024-07-29 10:40:07,521 RobotKinematics.cpp:296 [INFO] controlValueCur_L: [-352.069, 19.5524, -57.4792, -57.4792, 7.39717, -7.71583, -0.66328, 0]
2024-07-29 10:40:07,526 RobotKinematics.cpp:296 [INFO] controlValueCur_L: [-352.087, 19.5616, -57.4763, -57.4763, 7.46143, -7.73477, -0.658936, 0]
2024-07-29 10:40:07,531 RobotKinematics.cpp:296 [INFO] controlValueCur_L: [-352.087, 19.5616, -57.4763, -57.4763, 7.46143, -7.73477, -0.658936, 0]
2024-07-29 10:40:07,537 RobotKinematics.cpp:296 [INFO] controlValueCur_L: [-352.093, 19.5776, -57.473, -57.473, 7.5187, -7.75471, -0.659679, 0]
2024-07-29 10:40:07,542 RobotKinematics.cpp:296 [INFO] controlValueCur_L: [-352.099, 19.5915, -57.4625, -57.4625, 7.55389, -7.76636, -0.657454, 0]
2024-07-29 10:40:07,547 RobotKinematics.cpp:296 [INFO] controlValueCur_L: [-352.094, 19.5832, -57.4716, -57.4716, 7.58796, -7.77899, -0.656012, 0]
2024-07-29 10:40:07,552 RobotKinematics.cpp:296 [INFO] controlValueCur_L: [-352.091, 19.5881, -57.4648, -57.4648, 7.63449, -7.8006, -0.66523, 0]
2024-07-29 10:40:07,557 RobotKinematics.cpp:296 [INFO] controlValueCur_L: [-352.08, 19.5973, -57.4592, -57.4592, 7.66803, -7.81082, -0.666052, 0]
2024-07-29 10:40:07,562 RobotKinematics.cpp:296 [INFO] controlValueCur_L: [-352.062, 19.5985, -57.4593, -57.4593, 7.69372, -7.82118, -0.670567, 0]
2024-07-29 10:40:07,568 RobotKinematics.cpp:296 [INFO] controlValueCur_L: [-352.064, 19.5968, -57.4593, -57.4593, 7.74301, -7.84442, -0.680954, 0]
2024-07-29 10:40:07,573 RobotKinematics.cpp:296 [INFO] controlValueCur_L: [-352.064, 19.5968, -57.4593, -57.4593, 7.74301, -7.84442, -0.680954, 0]
2024-07-29 10:40:07,578 RobotKinematics.cpp:296 [INFO] controlValueCur_L: [-352.055, 19.5842, -57.4642, -57.4642, 7.79325, -7.85883, -0.695198, 0]
2024-07-29 10:40:07,583 RobotKinematics.cpp:296 [INFO] controlValueCur_L: [-352.046, 19.5821, -57.46, -57.46, 7.83479, -7.87511, -0.715546, 0]
2024-07-29 10:40:07,589 RobotKinematics.cpp:296 [INFO] controlValueCur_L: [-352.046, 19.5821, -57.46, -57.46, 7.83479, -7.87511, -0.715546, 0]
2024-07-29 10:40:07,594 RobotKinematics.cpp:296 [INFO] controlValueCur_L: [-352.043, 19.573, -57.4604, -57.4604, 7.87787, -7.89027, -0.73908, 0]
2024-07-29 10:40:07,599 RobotKinematics.cpp:296 [INFO] controlValueCur_L: [-352.052, 19.5667, -57.4504, -57.4504, 7.89851, -7.89608, -0.753735, 0]
2024-07-29 10:40:07,604 RobotKinematics.cpp:296 [INFO] controlValueCur_L: [-352.063, 19.5618, -57.4522, -57.4522, 7.90805, -7.89883, -0.775604, 0]
2024-07-29 10:40:07,609 RobotKinematics.cpp:296 [INFO] controlValueCur_L: [-352.067, 19.5604, -57.4468, -57.4468, 7.94902, -7.90793, -0.812031, 0]
2024-07-29 10:40:07,614 RobotKinematics.cpp:296 [INFO] controlValueCur_L: [-352.073, 19.5562, -57.448, -57.448, 7.9729, -7.91433, -0.830976, 0]
2024-07-29 10:40:07,620 RobotKinematics.cpp:296 [INFO] controlValueCur_L: [-352.079, 19.5626, -57.4427, -57.4427, 7.99589, -7.92158, -0.851358, 0]
2024-07-29 10:40:07,625 RobotKinematics.cpp:296 [INFO] controlValueCur_L: [-352.136, 19.5527, -57.4449, -57.4449, 8.03859, -7.93034, -0.9011, 0]
2024-07-29 10:40:07,630 RobotKinematics.cpp:296 [INFO] controlValueCur_L: [-352.136, 19.5527, -57.4449, -57.4449, 8.03859, -7.93034, -0.9011, 0]
2024-07-29 10:40:07,635 RobotKinematics.cpp:296 [INFO] controlValueCur_L: [-352.458, 19.5688, -57.405, -57.405, 8.08499, -7.93296, -0.959366, 0]
2024-07-29 10:40:07,640 RobotKinematics.cpp:296 [INFO] controlValueCur_L: [7.30161, 19.4833, -57.4821, -57.4821, 8.10773, -7.93532, -0.990458, 0]
2024-07-29 10:40:07,646 RobotKinematics.cpp:296 [INFO] controlValueCur_L: [7.05884, 19.5325, -57.4355, -57.4355, 8.132, -7.93524, -1.02344, 0]
2024-07-29 10:40:07,651 RobotKinematics.cpp:296 [INFO] controlValueCur_L: [6.867, 19.5736, -57.4468, -57.4468, 8.17214, -7.94434, -1.09426, 0]
2024-07-29 10:40:07,656 RobotKinematics.cpp:296 [INFO] controlValueCur_L: [6.91069, 19.4967, -57.3991, -57.3991, 8.20055, -7.94087, -1.13133, 0]
2024-07-29 10:40:07,661 RobotKinematics.cpp:296 [INFO] controlValueCur_L: [6.96432, 19.5168, -57.419, -57.419, 8.22972, -7.93708, -1.16864, 0]
2024-07-29 10:40:07,666 RobotKinematics.cpp:296 [INFO] controlValueCur_L: [7.03441, 19.4991, -57.4428, -57.4428, 8.2537, -7.93631, -1.20851, 0]
2024-07-29 10:40:07,672 RobotKinematics.cpp:296 [INFO] controlValueCur_L: [7.06142, 19.5081, -57.4016, -57.4016, 8.27384, -7.93059, -1.25247, 0]
2024-07-29 10:40:07,677 RobotKinematics.cpp:296 [INFO] controlValueCur_L: [7.10545, 19.5197, -57.4349, -57.4349, 8.3231, -7.91839, -1.33843, 0]
2024-07-29 10:40:07,682 RobotKinematics.cpp:296 [INFO] controlValueCur_L: [7.03641, 19.4811, -57.4099, -57.4099, 8.3472, -7.91349, -1.38085, 0]
2024-07-29 10:40:07,687 RobotKinematics.cpp:296 [INFO] controlValueCur_L: [6.99365, 19.5068, -57.4435, -57.4435, 8.36707, -7.90777, -1.42567, 0]
2024-07-29 10:40:07,692 RobotKinematics.cpp:296 [INFO] controlValueCur_L: [6.91177, 19.5016, -57.4406, -57.4406, 8.39181, -7.89638, -1.47033, 0]
2024-07-29 10:40:07,698 RobotKinematics.cpp:296 [INFO] controlValueCur_L: [6.83395, 19.4983, -57.452, -57.452, 8.43571, -7.87486, -1.56022, 0]
2024-07-29 10:40:07,703 RobotKinematics.cpp:296 [INFO] controlValueCur_L: [6.81177, 19.4552, -57.4704, -57.4704, 8.45226, -7.86727, -1.60635, 0]
2024-07-29 10:40:07,708 RobotKinematics.cpp:296 [INFO] controlValueCur_L: [6.77425, 19.483, -57.4103, -57.4103, 8.47838, -7.85118, -1.65013, 0]
2024-07-29 10:40:07,713 RobotKinematics.cpp:296 [INFO] controlValueCur_L: [6.79387, 19.4821, -57.4539, -57.4539, 8.49592, -7.84038, -1.69573, 0]
2024-07-29 10:40:07,718 RobotKinematics.cpp:296 [INFO] controlValueCur_L: [6.62943, 19.4792, -57.4694, -57.4694, 8.53942, -7.8108, -1.78389, 0]
2024-07-29 10:40:07,724 RobotKinematics.cpp:296 [INFO] controlValueCur_L: [6.57762, 19.4424, -57.4652, -57.4652, 8.56367, -7.79465, -1.82669, 0]
2024-07-29 10:40:07,729 RobotKinematics.cpp:296 [INFO] controlValueCur_L: [6.63278, 19.4877, -57.4788, -57.4788, 8.58227, -7.78391, -1.86981, 0]
2024-07-29 10:40:07,734 RobotKinematics.cpp:296 [INFO] controlValueCur_L: [6.85805, 19.4944, -57.4699, -57.4699, 8.62121, -7.75297, -1.95472, 0]
2024-07-29 10:40:07,739 RobotKinematics.cpp:296 [INFO] controlValueCur_L: [6.85805, 19.4944, -57.4699, -57.4699, 8.62121, -7.75297, -1.95472, 0]
2024-07-29 10:40:07,744 RobotKinematics.cpp:296 [INFO] controlValueCur_L: [7.01509, 19.5158, -57.5049, -57.5049, 8.66136, -7.71385, -2.03729, 0]
2024-07-29 10:40:07,750 RobotKinematics.cpp:296 [INFO] controlValueCur_L: [7.06921, 19.5263, -57.4334, -57.4334, 8.67847, -7.70153, -2.0763, 0]
2024-07-29 10:40:07,755 RobotKinematics.cpp:296 [INFO] controlValueCur_L: [7.12251, 19.5722, -57.4795, -57.4795, 8.69016, -7.68685, -2.11724, 0]
2024-07-29 10:40:07,760 RobotKinematics.cpp:296 [INFO] controlValueCur_L: [7.18164, 19.561, -57.4293, -57.4293, 8.71906, -7.6581, -2.19283, 0]
2024-07-29 10:40:07,765 RobotKinematics.cpp:296 [INFO] controlValueCur_L: [7.21783, 19.5554, -57.4416, -57.4416, 8.73513, -7.64464, -2.22787, 0]
2024-07-29 10:40:07,770 RobotKinematics.cpp:296 [INFO] controlValueCur_L: [7.25946, 19.5735, -57.4292, -57.4292, 8.74401, -7.63227, -2.26432, 0]
2024-07-29 10:40:07,776 RobotKinematics.cpp:296 [INFO] controlValueCur_L: [7.26976, 19.5718, -57.4218, -57.4218, 8.76536, -7.60544, -2.3312, 0]
2024-07-29 10:40:07,781 RobotKinematics.cpp:296 [INFO] controlValueCur_L: [7.26976, 19.5718, -57.4218, -57.4218, 8.76536, -7.60544, -2.3312, 0]
2024-07-29 10:40:07,786 RobotKinematics.cpp:296 [INFO] controlValueCur_L: [7.26027, 19.5555, -57.4411, -57.4411, 8.78329, -7.57495, -2.39475, 0]
2024-07-29 10:40:07,791 RobotKinematics.cpp:296 [INFO] controlValueCur_L: [7.25897, 19.574, -57.4571, -57.4571, 8.79816, -7.56764, -2.41926, 0]
2024-07-29 10:40:07,796 RobotKinematics.cpp:296 [INFO] controlValueCur_L: [7.28113, 19.5782, -57.482, -57.482, 8.80789, -7.56331, -2.44188, 0]
2024-07-29 10:40:07,801 RobotKinematics.cpp:296 [INFO] controlValueCur_L: [7.31982, 19.5869, -57.4847, -57.4847, 8.82615, -7.54759, -2.48752, 0]
2024-07-29 10:40:07,807 RobotKinematics.cpp:296 [INFO] controlValueCur_L: [7.319, 19.5769, -57.4652, -57.4652, 8.82861, -7.53134, -2.51423, 0]
2024-07-29 10:40:07,812 RobotKinematics.cpp:296 [INFO] controlValueCur_L: [7.3223, 19.5867, -57.4707, -57.4707, 8.8299, -7.53095, -2.53305, 0]
2024-07-29 10:40:07,817 RobotKinematics.cpp:296 [INFO] controlValueCur_L: [7.32875, 19.597, -57.4652, -57.4652, 8.8425, -7.50194, -2.57279, 0]
2024-07-29 10:40:07,822 RobotKinematics.cpp:296 [INFO] controlValueCur_L: [7.32875, 19.597, -57.4652, -57.4652, 8.8425, -7.50194, -2.57279, 0]
2024-07-29 10:40:07,827 RobotKinematics.cpp:296 [INFO] controlValueCur_L: [7.3788, 19.5994, -57.4701, -57.4701, 8.83768, -7.49526, -2.60559, 0]
2024-07-29 10:40:07,832 RobotKinematics.cpp:296 [INFO] controlValueCur_L: [7.40318, 19.6187, -57.4608, -57.4608, 8.84061, -7.48353, -2.61962, 0]
2024-07-29 10:40:07,838 RobotKinematics.cpp:296 [INFO] controlValueCur_L: [-352.476, 19.6366, -57.4592, -57.4592, 8.82383, -7.47297, -2.64127, 0]
2024-07-29 10:40:07,843 RobotKinematics.cpp:296 [INFO] controlValueCur_L: [-352.297, 19.6438, -57.445, -57.445, 8.83195, -7.4695, -2.64603, 0]
2024-07-29 10:40:07,848 RobotKinematics.cpp:296 [INFO] controlValueCur_L: [-352.011, 19.6925, -57.4608, -57.4608, 8.8258, -7.45826, -2.66326, 0]
2024-07-29 10:40:07,853 RobotKinematics.cpp:296 [INFO] controlValueCur_L: [-351.948, 19.5992, -57.4812, -57.4812, 8.81324, -7.45158, -2.67432, 0]
2024-07-29 10:40:07,858 RobotKinematics.cpp:296 [INFO] controlValueCur_L: [-351.898, 19.6621, -57.4555, -57.4555, 8.81283, -7.44593, -2.67767, 0]
2024-07-29 10:40:07,863 RobotKinematics.cpp:296 [INFO] controlValueCur_L: [-351.802, 19.6655, -57.4789, -57.4789, 8.79511, -7.43765, -2.68668, 0]
2024-07-29 10:40:07,869 RobotKinematics.cpp:296 [INFO] controlValueCur_L: [-351.789, 19.6789, -57.5, -57.5, 8.78247, -7.43024, -2.69194, 0]
2024-07-29 10:40:07,874 RobotKinematics.cpp:296 [INFO] controlValueCur_L: [-351.832, 19.6663, -57.4895, -57.4895, 8.7782, -7.42652, -2.69096, 0]
2024-07-29 10:40:07,879 RobotKinematics.cpp:296 [INFO] controlValueCur_L: [-351.876, 19.6972, -57.5265, -57.5265, 8.76257, -7.42122, -2.69436, 0]
2024-07-29 10:40:07,884 RobotKinematics.cpp:296 [INFO] controlValueCur_L: [-352.116, 19.6441, -57.5034, -57.5034, 8.74535, -7.41557, -2.69003, 0]
2024-07-29 10:40:07,889 RobotKinematics.cpp:296 [INFO] controlValueCur_L: [-352.122, 19.6179, -57.4836, -57.4836, 8.73411, -7.41104, -2.68928, 0]
2024-07-29 10:40:07,895 RobotKinematics.cpp:296 [INFO] controlValueCur_L: [-352.145, 19.5799, -57.4495, -57.4495, 8.71837, -7.40937, -2.68852, 0]
2024-07-29 10:40:07,900 RobotKinematics.cpp:296 [INFO] controlValueCur_L: [-352.141, 19.6172, -57.5051, -57.5051, 8.70583, -7.40392, -2.68775, 0]
2024-07-29 10:40:07,905 RobotKinematics.cpp:296 [INFO] controlValueCur_L: [-352.135, 19.6144, -57.476, -57.476, 8.68707, -7.39837, -2.68913, 0]
2024-07-29 10:40:07,910 RobotKinematics.cpp:296 [INFO] controlValueCur_L: [-352.269, 19.6486, -57.4814, -57.4814, 8.65446, -7.38987, -2.68795, 0]
2024-07-29 10:40:07,915 RobotKinematics.cpp:296 [INFO] controlValueCur_L: [-352.342, 19.6282, -57.4889, -57.4889, 8.64058, -7.38654, -2.68521, 0]
2024-07-29 10:40:07,920 RobotKinematics.cpp:296 [INFO] controlValueCur_L: [-352.409, 19.637, -57.476, -57.476, 8.62014, -7.38301, -2.68517, 0]
2024-07-29 10:40:07,926 RobotKinematics.cpp:296 [INFO] controlValueCur_L: [-352.409, 19.6529, -57.4479, -57.4479, 8.58733, -7.37653, -2.68115, 0]
2024-07-29 10:40:07,931 RobotKinematics.cpp:296 [INFO] controlValueCur_L: [-352.409, 19.6529, -57.4479, -57.4479, 8.58733, -7.37653, -2.68115, 0]
2024-07-29 10:40:07,936 RobotKinematics.cpp:296 [INFO] controlValueCur_L: [-352.395, 19.6357, -57.4647, -57.4647, 8.54716, -7.36783, -2.67744, 0]
2024-07-29 10:40:07,941 RobotKinematics.cpp:296 [INFO] controlValueCur_L: [-352.396, 19.6271, -57.4877, -57.4877, 8.52656, -7.36416, -2.67439, 0]
2024-07-29 10:40:07,946 RobotKinematics.cpp:296 [INFO] controlValueCur_L: [-352.393, 19.6327, -57.4789, -57.4789, 8.50123, -7.36153, -2.67211, 0]
2024-07-29 10:40:07,951 RobotKinematics.cpp:296 [INFO] controlValueCur_L: [-352.419, 19.6225, -57.4889, -57.4889, 8.45608, -7.3552, -2.66293, 0]
2024-07-29 10:40:07,957 RobotKinematics.cpp:296 [INFO] controlValueCur_L: [-352.419, 19.637, -57.5167, -57.5167, 8.43408, -7.35117, -2.65771, 0]
2024-07-29 10:40:07,962 RobotKinematics.cpp:296 [INFO] controlValueCur_L: [-352.432, 19.6159, -57.5042, -57.5042, 8.40911, -7.34665, -2.65285, 0]
2024-07-29 10:40:07,967 RobotKinematics.cpp:296 [INFO] controlValueCur_L: [-352.465, 19.618, -57.4955, -57.4955, 8.36207, -7.34448, -2.63758, 0]
2024-07-29 10:40:07,972 RobotKinematics.cpp:296 [INFO] controlValueCur_L: [-352.465, 19.618, -57.4955, -57.4955, 8.36207, -7.34448, -2.63758, 0]
2024-07-29 10:40:07,977 RobotKinematics.cpp:296 [INFO] controlValueCur_L: [-352.495, 19.6208, -57.4969, -57.4969, 8.31626, -7.33712, -2.62163, 0]
2024-07-29 10:40:07,983 RobotKinematics.cpp:296 [INFO] controlValueCur_L: [-352.524, 19.6391, -57.5015, -57.5015, 8.27303, -7.32955, -2.6023, 0]
2024-07-29 10:40:07,988 RobotKinematics.cpp:296 [INFO] controlValueCur_L: [-352.524, 19.6391, -57.5015, -57.5015, 8.27303, -7.32955, -2.6023, 0]
2024-07-29 10:40:07,993 RobotKinematics.cpp:296 [INFO] controlValueCur_L: [7.33241, 19.6269, -57.5136, -57.5136, 8.22675, -7.31866, -2.58416, 0]
2024-07-29 10:40:07,998 RobotKinematics.cpp:296 [INFO] controlValueCur_L: [7.26265, 19.6165, -57.4858, -57.4858, 8.20571, -7.30997, -2.57451, 0]
2024-07-29 10:40:08,004 RobotKinematics.cpp:296 [INFO] controlValueCur_L: [7.17482, 19.6206, -57.491, -57.491, 8.17835, -7.30165, -2.56751, 0]
2024-07-29 10:40:08,009 RobotKinematics.cpp:296 [INFO] controlValueCur_L: [7.14577, 19.5953, -57.4728, -57.4728, 8.15932, -7.29375, -2.55558, 0]
2024-07-29 10:40:08,014 RobotKinematics.cpp:296 [INFO] controlValueCur_L: [7.11517, 19.6219, -57.4619, -57.4619, 8.11455, -7.27511, -2.53551, 0]
2024-07-29 10:40:08,019 RobotKinematics.cpp:296 [INFO] controlValueCur_L: [7.11539, 19.6291, -57.4426, -57.4426, 8.0904, -7.26547, -2.52656, 0]
2024-07-29 10:40:08,025 RobotKinematics.cpp:296 [INFO] controlValueCur_L: [7.08087, 19.626, -57.4216, -57.4216, 8.07065, -7.25529, -2.51566, 0]
2024-07-29 10:40:08,030 RobotKinematics.cpp:296 [INFO] controlValueCur_L: [7.08917, 19.5838, -57.4202, -57.4202, 8.04509, -7.24717, -2.50638, 0]
2024-07-29 10:40:08,035 RobotKinematics.cpp:296 [INFO] controlValueCur_L: [7.02805, 19.5752, -57.4807, -57.4807, 8.00466, -7.22295, -2.48569, 0]
2024-07-29 10:40:08,040 RobotKinematics.cpp:296 [INFO] controlValueCur_L: [7.04549, 19.6061, -57.4078, -57.4078, 7.98584, -7.21138, -2.47463, 0]
2024-07-29 10:40:08,045 RobotKinematics.cpp:296 [INFO] controlValueCur_L: [7.09322, 19.5957, -57.4567, -57.4567, 7.95667, -7.19897, -2.46813, 0]
2024-07-29 10:40:08,051 RobotKinematics.cpp:296 [INFO] controlValueCur_L: [7.08394, 19.6301, -57.4257, -57.4257, 7.9424, -7.18572, -2.45646, 0]
2024-07-29 10:40:08,056 RobotKinematics.cpp:296 [INFO] controlValueCur_L: [7.08972, 19.6019, -57.429, -57.429, 7.91544, -7.16971, -2.45021, 0]
2024-07-29 10:40:08,061 RobotKinematics.cpp:296 [INFO] controlValueCur_L: [7.03271, 19.6092, -57.4431, -57.4431, 7.88569, -7.14519, -2.42663, 0]
2024-07-29 10:40:08,066 RobotKinematics.cpp:296 [INFO] controlValueCur_L: [6.99455, 19.6073, -57.4529, -57.4529, 7.87032, -7.13362, -2.41573, 0]
2024-07-29 10:40:08,071 RobotKinematics.cpp:296 [INFO] controlValueCur_L: [6.92348, 19.6257, -57.4776, -57.4776, 7.83745, -7.11031, -2.39503, 0]
2024-07-29 10:40:08,077 RobotKinematics.cpp:296 [INFO] controlValueCur_L: [6.95021, 19.6185, -57.4757, -57.4757, 7.82008, -7.1001, -2.385, 0]
2024-07-29 10:40:08,082 RobotKinematics.cpp:296 [INFO] controlValueCur_L: [6.99773, 19.6204, -57.4521, -57.4521, 7.80796, -7.08708, -2.37462, 0]
2024-07-29 10:40:08,087 RobotKinematics.cpp:296 [INFO] controlValueCur_L: [7.01634, 19.5953, -57.462, -57.462, 7.78639, -7.07943, -2.36719, 0]
2024-07-29 10:40:08,092 RobotKinematics.cpp:296 [INFO] controlValueCur_L: [7.04967, 19.6154, -57.4497, -57.4497, 7.76792, -7.05185, -2.34756, 0]
2024-07-29 10:40:08,097 RobotKinematics.cpp:296 [INFO] controlValueCur_L: [7.04967, 19.6154, -57.4497, -57.4497, 7.76792, -7.05185, -2.34756, 0]
2024-07-29 10:40:08,103 RobotKinematics.cpp:296 [INFO] controlValueCur_L: [7.05833, 19.6011, -57.4314, -57.4314, 7.74763, -7.04236, -2.32522, 0]
2024-07-29 10:40:08,108 RobotKinematics.cpp:296 [INFO] controlValueCur_L: [7.06244, 19.5789, -57.4436, -57.4436, 7.74332, -7.03072, -2.31511, 0]
2024-07-29 10:40:08,113 RobotKinematics.cpp:296 [INFO] controlValueCur_L: [7.03616, 19.588, -57.4309, -57.4309, 7.73532, -7.0213, -2.30701, 0]
2024-07-29 10:40:08,118 RobotKinematics.cpp:296 [INFO] controlValueCur_L: [6.98114, 19.579, -57.4428, -57.4428, 7.72406, -7.01472, -2.28632, 0]
2024-07-29 10:40:08,123 RobotKinematics.cpp:296 [INFO] controlValueCur_L: [6.97545, 19.5874, -57.4442, -57.4442, 7.72236, -7.00566, -2.27779, 0]
2024-07-29 10:40:08,128 RobotKinematics.cpp:296 [INFO] controlValueCur_L: [6.98051, 19.5956, -57.439, -57.439, 7.71862, -7.0033, -2.26872, 0]
2024-07-29 10:40:08,134 RobotKinematics.cpp:296 [INFO] controlValueCur_L: [7.01524, 19.6118, -57.4433, -57.4433, 7.71745, -6.99588, -2.25136, 0]
2024-07-29 10:40:08,139 RobotKinematics.cpp:296 [INFO] controlValueCur_L: [7.01524, 19.6118, -57.4433, -57.4433, 7.71745, -6.99588, -2.25136, 0]
2024-07-29 10:40:08,144 RobotKinematics.cpp:296 [INFO] controlValueCur_L: [7.04503, 19.6052, -57.4368, -57.4368, 7.71666, -6.98856, -2.23742, 0]
2024-07-29 10:40:08,149 RobotKinematics.cpp:296 [INFO] controlValueCur_L: [7.06177, 19.6242, -57.443, -57.443, 7.72204, -6.98487, -2.22985, 0]
2024-07-29 10:40:08,154 RobotKinematics.cpp:296 [INFO] controlValueCur_L: [7.08929, 19.6238, -57.4458, -57.4458, 7.7183, -6.98257, -2.22612, 0]
2024-07-29 10:40:08,160 RobotKinematics.cpp:296 [INFO] controlValueCur_L: [7.14265, 19.6316, -57.4434, -57.4434, 7.73278, -6.98297, -2.21094, 0]
2024-07-29 10:40:08,165 RobotKinematics.cpp:296 [INFO] controlValueCur_L: [7.18243, 19.6354, -57.4409, -57.4409, 7.74045, -6.98305, -2.20433, 0]
2024-07-29 10:40:08,170 RobotKinematics.cpp:296 [INFO] controlValueCur_L: [7.26561, 19.6284, -57.4529, -57.4529, 7.74478, -6.9872, -2.1988, 0]
2024-07-29 10:40:08,175 RobotKinematics.cpp:296 [INFO] controlValueCur_L: [7.31815, 19.636, -57.4373, -57.4373, 7.75387, -6.9876, -2.19296, 0]
2024-07-29 10:40:08,180 RobotKinematics.cpp:296 [INFO] controlValueCur_L: [7.30916, 19.6098, -57.4277, -57.4277, 7.76169, -6.99097, -2.18758, 0]
2024-07-29 10:40:08,186 RobotKinematics.cpp:296 [INFO] controlValueCur_L: [7.3157, 19.6225, -57.43, -57.43, 7.77761, -6.99819, -2.17897, 0]
2024-07-29 10:40:08,191 RobotKinematics.cpp:296 [INFO] controlValueCur_L: [7.31013, 19.6472, -57.4146, -57.4146, 7.78962, -7.00155, -2.17429, 0]
2024-07-29 10:40:08,196 RobotKinematics.cpp:296 [INFO] controlValueCur_L: [7.26247, 19.6349, -57.4244, -57.4244, 7.79766, -7.00806, -2.17077, 0]
2024-07-29 10:40:08,201 RobotKinematics.cpp:296 [INFO] controlValueCur_L: [7.16714, 19.6258, -57.4098, -57.4098, 7.81943, -7.01979, -2.16414, 0]
2024-07-29 10:40:08,206 RobotKinematics.cpp:296 [INFO] controlValueCur_L: [7.14201, 19.6246, -57.4277, -57.4277, 7.83419, -7.02395, -2.16112, 0]
2024-07-29 10:40:08,212 RobotKinematics.cpp:296 [INFO] controlValueCur_L: [7.11076, 19.6203, -57.4175, -57.4175, 7.84443, -7.03104, -2.15949, 0]
2024-07-29 10:40:08,217 RobotKinematics.cpp:296 [INFO] controlValueCur_L: [7.08408, 19.6237, -57.4182, -57.4182, 7.86029, -7.03572, -2.15714, 0]
2024-07-29 10:40:08,222 RobotKinematics.cpp:296 [INFO] controlValueCur_L: [7.08827, 19.6405, -57.4277, -57.4277, 7.89087, -7.04612, -2.1547, 0]
2024-07-29 10:40:08,227 RobotKinematics.cpp:296 [INFO] controlValueCur_L: [7.07765, 19.6417, -57.4207, -57.4207, 7.90398, -7.05255, -2.15491, 0]
2024-07-29 10:40:08,232 RobotKinematics.cpp:296 [INFO] controlValueCur_L: [7.08725, 19.6428, -57.4227, -57.4227, 7.92006, -7.05803, -2.15525, 0]
2024-07-29 10:40:08,238 RobotKinematics.cpp:296 [INFO] controlValueCur_L: [7.10991, 19.6413, -57.4163, -57.4163, 7.93906, -7.06517, -2.15593, 0]
2024-07-29 10:40:08,243 RobotKinematics.cpp:296 [INFO] controlValueCur_L: [7.16098, 19.6374, -57.4207, -57.4207, 7.98107, -7.08046, -2.16069, 0]
2024-07-29 10:40:08,248 RobotKinematics.cpp:296 [INFO] controlValueCur_L: [7.18398, 19.6429, -57.4293, -57.4293, 8.00283, -7.08697, -2.16509, 0]
2024-07-29 10:40:08,253 RobotKinematics.cpp:296 [INFO] controlValueCur_L: [7.20746, 19.6532, -57.4359, -57.4359, 8.02636, -7.09346, -2.16944, 0]
2024-07-29 10:40:08,258 RobotKinematics.cpp:296 [INFO] controlValueCur_L: [7.22232, 19.6585, -57.4355, -57.4355, 8.04737, -7.09942, -2.17567, 0]
2024-07-29 10:40:08,263 RobotKinematics.cpp:296 [INFO] controlValueCur_L: [7.23413, 19.6588, -57.4535, -57.4535, 8.08997, -7.10966, -2.18977, 0]
2024-07-29 10:40:08,269 RobotKinematics.cpp:296 [INFO] controlValueCur_L: [7.20798, 19.6681, -57.4413, -57.4413, 8.11108, -7.11841, -2.19607, 0]
2024-07-29 10:40:08,274 RobotKinematics.cpp:296 [INFO] controlValueCur_L: [7.1801, 19.6613, -57.4442, -57.4442, 8.13429, -7.12392, -2.20346, 0]
2024-07-29 10:40:08,279 RobotKinematics.cpp:296 [INFO] controlValueCur_L: [7.14818, 19.6639, -57.4454, -57.4454, 8.15294, -7.1316, -2.21248, 0]
2024-07-29 10:40:08,284 RobotKinematics.cpp:296 [INFO] controlValueCur_L: [7.12993, 19.6533, -57.4378, -57.4378, 8.20203, -7.14453, -2.22621, 0]
2024-07-29 10:40:08,289 RobotKinematics.cpp:296 [INFO] controlValueCur_L: [7.12993, 19.6533, -57.4378, -57.4378, 8.20203, -7.14453, -2.22621, 0]
2024-07-29 10:40:08,295 RobotKinematics.cpp:296 [INFO] controlValueCur_L: [7.11897, 19.6464, -57.4452, -57.4452, 8.25181, -7.1559, -2.24267, 0]
2024-07-29 10:40:08,300 RobotKinematics.cpp:296 [INFO] controlValueCur_L: [7.10658, 19.6507, -57.4516, -57.4516, 8.27801, -7.16275, -2.24975, 0]
2024-07-29 10:40:08,305 RobotKinematics.cpp:296 [INFO] controlValueCur_L: [7.09636, 19.6555, -57.4587, -57.4587, 8.30295, -7.16943, -2.25752, 0]
2024-07-29 10:40:08,310 RobotKinematics.cpp:296 [INFO] controlValueCur_L: [7.07976, 19.6658, -57.4678, -57.4678, 8.32876, -7.1764, -2.26458, 0]
2024-07-29 10:40:08,315 RobotKinematics.cpp:296 [INFO] controlValueCur_L: [7.02095, 19.6722, -57.4752, -57.4752, 8.36632, -7.18027, -2.28928, 0]
2024-07-29 10:40:08,321 RobotKinematics.cpp:296 [INFO] controlValueCur_L: [6.99364, 19.6715, -57.4648, -57.4648, 8.38995, -7.18142, -2.29851, 0]
2024-07-29 10:40:08,326 RobotKinematics.cpp:296 [INFO] controlValueCur_L: [6.99141, 19.6611, -57.4637, -57.4637, 8.41451, -7.18918, -2.30476, 0]
2024-07-29 10:40:08,331 RobotKinematics.cpp:296 [INFO] controlValueCur_L: [6.98962, 19.6471, -57.4714, -57.4714, 8.46261, -7.20111, -2.3189, 0]
2024-07-29 10:40:08,336 RobotKinematics.cpp:296 [INFO] controlValueCur_L: [6.99132, 19.6502, -57.4543, -57.4543, 8.48627, -7.20869, -2.32516, 0]
2024-07-29 10:40:08,341 RobotKinematics.cpp:296 [INFO] controlValueCur_L: [7.00972, 19.6373, -57.4499, -57.4499, 8.5082, -7.21199, -2.33308, 0]
2024-07-29 10:40:08,347 RobotKinematics.cpp:296 [INFO] controlValueCur_L: [6.99741, 19.626, -57.436, -57.436, 8.5525, -7.22019, -2.34755, 0]
2024-07-29 10:40:08,352 RobotKinematics.cpp:296 [INFO] controlValueCur_L: [6.99741, 19.626, -57.436, -57.436, 8.5525, -7.22019, -2.34755, 0]
2024-07-29 10:40:08,357 RobotKinematics.cpp:296 [INFO] controlValueCur_L: [6.99704, 19.6065, -57.4365, -57.4365, 8.5933, -7.23042, -2.36108, 0]
2024-07-29 10:40:08,362 RobotKinematics.cpp:296 [INFO] controlValueCur_L: [7.04266, 19.6089, -57.4481, -57.4481, 8.63509, -7.23841, -2.37367, 0]
2024-07-29 10:40:08,367 RobotKinematics.cpp:296 [INFO] controlValueCur_L: [7.04266, 19.6089, -57.4481, -57.4481, 8.63509, -7.23841, -2.37367, 0]
2024-07-29 10:40:08,373 RobotKinematics.cpp:296 [INFO] controlValueCur_L: [7.08939, 19.6109, -57.4463, -57.4463, 8.66897, -7.24131, -2.39081, 0]
2024-07-29 10:40:08,378 RobotKinematics.cpp:296 [INFO] controlValueCur_L: [7.1185, 19.6057, -57.43, -57.43, 8.68905, -7.24562, -2.39627, 0]
2024-07-29 10:40:08,383 RobotKinematics.cpp:296 [INFO] controlValueCur_L: [7.16692, 19.6144, -57.4387, -57.4387, 8.70849, -7.24917, -2.40198, 0]
2024-07-29 10:40:08,388 RobotKinematics.cpp:296 [INFO] controlValueCur_L: [7.2196, 19.6151, -57.4238, -57.4238, 8.72345, -7.24724, -2.41192, 0]
2024-07-29 10:40:08,394 RobotKinematics.cpp:296 [INFO] controlValueCur_L: [7.42072, 19.626, -57.3914, -57.3914, 8.75127, -7.26013, -2.42487, 0]
2024-07-29 10:40:08,399 RobotKinematics.cpp:296 [INFO] controlValueCur_L: [-352.465, 19.6315, -57.4038, -57.4038, 8.77374, -7.26004, -2.43074, 0]
2024-07-29 10:40:08,404 RobotKinematics.cpp:296 [INFO] controlValueCur_L: [-352.39, 19.6251, -57.387, -57.387, 8.78545, -7.26523, -2.43804, 0]
2024-07-29 10:40:08,409 RobotKinematics.cpp:296 [INFO] controlValueCur_L: [-352.343, 19.5873, -57.3804, -57.3804, 8.80497, -7.26479, -2.44565, 0]
2024-07-29 10:40:08,414 RobotKinematics.cpp:296 [INFO] controlValueCur_L: [-352.316, 19.5849, -57.4135, -57.4135, 8.83792, -7.26918, -2.46062, 0]
2024-07-29 10:40:08,419 RobotKinematics.cpp:296 [INFO] controlValueCur_L: [-352.319, 19.5994, -57.4317, -57.4317, 8.84983, -7.2715, -2.4706, 0]
2024-07-29 10:40:08,425 RobotKinematics.cpp:296 [INFO] controlValueCur_L: [-352.361, 19.6226, -57.4357, -57.4357, 8.86612, -7.27268, -2.4792, 0]
2024-07-29 10:40:08,430 RobotKinematics.cpp:296 [INFO] controlValueCur_L: [-352.412, 19.6193, -57.4581, -57.4581, 8.8764, -7.27094, -2.49179, 0]
2024-07-29 10:40:08,435 RobotKinematics.cpp:296 [INFO] controlValueCur_L: [-352.503, 19.5925, -57.4344, -57.4344, 8.90339, -7.28023, -2.51007, 0]
2024-07-29 10:40:08,440 RobotKinematics.cpp:296 [INFO] controlValueCur_L: [-352.508, 19.6088, -57.445, -57.445, 8.92179, -7.27627, -2.52017, 0]
2024-07-29 10:40:08,445 RobotKinematics.cpp:296 [INFO] controlValueCur_L: [-352.504, 19.6136, -57.4222, -57.4222, 8.93869, -7.27559, -2.5301, 0]
2024-07-29 10:40:08,451 RobotKinematics.cpp:296 [INFO] controlValueCur_L: [-352.493, 19.5927, -57.4418, -57.4418, 8.95188, -7.27699, -2.54091, 0]
2024-07-29 10:40:08,456 RobotKinematics.cpp:296 [INFO] controlValueCur_L: [-352.52, 19.6348, -57.4342, -57.4342, 8.97861, -7.2756, -2.56483, 0]
2024-07-29 10:40:08,461 RobotKinematics.cpp:296 [INFO] controlValueCur_L: [-352.539, 19.6306, -57.4289, -57.4289, 8.98665, -7.27571, -2.57865, 0]
2024-07-29 10:40:08,466 RobotKinematics.cpp:296 [INFO] controlValueCur_L: [-352.539, 19.6298, -57.4379, -57.4379, 9.00564, -7.27728, -2.58802, 0]
2024-07-29 10:40:08,471 RobotKinematics.cpp:296 [INFO] controlValueCur_L: [-352.515, 19.6535, -57.418, -57.418, 9.01567, -7.27608, -2.60211, 0]
2024-07-29 10:40:08,476 RobotKinematics.cpp:296 [INFO] controlValueCur_L: [-352.564, 19.6753, -57.4066, -57.4066, 9.04354, -7.27432, -2.62712, 0]
2024-07-29 10:40:08,482 RobotKinematics.cpp:296 [INFO] controlValueCur_L: [7.40553, 19.661, -57.406, -57.406, 9.0601, -7.27353, -2.63972, 0]
2024-07-29 10:40:08,487 RobotKinematics.cpp:296 [INFO] controlValueCur_L: [7.3992, 19.674, -57.3991, -57.3991, 9.07128, -7.27403, -2.6533, 0]
2024-07-29 10:40:08,492 RobotKinematics.cpp:296 [INFO] controlValueCur_L: [7.38942, 19.6646, -57.4322, -57.4322, 9.08738, -7.27063, -2.66673, 0]
2024-07-29 10:40:08,497 RobotKinematics.cpp:296 [INFO] controlValueCur_L: [7.37946, 19.6749, -57.4218, -57.4218, 9.11161, -7.26656, -2.69714, 0]
2024-07-29 10:40:08,502 RobotKinematics.cpp:296 [INFO] controlValueCur_L: [7.37946, 19.6749, -57.4218, -57.4218, 9.11161, -7.26656, -2.69714, 0]
2024-07-29 10:40:08,508 RobotKinematics.cpp:296 [INFO] controlValueCur_L: [7.34714, 19.6882, -57.4316, -57.4316, 9.13556, -7.26504, -2.72815, 0]
2024-07-29 10:40:08,513 RobotKinematics.cpp:296 [INFO] controlValueCur_L: [7.33542, 19.7007, -57.4353, -57.4353, 9.14054, -7.26421, -2.74756, 0]
2024-07-29 10:40:08,518 RobotKinematics.cpp:296 [INFO] controlValueCur_L: [7.30016, 19.7021, -57.4264, -57.4264, 9.15708, -7.26061, -2.76257, 0]
2024-07-29 10:40:08,523 RobotKinematics.cpp:296 [INFO] controlValueCur_L: [7.23991, 19.7047, -57.4226, -57.4226, 9.18284, -7.2573, -2.796, 0]
2024-07-29 10:40:08,528 RobotKinematics.cpp:296 [INFO] controlValueCur_L: [7.22952, 19.7139, -57.4256, -57.4256, 9.19351, -7.25273, -2.81506, 0]
2024-07-29 10:40:08,534 RobotKinematics.cpp:296 [INFO] controlValueCur_L: [7.21487, 19.7223, -57.4376, -57.4376, 9.20712, -7.2531, -2.83056, 0]
2024-07-29 10:40:08,539 RobotKinematics.cpp:296 [INFO] controlValueCur_L: [7.18501, 19.7001, -57.4464, -57.4464, 9.23236, -7.25104, -2.86397, 0]
2024-07-29 10:40:08,544 RobotKinematics.cpp:296 [INFO] controlValueCur_L: [7.16794, 19.7049, -57.4244, -57.4244, 9.23709, -7.25453, -2.88254, 0]
2024-07-29 10:40:08,549 RobotKinematics.cpp:296 [INFO] controlValueCur_L: [7.16925, 19.6787, -57.4529, -57.4529, 9.25264, -7.24938, -2.89923, 0]
2024-07-29 10:40:08,554 RobotKinematics.cpp:296 [INFO] controlValueCur_L: [7.15765, 19.6848, -57.4402, -57.4402, 9.27518, -7.24393, -2.93539, 0]
2024-07-29 10:40:08,559 RobotKinematics.cpp:296 [INFO] controlValueCur_L: [7.15765, 19.6848, -57.4402, -57.4402, 9.27518, -7.24393, -2.93539, 0]
2024-07-29 10:40:08,565 RobotKinematics.cpp:296 [INFO] controlValueCur_L: [7.15372, 19.6732, -57.4223, -57.4223, 9.29659, -7.24205, -2.97169, 0]
