2024-07-29 10:40:36,768 MotorDriver.cpp:44 [INFO] MAXON RxPDO are as follow: 
2024-07-29 10:40:36,768 MotorDriver.cpp:46 [INFO] TrqOffset, INT, 20
2024-07-29 10:40:36,768 MotorDriver.cpp:46 [INFO] TargetVel, DINT, 2
2024-07-29 10:40:36,768 MotorDriver.cpp:46 [INFO] TargetTrq, INT, 10
2024-07-29 10:40:36,768 MotorDriver.cpp:46 [INFO] ProfileVel, UDINT, 30
2024-07-29 10:40:36,768 MotorDriver.cpp:46 [INFO] VelOffset, DINT, 12
2024-07-29 10:40:36,768 MotorDriver.cpp:46 [INFO] TargetPos, DINT, 6
2024-07-29 10:40:36,768 MotorDriver.cpp:46 [INFO] ProfileAcc, UDINT, 22
2024-07-29 10:40:36,768 MotorDriver.cpp:46 [INFO] ProfileDec, UDINT, 26
2024-07-29 10:40:36,768 MotorDriver.cpp:46 [INFO] ControlWord, UINT, 0
2024-07-29 10:40:36,768 MotorDriver.cpp:46 [INFO] OperationMode, SINT, 34
2024-07-29 10:40:36,768 MotorDriver.cpp:46 [INFO] DigitalOutputs, UDINT, 35
2024-07-29 10:40:36,768 MotorDriver.cpp:46 [INFO] PosOffset, DINT, 16
2024-07-29 10:40:36,768 MotorDriver.cpp:48 [INFO] MAXON TxPDO are as follow: 
2024-07-29 10:40:36,768 MotorDriver.cpp:50 [INFO] StatusWord, UINT, 0
2024-07-29 10:40:36,768 MotorDriver.cpp:50 [INFO] ModeDisplay, SINT, 22
2024-07-29 10:40:36,768 MotorDriver.cpp:50 [INFO] FollowingPosErr, DINT, 18
2024-07-29 10:40:36,768 MotorDriver.cpp:50 [INFO] ActPos, DINT, 4
2024-07-29 10:40:36,768 MotorDriver.cpp:50 [INFO] ErrorCode, UINT, 2
2024-07-29 10:40:36,768 MotorDriver.cpp:50 [INFO] ActCur, DINT, 14
2024-07-29 10:40:36,768 MotorDriver.cpp:50 [INFO] ActTrq, INT, 12
2024-07-29 10:40:36,768 MotorDriver.cpp:50 [INFO] ActVel, DINT, 8
2024-07-29 10:40:36,768 MotorDriver.cpp:50 [INFO] DigitalInputs, UDINT, 23
2024-07-29 10:40:36,768 MotorDriver.cpp:1514 [INFO] EtherCat thread ID: 139686240052992
2024-07-29 10:40:43,720 MotorDriver.cpp:1504 [INFO]  Set promise value to true!
2024-07-29 10:40:43,720 main.cpp:50 [INFO] EtherCat Communication thread status: 1

2024-07-29 10:40:43,720 MotorDriver.cpp:1226 [INFO] Start setting operation mode to CSP for MAXON.
2024-07-29 10:40:43,870 MotorDriver.cpp:1143 [INFO] Starting initialize Motor Type 2: joint 1
2024-07-29 10:40:43,920 MotorDriver.cpp:1150 [INFO] 1: the control word is: 128 status word is: 0x240
2024-07-29 10:40:43,971 MotorDriver.cpp:1157 [INFO] 2: the control word is: 6 status word is: 0x 221
2024-07-29 10:40:44,021 MotorDriver.cpp:1164 [INFO] 3: the control word is: 7 status word is: 0x 223
2024-07-29 10:40:44,071 MotorDriver.cpp:1171 [INFO] 4: the control word is: f status word is: 0x 1237
2024-07-29 10:40:44,071 MotorDriver.cpp:1174 [INFO] successfully enable Motor Type2: joint 1
2024-07-29 10:40:44,071 MotorDriver.cpp:1226 [INFO] Start setting operation mode to CSP for MAXON.
2024-07-29 10:40:44,221 MotorDriver.cpp:1143 [INFO] Starting initialize Motor Type 2: joint 2
2024-07-29 10:40:44,271 MotorDriver.cpp:1150 [INFO] 1: the control word is: 80 status word is: 0x240
2024-07-29 10:40:44,321 MotorDriver.cpp:1157 [INFO] 2: the control word is: 6 status word is: 0x 221
2024-07-29 10:40:44,371 MotorDriver.cpp:1164 [INFO] 3: the control word is: 7 status word is: 0x 223
2024-07-29 10:40:44,422 MotorDriver.cpp:1171 [INFO] 4: the control word is: f status word is: 0x 1237
2024-07-29 10:40:44,422 MotorDriver.cpp:1174 [INFO] successfully enable Motor Type2: joint 2
2024-07-29 10:40:44,422 MotorDriver.cpp:1226 [INFO] Start setting operation mode to CSP for MAXON.
2024-07-29 10:40:44,572 MotorDriver.cpp:1143 [INFO] Starting initialize Motor Type 2: joint 3
2024-07-29 10:40:44,622 MotorDriver.cpp:1150 [INFO] 1: the control word is: 80 status word is: 0x240
2024-07-29 10:40:44,672 MotorDriver.cpp:1157 [INFO] 2: the control word is: 6 status word is: 0x 221
2024-07-29 10:40:44,722 MotorDriver.cpp:1164 [INFO] 3: the control word is: 7 status word is: 0x 223
2024-07-29 10:40:44,772 MotorDriver.cpp:1171 [INFO] 4: the control word is: f status word is: 0x 1237
2024-07-29 10:40:44,772 MotorDriver.cpp:1174 [INFO] successfully enable Motor Type2: joint 3
2024-07-29 10:40:44,772 MotorDriver.cpp:1226 [INFO] Start setting operation mode to CSP for MAXON.
2024-07-29 10:40:44,923 MotorDriver.cpp:1143 [INFO] Starting initialize Motor Type 2: joint 4
2024-07-29 10:40:44,973 MotorDriver.cpp:1150 [INFO] 1: the control word is: 80 status word is: 0x240
2024-07-29 10:40:45,023 MotorDriver.cpp:1157 [INFO] 2: the control word is: 6 status word is: 0x 221
2024-07-29 10:40:45,073 MotorDriver.cpp:1164 [INFO] 3: the control word is: 7 status word is: 0x 223
2024-07-29 10:40:45,123 MotorDriver.cpp:1171 [INFO] 4: the control word is: f status word is: 0x 1237
2024-07-29 10:40:45,123 MotorDriver.cpp:1174 [INFO] successfully enable Motor Type2: joint 4
2024-07-29 10:40:45,730 viper_ui.cpp:509 [INFO] Alreay set value to True in Read Viper Continuous
2024-07-29 10:40:45,730 MasterConsole.cpp:20 [INFO] flagViper thread status: 1
2024-07-29 10:40:45,730 MasterConsole.cpp:24 [INFO] MasterConsole Data Update thread ID: 7f0b367fc700
2024-07-29 10:40:45,730 RobotKinematics.cpp:18 [INFO] MotionScaling: 14 c a 7
2024-07-29 10:40:45,730 RobotKinematics.cpp:30 [INFO] m_SpeedDirection_L: 1 -1 -1 1 1 1 1 1

2024-07-29 10:40:45,730 RobotKinematics.cpp:38 [INFO] Left Endeffector Initial Rotation Around Y  (in radius) = 0    In Degree: ffffffc4

2024-07-29 10:40:45,730 RobotKinematics.cpp:42 [INFO] Left Endeffector Initial Rotation Around X (in radius) = 0    In Degree: 1e

2024-07-29 10:40:45,731 RobotKinematics.cpp:55 [INFO] Load EncoderPerRevolution Left: 4e20 4e20 4e20
2024-07-29 10:40:45,731 RobotKinematics.cpp:58 [INFO] Load Lead Left: 5 5 5
2024-07-29 10:40:45,731 RobotKinematics.cpp:61 [INFO] Load EncoderPerMM Left: 186a0 186a0 186a0
2024-07-29 10:40:45,731 RobotKinematics.cpp:72 [INFO] Gimbal Encoder per m/s: 50000 83333 100000 142857
2024-07-29 10:40:45,731 RobotKinematics.cpp:73 [INFO] Max Gimbal Encoder per m/s: 2.5e+06 4.16667e+06 5e+06 7.14286e+06
2024-07-29 10:40:45,731 RobotKinematics.cpp:86 [INFO] m_SpeedDirection_R: 1 -1 -1 1 1 -1 1 1

2024-07-29 10:40:45,731 RobotKinematics.cpp:94 [INFO] Right Endeffector Initial Rotation Around Y  (in radius) = 0    In Degree: ffffffc4

2024-07-29 10:40:45,731 RobotKinematics.cpp:98 [INFO] Right Endeffector Initial Rotation Around X (in radius) = 0    In Degree: ffffffe2

2024-07-29 10:40:45,731 RobotKinematics.cpp:110 [INFO] Load EncoderPerRevolution Right: 4e20 4e20 4e20
2024-07-29 10:40:45,731 RobotKinematics.cpp:113 [INFO] Load Lead Right: 5 5 5
2024-07-29 10:40:45,731 RobotKinematics.cpp:116 [INFO] Load EncoderPerMM Right: 186a0 186a0 186a0
2024-07-29 10:40:45,731 RobotKinematics.cpp:127 [INFO] Master Sensor Source Rotation Around Y (in radius) = -1.5708    In Degree: ffffff88

2024-07-29 10:40:45,731 RobotKinematics.cpp:147 [INFO] Left Instrument Information: CZQ_4MM_1
2024-07-29 10:40:45,731 RobotKinematics.cpp:148 [INFO] Right Instrument Information: CZQ_4MM_1
2024-07-29 10:40:45,731 RobotKinematics.cpp:170 [INFO] Load EncoderPerDegree Left: 106.7 91.02 101.94 101.94
2024-07-29 10:40:45,731 RobotKinematics.cpp:179 [INFO] Load CompensationRatio Left = 0
2024-07-29 10:40:45,731 RobotKinematics.cpp:199 [INFO] Load EncoderPerDegree Right: 106.7 91.02 101.94 101.94
2024-07-29 10:40:45,731 RobotKinematics.cpp:208 [INFO] Load CompensationRatio Right = 0
2024-07-29 10:40:45,731 RobotKinematics.cpp:211 [INFO] Successfully load the right Instrument Infomation: 
2024-07-29 10:40:50,824 RobotKinematics.cpp:296 [INFO] controlValueCur_L: [0, 0, 0, 0, 0, 0, 0, 0]
2024-07-29 10:40:50,829 RobotKinematics.cpp:296 [INFO] controlValueCur_L: [0.00316858, 0.000923157, 0.00175428, 0.00175428, 0.00169373, 0.00141907, 0.00285149, 0]
2024-07-29 10:40:50,834 RobotKinematics.cpp:296 [INFO] controlValueCur_L: [0.00316858, 0.000923157, 0.00175428, 0.00175428, 0.00169373, 0.00141907, 0.00285149, 0]
2024-07-29 10:40:50,839 RobotKinematics.cpp:296 [INFO] controlValueCur_L: [0.0115275, 0.00304794, 0.00575686, 0.00575686, 0.00280762, 0.00162125, 0.00606823, 0]
2024-07-29 10:40:50,844 RobotKinematics.cpp:296 [INFO] controlValueCur_L: [0.0178099, 0.00473595, 0.00855446, 0.00855446, 0.00347137, 0.000667572, 0.0065546, 0]
2024-07-29 10:40:50,850 RobotKinematics.cpp:296 [INFO] controlValueCur_L: [0.0230818, 0.00596809, 0.0117698, 0.0117698, 0.00369644, 0.0018425, 0.00500011, 0]
2024-07-29 10:40:50,855 RobotKinematics.cpp:296 [INFO] controlValueCur_L: [0.0284424, 0.00809669, 0.0163703, 0.0163703, 0.00348663, 0.00133514, 0.00742245, 0]
2024-07-29 10:40:50,860 RobotKinematics.cpp:296 [INFO] controlValueCur_L: [0.0284171, 0.00878525, 0.0180726, 0.0180726, 0.00283432, 0.00138855, 0.00227737, 0]
2024-07-29 10:40:50,865 RobotKinematics.cpp:296 [INFO] controlValueCur_L: [0.0281754, 0.00954056, 0.0194979, 0.0194979, 0.00289917, 0.00219345, 0.00518417, 0]
2024-07-29 10:40:50,871 RobotKinematics.cpp:296 [INFO] controlValueCur_L: [0.0277233, 0.0101738, 0.0214181, 0.0214181, 0.000782013, 0.000442505, 0.00542736, 0]
2024-07-29 10:40:50,876 RobotKinematics.cpp:296 [INFO] controlValueCur_L: [0.0268559, 0.0112915, 0.025629, 0.025629, 0.000545502, -0.000171661, 0.00181675, 0]
2024-07-29 10:40:50,881 RobotKinematics.cpp:296 [INFO] controlValueCur_L: [0.0261464, 0.0120564, 0.0275087, 0.0275087, 0.00196457, 0.00117111, 0.00421238, 0]
2024-07-29 10:40:50,886 RobotKinematics.cpp:296 [INFO] controlValueCur_L: [0.0250096, 0.0131817, 0.0290375, 0.0290375, 0.000465393, -0.000946045, 0.00287724, 0]
2024-07-29 10:40:50,892 RobotKinematics.cpp:296 [INFO] controlValueCur_L: [0.0238786, 0.0142231, 0.0300264, 0.0300264, 0.00283432, 0.00119781, 0.00413132, 0]
2024-07-29 10:40:50,897 RobotKinematics.cpp:296 [INFO] controlValueCur_L: [0.0214372, 0.0164089, 0.0304518, 0.0304518, 0.00094223, 0.00149536, 0.00100803, 0]
2024-07-29 10:40:50,902 RobotKinematics.cpp:296 [INFO] controlValueCur_L: [0.0202484, 0.0176105, 0.0301185, 0.0301185, 0.000919342, 0.00158691, 0.00319195, 0]
2024-07-29 10:40:50,907 RobotKinematics.cpp:296 [INFO] controlValueCur_L: [0.0192719, 0.0186424, 0.0293832, 0.0293832, 0.00109482, 0.00230026, 0.00273705, 0]
2024-07-29 10:40:50,912 RobotKinematics.cpp:296 [INFO] controlValueCur_L: [0.0182114, 0.0198078, 0.0283923, 0.0283923, 0.00199509, 0.00381088, 0.00174046, 0]
2024-07-29 10:40:50,918 RobotKinematics.cpp:296 [INFO] controlValueCur_L: [0.0146403, 0.0215778, 0.0258293, 0.0258293, 0.00246048, 0.00382233, 0.00154018, 0]
2024-07-29 10:40:50,923 RobotKinematics.cpp:296 [INFO] controlValueCur_L: [0.0120239, 0.0222683, 0.0244374, 0.0244374, 0.000926971, 0.00181961, 0.00272655, 0]
2024-07-29 10:40:50,928 RobotKinematics.cpp:296 [INFO] controlValueCur_L: [0.00883532, 0.0228462, 0.0229769, 0.0229769, 0.000164032, 0.00166321, 0.00336456, 0]
2024-07-29 10:40:50,933 RobotKinematics.cpp:296 [INFO] controlValueCur_L: [-7.43866e-05, 0.0229721, 0.0186467, 0.0186467, -0.00219727, -0.000827789, 0.00299931, 0]
2024-07-29 10:40:50,938 RobotKinematics.cpp:296 [INFO] controlValueCur_L: [-0.00576019, 0.0225716, 0.0156069, 0.0156069, -0.00369644, -0.00228119, 0.00202751, 0]
2024-07-29 10:40:50,944 RobotKinematics.cpp:296 [INFO] controlValueCur_L: [-0.0109673, 0.0219955, 0.0132685, 0.0132685, -0.00232315, 0.000118256, -0.00020504, 0]
2024-07-29 10:40:50,949 RobotKinematics.cpp:296 [INFO] controlValueCur_L: [-0.0134344, 0.0213337, 0.0113792, 0.0113792, -0.00225067, 6.10352e-05, -0.00132561, 0]
2024-07-29 10:40:50,954 RobotKinematics.cpp:296 [INFO] controlValueCur_L: [-0.0100923, 0.0211945, 0.0109076, 0.0109076, -0.00221252, -2.28882e-05, 0.0036993, 0]
2024-07-29 10:40:50,959 RobotKinematics.cpp:296 [INFO] controlValueCur_L: [-0.0100923, 0.0211945, 0.0109076, 0.0109076, -0.00221252, -2.28882e-05, 0.0036993, 0]
2024-07-29 10:40:50,965 RobotKinematics.cpp:296 [INFO] controlValueCur_L: [-0.00317001, 0.0224819, 0.0126534, 0.0126534, -0.00363922, -0.00138855, 0.00463581, 0]
2024-07-29 10:40:50,970 RobotKinematics.cpp:296 [INFO] controlValueCur_L: [-0.000878334, 0.0235634, 0.0135179, 0.0135179, -0.00444031, -0.000267029, 0.0024929, 0]
2024-07-29 10:40:50,975 RobotKinematics.cpp:296 [INFO] controlValueCur_L: [0.00068903, 0.0249672, 0.0138435, 0.0138435, -0.0050087, 0.000232697, -0.00118637, 0]
2024-07-29 10:40:50,980 RobotKinematics.cpp:296 [INFO] controlValueCur_L: [0.00505972, 0.029232, 0.0150223, 0.0150223, -0.00562668, -5.72205e-05, -0.00180721, 0]
2024-07-29 10:40:50,985 RobotKinematics.cpp:296 [INFO] controlValueCur_L: [0.00797987, 0.0316486, 0.0163136, 0.0163136, -0.00575256, 0.000431061, -0.00298023, 0]
2024-07-29 10:40:50,991 RobotKinematics.cpp:296 [INFO] controlValueCur_L: [0.010417, 0.034544, 0.0172768, 0.0172768, -0.00456238, 0.000812531, -0.00200272, 0]
2024-07-29 10:40:50,996 RobotKinematics.cpp:296 [INFO] controlValueCur_L: [0.0111675, 0.04006, 0.0182557, 0.0182557, -0.00550461, 3.05176e-05, 0.000268936, 0]
2024-07-29 10:40:51,001 RobotKinematics.cpp:296 [INFO] controlValueCur_L: [0.0111675, 0.04006, 0.0182557, 0.0182557, -0.00550461, 3.05176e-05, 0.000268936, 0]
2024-07-29 10:40:51,006 RobotKinematics.cpp:296 [INFO] controlValueCur_L: [0.008255, 0.0453892, 0.0177579, 0.0177579, -0.0037384, 0.000179291, 0.00276947, 0]
2024-07-29 10:40:51,012 RobotKinematics.cpp:296 [INFO] controlValueCur_L: [0.00459146, 0.0476246, 0.017756, 0.017756, -0.00499725, 0.00063324, -0.00220871, 0]
2024-07-29 10:40:51,017 RobotKinematics.cpp:296 [INFO] controlValueCur_L: [0.000776768, 0.0495892, 0.0175056, 0.0175056, -0.00278854, 0.00210953, -0.00152969, 0]
2024-07-29 10:40:51,022 RobotKinematics.cpp:296 [INFO] controlValueCur_L: [-0.00722551, 0.0521107, 0.0178537, 0.0178537, -0.00180817, 0.00245667, -0.000271797, 0]
2024-07-29 10:40:51,027 RobotKinematics.cpp:296 [INFO] controlValueCur_L: [-0.0105567, 0.0527267, 0.0187531, 0.0187531, -0.000175476, 0.00445175, 0.00104713, 0]
2024-07-29 10:40:51,032 RobotKinematics.cpp:296 [INFO] controlValueCur_L: [-0.011528, 0.0526447, 0.0199041, 0.0199041, -0.00207138, 0.00186539, 0.00118256, 0]
2024-07-29 10:40:51,038 RobotKinematics.cpp:296 [INFO] controlValueCur_L: [-0.00551414, 0.0524006, 0.0245914, 0.0245914, -0.00144577, 0.00187302, 0.00302792, 0]
2024-07-29 10:40:51,043 RobotKinematics.cpp:296 [INFO] controlValueCur_L: [0.000227928, 0.0522423, 0.0274634, 0.0274634, -0.000392914, 0.0029335, 0.00460434, 0]
2024-07-29 10:40:51,048 RobotKinematics.cpp:296 [INFO] controlValueCur_L: [0.0073719, 0.051918, 0.0299315, 0.0299315, -0.00117111, 0.00141907, 0.00492859, 0]
2024-07-29 10:40:51,053 RobotKinematics.cpp:296 [INFO] controlValueCur_L: [0.015696, 0.0517998, 0.0327058, 0.0327058, 0.000148773, 0.00211716, 0.00644779, 0]
2024-07-29 10:40:51,058 RobotKinematics.cpp:296 [INFO] controlValueCur_L: [0.0261321, 0.0512943, 0.0361228, 0.0361228, -0.000213623, 0.00265503, 0.003582, 0]
2024-07-29 10:40:51,064 RobotKinematics.cpp:296 [INFO] controlValueCur_L: [0.0703044, 0.0494289, 0.0504289, 0.0504289, 0.000793457, 0.00259781, 0.00582981, 0]
2024-07-29 10:40:51,069 RobotKinematics.cpp:296 [INFO] controlValueCur_L: [0.100708, 0.0481434, 0.0598378, 0.0598378, 0.00101089, 0.00382233, 0.00402164, 0]
2024-07-29 10:40:51,074 RobotKinematics.cpp:296 [INFO] controlValueCur_L: [0.134169, 0.0469704, 0.0692334, 0.0692334, 0.000148773, 0.00260544, 0.00211239, 0]
2024-07-29 10:40:51,079 RobotKinematics.cpp:296 [INFO] controlValueCur_L: [0.169934, 0.0468884, 0.0802283, 0.0802283, 0.00165176, 0.00312424, 0.00439548, 0]
2024-07-29 10:40:51,085 RobotKinematics.cpp:296 [INFO] controlValueCur_L: [0.241002, 0.0487747, 0.0989022, 0.0989022, 0.00201416, 0.00331497, 0.00385666, 0]
2024-07-29 10:40:51,090 RobotKinematics.cpp:296 [INFO] controlValueCur_L: [0.259652, 0.0491085, 0.100867, 0.100867, 0.00157928, 0.00244522, 0.00690746, 0]
2024-07-29 10:40:51,095 RobotKinematics.cpp:296 [INFO] controlValueCur_L: [0.266433, 0.0481815, 0.0995278, 0.0995278, 0.0038147, 0.00458908, 0.00554848, 0]
2024-07-29 10:40:51,100 RobotKinematics.cpp:296 [INFO] controlValueCur_L: [0.267446, 0.0452652, 0.0980806, 0.0980806, 0.00322723, 0.00258636, 0.00984192, 0]
2024-07-29 10:40:51,106 RobotKinematics.cpp:296 [INFO] controlValueCur_L: [0.254581, 0.0374851, 0.0967431, 0.0967431, 0.00354004, 0.00256348, 0.00586128, 0]
2024-07-29 10:40:51,111 RobotKinematics.cpp:296 [INFO] controlValueCur_L: [0.240529, 0.0348015, 0.0944633, 0.0944633, 0.00399017, 0.00284958, 0.00740242, 0]
2024-07-29 10:40:51,116 RobotKinematics.cpp:296 [INFO] controlValueCur_L: [0.22553, 0.0318718, 0.0913811, 0.0913811, 0.00283432, 0.0019989, 0.00668812, 0]
2024-07-29 10:40:51,121 RobotKinematics.cpp:296 [INFO] controlValueCur_L: [0.200805, 0.0273228, 0.0866137, 0.0866137, 0.00100327, 0.000106812, 0.0056076, 0]
2024-07-29 10:40:51,126 RobotKinematics.cpp:296 [INFO] controlValueCur_L: [0.191957, 0.026144, 0.0853419, 0.0853419, 0.000175476, -0.000183105, 0.00616837, 0]
2024-07-29 10:40:51,132 RobotKinematics.cpp:296 [INFO] controlValueCur_L: [0.184919, 0.0245972, 0.0831137, 0.0831137, -0.000125885, 0.000431061, 0.00627327, 0]
2024-07-29 10:40:51,137 RobotKinematics.cpp:296 [INFO] controlValueCur_L: [0.176996, 0.0238113, 0.0812974, 0.0812974, 0.000843048, 0.00178146, 0.00524235, 0]
2024-07-29 10:40:51,142 RobotKinematics.cpp:296 [INFO] controlValueCur_L: [0.164699, 0.0215435, 0.0778594, 0.0778594, 0.000774384, 0.00116348, 0.00515366, 0]
2024-07-29 10:40:51,147 RobotKinematics.cpp:296 [INFO] controlValueCur_L: [0.161695, 0.0201931, 0.0764832, 0.0764832, 0.00158691, 0.00161743, 0.00516987, 0]
2024-07-29 10:40:51,152 RobotKinematics.cpp:296 [INFO] controlValueCur_L: [0.158487, 0.0193825, 0.0746455, 0.0746455, 0.00228882, 0.000911713, 0.00653648, 0]
2024-07-29 10:40:51,158 RobotKinematics.cpp:296 [INFO] controlValueCur_L: [0.153112, 0.017498, 0.0716052, 0.0716052, 0.00177002, 0.000644684, 0.000632286, 0]
2024-07-29 10:40:51,163 RobotKinematics.cpp:296 [INFO] controlValueCur_L: [0.140858, 0.013752, 0.0646839, 0.0646839, -0.00269699, -0.00337219, 0.00146961, 0]
2024-07-29 10:40:51,168 RobotKinematics.cpp:296 [INFO] controlValueCur_L: [0.140858, 0.013752, 0.0646839, 0.0646839, -0.00269699, -0.00337219, 0.00146961, 0]
2024-07-29 10:40:51,173 RobotKinematics.cpp:296 [INFO] controlValueCur_L: [0.130357, 0.00782967, 0.0588422, 0.0588422, -0.00390244, -0.00330734, -0.00264645, 0]
2024-07-29 10:40:51,178 RobotKinematics.cpp:296 [INFO] controlValueCur_L: [0.125825, 0.00570869, 0.0558138, 0.0558138, -0.00363159, -0.00272751, -0.00294209, 0]
2024-07-29 10:40:51,184 RobotKinematics.cpp:296 [INFO] controlValueCur_L: [0.121295, 0.00331116, 0.0528975, 0.0528975, -0.00398636, -0.00200272, -0.00467873, 0]
2024-07-29 10:40:51,189 RobotKinematics.cpp:296 [INFO] controlValueCur_L: [0.113099, -0.000217438, 0.0476017, 0.0476017, -0.0030632, -0.00147247, -0.00184059, 0]
2024-07-29 10:40:51,194 RobotKinematics.cpp:296 [INFO] controlValueCur_L: [0.108627, -0.001894, 0.0453191, 0.0453191, -0.00469208, -0.00336838, -0.00308418, 0]
2024-07-29 10:40:51,199 RobotKinematics.cpp:296 [INFO] controlValueCur_L: [0.104588, -0.0033474, 0.043519, 0.043519, -0.00200653, -0.00115585, -0.00019455, 0]
2024-07-29 10:40:51,205 RobotKinematics.cpp:296 [INFO] controlValueCur_L: [0.0970793, -0.00626183, 0.0413699, 0.0413699, -0.00180054, -0.000205994, -0.00187874, 0]
2024-07-29 10:40:51,210 RobotKinematics.cpp:296 [INFO] controlValueCur_L: [0.0970793, -0.00626183, 0.0413699, 0.0413699, -0.00180054, -0.000205994, -0.00187874, 0]
2024-07-29 10:40:51,215 RobotKinematics.cpp:296 [INFO] controlValueCur_L: [0.0838456, -0.00993538, 0.038867, 0.038867, -0.00170517, -0.000804901, 0.00272465, 0]
2024-07-29 10:40:51,220 RobotKinematics.cpp:296 [INFO] controlValueCur_L: [0.0716481, -0.0145397, 0.0385146, 0.0385146, 0.000816345, 0.00136566, 0.00337124, 0]
2024-07-29 10:40:51,225 RobotKinematics.cpp:296 [INFO] controlValueCur_L: [0.0716481, -0.0145397, 0.0385146, 0.0385146, 0.000816345, 0.00136566, 0.00337124, 0]
2024-07-29 10:40:51,231 RobotKinematics.cpp:296 [INFO] controlValueCur_L: [0.0629592, -0.0183163, 0.0413685, 0.0413685, 0.00124359, 0.0038414, 0.00191116, 0]
2024-07-29 10:40:51,236 RobotKinematics.cpp:296 [INFO] controlValueCur_L: [0.0602446, -0.0190201, 0.04386, 0.04386, 0.000450134, 0.00245667, 0.00410748, 0]
2024-07-29 10:40:51,241 RobotKinematics.cpp:296 [INFO] controlValueCur_L: [0.0603828, -0.0196457, 0.0457125, 0.0457125, 0.00164795, 0.00412369, 0.00226402, 0]
2024-07-29 10:40:51,246 RobotKinematics.cpp:296 [INFO] controlValueCur_L: [0.0620518, -0.0199795, 0.0478802, 0.0478802, 0.00263977, 0.00434494, 0.00802517, 0]
2024-07-29 10:40:51,251 RobotKinematics.cpp:296 [INFO] controlValueCur_L: [0.0629416, -0.0196953, 0.0484552, 0.0484552, 0.0023613, 0.00345993, 0.00747776, 0]
2024-07-29 10:40:51,257 RobotKinematics.cpp:296 [INFO] controlValueCur_L: [0.0643139, -0.0199718, 0.0497937, 0.0497937, 0.00442123, 0.00585938, 0.00550938, 0]
2024-07-29 10:40:51,262 RobotKinematics.cpp:296 [INFO] controlValueCur_L: [0.0666766, -0.0209026, 0.0525365, 0.0525365, 0.004673, 0.00432205, 0.0101595, 0]
2024-07-29 10:40:51,267 RobotKinematics.cpp:296 [INFO] controlValueCur_L: [0.0666766, -0.0209026, 0.0525365, 0.0525365, 0.004673, 0.00432205, 0.0101595, 0]
2024-07-29 10:40:51,272 RobotKinematics.cpp:296 [INFO] controlValueCur_L: [0.0662642, -0.0227489, 0.0529752, 0.0529752, 0.00391006, 0.00405502, 0.00940514, 0]
2024-07-29 10:40:51,277 RobotKinematics.cpp:296 [INFO] controlValueCur_L: [0.0639172, -0.0242252, 0.0522156, 0.0522156, 0.0050621, 0.00572205, 0.0110769, 0]
2024-07-29 10:40:51,283 RobotKinematics.cpp:296 [INFO] controlValueCur_L: [0.0605783, -0.0261269, 0.0505075, 0.0505075, 0.00400925, 0.00399399, 0.0104294, 0]
2024-07-29 10:40:51,288 RobotKinematics.cpp:296 [INFO] controlValueCur_L: [0.0566149, -0.0285492, 0.0491729, 0.0491729, 0.0041008, 0.00519943, 0.00747776, 0]
2024-07-29 10:40:51,293 RobotKinematics.cpp:296 [INFO] controlValueCur_L: [0.0502772, -0.0336571, 0.0455866, 0.0455866, 0.00447845, 0.004673, 0.00778198, 0]
2024-07-29 10:40:51,298 RobotKinematics.cpp:296 [INFO] controlValueCur_L: [0.04597, -0.0366287, 0.0429525, 0.0429525, 0.00450897, 0.00534821, 0.00239754, 0]
2024-07-29 10:40:51,304 RobotKinematics.cpp:296 [INFO] controlValueCur_L: [0.0412469, -0.0398006, 0.0403366, 0.0403366, 0.00511932, 0.00719452, -0.00476646, 0]
2024-07-29 10:40:51,309 RobotKinematics.cpp:296 [INFO] controlValueCur_L: [0.0307469, -0.0463791, 0.0341544, 0.0341544, 0.0076828, 0.0226746, -0.0749073, 0]
2024-07-29 10:40:51,314 RobotKinematics.cpp:296 [INFO] controlValueCur_L: [0.0307469, -0.0463791, 0.0341544, 0.0341544, 0.0076828, 0.0226746, -0.0749073, 0]
2024-07-29 10:40:51,319 RobotKinematics.cpp:296 [INFO] controlValueCur_L: [0.0281119, -0.0511551, 0.0357809, 0.0357809, -0.000862122, 0.0113373, -0.0511808, 0]
2024-07-29 10:40:51,324 RobotKinematics.cpp:296 [INFO] controlValueCur_L: [0.0344748, -0.0501995, 0.0377483, 0.0377483, -0.00119019, 0.00934219, -0.0385141, 0]
2024-07-29 10:40:51,330 RobotKinematics.cpp:296 [INFO] controlValueCur_L: [0.0494776, -0.0463791, 0.0436821, 0.0436821, -0.000125885, 0.00631332, -0.0233707, 0]
2024-07-29 10:40:51,335 RobotKinematics.cpp:296 [INFO] controlValueCur_L: [0.0560603, -0.0431538, 0.047019, 0.047019, -0.00389481, 0.0038681, -0.024087, 0]
2024-07-29 10:40:51,340 RobotKinematics.cpp:296 [INFO] controlValueCur_L: [0.060154, -0.0405064, 0.0510569, 0.0510569, -0.00192642, 0.00543594, -0.0134993, 0]
2024-07-29 10:40:51,345 RobotKinematics.cpp:296 [INFO] controlValueCur_L: [0.0631614, -0.0379944, 0.055717, 0.055717, -0.000717163, 0.00544739, -0.00933552, 0]
2024-07-29 10:40:51,350 RobotKinematics.cpp:296 [INFO] controlValueCur_L: [0.0724621, -0.0317478, 0.0665827, 0.0665827, -0.00413513, 0.00457382, -0.0131683, 0]
2024-07-29 10:40:51,356 RobotKinematics.cpp:296 [INFO] controlValueCur_L: [0.0766468, -0.0288563, 0.0716262, 0.0716262, -0.00529861, 0.0052681, -0.0160513, 0]
2024-07-29 10:40:51,361 RobotKinematics.cpp:296 [INFO] controlValueCur_L: [0.0791092, -0.0259113, 0.0753436, 0.0753436, -0.00622559, 0.00448227, -0.0148621, 0]
2024-07-29 10:40:51,366 RobotKinematics.cpp:296 [INFO] controlValueCur_L: [0.0810466, -0.0234585, 0.0777855, 0.0777855, -0.00188065, 0.0071373, -0.0119295, 0]
2024-07-29 10:40:51,371 RobotKinematics.cpp:296 [INFO] controlValueCur_L: [0.0825591, -0.0215855, 0.0804601, 0.0804601, -0.00159073, 0.00686264, -0.0160341, 0]
2024-07-29 10:40:51,377 RobotKinematics.cpp:296 [INFO] controlValueCur_L: [0.0883932, -0.0182552, 0.0863757, 0.0863757, -0.0001297, 0.00485992, -0.0115767, 0]
2024-07-29 10:40:51,382 RobotKinematics.cpp:296 [INFO] controlValueCur_L: [0.0929413, -0.0166016, 0.0897264, 0.0897264, -0.000366211, 0.00668716, -0.0197201, 0]
2024-07-29 10:40:51,387 RobotKinematics.cpp:296 [INFO] controlValueCur_L: [0.0996008, -0.014183, 0.0941253, 0.0941253, -0.00202942, 0.00519943, -0.018177, 0]
2024-07-29 10:40:51,392 RobotKinematics.cpp:296 [INFO] controlValueCur_L: [0.125139, -0.00827789, 0.104978, 0.104978, 0.00154495, 0.00795746, -0.0112581, 0]
2024-07-29 10:40:51,397 RobotKinematics.cpp:296 [INFO] controlValueCur_L: [0.125139, -0.00827789, 0.104978, 0.104978, 0.00154495, 0.00795746, -0.0112581, 0]
2024-07-29 10:40:51,403 RobotKinematics.cpp:296 [INFO] controlValueCur_L: [0.158002, -0.000106812, 0.114042, 0.114042, -0.00102997, 0.0062294, -0.0082655, 0]
2024-07-29 10:40:51,408 RobotKinematics.cpp:296 [INFO] controlValueCur_L: [0.175318, 0.00476265, 0.118726, 0.118726, 0.00107574, 0.00849533, -0.0102158, 0]
2024-07-29 10:40:51,413 RobotKinematics.cpp:296 [INFO] controlValueCur_L: [0.19196, 0.0116405, 0.123286, 0.123286, -0.000183105, 0.00653458, -0.010746, 0]
2024-07-29 10:40:51,418 RobotKinematics.cpp:296 [INFO] controlValueCur_L: [0.218774, 0.0224438, 0.129154, 0.129154, -0.00166321, 0.00432205, -0.00921059, 0]
2024-07-29 10:40:51,423 RobotKinematics.cpp:296 [INFO] controlValueCur_L: [0.226555, 0.0279713, 0.130523, 0.130523, -0.000156403, 0.00555801, -0.00804806, 0]
2024-07-29 10:40:51,429 RobotKinematics.cpp:296 [INFO] controlValueCur_L: [0.229092, 0.0343781, 0.130283, 0.130283, -0.00215149, 0.00387955, -0.00619793, 0]
2024-07-29 10:40:51,434 RobotKinematics.cpp:296 [INFO] controlValueCur_L: [0.219858, 0.0467873, 0.125287, 0.125287, -0.00154877, 0.00513458, -0.00781155, 0]
2024-07-29 10:40:51,439 RobotKinematics.cpp:296 [INFO] controlValueCur_L: [0.211445, 0.053278, 0.121171, 0.121171, -0.000839233, 0.00525665, -0.00389576, 0]
2024-07-29 10:40:51,444 RobotKinematics.cpp:296 [INFO] controlValueCur_L: [0.200885, 0.0599918, 0.116858, 0.116858, -0.00203323, 0.00477982, -0.00758743, 0]
2024-07-29 10:40:51,449 RobotKinematics.cpp:296 [INFO] controlValueCur_L: [0.182807, 0.0762405, 0.109404, 0.109404, -0.000576019, 0.00482178, -0.00271416, 0]
2024-07-29 10:40:51,455 RobotKinematics.cpp:296 [INFO] controlValueCur_L: [0.182807, 0.0762405, 0.109404, 0.109404, -0.000576019, 0.00482178, -0.00271416, 0]
2024-07-29 10:40:51,460 RobotKinematics.cpp:296 [INFO] controlValueCur_L: [0.175108, 0.0926838, 0.104773, 0.104773, -0.00044632, 0.00541306, -0.00438023, 0]
2024-07-29 10:40:51,465 RobotKinematics.cpp:296 [INFO] controlValueCur_L: [0.173969, 0.100019, 0.102121, 0.102121, 0.00153732, 0.00634384, -0.00271416, 0]
2024-07-29 10:40:51,470 RobotKinematics.cpp:296 [INFO] controlValueCur_L: [0.170702, 0.10648, 0.0971317, 0.0971317, 0.000286102, 0.00538254, -0.0040102, 0]
2024-07-29 10:40:51,476 RobotKinematics.cpp:296 [INFO] controlValueCur_L: [0.15876, 0.11643, 0.0832295, 0.0832295, -0.00178146, 0.0033493, -0.00293732, 0]
2024-07-29 10:40:51,481 RobotKinematics.cpp:296 [INFO] controlValueCur_L: [0.154749, 0.119934, 0.0770774, 0.0770774, -0.00242996, 0.00238037, -0.000997543, 0]
2024-07-29 10:40:51,486 RobotKinematics.cpp:296 [INFO] controlValueCur_L: [0.153121, 0.122303, 0.0724487, 0.0724487, -0.00247955, 0.00206757, -0.000803947, 0]
2024-07-29 10:40:51,491 RobotKinematics.cpp:296 [INFO] controlValueCur_L: [0.155605, 0.124073, 0.0648217, 0.0648217, -0.00123978, 0.00223541, 0.00129414, 0]
2024-07-29 10:40:51,496 RobotKinematics.cpp:296 [INFO] controlValueCur_L: [0.155605, 0.124073, 0.0648217, 0.0648217, -0.00123978, 0.00223541, 0.00129414, 0]
2024-07-29 10:40:51,501 RobotKinematics.cpp:296 [INFO] controlValueCur_L: [0.164959, 0.124004, 0.060236, 0.060236, 3.05176e-05, 0.00311279, 0.00165939, 0]
2024-07-29 10:40:51,507 RobotKinematics.cpp:296 [INFO] controlValueCur_L: [0.172122, 0.12281, 0.0590901, 0.0590901, 0.00248337, 0.00416565, 0.00210285, 0]
2024-07-29 10:40:51,512 RobotKinematics.cpp:296 [INFO] controlValueCur_L: [0.178014, 0.120836, 0.0582662, 0.0582662, 0.00258636, 0.00415039, 0.000392914, 0]
2024-07-29 10:40:51,517 RobotKinematics.cpp:296 [INFO] controlValueCur_L: [0.182081, 0.118017, 0.0570464, 0.0570464, 0.00112915, 0.00331497, 0.000963211, 0]
2024-07-29 10:40:51,522 RobotKinematics.cpp:296 [INFO] controlValueCur_L: [0.187273, 0.110723, 0.0555801, 0.0555801, 0.0017128, 0.00370407, 0.00305557, 0]
2024-07-29 10:40:51,528 RobotKinematics.cpp:296 [INFO] controlValueCur_L: [0.190081, 0.106699, 0.0556707, 0.0556707, -0.000724792, 0.00130081, 0.00403595, 0]
2024-07-29 10:40:51,533 RobotKinematics.cpp:296 [INFO] controlValueCur_L: [0.192675, 0.102318, 0.0564818, 0.0564818, 0.00147247, 0.00301743, 0.00706005, 0]
2024-07-29 10:40:51,538 RobotKinematics.cpp:296 [INFO] controlValueCur_L: [0.199034, 0.0940647, 0.0606728, 0.0606728, -0.00165558, 0.00212479, 0.00419903, 0]
2024-07-29 10:40:51,543 RobotKinematics.cpp:296 [INFO] controlValueCur_L: [0.203904, 0.0894299, 0.0644054, 0.0644054, -0.00279236, 0.00056839, 0.00414753, 0]
2024-07-29 10:40:51,549 RobotKinematics.cpp:296 [INFO] controlValueCur_L: [0.209661, 0.0836887, 0.0695128, 0.0695128, -0.00318909, 0, 0.0027113, 0]
2024-07-29 10:40:51,554 RobotKinematics.cpp:296 [INFO] controlValueCur_L: [0.216368, 0.0777569, 0.0764995, 0.0764995, -0.00296021, 0.000125885, 0.00357342, 0]
2024-07-29 10:40:51,559 RobotKinematics.cpp:296 [INFO] controlValueCur_L: [0.236849, 0.065258, 0.0984282, 0.0984282, -0.0029068, -9.53674e-05, 0.0035305, 0]
2024-07-29 10:40:51,564 RobotKinematics.cpp:296 [INFO] controlValueCur_L: [0.251651, 0.0596867, 0.113737, 0.113737, -0.00249863, 0.000663757, 0.00400925, 0]
2024-07-29 10:40:51,569 RobotKinematics.cpp:296 [INFO] controlValueCur_L: [0.267428, 0.0561905, 0.13027, 0.13027, -0.00124741, 0.00125122, 0.00595951, 0]
2024-07-29 10:40:51,575 RobotKinematics.cpp:296 [INFO] controlValueCur_L: [0.284253, 0.0533352, 0.14683, 0.14683, 3.05176e-05, 0.000984192, 0.00623703, 0]
2024-07-29 10:40:51,580 RobotKinematics.cpp:296 [INFO] controlValueCur_L: [0.32519, 0.0521717, 0.179255, 0.179255, 0.00228119, 0.00185394, 0.00853539, 0]
2024-07-29 10:40:51,585 RobotKinematics.cpp:296 [INFO] controlValueCur_L: [0.339701, 0.0504665, 0.193521, 0.193521, 0.00242233, 0.00351715, 0.00391483, 0]
2024-07-29 10:40:51,590 RobotKinematics.cpp:296 [INFO] controlValueCur_L: [0.349009, 0.0483761, 0.204502, 0.204502, 0.00142288, 0.00261307, 0.00155735, 0]
2024-07-29 10:40:51,595 RobotKinematics.cpp:296 [INFO] controlValueCur_L: [0.355968, 0.0472336, 0.215083, 0.215083, 0.00105286, 0.00319672, 0.00412846, 0]
2024-07-29 10:40:51,601 RobotKinematics.cpp:296 [INFO] controlValueCur_L: [0.365415, 0.0405083, 0.229733, 0.229733, 0.00119019, 0.00305939, 0.00481319, 0]
2024-07-29 10:40:51,606 RobotKinematics.cpp:296 [INFO] controlValueCur_L: [0.365448, 0.0361576, 0.232679, 0.232679, 0.00143051, 0.00249863, 0.0066576, 0]
2024-07-29 10:40:51,611 RobotKinematics.cpp:296 [INFO] controlValueCur_L: [0.362121, 0.0315685, 0.236274, 0.236274, 0.000934601, 0.00305176, 0.00354481, 0]
2024-07-29 10:40:51,616 RobotKinematics.cpp:296 [INFO] controlValueCur_L: [0.360332, 0.0269222, 0.240174, 0.240174, -0.000400543, 0.00317764, -0.000378609, 0]
2024-07-29 10:40:51,621 RobotKinematics.cpp:296 [INFO] controlValueCur_L: [0.358622, 0.0218239, 0.245074, 0.245074, -0.00101852, 0.00221252, -0.00217628, 0]
2024-07-29 10:40:51,627 RobotKinematics.cpp:296 [INFO] controlValueCur_L: [0.354846, 0.0124474, 0.251635, 0.251635, -0.000434875, 0.00108719, -0.0023365, 0]
2024-07-29 10:40:51,632 RobotKinematics.cpp:296 [INFO] controlValueCur_L: [0.354002, 0.00704765, 0.254367, 0.254367, 0.000411987, 0.00146866, 0.00045681, 0]
2024-07-29 10:40:51,637 RobotKinematics.cpp:296 [INFO] controlValueCur_L: [0.352365, 0.00149918, 0.258385, 0.258385, -9.53674e-05, 0.00171661, -0.00261593, 0]
2024-07-29 10:40:51,642 RobotKinematics.cpp:296 [INFO] controlValueCur_L: [0.353543, -0.00940132, 0.26835, 0.26835, -0.00138474, 0.00107956, -0.00190544, 0]
2024-07-29 10:40:51,648 RobotKinematics.cpp:296 [INFO] controlValueCur_L: [0.358605, -0.0154305, 0.275396, 0.275396, -0.00214767, 3.8147e-05, -0.00107002, 0]
2024-07-29 10:40:51,653 RobotKinematics.cpp:296 [INFO] controlValueCur_L: [0.364061, -0.0206661, 0.284531, 0.284531, -0.000667572, 0.00140762, -0.00199413, 0]
2024-07-29 10:40:51,658 RobotKinematics.cpp:296 [INFO] controlValueCur_L: [0.374319, -0.0291195, 0.301384, 0.301384, -0.00113297, 0.00166321, -0.00437069, 0]
2024-07-29 10:40:51,663 RobotKinematics.cpp:296 [INFO] controlValueCur_L: [0.374319, -0.0291195, 0.301384, 0.301384, -0.00113297, 0.00166321, -0.00437069, 0]
2024-07-29 10:40:51,668 RobotKinematics.cpp:296 [INFO] controlValueCur_L: [0.375839, -0.034708, 0.314097, 0.314097, -0.00107574, 0.0018959, -0.00359631, 0]
2024-07-29 10:40:51,674 RobotKinematics.cpp:296 [INFO] controlValueCur_L: [0.369685, -0.0371132, 0.317179, 0.317179, -0.0020256, 0.00188446, -0.00704098, 0]
2024-07-29 10:40:51,679 RobotKinematics.cpp:296 [INFO] controlValueCur_L: [0.359935, -0.0384083, 0.320003, 0.320003, -0.000774384, 0.00208282, -0.00468826, 0]
2024-07-29 10:40:51,684 RobotKinematics.cpp:296 [INFO] controlValueCur_L: [0.338086, -0.0418186, 0.324816, 0.324816, -0.00149918, 0.000621796, -0.0048275, 0]
2024-07-29 10:40:51,689 RobotKinematics.cpp:296 [INFO] controlValueCur_L: [0.326876, -0.0431633, 0.327084, 0.327084, -0.000915527, 0.0015564, -0.00358391, 0]
2024-07-29 10:40:51,695 RobotKinematics.cpp:296 [INFO] controlValueCur_L: [0.315256, -0.0429325, 0.330071, 0.330071, 0.000164032, 0.00209427, -0.00297737, 0]
2024-07-29 10:40:51,700 RobotKinematics.cpp:296 [INFO] controlValueCur_L: [0.304281, -0.0399857, 0.34099, 0.34099, 8.01086e-05, 0.00210571, -0.00520229, 0]
2024-07-29 10:40:51,705 RobotKinematics.cpp:296 [INFO] controlValueCur_L: [0.304281, -0.0399857, 0.34099, 0.34099, 8.01086e-05, 0.00210571, -0.00520229, 0]
2024-07-29 10:40:51,710 RobotKinematics.cpp:296 [INFO] controlValueCur_L: [0.308932, -0.033617, 0.35619, 0.35619, -0.00154114, 3.05176e-05, -0.00372028, 0]
2024-07-29 10:40:51,715 RobotKinematics.cpp:296 [INFO] controlValueCur_L: [0.310184, -0.0305157, 0.362315, 0.362315, -0.00062561, 0.00164032, -0.00535202, 0]
2024-07-29 10:40:51,721 RobotKinematics.cpp:296 [INFO] controlValueCur_L: [0.311541, -0.0273266, 0.368468, 0.368468, 0.000213623, 0.000488281, -0.00278282, 0]
2024-07-29 10:40:51,726 RobotKinematics.cpp:296 [INFO] controlValueCur_L: [0.321459, -0.0212708, 0.385308, 0.385308, -0.00163651, -0.000846863, -0.00294685, 0]
2024-07-29 10:40:51,731 RobotKinematics.cpp:296 [INFO] controlValueCur_L: [0.325973, -0.0188751, 0.39448, 0.39448, 0.000465393, 0.00100708, -0.00108242, 0]
2024-07-29 10:40:51,736 RobotKinematics.cpp:296 [INFO] controlValueCur_L: [0.327705, -0.015934, 0.403761, 0.403761, -0.00120544, 0.000282288, -0.00450516, 0]
2024-07-29 10:40:51,742 RobotKinematics.cpp:296 [INFO] controlValueCur_L: [0.328863, -0.010622, 0.421351, 0.421351, -0.00178528, -0.00037384, -0.000486374, 0]
2024-07-29 10:40:51,747 RobotKinematics.cpp:296 [INFO] controlValueCur_L: [0.327575, -0.00985336, 0.431937, 0.431937, 0.000278473, 0.00137711, 0.000304222, 0]
2024-07-29 10:40:51,752 RobotKinematics.cpp:296 [INFO] controlValueCur_L: [0.326602, -0.00780106, 0.444445, 0.444445, -0.000770569, -0.000404358, 0.00227451, 0]
2024-07-29 10:40:51,757 RobotKinematics.cpp:296 [INFO] controlValueCur_L: [0.32782, -0.00644112, 0.457608, 0.457608, -0.0010376, -0.000701904, 0.00295448, 0]
2024-07-29 10:40:51,762 RobotKinematics.cpp:296 [INFO] controlValueCur_L: [0.329178, -0.00462151, 0.470757, 0.470757, -0.00144196, -0.0012207, 0.00194263, 0]
2024-07-29 10:40:51,768 RobotKinematics.cpp:296 [INFO] controlValueCur_L: [0.338742, 0.000413895, 0.496496, 0.496496, -0.00120544, -0.00124359, 0.0010891, 0]
2024-07-29 10:40:51,773 RobotKinematics.cpp:296 [INFO] controlValueCur_L: [0.350708, 0.0013752, 0.512233, 0.512233, -0.00302887, -0.00342178, 0.00295353, 0]
2024-07-29 10:40:51,778 RobotKinematics.cpp:296 [INFO] controlValueCur_L: [0.360501, 0.00382233, 0.527626, 0.527626, -0.00301743, -0.002388, 0.00145626, 0]
2024-07-29 10:40:51,783 RobotKinematics.cpp:296 [INFO] controlValueCur_L: [0.367771, 0.00792503, 0.540164, 0.540164, -0.00143814, -0.0014534, 0.0062685, 0]
2024-07-29 10:40:51,788 RobotKinematics.cpp:296 [INFO] controlValueCur_L: [0.376708, 0.0204239, 0.566162, 0.566162, -0.00154114, -0.000499725, 0.00340271, 0]
2024-07-29 10:40:51,794 RobotKinematics.cpp:296 [INFO] controlValueCur_L: [0.376088, 0.0255795, 0.579051, 0.579051, -0.00111389, -0.000255585, 0.00472641, 0]
2024-07-29 10:40:51,799 RobotKinematics.cpp:296 [INFO] controlValueCur_L: [0.375214, 0.0302906, 0.588877, 0.588877, -0.00167847, -0.00164413, 0.00955105, 0]
2024-07-29 10:40:51,804 RobotKinematics.cpp:296 [INFO] controlValueCur_L: [0.368546, 0.0343227, 0.596828, 0.596828, -0.00163651, -0.000965118, 0.00645447, 0]
2024-07-29 10:40:51,809 RobotKinematics.cpp:296 [INFO] controlValueCur_L: [0.34857, 0.0433826, 0.604936, 0.604936, -0.00167465, -0.000774384, 0.00565434, 0]
2024-07-29 10:40:51,815 RobotKinematics.cpp:296 [INFO] controlValueCur_L: [0.34316, 0.046463, 0.60952, 0.60952, -0.00154877, -0.000350952, 0.00703144, 0]
2024-07-29 10:40:51,820 RobotKinematics.cpp:296 [INFO] controlValueCur_L: [0.339056, 0.050211, 0.617421, 0.617421, -0.00160599, 0.000118256, 0.00786781, 0]
2024-07-29 10:40:51,825 RobotKinematics.cpp:296 [INFO] controlValueCur_L: [0.336816, 0.0526772, 0.624501, 0.624501, -0.000301361, 0.000419617, 0.00846291, 0]
2024-07-29 10:40:51,830 RobotKinematics.cpp:296 [INFO] controlValueCur_L: [0.33607, 0.0585709, 0.640172, 0.640172, -0.00115967, 0.00159836, 0.0043354, 0]
2024-07-29 10:40:51,835 RobotKinematics.cpp:296 [INFO] controlValueCur_L: [0.341505, 0.0623741, 0.649951, 0.649951, -0.00135803, 0.00136566, 0.00623131, 0]
2024-07-29 10:40:51,841 RobotKinematics.cpp:296 [INFO] controlValueCur_L: [0.353173, 0.0645294, 0.660278, 0.660278, -0.00225067, 0.00196075, 0.00169659, 0]
2024-07-29 10:40:51,846 RobotKinematics.cpp:296 [INFO] controlValueCur_L: [0.386637, 0.070261, 0.684129, 0.684129, -0.00289917, 0.00194931, 0.0019474, 0]
2024-07-29 10:40:51,851 RobotKinematics.cpp:296 [INFO] controlValueCur_L: [0.409125, 0.0737858, 0.696923, 0.696923, -0.00290298, 0.00297928, 0.00159454, 0]
2024-07-29 10:40:51,856 RobotKinematics.cpp:296 [INFO] controlValueCur_L: [0.435596, 0.0767937, 0.709725, 0.709725, -0.00260162, 0.00354767, 0.00212193, 0]
2024-07-29 10:40:51,861 RobotKinematics.cpp:296 [INFO] controlValueCur_L: [0.46454, 0.0807858, 0.726124, 0.726124, -0.000465393, 0.00498581, 0.00620461, 0]
2024-07-29 10:40:51,867 RobotKinematics.cpp:296 [INFO] controlValueCur_L: [0.520354, 0.0856419, 0.759176, 0.759176, -0.00151062, 0.00507355, 0.00675011, 0]
2024-07-29 10:40:51,872 RobotKinematics.cpp:296 [INFO] controlValueCur_L: [0.520354, 0.0856419, 0.759176, 0.759176, -0.00151062, 0.00507355, 0.00675011, 0]
2024-07-29 10:40:51,877 RobotKinematics.cpp:296 [INFO] controlValueCur_L: [0.559726, 0.088995, 0.787972, 0.787972, 0.000770569, 0.00761795, 0.00713253, 0]
2024-07-29 10:40:51,882 RobotKinematics.cpp:296 [INFO] controlValueCur_L: [0.58235, 0.0884018, 0.805361, 0.805361, -0.000434875, 0.00649261, 0.00575256, 0]
2024-07-29 10:40:51,887 RobotKinematics.cpp:296 [INFO] controlValueCur_L: [0.610566, 0.088913, 0.824028, 0.824028, 0.000595093, 0.00793839, 0.00512409, 0]
2024-07-29 10:40:51,892 RobotKinematics.cpp:296 [INFO] controlValueCur_L: [0.663343, 0.0894833, 0.859201, 0.859201, 0.000259399, 0.00758743, 0.00605583, 0]
2024-07-29 10:40:51,898 RobotKinematics.cpp:296 [INFO] controlValueCur_L: [0.684695, 0.0902748, 0.87447, 0.87447, 0.00131607, 0.00738525, 0.0079155, 0]
2024-07-29 10:40:51,903 RobotKinematics.cpp:296 [INFO] controlValueCur_L: [0.705364, 0.0911274, 0.891521, 0.891521, 0.0017395, 0.0084343, 0.0098238, 0]
2024-07-29 10:40:51,908 RobotKinematics.cpp:296 [INFO] controlValueCur_L: [0.747934, 0.0926075, 0.928245, 0.928245, 0.00189209, 0.00847626, 0.00803947, 0]
2024-07-29 10:40:51,913 RobotKinematics.cpp:296 [INFO] controlValueCur_L: [0.747934, 0.0926075, 0.928245, 0.928245, 0.00189209, 0.00847626, 0.00803947, 0]
2024-07-29 10:40:51,918 RobotKinematics.cpp:296 [INFO] controlValueCur_L: [0.808634, 0.0951843, 0.974479, 0.974479, 0.00164413, 0.00937653, 0.00834942, 0]
2024-07-29 10:40:51,923 RobotKinematics.cpp:296 [INFO] controlValueCur_L: [0.851047, 0.095026, 1.0005, 1.0005, 0.00312042, 0.0105858, 0.0096426, 0]
2024-07-29 10:40:51,929 RobotKinematics.cpp:296 [INFO] controlValueCur_L: [0.898882, 0.0996189, 1.03053, 1.03053, 0.00368881, 0.0098877, 0.01334, 0]
2024-07-29 10:40:51,934 RobotKinematics.cpp:296 [INFO] controlValueCur_L: [1.02113, 0.102629, 1.09875, 1.09875, 0.00294876, 0.0102577, 0.00831318, 0]
2024-07-29 10:40:51,939 RobotKinematics.cpp:296 [INFO] controlValueCur_L: [1.08584, 0.103096, 1.13206, 1.13206, 0.00151062, 0.00914001, 0.0077858, 0]
2024-07-29 10:40:51,946 RobotKinematics.cpp:296 [INFO] controlValueCur_L: [1.14905, 0.104805, 1.16741, 1.16741, 0.000770569, 0.00831985, 0.00926495, 0]
2024-07-29 10:40:51,951 RobotKinematics.cpp:296 [INFO] controlValueCur_L: [1.21302, 0.101028, 1.20257, 1.20257, 0.000762939, 0.00862122, 0.00816345, 0]
2024-07-29 10:40:51,956 RobotKinematics.cpp:296 [INFO] controlValueCur_L: [1.36032, 0.095068, 1.2845, 1.2845, 0.00163651, 0.00762558, 0.0123091, 0]
2024-07-29 10:40:51,961 RobotKinematics.cpp:296 [INFO] controlValueCur_L: [1.44184, 0.0895386, 1.32826, 1.32826, 0.0030365, 0.00889206, 0.00912476, 0]
2024-07-29 10:40:51,967 RobotKinematics.cpp:296 [INFO] controlValueCur_L: [1.51321, 0.0786171, 1.36723, 1.36723, 0.00251007, 0.00811768, 0.00919914, 0]
2024-07-29 10:40:51,972 RobotKinematics.cpp:296 [INFO] controlValueCur_L: [1.6233, 0.056427, 1.4226, 1.4226, 0.00305939, 0.0063324, 0.0140152, 0]
2024-07-29 10:40:51,977 RobotKinematics.cpp:296 [INFO] controlValueCur_L: [1.66419, 0.0459251, 1.44399, 1.44399, 0.00387573, 0.00868988, 0.0086174, 0]
2024-07-29 10:40:51,982 RobotKinematics.cpp:296 [INFO] controlValueCur_L: [1.70487, 0.0329304, 1.46926, 1.46926, 0.00399399, 0.00720596, 0.00893879, 0]
2024-07-29 10:40:51,987 RobotKinematics.cpp:296 [INFO] controlValueCur_L: [1.75392, 0.0200272, 1.50192, 1.50192, 0.00551605, 0.00947189, 0.00796318, 0]
2024-07-29 10:40:51,993 RobotKinematics.cpp:296 [INFO] controlValueCur_L: [1.90574, -0.0104885, 1.59196, 1.59196, 0.00644302, 0.0113716, 0.00475311, 0]
2024-07-29 10:40:51,998 RobotKinematics.cpp:296 [INFO] controlValueCur_L: [1.99343, -0.0307369, 1.64023, 1.64023, 0.0057106, 0.00986099, 0.00727844, 0]
2024-07-29 10:40:52,003 RobotKinematics.cpp:296 [INFO] controlValueCur_L: [2.08401, -0.0519066, 1.69242, 1.69242, 0.00650024, 0.0113869, 0.00431156, 0]
2024-07-29 10:40:52,008 RobotKinematics.cpp:296 [INFO] controlValueCur_L: [2.18769, -0.0726185, 1.74344, 1.74344, 0.00624084, 0.0102005, 0.00785446, 0]
2024-07-29 10:40:52,013 RobotKinematics.cpp:296 [INFO] controlValueCur_L: [2.41235, -0.117138, 1.86253, 1.86253, 0.00688934, 0.0104904, 0.00618935, 0]
2024-07-29 10:40:52,019 RobotKinematics.cpp:296 [INFO] controlValueCur_L: [2.54846, -0.140539, 1.93651, 1.93651, 0.00649643, 0.0105019, 0.00573635, 0]
2024-07-29 10:40:52,024 RobotKinematics.cpp:296 [INFO] controlValueCur_L: [2.70541, -0.168653, 2.02075, 2.02075, 0.00517654, 0.0088768, 0.00526047, 0]
2024-07-29 10:40:52,029 RobotKinematics.cpp:296 [INFO] controlValueCur_L: [2.87556, -0.2005, 2.11508, 2.11508, 0.00723267, 0.0110931, 0.00511932, 0]
2024-07-29 10:40:52,034 RobotKinematics.cpp:296 [INFO] controlValueCur_L: [3.23769, -0.270412, 2.31924, 2.31924, 0.00894165, 0.0131149, 0.00631523, 0]
2024-07-29 10:40:52,039 RobotKinematics.cpp:296 [INFO] controlValueCur_L: [3.42481, -0.31267, 2.4292, 2.4292, 0.00878525, 0.013279, 0.00425529, 0]
2024-07-29 10:40:52,045 RobotKinematics.cpp:296 [INFO] controlValueCur_L: [3.61408, -0.360567, 2.54805, 2.54805, 0.00878525, 0.0139847, 0.0025034, 0]
2024-07-29 10:40:52,050 RobotKinematics.cpp:296 [INFO] controlValueCur_L: [3.81575, -0.411951, 2.67287, 2.67287, 0.00823212, 0.0131683, 0.00369167, 0]
2024-07-29 10:40:52,055 RobotKinematics.cpp:296 [INFO] controlValueCur_L: [4.30055, -0.523869, 2.96902, 2.96902, 0.00986099, 0.0148849, 0.00537395, 0]
2024-07-29 10:40:52,060 RobotKinematics.cpp:296 [INFO] controlValueCur_L: [4.58218, -0.579151, 3.14385, 3.14385, 0.00826645, 0.0137634, 0.00298405, 0]
2024-07-29 10:40:52,065 RobotKinematics.cpp:296 [INFO] controlValueCur_L: [4.88002, -0.640442, 3.32957, 3.32957, 0.0114174, 0.015976, 0.00630188, 0]
2024-07-29 10:40:52,070 RobotKinematics.cpp:296 [INFO] controlValueCur_L: [5.19451, -0.708452, 3.52343, 3.52343, 0.0110703, 0.0159988, 0.00326061, 0]
2024-07-29 10:40:52,076 RobotKinematics.cpp:296 [INFO] controlValueCur_L: [5.53161, -0.786816, 3.72638, 3.72638, 0.0131874, 0.0183525, 0.00241852, 0]
2024-07-29 10:40:52,081 RobotKinematics.cpp:296 [INFO] controlValueCur_L: [6.3488, -0.958353, 4.19255, 4.19255, 0.0139351, 0.0197525, 0.00220108, 0]
2024-07-29 10:40:52,086 RobotKinematics.cpp:296 [INFO] controlValueCur_L: [6.88901, -1.0466, 4.45639, 4.45639, 0.0139618, 0.0198631, 0.00293255, 0]
2024-07-29 10:40:52,091 RobotKinematics.cpp:296 [INFO] controlValueCur_L: [7.48011, -1.15409, 4.77925, 4.77925, 0.0147171, 0.0199089, 0.00686741, 0]
2024-07-29 10:40:52,096 RobotKinematics.cpp:296 [INFO] controlValueCur_L: [8.65197, -1.45927, 5.49238, 5.49238, 0.0145531, 0.0194969, 0.00793171, 0]
2024-07-29 10:40:52,102 RobotKinematics.cpp:296 [INFO] controlValueCur_L: [9.19786, -1.62418, 5.83362, 5.83362, 0.0145874, 0.0196953, 0.00679398, 0]
2024-07-29 10:40:52,107 RobotKinematics.cpp:296 [INFO] controlValueCur_L: [9.67608, -1.78763, 6.14485, 6.14485, 0.014946, 0.0214119, 0.00471306, 0]
2024-07-29 10:40:52,112 RobotKinematics.cpp:296 [INFO] controlValueCur_L: [10.4326, -2.11382, 6.70606, 6.70606, 0.0144806, 0.0203743, 0.00945568, 0]
2024-07-29 10:40:52,117 RobotKinematics.cpp:296 [INFO] controlValueCur_L: [10.4326, -2.11382, 6.70606, 6.70606, 0.0144806, 0.0203743, 0.00945568, 0]
2024-07-29 10:40:52,122 RobotKinematics.cpp:296 [INFO] controlValueCur_L: [11.1364, -2.44371, 7.25982, 7.25982, 0.0138359, 0.0207481, 0.00709343, 0]
2024-07-29 10:40:52,128 RobotKinematics.cpp:296 [INFO] controlValueCur_L: [11.5002, -2.61334, 7.54496, 7.54496, 0.0139694, 0.0216599, 0.0103054, 0]
2024-07-29 10:40:52,133 RobotKinematics.cpp:296 [INFO] controlValueCur_L: [11.8576, -2.78224, 7.82383, 7.82383, 0.014595, 0.0233421, 0.00690651, 0]
2024-07-29 10:40:52,138 RobotKinematics.cpp:296 [INFO] controlValueCur_L: [12.4699, -3.09835, 8.32066, 8.32066, 0.0120697, 0.0211601, 0.00794411, 0]
2024-07-29 10:40:52,143 RobotKinematics.cpp:296 [INFO] controlValueCur_L: [12.692, -3.23877, 8.53061, 8.53061, 0.0115814, 0.021328, 0.00640965, 0]
2024-07-29 10:40:52,148 RobotKinematics.cpp:296 [INFO] controlValueCur_L: [12.855, -3.3725, 8.73931, 8.73931, 0.0123291, 0.0225372, 0.00403309, 0]
2024-07-29 10:40:52,154 RobotKinematics.cpp:296 [INFO] controlValueCur_L: [13.186, -3.62296, 9.15419, 9.15419, 0.013752, 0.0242004, 0.00272179, 0]
2024-07-29 10:40:52,159 RobotKinematics.cpp:296 [INFO] controlValueCur_L: [13.186, -3.62296, 9.15419, 9.15419, 0.013752, 0.0242004, 0.00272179, 0]
2024-07-29 10:40:52,164 RobotKinematics.cpp:296 [INFO] controlValueCur_L: [13.6117, -3.88811, 9.5817, 9.5817, 0.0125351, 0.022953, 0.00485706, 0]
2024-07-29 10:40:52,169 RobotKinematics.cpp:296 [INFO] controlValueCur_L: [13.7995, -4.03359, 9.80412, 9.80412, 0.0137634, 0.0251541, 0.00226784, 0]
2024-07-29 10:40:52,174 RobotKinematics.cpp:296 [INFO] controlValueCur_L: [13.9506, -4.17997, 10.0286, 10.0286, 0.0150642, 0.0255127, 0.0019455, 0]
2024-07-29 10:40:52,179 RobotKinematics.cpp:296 [INFO] controlValueCur_L: [14.2025, -4.46585, 10.4696, 10.4696, 0.0134583, 0.0234985, 0.00273418, 0]
2024-07-29 10:40:52,185 RobotKinematics.cpp:296 [INFO] controlValueCur_L: [14.3272, -4.60875, 10.6951, 10.6951, 0.0132141, 0.0240097, 0.00039196, 0]
2024-07-29 10:40:52,190 RobotKinematics.cpp:296 [INFO] controlValueCur_L: [14.4482, -4.75781, 10.9258, 10.9258, 0.0126839, 0.0220413, 0.00697041, 0]
2024-07-29 10:40:52,195 RobotKinematics.cpp:296 [INFO] controlValueCur_L: [14.5627, -4.90834, 11.1587, 11.1587, 0.0123138, 0.0219765, 0.00343323, 0]
2024-07-29 10:40:52,200 RobotKinematics.cpp:296 [INFO] controlValueCur_L: [14.6644, -5.05611, 11.3879, 11.3879, 0.0112686, 0.0214348, 0.00309753, 0]
2024-07-29 10:40:52,205 RobotKinematics.cpp:296 [INFO] controlValueCur_L: [14.8127, -5.34039, 11.8261, 11.8261, 0.0121422, 0.0222855, 0.00538445, 0]
2024-07-29 10:40:52,211 RobotKinematics.cpp:296 [INFO] controlValueCur_L: [14.872, -5.48084, 12.0466, 12.0466, 0.0124779, 0.0234718, 0.00154018, 0]
2024-07-29 10:40:52,216 RobotKinematics.cpp:296 [INFO] controlValueCur_L: [14.9367, -5.62273, 12.2685, 12.2685, 0.0136108, 0.0243073, 0.00232315, 0]
2024-07-29 10:40:52,221 RobotKinematics.cpp:296 [INFO] controlValueCur_L: [14.9938, -5.77039, 12.4953, 12.4953, 0.0129929, 0.0226974, 0.00305176, 0]
2024-07-29 10:40:52,226 RobotKinematics.cpp:296 [INFO] controlValueCur_L: [15.1449, -6.07928, 12.9654, 12.9654, 0.012886, 0.0224724, 0.00330734, 0]
2024-07-29 10:40:52,231 RobotKinematics.cpp:296 [INFO] controlValueCur_L: [15.2329, -6.23396, 13.1984, 13.1984, 0.0120583, 0.0225449, 0.00113106, 0]
2024-07-29 10:40:52,237 RobotKinematics.cpp:296 [INFO] controlValueCur_L: [15.3108, -6.39107, 13.4475, 13.4475, 0.0114822, 0.0226555, -0.00290012, 0]
2024-07-29 10:40:52,242 RobotKinematics.cpp:296 [INFO] controlValueCur_L: [15.3817, -6.55268, 13.6952, 13.6952, 0.0117302, 0.0236092, -0.00318623, 0]
2024-07-29 10:40:52,247 RobotKinematics.cpp:296 [INFO] controlValueCur_L: [15.4877, -6.82247, 14.0771, 14.0771, 0.0107765, 0.0232124, -0.00231647, 0]
2024-07-29 10:40:52,252 RobotKinematics.cpp:296 [INFO] controlValueCur_L: [15.5171, -6.93692, 14.2303, 14.2303, 0.0099678, 0.0212135, -0.00222111, 0]
2024-07-29 10:40:52,257 RobotKinematics.cpp:296 [INFO] controlValueCur_L: [15.5352, -7.04194, 14.3621, 14.3621, 0.00810242, 0.0192947, -0.000162125, 0]
2024-07-29 10:40:52,263 RobotKinematics.cpp:296 [INFO] controlValueCur_L: [15.539, -7.13137, 14.4731, 14.4731, 0.00709152, 0.0179138, -0.000202179, 0]
2024-07-29 10:40:52,268 RobotKinematics.cpp:296 [INFO] controlValueCur_L: [15.5084, -7.28817, 14.663, 14.663, 0.00831604, 0.0182381, 0.000231743, 0]
2024-07-29 10:40:52,273 RobotKinematics.cpp:296 [INFO] controlValueCur_L: [15.4778, -7.35723, 14.7449, 14.7449, 0.00696945, 0.0167198, 0.00109577, 0]
2024-07-29 10:40:52,278 RobotKinematics.cpp:296 [INFO] controlValueCur_L: [15.4396, -7.42139, 14.8177, 14.8177, 0.00926208, 0.0201416, -0.000581741, 0]
2024-07-29 10:40:52,283 RobotKinematics.cpp:296 [INFO] controlValueCur_L: [15.362, -7.53012, 14.9366, 14.9366, 0.0108833, 0.0219536, -0.00177097, 0]
2024-07-29 10:40:52,289 RobotKinematics.cpp:296 [INFO] controlValueCur_L: [15.3361, -7.57898, 14.9842, 14.9842, 0.0111427, 0.0212517, 0.000981331, 0]
2024-07-29 10:40:52,294 RobotKinematics.cpp:296 [INFO] controlValueCur_L: [15.3196, -7.62153, 15.0263, 15.0263, 0.0100403, 0.0217743, -0.00163174, 0]
2024-07-29 10:40:52,299 RobotKinematics.cpp:296 [INFO] controlValueCur_L: [15.3099, -7.66091, 15.0588, 15.0588, 0.00814819, 0.0196419, 0.000794411, 0]
2024-07-29 10:40:52,304 RobotKinematics.cpp:296 [INFO] controlValueCur_L: [15.2867, -7.74161, 15.131, 15.131, 0.00134659, 0.0136986, 0.00437069, 0]
2024-07-29 10:40:52,309 RobotKinematics.cpp:296 [INFO] controlValueCur_L: [15.2748, -7.78219, 15.1678, 15.1678, -0.00691986, 0.00621796, 0.00893497, 0]
2024-07-29 10:40:52,315 RobotKinematics.cpp:296 [INFO] controlValueCur_L: [15.2748, -7.78219, 15.1678, 15.1678, -0.00691986, 0.00621796, 0.00893497, 0]
2024-07-29 10:40:52,320 RobotKinematics.cpp:296 [INFO] controlValueCur_L: [15.0806, -7.78191, 15.0768, 15.0768, 0.000400543, 0.0120659, 0.00924206, 0]
2024-07-29 10:40:52,325 RobotKinematics.cpp:296 [INFO] controlValueCur_L: [14.8666, -7.72877, 14.9395, 14.9395, 0.00056839, 0.0131187, 0.00607014, 0]
2024-07-29 10:40:52,330 RobotKinematics.cpp:296 [INFO] controlValueCur_L: [14.8666, -7.72877, 14.9395, 14.9395, 0.00056839, 0.0131187, 0.00607014, 0]
2024-07-29 10:40:52,335 RobotKinematics.cpp:296 [INFO] controlValueCur_L: [14.5421, -7.67952, 14.7577, 14.7577, 0.00285721, 0.0143585, 0.0032835, 0]
2024-07-29 10:40:52,340 RobotKinematics.cpp:296 [INFO] controlValueCur_L: [14.3572, -7.64455, 14.6483, 14.6483, 0.00561142, 0.0158806, 0.00545025, 0]
2024-07-29 10:40:52,346 RobotKinematics.cpp:296 [INFO] controlValueCur_L: [14.1612, -7.60186, 14.5281, 14.5281, 0.00627899, 0.0149918, 0.00700569, 0]
2024-07-29 10:40:52,351 RobotKinematics.cpp:296 [INFO] controlValueCur_L: [13.7188, -7.49664, 14.2411, 14.2411, 0.00700378, 0.0161133, 0.00678825, 0]
2024-07-29 10:40:52,356 RobotKinematics.cpp:296 [INFO] controlValueCur_L: [13.4721, -7.43027, 14.0721, 14.0721, 0.0060463, 0.0144005, 0.00637054, 0]
2024-07-29 10:40:52,361 RobotKinematics.cpp:296 [INFO] controlValueCur_L: [13.2106, -7.35656, 13.8909, 13.8909, 0.00918579, 0.0167694, 0.0075531, 0]
2024-07-29 10:40:52,366 RobotKinematics.cpp:296 [INFO] controlValueCur_L: [12.6224, -7.19526, 13.4795, 13.4795, 0.00638962, 0.0143013, 0.00865555, 0]
2024-07-29 10:40:52,371 RobotKinematics.cpp:296 [INFO] controlValueCur_L: [12.6224, -7.19526, 13.4795, 13.4795, 0.00638962, 0.0143013, 0.00865555, 0]
2024-07-29 10:40:52,377 RobotKinematics.cpp:296 [INFO] controlValueCur_L: [11.9228, -7.00479, 12.9685, 12.9685, 0.00854874, 0.0150108, 0.0116863, 0]
2024-07-29 10:40:52,382 RobotKinematics.cpp:296 [INFO] controlValueCur_L: [11.4294, -6.86944, 12.5894, 12.5894, 0.00920868, 0.0164757, 0.00856209, 0]
2024-07-29 10:40:52,387 RobotKinematics.cpp:296 [INFO] controlValueCur_L: [10.7999, -6.69371, 12.0914, 12.0914, 0.0079422, 0.0143967, 0.0102177, 0]
2024-07-29 10:40:52,392 RobotKinematics.cpp:296 [INFO] controlValueCur_L: [9.36057, -6.26719, 10.9236, 10.9236, 0.00839615, 0.0140381, 0.00888538, 0]
2024-07-29 10:40:52,397 RobotKinematics.cpp:296 [INFO] controlValueCur_L: [8.66008, -6.04561, 10.3464, 10.3464, 0.00899124, 0.0150337, 0.00858212, 0]
2024-07-29 10:40:52,403 RobotKinematics.cpp:296 [INFO] controlValueCur_L: [7.99327, -5.83874, 9.80057, 9.80057, 0.00896835, 0.0138054, 0.00968742, 0]
2024-07-29 10:40:52,408 RobotKinematics.cpp:296 [INFO] controlValueCur_L: [6.7464, -5.48744, 8.72858, 8.72858, 0.00755692, 0.0137024, 0.00749016, 0]
2024-07-29 10:40:52,413 RobotKinematics.cpp:296 [INFO] controlValueCur_L: [6.7464, -5.48744, 8.72858, 8.72858, 0.00755692, 0.0137024, 0.00749016, 0]
2024-07-29 10:40:52,418 RobotKinematics.cpp:296 [INFO] controlValueCur_L: [5.62447, -5.19785, 7.67518, 7.67518, 0.00836563, 0.0137749, 0.00593948, 0]
2024-07-29 10:40:52,423 RobotKinematics.cpp:296 [INFO] controlValueCur_L: [5.11895, -5.07739, 7.16269, 7.16269, 0.00814056, 0.0132751, 0.00220394, 0]
2024-07-29 10:40:52,428 RobotKinematics.cpp:296 [INFO] controlValueCur_L: [4.65154, -4.97143, 6.6618, 6.6618, 0.00691605, 0.0128517, 0.00163174, 0]
2024-07-29 10:40:52,434 RobotKinematics.cpp:296 [INFO] controlValueCur_L: [3.81862, -4.80486, 5.71222, 5.71222, 0.00992966, 0.0137711, 0.00639915, 0]
2024-07-29 10:40:52,439 RobotKinematics.cpp:296 [INFO] controlValueCur_L: [3.47613, -4.73255, 5.27303, 5.27303, 0.0103493, 0.0131607, 0.00744247, 0]
2024-07-29 10:40:52,444 RobotKinematics.cpp:296 [INFO] controlValueCur_L: [3.20402, -4.66366, 4.87707, 4.87707, 0.0115242, 0.0144196, 0.00796986, 0]
2024-07-29 10:40:52,449 RobotKinematics.cpp:296 [INFO] controlValueCur_L: [2.99374, -4.60011, 4.51802, 4.51802, 0.0124054, 0.0147514, 0.0113173, 0]
2024-07-29 10:40:52,454 RobotKinematics.cpp:296 [INFO] controlValueCur_L: [2.80921, -4.54482, 4.18417, 4.18417, 0.0108337, 0.0124702, 0.0115108, 0]
2024-07-29 10:40:52,460 RobotKinematics.cpp:296 [INFO] controlValueCur_L: [2.40186, -4.43464, 3.52981, 3.52981, 0.00963211, 0.0127678, 0.00948906, 0]
2024-07-29 10:40:52,465 RobotKinematics.cpp:296 [INFO] controlValueCur_L: [2.16561, -4.37686, 3.20589, 3.20589, 0.0101852, 0.012989, 0.0113211, 0]
2024-07-29 10:40:52,470 RobotKinematics.cpp:296 [INFO] controlValueCur_L: [1.90601, -4.31705, 2.87961, 2.87961, 0.00963211, 0.0130539, 0.00828743, 0]
2024-07-29 10:40:52,475 RobotKinematics.cpp:296 [INFO] controlValueCur_L: [1.63462, -4.25185, 2.56502, 2.56502, 0.00942993, 0.0131149, 0.00486088, 0]
2024-07-29 10:40:52,480 RobotKinematics.cpp:296 [INFO] controlValueCur_L: [1.09564, -4.10717, 1.98994, 1.98994, 0.0093689, 0.011898, 0.0112715, 0]
2024-07-29 10:40:52,486 RobotKinematics.cpp:296 [INFO] controlValueCur_L: [0.839919, -4.03327, 1.73684, 1.73684, 0.00992203, 0.0120468, 0.0140114, 0]
2024-07-29 10:40:52,491 RobotKinematics.cpp:296 [INFO] controlValueCur_L: [0.59794, -3.95624, 1.50533, 1.50533, 0.0101166, 0.0111961, 0.014966, 0]
2024-07-29 10:40:52,496 RobotKinematics.cpp:296 [INFO] controlValueCur_L: [0.36446, -3.87957, 1.29509, 1.29509, 0.0103683, 0.0117073, 0.0176468, 0]
2024-07-29 10:40:52,501 RobotKinematics.cpp:296 [INFO] controlValueCur_L: [-0.071722, -3.7329, 0.936218, 0.936218, 0.0104752, 0.0120773, 0.014657, 0]
2024-07-29 10:40:52,506 RobotKinematics.cpp:296 [INFO] controlValueCur_L: [-0.278671, -3.66194, 0.781966, 0.781966, 0.0112419, 0.0136261, 0.0135689, 0]
2024-07-29 10:40:52,511 RobotKinematics.cpp:296 [INFO] controlValueCur_L: [-0.472131, -3.5932, 0.649182, 0.649182, 0.0111809, 0.0120659, 0.0183315, 0]
2024-07-29 10:40:52,517 RobotKinematics.cpp:296 [INFO] controlValueCur_L: [-0.645374, -3.53139, 0.53021, 0.53021, 0.0102615, 0.0125656, 0.0172567, 0]
2024-07-29 10:40:52,522 RobotKinematics.cpp:296 [INFO] controlValueCur_L: [-0.940164, -3.41216, 0.325047, 0.325047, 0.0100365, 0.0141945, 0.0110054, 0]
2024-07-29 10:40:52,527 RobotKinematics.cpp:296 [INFO] controlValueCur_L: [-1.07877, -3.35498, 0.231201, 0.231201, 0.0109711, 0.0147285, 0.0158758, 0]
2024-07-29 10:40:52,532 RobotKinematics.cpp:296 [INFO] controlValueCur_L: [-1.21888, -3.29996, 0.139077, 0.139077, 0.0103607, 0.014473, 0.0154743, 0]
2024-07-29 10:40:52,537 RobotKinematics.cpp:296 [INFO] controlValueCur_L: [-1.35965, -3.2437, 0.0458288, 0.0458288, 0.0109863, 0.0158577, 0.0129261, 0]
2024-07-29 10:40:52,542 RobotKinematics.cpp:296 [INFO] controlValueCur_L: [-1.62594, -3.12835, -0.128143, -0.128143, 0.00979614, 0.014698, 0.013567, 0]
2024-07-29 10:40:52,548 RobotKinematics.cpp:296 [INFO] controlValueCur_L: [-1.74541, -3.07319, -0.202772, -0.202772, 0.00925064, 0.014534, 0.01402, 0]
2024-07-29 10:40:52,553 RobotKinematics.cpp:296 [INFO] controlValueCur_L: [-1.86504, -3.02242, -0.269543, -0.269543, 0.00842285, 0.0138664, 0.0145559, 0]
2024-07-29 10:40:52,558 RobotKinematics.cpp:296 [INFO] controlValueCur_L: [-2.07553, -2.92843, -0.398747, -0.398747, 0.0132179, 0.017025, 0.0192585, 0]
2024-07-29 10:40:52,563 RobotKinematics.cpp:296 [INFO] controlValueCur_L: [-2.07553, -2.92843, -0.398747, -0.398747, 0.0132179, 0.017025, 0.0192585, 0]
2024-07-29 10:40:52,568 RobotKinematics.cpp:296 [INFO] controlValueCur_L: [-2.21488, -2.84226, -0.514223, -0.514223, 0.013958, 0.0168877, 0.0168295, 0]
2024-07-29 10:40:52,574 RobotKinematics.cpp:296 [INFO] controlValueCur_L: [-2.24964, -2.79782, -0.560605, -0.560605, 0.0125656, 0.0155334, 0.013258, 0]
2024-07-29 10:40:52,579 RobotKinematics.cpp:296 [INFO] controlValueCur_L: [-2.25299, -2.7544, -0.594707, -0.594707, 0.0144958, 0.0162201, 0.0158129, 0]
2024-07-29 10:40:52,584 RobotKinematics.cpp:296 [INFO] controlValueCur_L: [-2.14671, -2.68543, -0.625361, -0.625361, 0.0138283, 0.0159988, 0.0126657, 0]
2024-07-29 10:40:52,589 RobotKinematics.cpp:296 [INFO] controlValueCur_L: [-2.04346, -2.66163, -0.624929, -0.624929, 0.0135956, 0.016201, 0.0130157, 0]
2024-07-29 10:40:52,594 RobotKinematics.cpp:296 [INFO] controlValueCur_L: [-1.91199, -2.64433, -0.618558, -0.618558, 0.0138435, 0.0157547, 0.0135326, 0]
2024-07-29 10:40:52,600 RobotKinematics.cpp:296 [INFO] controlValueCur_L: [-1.59711, -2.61999, -0.595016, -0.595016, 0.0116577, 0.0141106, 0.0126371, 0]
2024-07-29 10:40:52,605 RobotKinematics.cpp:296 [INFO] controlValueCur_L: [-1.59711, -2.61999, -0.595016, -0.595016, 0.0116577, 0.0141106, 0.0126371, 0]
2024-07-29 10:40:52,610 RobotKinematics.cpp:296 [INFO] controlValueCur_L: [-1.21533, -2.59859, -0.553475, -0.553475, 0.0121765, 0.0134964, 0.0156889, 0]
2024-07-29 10:40:52,615 RobotKinematics.cpp:296 [INFO] controlValueCur_L: [-0.984877, -2.58791, -0.524927, -0.524927, 0.0135155, 0.0151062, 0.0131054, 0]
2024-07-29 10:40:52,620 RobotKinematics.cpp:296 [INFO] controlValueCur_L: [-0.728818, -2.57561, -0.494116, -0.494116, 0.0134392, 0.0149269, 0.0133858, 0]
2024-07-29 10:40:52,625 RobotKinematics.cpp:296 [INFO] controlValueCur_L: [-0.157958, -2.5525, -0.42794, -0.42794, 0.014286, 0.0151482, 0.0121975, 0]
2024-07-29 10:40:52,631 RobotKinematics.cpp:296 [INFO] controlValueCur_L: [0.15657, -2.53796, -0.384256, -0.384256, 0.0122604, 0.0132027, 0.0118427, 0]
2024-07-29 10:40:52,636 RobotKinematics.cpp:296 [INFO] controlValueCur_L: [0.503531, -2.51964, -0.328494, -0.328494, 0.0113945, 0.0126801, 0.0139027, 0]
2024-07-29 10:40:52,641 RobotKinematics.cpp:296 [INFO] controlValueCur_L: [0.884232, -2.50081, -0.261384, -0.261384, 0.0104866, 0.0107193, 0.0154057, 0]
2024-07-29 10:40:52,646 RobotKinematics.cpp:296 [INFO] controlValueCur_L: [1.29531, -2.48172, -0.185457, -0.185457, 0.0124245, 0.013401, 0.0137215, 0]
2024-07-29 10:40:52,651 RobotKinematics.cpp:296 [INFO] controlValueCur_L: [2.15488, -2.45, -0.018889, -0.018889, 0.0115547, 0.0117683, 0.016366, 0]
2024-07-29 10:40:52,657 RobotKinematics.cpp:296 [INFO] controlValueCur_L: [2.58647, -2.44113, 0.0726762, 0.0726762, 0.0108719, 0.0115395, 0.0116558, 0]
2024-07-29 10:40:52,662 RobotKinematics.cpp:296 [INFO] controlValueCur_L: [3.00851, -2.43371, 0.167305, 0.167305, 0.0121803, 0.0123825, 0.0132875, 0]
2024-07-29 10:40:52,667 RobotKinematics.cpp:296 [INFO] controlValueCur_L: [3.99659, -2.42262, 0.406214, 0.406214, 0.0111427, 0.0128632, 0.00900269, 0]
2024-07-29 10:40:52,672 RobotKinematics.cpp:296 [INFO] controlValueCur_L: [4.48583, -2.4181, 0.539165, 0.539165, 0.0121155, 0.0134659, 0.0103445, 0]
2024-07-29 10:40:52,677 RobotKinematics.cpp:296 [INFO] controlValueCur_L: [4.93237, -2.41776, 0.672417, 0.672417, 0.0118752, 0.0127029, 0.0138664, 0]
2024-07-29 10:40:52,683 RobotKinematics.cpp:296 [INFO] controlValueCur_L: [5.31122, -2.42602, 0.800712, 0.800712, 0.0123329, 0.0131874, 0.0167532, 0]
2024-07-29 10:40:52,688 RobotKinematics.cpp:296 [INFO] controlValueCur_L: [5.90908, -2.46959, 1.05134, 1.05134, 0.0124359, 0.0134888, 0.0117168, 0]
2024-07-29 10:40:52,693 RobotKinematics.cpp:296 [INFO] controlValueCur_L: [6.18224, -2.49636, 1.18028, 1.18028, 0.0110168, 0.0115585, 0.0129614, 0]
2024-07-29 10:40:52,698 RobotKinematics.cpp:296 [INFO] controlValueCur_L: [6.45624, -2.52405, 1.31769, 1.31769, 0.00946808, 0.0110321, 0.0129633, 0]
2024-07-29 10:40:52,703 RobotKinematics.cpp:296 [INFO] controlValueCur_L: [6.71907, -2.55096, 1.4605, 1.4605, 0.00802231, 0.00980759, 0.00956726, 0]
2024-07-29 10:40:52,709 RobotKinematics.cpp:296 [INFO] controlValueCur_L: [7.11978, -2.60088, 1.74642, 1.74642, 0.00839996, 0.0103836, 0.00905991, 0]
2024-07-29 10:40:52,714 RobotKinematics.cpp:296 [INFO] controlValueCur_L: [7.25179, -2.624, 1.89097, 1.89097, 0.00790024, 0.0105324, 0.00728989, 0]
2024-07-29 10:40:52,719 RobotKinematics.cpp:296 [INFO] controlValueCur_L: [7.36207, -2.64443, 2.04521, 2.04521, 0.00904465, 0.0107841, 0.01194, 0]
2024-07-29 10:40:52,724 RobotKinematics.cpp:296 [INFO] controlValueCur_L: [7.46454, -2.66607, 2.21337, 2.21337, 0.00930786, 0.0101929, 0.0123129, 0]
2024-07-29 10:40:52,729 RobotKinematics.cpp:296 [INFO] controlValueCur_L: [7.63276, -2.71191, 2.58527, 2.58527, 0.00735474, 0.0107002, 0.00650597, 0]
2024-07-29 10:40:52,735 RobotKinematics.cpp:296 [INFO] controlValueCur_L: [7.6952, -2.73512, 2.7822, 2.7822, 0.00832367, 0.0116959, 0.0114107, 0]
2024-07-29 10:40:52,740 RobotKinematics.cpp:296 [INFO] controlValueCur_L: [7.74909, -2.76049, 2.9909, 2.9909, 0.00703812, 0.010025, 0.0115166, 0]
2024-07-29 10:40:52,745 RobotKinematics.cpp:296 [INFO] controlValueCur_L: [7.79926, -2.78715, 3.21297, 3.21297, 0.00891113, 0.0122566, 0.0110464, 0]
2024-07-29 10:40:52,750 RobotKinematics.cpp:296 [INFO] controlValueCur_L: [7.87722, -2.83693, 3.67074, 3.67074, 0.0101051, 0.01371, 0.01087, 0]
2024-07-29 10:40:52,755 RobotKinematics.cpp:296 [INFO] controlValueCur_L: [7.87722, -2.83693, 3.67074, 3.67074, 0.0101051, 0.01371, 0.01087, 0]
2024-07-29 10:40:52,760 RobotKinematics.cpp:296 [INFO] controlValueCur_L: [7.90633, -2.86836, 4.12185, 4.12185, 0.00857544, 0.0119705, 0.0135164, 0]
2024-07-29 10:40:52,766 RobotKinematics.cpp:296 [INFO] controlValueCur_L: [7.90401, -2.87099, 4.33802, 4.33802, 0.00876617, 0.0119591, 0.0140934, 0]
2024-07-29 10:40:52,771 RobotKinematics.cpp:296 [INFO] controlValueCur_L: [7.88179, -2.86378, 4.54374, 4.54374, 0.0103035, 0.0135269, 0.0145807, 0]
2024-07-29 10:40:52,776 RobotKinematics.cpp:296 [INFO] controlValueCur_L: [7.78181, -2.83008, 4.93134, 4.93134, 0.0108643, 0.0140381, 0.0121317, 0]
2024-07-29 10:40:52,781 RobotKinematics.cpp:296 [INFO] controlValueCur_L: [7.72721, -2.81181, 5.1332, 5.1332, 0.00992203, 0.0137405, 0.00961113, 0]
2024-07-29 10:40:52,786 RobotKinematics.cpp:296 [INFO] controlValueCur_L: [7.67714, -2.79682, 5.34647, 5.34647, 0.00947952, 0.0127907, 0.00989819, 0]
2024-07-29 10:40:52,792 RobotKinematics.cpp:296 [INFO] controlValueCur_L: [7.57304, -2.77601, 5.8201, 5.8201, 0.00928497, 0.0133476, 0.00797081, 0]
2024-07-29 10:40:52,797 RobotKinematics.cpp:296 [INFO] controlValueCur_L: [7.57304, -2.77601, 5.8201, 5.8201, 0.00928497, 0.0133476, 0.00797081, 0]
2024-07-29 10:40:52,802 RobotKinematics.cpp:296 [INFO] controlValueCur_L: [7.45416, -2.76462, 6.36649, 6.36649, 0.0101166, 0.012886, 0.0105295, 0]
2024-07-29 10:40:52,807 RobotKinematics.cpp:296 [INFO] controlValueCur_L: [7.39588, -2.76989, 6.68143, 6.68143, 0.0112381, 0.0126839, 0.0112028, 0]
2024-07-29 10:40:52,812 RobotKinematics.cpp:296 [INFO] controlValueCur_L: [7.3544, -2.78495, 7.03992, 7.03992, 0.00939941, 0.0114555, 0.00817585, 0]
2024-07-29 10:40:52,818 RobotKinematics.cpp:296 [INFO] controlValueCur_L: [7.39319, -2.84583, 7.9075, 7.9075, 0.0114098, 0.0118752, 0.0113602, 0]
2024-07-29 10:40:52,823 RobotKinematics.cpp:296 [INFO] controlValueCur_L: [7.46499, -2.89552, 8.40005, 8.40005, 0.0109024, 0.0110207, 0.0114975, 0]
2024-07-29 10:40:52,828 RobotKinematics.cpp:296 [INFO] controlValueCur_L: [7.55046, -2.96037, 8.91844, 8.91844, 0.0125084, 0.012928, 0.0086689, 0]
2024-07-29 10:40:52,833 RobotKinematics.cpp:296 [INFO] controlValueCur_L: [7.71369, -3.1211, 9.98635, 9.98635, 0.00944138, 0.00956345, 0.00938511, 0]
2024-07-29 10:40:52,838 RobotKinematics.cpp:296 [INFO] controlValueCur_L: [7.71369, -3.1211, 9.98635, 9.98635, 0.00944138, 0.00956345, 0.00938511, 0]
2024-07-29 10:40:52,844 RobotKinematics.cpp:296 [INFO] controlValueCur_L: [7.79149, -3.27467, 10.99, 10.99, 0.00741196, 0.00999069, 0.00544071, 0]
2024-07-29 10:40:52,849 RobotKinematics.cpp:296 [INFO] controlValueCur_L: [7.80015, -3.36561, 11.8586, 11.8586, 0.00854111, 0.0115585, 0.00807953, 0]
2024-07-29 10:40:52,854 RobotKinematics.cpp:296 [INFO] controlValueCur_L: [7.80015, -3.36561, 11.8586, 11.8586, 0.00854111, 0.0115585, 0.00807953, 0]
2024-07-29 10:40:52,859 RobotKinematics.cpp:296 [INFO] controlValueCur_L: [7.76115, -3.39225, 12.59, 12.59, 0.00737762, 0.011261, 0.00723171, 0]
2024-07-29 10:40:52,864 RobotKinematics.cpp:296 [INFO] controlValueCur_L: [7.73899, -3.39085, 12.9329, 12.9329, 0.00804138, 0.0125999, 0.00800133, 0]
2024-07-29 10:40:52,870 RobotKinematics.cpp:296 [INFO] controlValueCur_L: [7.72983, -3.38773, 13.272, 13.272, 0.00714874, 0.0117073, 0.0071497, 0]
2024-07-29 10:40:52,875 RobotKinematics.cpp:296 [INFO] controlValueCur_L: [7.73859, -3.38984, 13.6069, 13.6069, 0.00899124, 0.0133286, 0.00861073, 0]
2024-07-29 10:40:52,880 RobotKinematics.cpp:296 [INFO] controlValueCur_L: [7.81625, -3.4236, 14.3223, 14.3223, 0.00828934, 0.0115166, 0.0113354, 0]
2024-07-29 10:40:52,885 RobotKinematics.cpp:296 [INFO] controlValueCur_L: [7.88329, -3.46403, 14.7099, 14.7099, 0.00779343, 0.0117607, 0.00994778, 0]
2024-07-29 10:40:52,890 RobotKinematics.cpp:296 [INFO] controlValueCur_L: [7.95289, -3.51793, 15.1108, 15.1108, 0.0067482, 0.0116043, 0.00658703, 0]
2024-07-29 10:40:52,896 RobotKinematics.cpp:296 [INFO] controlValueCur_L: [8.01549, -3.57811, 15.5145, 15.5145, 0.00839233, 0.0130196, 0.0071106, 0]
2024-07-29 10:40:52,901 RobotKinematics.cpp:296 [INFO] controlValueCur_L: [8.03542, -3.69911, 16.3023, 16.3023, 0.00727081, 0.0125465, 0.00659466, 0]
2024-07-29 10:40:52,906 RobotKinematics.cpp:296 [INFO] controlValueCur_L: [8.00551, -3.75844, 16.689, 16.689, 0.00587463, 0.00984573, 0.00706387, 0]
2024-07-29 10:40:52,911 RobotKinematics.cpp:296 [INFO] controlValueCur_L: [7.98589, -3.81437, 17.0817, 17.0817, 0.00743103, 0.0120163, 0.00763607, 0]
2024-07-29 10:40:52,916 RobotKinematics.cpp:296 [INFO] controlValueCur_L: [7.97315, -3.86816, 17.4733, 17.4733, 0.00835037, 0.0126953, 0.00583839, 0]
2024-07-29 10:40:52,922 RobotKinematics.cpp:296 [INFO] controlValueCur_L: [7.9318, -3.94973, 18.1957, 18.1957, 0.0101166, 0.0133934, 0.0078125, 0]
2024-07-29 10:40:52,927 RobotKinematics.cpp:296 [INFO] controlValueCur_L: [7.92407, -3.98425, 18.5459, 18.5459, 0.00876999, 0.0108795, 0.00876808, 0]
2024-07-29 10:40:52,932 RobotKinematics.cpp:296 [INFO] controlValueCur_L: [7.93864, -4.02267, 18.8937, 18.8937, 0.010437, 0.0131912, 0.00572109, 0]
2024-07-29 10:40:52,937 RobotKinematics.cpp:296 [INFO] controlValueCur_L: [7.96438, -4.0628, 19.2312, 19.2312, 0.00909424, 0.0114326, 0.00692749, 0]
2024-07-29 10:40:52,942 RobotKinematics.cpp:296 [INFO] controlValueCur_L: [8.02488, -4.1451, 19.8595, 19.8595, 0.00831985, 0.0110321, 0.00480652, 0]
2024-07-29 10:40:52,947 RobotKinematics.cpp:296 [INFO] controlValueCur_L: [8.07037, -4.18062, 20.1498, 20.1498, 0.00737762, 0.0106239, 0.00383854, 0]
2024-07-29 10:40:52,953 RobotKinematics.cpp:296 [INFO] controlValueCur_L: [8.13476, -4.21491, 20.419, 20.419, 0.00836945, 0.0102692, 0.00717068, 0]
2024-07-29 10:40:52,958 RobotKinematics.cpp:296 [INFO] controlValueCur_L: [8.21682, -4.24638, 20.6622, 20.6622, 0.00792313, 0.00989532, 0.00633907, 0]
2024-07-29 10:40:52,963 RobotKinematics.cpp:296 [INFO] controlValueCur_L: [8.40516, -4.29045, 21.0789, 21.0789, 0.00839615, 0.0102043, 0.00628757, 0]
2024-07-29 10:40:52,968 RobotKinematics.cpp:296 [INFO] controlValueCur_L: [8.5046, -4.3057, 21.2551, 21.2551, 0.010746, 0.0122375, 0.00853443, 0]
2024-07-29 10:40:52,973 RobotKinematics.cpp:296 [INFO] controlValueCur_L: [8.60989, -4.3178, 21.4089, 21.4089, 0.00997925, 0.01157, 0.00591278, 0]
2024-07-29 10:40:52,979 RobotKinematics.cpp:296 [INFO] controlValueCur_L: [8.71029, -4.32784, 21.5431, 21.5431, 0.0101166, 0.0114746, 0.00612831, 0]
2024-07-29 10:40:52,984 RobotKinematics.cpp:296 [INFO] controlValueCur_L: [8.8581, -4.33523, 21.7473, 21.7473, 0.00873947, 0.0101395, 0.00780392, 0]
2024-07-29 10:40:52,989 RobotKinematics.cpp:296 [INFO] controlValueCur_L: [8.8581, -4.33523, 21.7473, 21.7473, 0.00873947, 0.0101395, 0.00780392, 0]
2024-07-29 10:40:52,994 RobotKinematics.cpp:296 [INFO] controlValueCur_L: [8.94671, -4.32475, 21.8731, 21.8731, 0.00923538, 0.00993729, 0.00877571, 0]
2024-07-29 10:40:52,999 RobotKinematics.cpp:296 [INFO] controlValueCur_L: [8.97116, -4.31376, 21.8903, 21.8903, 0.00892639, 0.00923538, 0.00909519, 0]
2024-07-29 10:40:53,005 RobotKinematics.cpp:296 [INFO] controlValueCur_L: [8.9832, -4.2937, 21.881, 21.881, 0.00784302, 0.0101051, 0.00874233, 0]
2024-07-29 10:40:53,010 RobotKinematics.cpp:296 [INFO] controlValueCur_L: [9.00322, -4.21816, 21.776, 21.776, 0.00845337, 0.0113564, 0.00902653, 0]
2024-07-29 10:40:53,015 RobotKinematics.cpp:296 [INFO] controlValueCur_L: [9.00979, -4.16248, 21.669, 21.669, 0.00797653, 0.0112419, 0.00853252, 0]
2024-07-29 10:40:53,020 RobotKinematics.cpp:296 [INFO] controlValueCur_L: [9.01058, -4.09239, 21.5166, 21.5166, 0.00835037, 0.012352, 0.00975513, 0]
2024-07-29 10:40:53,025 RobotKinematics.cpp:296 [INFO] controlValueCur_L: [9.01603, -3.90768, 21.0775, 21.0775, 0.00725937, 0.00946045, 0.0129118, 0]
2024-07-29 10:40:53,030 RobotKinematics.cpp:296 [INFO] controlValueCur_L: [9.01603, -3.90768, 21.0775, 21.0775, 0.00725937, 0.00946045, 0.0129118, 0]
2024-07-29 10:40:53,036 RobotKinematics.cpp:296 [INFO] controlValueCur_L: [9.07569, -3.67083, 20.479, 20.479, 0.00712967, 0.00848389, 0.0127897, 0]
2024-07-29 10:40:53,041 RobotKinematics.cpp:296 [INFO] controlValueCur_L: [9.17057, -3.39318, 19.7436, 19.7436, 0.00786972, 0.00905609, 0.0111008, 0]
2024-07-29 10:40:53,046 RobotKinematics.cpp:296 [INFO] controlValueCur_L: [9.17057, -3.39318, 19.7436, 19.7436, 0.00786972, 0.00905609, 0.0111008, 0]
2024-07-29 10:40:53,051 RobotKinematics.cpp:296 [INFO] controlValueCur_L: [9.31405, -3.05787, 18.911, 18.911, 0.0101395, 0.0114975, 0.0103092, 0]
2024-07-29 10:40:53,056 RobotKinematics.cpp:296 [INFO] controlValueCur_L: [9.41068, -2.87956, 18.4674, 18.4674, 0.0107727, 0.0124092, 0.00929832, 0]
2024-07-29 10:40:53,062 RobotKinematics.cpp:296 [INFO] controlValueCur_L: [9.54333, -2.69641, 18.01, 18.01, 0.0104904, 0.0106506, 0.0154886, 0]
2024-07-29 10:40:53,067 RobotKinematics.cpp:296 [INFO] controlValueCur_L: [9.96002, -2.3131, 17.0604, 17.0604, 0.0101891, 0.0107956, 0.0132837, 0]
2024-07-29 10:40:53,072 RobotKinematics.cpp:296 [INFO] controlValueCur_L: [10.2263, -2.11394, 16.5709, 16.5709, 0.0100136, 0.0103073, 0.0159235, 0]
2024-07-29 10:40:53,077 RobotKinematics.cpp:296 [INFO] controlValueCur_L: [10.5246, -1.90921, 16.0619, 16.0619, 0.00876617, 0.0096283, 0.0147858, 0]
2024-07-29 10:40:53,082 RobotKinematics.cpp:296 [INFO] controlValueCur_L: [11.3798, -1.40754, 14.7532, 14.7532, 0.00860977, 0.0109215, 0.0101633, 0]
2024-07-29 10:40:53,087 RobotKinematics.cpp:296 [INFO] controlValueCur_L: [11.3798, -1.40754, 14.7532, 14.7532, 0.00860977, 0.0109215, 0.0101633, 0]
2024-07-29 10:40:53,093 RobotKinematics.cpp:296 [INFO] controlValueCur_L: [12.4534, -0.940123, 13.3542, 13.3542, 0.00775909, 0.0109978, 0.00822639, 0]
2024-07-29 10:40:53,098 RobotKinematics.cpp:296 [INFO] controlValueCur_L: [13.0227, -0.749489, 12.6798, 12.6798, 0.00781631, 0.0109024, 0.00591183, 0]
2024-07-29 10:40:53,103 RobotKinematics.cpp:296 [INFO] controlValueCur_L: [13.6024, -0.592175, 12.0372, 12.0372, 0.00648499, 0.00904465, 0.00722408, 0]
2024-07-29 10:40:53,108 RobotKinematics.cpp:296 [INFO] controlValueCur_L: [14.172, -0.464653, 11.4291, 11.4291, 0.00564575, 0.00812531, 0.00564384, 0]
2024-07-29 10:40:53,113 RobotKinematics.cpp:296 [INFO] controlValueCur_L: [15.2026, -0.267815, 10.3182, 10.3182, 0.00559235, 0.0062294, 0.00987816, 0]
2024-07-29 10:40:53,119 RobotKinematics.cpp:296 [INFO] controlValueCur_L: [15.627, -0.1968, 9.80685, 9.80685, 0.00742722, 0.00785828, 0.00994587, 0]
2024-07-29 10:40:53,124 RobotKinematics.cpp:296 [INFO] controlValueCur_L: [15.9832, -0.14349, 9.31629, 9.31629, 0.00581741, 0.0069313, 0.00679302, 0]
2024-07-29 10:40:53,129 RobotKinematics.cpp:296 [INFO] controlValueCur_L: [16.2789, -0.0999622, 8.83919, 8.83919, 0.00568008, 0.00790024, 0.00796318, 0]
2024-07-29 10:40:53,134 RobotKinematics.cpp:296 [INFO] controlValueCur_L: [16.7289, -0.0219021, 7.89013, 7.89013, 0.00296783, 0.00639725, 0.00862408, 0]
2024-07-29 10:40:53,139 RobotKinematics.cpp:296 [INFO] controlValueCur_L: [16.886, 0.0265446, 7.41175, 7.41175, 0.00349808, 0.00544357, 0.0106344, 0]
2024-07-29 10:40:53,144 RobotKinematics.cpp:296 [INFO] controlValueCur_L: [16.9896, 0.0815086, 6.93595, 6.93595, 0.00246048, 0.00559235, 0.0109425, 0]
2024-07-29 10:40:53,150 RobotKinematics.cpp:296 [INFO] controlValueCur_L: [17.0404, 0.138908, 6.4686, 6.4686, 0.0036087, 0.00612259, 0.0121908, 0]
2024-07-29 10:40:53,155 RobotKinematics.cpp:296 [INFO] controlValueCur_L: [16.9799, 0.253204, 5.59085, 5.59085, 0.00606537, 0.0100784, 0.0111523, 0]
2024-07-29 10:40:53,160 RobotKinematics.cpp:296 [INFO] controlValueCur_L: [16.8748, 0.303514, 5.19086, 5.19086, 0.00523376, 0.00984573, 0.0100145, 0]
2024-07-29 10:40:53,165 RobotKinematics.cpp:296 [INFO] controlValueCur_L: [16.7189, 0.344612, 4.80198, 4.80198, 0.00506973, 0.00992966, 0.0115032, 0]
2024-07-29 10:40:53,170 RobotKinematics.cpp:296 [INFO] controlValueCur_L: [16.527, 0.384678, 4.43532, 4.43532, 0.00521851, 0.00905991, 0.0144119, 0]
2024-07-29 10:40:53,176 RobotKinematics.cpp:296 [INFO] controlValueCur_L: [16.1468, 0.453032, 3.82106, 3.82106, 0.00645447, 0.0100327, 0.0118732, 0]
2024-07-29 10:40:53,181 RobotKinematics.cpp:296 [INFO] controlValueCur_L: [15.9922, 0.482227, 3.57258, 3.57258, 0.00777054, 0.0105972, 0.0121946, 0]
2024-07-29 10:40:53,186 RobotKinematics.cpp:296 [INFO] controlValueCur_L: [15.8647, 0.499632, 3.35869, 3.35869, 0.00706863, 0.0100517, 0.0127344, 0]
2024-07-29 10:40:53,191 RobotKinematics.cpp:296 [INFO] controlValueCur_L: [15.7604, 0.505262, 3.17702, 3.17702, 0.00735855, 0.0114555, 0.0131884, 0]
2024-07-29 10:40:53,196 RobotKinematics.cpp:296 [INFO] controlValueCur_L: [15.675, 0.499601, 3.03168, 3.03168, 0.00669861, 0.0091095, 0.0129404, 0]
2024-07-29 10:40:53,202 RobotKinematics.cpp:296 [INFO] controlValueCur_L: [15.5897, 0.459106, 2.85591, 2.85591, 0.00663376, 0.00749969, 0.0128956, 0]
2024-07-29 10:40:53,207 RobotKinematics.cpp:296 [INFO] controlValueCur_L: [15.6177, 0.429388, 2.83099, 2.83099, 0.00944901, 0.0112495, 0.00879478, 0]
2024-07-29 10:40:53,212 RobotKinematics.cpp:296 [INFO] controlValueCur_L: [15.7059, 0.396633, 2.84893, 2.84893, 0.00889969, 0.0109024, 0.00713825, 0]
2024-07-29 10:40:53,217 RobotKinematics.cpp:296 [INFO] controlValueCur_L: [16.079, 0.329716, 3.01266, 3.01266, 0.00778198, 0.0107117, 0.00734997, 0]
2024-07-29 10:40:53,222 RobotKinematics.cpp:296 [INFO] controlValueCur_L: [16.3516, 0.303978, 3.14268, 3.14268, 0.00803375, 0.0107956, 0.00645638, 0]
2024-07-29 10:40:53,228 RobotKinematics.cpp:296 [INFO] controlValueCur_L: [16.6636, 0.285435, 3.29639, 3.29639, 0.00847626, 0.0116615, 0.00847054, 0]
2024-07-29 10:40:53,233 RobotKinematics.cpp:296 [INFO] controlValueCur_L: [17.4325, 0.263275, 3.67679, 3.67679, 0.00894928, 0.0130768, 0.00609303, 0]
2024-07-29 10:40:53,238 RobotKinematics.cpp:296 [INFO] controlValueCur_L: [17.4325, 0.263275, 3.67679, 3.67679, 0.00894928, 0.0130768, 0.00609303, 0]
2024-07-29 10:40:53,243 RobotKinematics.cpp:296 [INFO] controlValueCur_L: [18.4506, 0.246691, 4.14525, 4.14525, 0.00747299, 0.0116348, 0.00485611, 0]
2024-07-29 10:40:53,248 RobotKinematics.cpp:296 [INFO] controlValueCur_L: [19.0358, 0.233437, 4.39785, 4.39785, 0.00735092, 0.0111694, 0.00377941, 0]
2024-07-29 10:40:53,254 RobotKinematics.cpp:296 [INFO] controlValueCur_L: [19.6547, 0.217497, 4.65669, 4.65669, 0.00670242, 0.0107422, 0.00682449, 0]
2024-07-29 10:40:53,259 RobotKinematics.cpp:296 [INFO] controlValueCur_L: [21.0822, 0.172764, 5.23517, 5.23517, 0.00718307, 0.0106277, 0.00510597, 0]
2024-07-29 10:40:53,264 RobotKinematics.cpp:296 [INFO] controlValueCur_L: [22.0217, 0.136148, 5.60725, 5.60725, 0.00666809, 0.00959015, 0.00794411, 0]
2024-07-29 10:40:53,269 RobotKinematics.cpp:296 [INFO] controlValueCur_L: [23.0786, 0.0812874, 6.02299, 6.02299, 0.00951004, 0.01157, 0.0100412, 0]
2024-07-29 10:40:53,275 RobotKinematics.cpp:296 [INFO] controlValueCur_L: [25.2747, -0.0946159, 6.85765, 6.85765, 0.00719452, 0.0114861, 0.00564671, 0]
2024-07-29 10:40:53,280 RobotKinematics.cpp:296 [INFO] controlValueCur_L: [25.2747, -0.0946159, 6.85765, 6.85765, 0.00719452, 0.0114861, 0.00564671, 0]
2024-07-29 10:40:53,285 RobotKinematics.cpp:296 [INFO] controlValueCur_L: [27.1116, -0.303524, 7.52374, 7.52374, 0.00685501, 0.0102043, 0.0119658, 0]
2024-07-29 10:40:53,290 RobotKinematics.cpp:296 [INFO] controlValueCur_L: [27.8326, -0.402239, 7.78315, 7.78315, 0.00795364, 0.0118027, 0.0101891, 0]
2024-07-29 10:40:53,295 RobotKinematics.cpp:296 [INFO] controlValueCur_L: [28.4694, -0.500965, 8.01608, 8.01608, 0.00895309, 0.0119057, 0.0102882, 0]
2024-07-29 10:40:53,301 RobotKinematics.cpp:296 [INFO] controlValueCur_L: [29.0751, -0.608644, 8.24039, 8.24039, 0.00870895, 0.0121117, 0.0123434, 0]
2024-07-29 10:40:53,306 RobotKinematics.cpp:296 [INFO] controlValueCur_L: [30.2495, -0.825949, 8.67371, 8.67371, 0.00645828, 0.0104752, 0.0217361, 0]
2024-07-29 10:40:53,311 RobotKinematics.cpp:296 [INFO] controlValueCur_L: [30.2495, -0.825949, 8.67371, 8.67371, 0.00645828, 0.0104752, 0.0217361, 0]
2024-07-29 10:40:53,316 RobotKinematics.cpp:296 [INFO] controlValueCur_L: [32.4772, -1.17314, 9.44541, 9.44541, 0.00208282, 0.00720215, 0.0315266, 0]
2024-07-29 10:40:53,322 RobotKinematics.cpp:296 [INFO] controlValueCur_L: [32.9006, -1.15262, 9.07331, 9.07331, 0.00149155, 0.00582504, 0.0301876, 0]
2024-07-29 10:40:53,327 RobotKinematics.cpp:296 [INFO] controlValueCur_L: [33.6074, -1.12892, 9.06526, 9.06526, -0.000377655, 0.00343323, 0.0254641, 0]
2024-07-29 10:40:53,332 RobotKinematics.cpp:296 [INFO] controlValueCur_L: [34.4873, -1.09933, 9.0493, 9.0493, 0.000202179, 0.00370789, 0.0231323, 0]
2024-07-29 10:40:53,337 RobotKinematics.cpp:296 [INFO] controlValueCur_L: [35.4779, -1.04621, 9.02131, 9.02131, -4.19617e-05, 0.00252151, 0.0231371, 0]
2024-07-29 10:40:53,343 RobotKinematics.cpp:296 [INFO] controlValueCur_L: [37.5384, -0.883713, 8.92961, 8.92961, -0.00242996, 0.00127792, 0.0167761, 0]
2024-07-29 10:40:53,348 RobotKinematics.cpp:296 [INFO] controlValueCur_L: [38.5133, -0.800493, 8.87257, 8.87257, -5.72205e-05, 0.00305176, 0.0179977, 0]
2024-07-29 10:40:53,353 RobotKinematics.cpp:296 [INFO] controlValueCur_L: [39.4287, -0.721119, 8.82034, 8.82034, 0.00213623, 0.00534058, 0.0152321, 0]
2024-07-29 10:40:53,358 RobotKinematics.cpp:296 [INFO] controlValueCur_L: [40.2896, -0.652224, 8.77685, 8.77685, 0.000556946, 0.00319672, 0.0156469, 0]
2024-07-29 10:40:53,363 RobotKinematics.cpp:296 [INFO] controlValueCur_L: [41.8978, -0.546829, 8.71074, 8.71074, -0.000823975, 0.00187683, 0.0130339, 0]
2024-07-29 10:40:53,369 RobotKinematics.cpp:296 [INFO] controlValueCur_L: [42.6321, -0.504196, 8.67932, 8.67932, 0.000621796, 0.00340271, 0.0137262, 0]
2024-07-29 10:40:53,374 RobotKinematics.cpp:296 [INFO] controlValueCur_L: [43.3026, -0.467064, 8.64646, 8.64646, 9.15527e-05, 0.0032692, 0.0111399, 0]
2024-07-29 10:40:53,379 RobotKinematics.cpp:296 [INFO] controlValueCur_L: [43.9081, -0.428974, 8.61187, 8.61187, 0.00262833, 0.00506592, 0.0122643, 0]
2024-07-29 10:40:53,384 RobotKinematics.cpp:296 [INFO] controlValueCur_L: [45.0182, -0.367056, 8.57015, 8.57015, -0.000556946, 0.00351715, 0.0115747, 0]
2024-07-29 10:40:53,389 RobotKinematics.cpp:296 [INFO] controlValueCur_L: [45.576, -0.344238, 8.57375, 8.57375, 0.000305176, 0.00372696, 0.0113554, 0]
2024-07-29 10:40:53,395 RobotKinematics.cpp:296 [INFO] controlValueCur_L: [46.139, -0.322321, 8.59006, 8.59006, 0.000114441, 0.00277328, 0.0126429, 0]
2024-07-29 10:40:53,400 RobotKinematics.cpp:296 [INFO] controlValueCur_L: [46.6898, -0.30323, 8.61441, 8.61441, 0.0022049, 0.00416183, 0.0133076, 0]
2024-07-29 10:40:53,405 RobotKinematics.cpp:296 [INFO] controlValueCur_L: [47.6775, -0.258411, 8.66455, 8.66455, 0.00368118, 0.00642776, 0.0110836, 0]
2024-07-29 10:40:53,410 RobotKinematics.cpp:296 [INFO] controlValueCur_L: [48.0595, -0.241623, 8.6778, 8.6778, 0.0015831, 0.00335693, 0.0129042, 0]
2024-07-29 10:40:53,415 RobotKinematics.cpp:296 [INFO] controlValueCur_L: [48.3212, -0.235844, 8.67676, 8.67676, 0.00376511, 0.00587845, 0.00815392, 0]
2024-07-29 10:40:53,420 RobotKinematics.cpp:296 [INFO] controlValueCur_L: [48.5296, -0.221689, 8.63912, 8.63912, 0.00267792, 0.00450516, 0.0070982, 0]
2024-07-29 10:40:53,426 RobotKinematics.cpp:296 [INFO] controlValueCur_L: [48.5296, -0.221689, 8.63912, 8.63912, 0.00267792, 0.00450516, 0.0070982, 0]
2024-07-29 10:40:53,431 RobotKinematics.cpp:296 [INFO] controlValueCur_L: [48.409, -0.211393, 8.55614, 8.55614, 0.00520325, 0.00573349, 0.0066824, 0]
2024-07-29 10:40:53,436 RobotKinematics.cpp:296 [INFO] controlValueCur_L: [48.251, -0.205175, 8.50478, 8.50478, 0.00780106, 0.00849533, 0.00590611, 0]
2024-07-29 10:40:53,441 RobotKinematics.cpp:296 [INFO] controlValueCur_L: [48.0523, -0.201046, 8.44979, 8.44979, 0.00717926, 0.00761414, 0.00726318, 0]
2024-07-29 10:40:53,446 RobotKinematics.cpp:296 [INFO] controlValueCur_L: [47.5649, -0.199173, 8.34442, 8.34442, 0.0084877, 0.00938797, 0.00450611, 0]
2024-07-29 10:40:53,452 RobotKinematics.cpp:296 [INFO] controlValueCur_L: [47.2923, -0.200689, 8.29974, 8.29974, 0.0077095, 0.0091095, 0.00617218, 0]
2024-07-29 10:40:53,457 RobotKinematics.cpp:296 [INFO] controlValueCur_L: [47.0175, -0.204378, 8.26299, 8.26299, 0.00894928, 0.0104561, 0.00776768, 0]
2024-07-29 10:40:53,462 RobotKinematics.cpp:296 [INFO] controlValueCur_L: [46.5023, -0.206165, 8.20627, 8.20627, 0.00953674, 0.0120277, 0.00360966, 0]
2024-07-29 10:40:53,467 RobotKinematics.cpp:296 [INFO] controlValueCur_L: [46.5023, -0.206165, 8.20627, 8.20627, 0.00953674, 0.0120277, 0.00360966, 0]
2024-07-29 10:40:53,472 RobotKinematics.cpp:296 [INFO] controlValueCur_L: [46.0466, -0.185589, 8.14565, 8.14565, 0.00874329, 0.0106468, 0.00887108, 0]
2024-07-29 10:40:53,478 RobotKinematics.cpp:296 [INFO] controlValueCur_L: [45.8224, -0.167595, 8.10648, 8.10648, 0.00644684, 0.00935364, 0.00739193, 0]
2024-07-29 10:40:53,483 RobotKinematics.cpp:296 [INFO] controlValueCur_L: [45.5869, -0.146666, 8.05951, 8.05951, 0.005867, 0.0102043, 0.00627899, 0]
2024-07-29 10:40:53,488 RobotKinematics.cpp:296 [INFO] controlValueCur_L: [45.0475, -0.0924129, 7.93322, 7.93322, 0.00393677, 0.00697327, 0.0127354, 0]
2024-07-29 10:40:53,493 RobotKinematics.cpp:296 [INFO] controlValueCur_L: [44.7245, -0.0585251, 7.84389, 7.84389, 0.00603867, 0.0105324, 0.010416, 0]
2024-07-29 10:40:53,498 RobotKinematics.cpp:296 [INFO] controlValueCur_L: [44.3477, -0.0202599, 7.72891, 7.72891, 0.0044632, 0.0091095, 0.0095005, 0]
2024-07-29 10:40:53,504 RobotKinematics.cpp:296 [INFO] controlValueCur_L: [43.3487, 0.065752, 7.4084, 7.4084, 0.00463104, 0.00846481, 0.0106525, 0]
2024-07-29 10:40:53,509 RobotKinematics.cpp:296 [INFO] controlValueCur_L: [43.3487, 0.065752, 7.4084, 7.4084, 0.00463104, 0.00846481, 0.0106525, 0]
2024-07-29 10:40:53,514 RobotKinematics.cpp:296 [INFO] controlValueCur_L: [41.9818, 0.172539, 6.97579, 6.97579, 0.00273895, 0.00841141, 0.00672531, 0]
2024-07-29 10:40:53,519 RobotKinematics.cpp:296 [INFO] controlValueCur_L: [41.2035, 0.237282, 6.72738, 6.72738, -0.000408173, 0.0047226, 0.00844669, 0]
2024-07-29 10:40:53,524 RobotKinematics.cpp:296 [INFO] controlValueCur_L: [40.1237, 0.32164, 6.39292, 6.39292, -0.000434875, 0.00545883, 0.00784397, 0]
2024-07-29 10:40:53,530 RobotKinematics.cpp:296 [INFO] controlValueCur_L: [38.8366, 0.41069, 6.00521, 6.00521, -0.00120926, 0.00351715, 0.00982666, 0]
2024-07-29 10:40:53,535 RobotKinematics.cpp:296 [INFO] controlValueCur_L: [36.0558, 0.547472, 5.22147, 5.22147, 0.000743866, 0.00613022, 0.00625706, 0]
2024-07-29 10:40:53,540 RobotKinematics.cpp:296 [INFO] controlValueCur_L: [34.6401, 0.576754, 4.85147, 4.85147, 6.48499e-05, 0.00532532, 0.00327682, 0]
2024-07-29 10:40:53,545 RobotKinematics.cpp:296 [INFO] controlValueCur_L: [33.1859, 0.576923, 4.4884, 4.4884, 0.000759125, 0.00682068, 0.00427818, 0]
2024-07-29 10:40:53,550 RobotKinematics.cpp:296 [INFO] controlValueCur_L: [31.6607, 0.543455, 4.12396, 4.12396, 0.000354767, 0.00495911, 0.00522232, 0]
2024-07-29 10:40:53,556 RobotKinematics.cpp:296 [INFO] controlValueCur_L: [28.3442, 0.363644, 3.40083, 3.40083, 0.0021019, 0.00550079, 0.00912666, 0]
2024-07-29 10:40:53,561 RobotKinematics.cpp:296 [INFO] controlValueCur_L: [26.5595, 0.215633, 3.04196, 3.04196, 0.000125885, 0.00391769, 0.00885582, 0]
2024-07-29 10:40:53,566 RobotKinematics.cpp:296 [INFO] controlValueCur_L: [24.6885, 0.0187721, 2.71701, 2.71701, 0.0017662, 0.00541306, 0.0119829, 0]
2024-07-29 10:40:53,571 RobotKinematics.cpp:296 [INFO] controlValueCur_L: [20.7391, -0.499739, 2.17447, 2.17447, -6.86646e-05, 0.0041008, 0.0102663, 0]
2024-07-29 10:40:53,576 RobotKinematics.cpp:296 [INFO] controlValueCur_L: [18.7633, -0.772753, 1.92999, 1.92999, -0.000873566, 0.00252151, 0.012949, 0]
2024-07-29 10:40:53,582 RobotKinematics.cpp:296 [INFO] controlValueCur_L: [16.8812, -1.03789, 1.71926, 1.71926, 0.000869751, 0.003685, 0.0126762, 0]
2024-07-29 10:40:53,587 RobotKinematics.cpp:296 [INFO] controlValueCur_L: [15.1172, -1.28613, 1.55183, 1.55183, 0.000946045, 0.0038414, 0.011775, 0]
2024-07-29 10:40:53,592 RobotKinematics.cpp:296 [INFO] controlValueCur_L: [12.0648, -1.67, 1.34919, 1.34919, 0.00507736, 0.0063591, 0.0149946, 0]
2024-07-29 10:40:53,597 RobotKinematics.cpp:296 [INFO] controlValueCur_L: [10.7384, -1.80006, 1.29814, 1.29814, 0.00535965, 0.00662994, 0.0153675, 0]
2024-07-29 10:40:53,602 RobotKinematics.cpp:296 [INFO] controlValueCur_L: [9.51103, -1.88327, 1.27422, 1.27422, 0.00458908, 0.00748825, 0.0105419, 0]
2024-07-29 10:40:53,607 RobotKinematics.cpp:296 [INFO] controlValueCur_L: [8.38716, -1.93152, 1.26841, 1.26841, 0.00351715, 0.00643921, 0.00838089, 0]
2024-07-29 10:40:53,613 RobotKinematics.cpp:296 [INFO] controlValueCur_L: [6.46329, -1.93797, 1.30934, 1.30934, 0.00495529, 0.00763702, 0.0126982, 0]
2024-07-29 10:40:53,618 RobotKinematics.cpp:296 [INFO] controlValueCur_L: [6.46329, -1.93797, 1.30934, 1.30934, 0.00495529, 0.00763702, 0.0126982, 0]
2024-07-29 10:40:53,623 RobotKinematics.cpp:296 [INFO] controlValueCur_L: [4.84916, -1.88426, 1.37924, 1.37924, 0.00583649, 0.0103378, 0.0095396, 0]
2024-07-29 10:40:53,628 RobotKinematics.cpp:296 [INFO] controlValueCur_L: [4.0776, -1.85612, 1.41275, 1.41275, 0.00475311, 0.00993729, 0.00862408, 0]
2024-07-29 10:40:53,633 RobotKinematics.cpp:296 [INFO] controlValueCur_L: [3.32091, -1.83302, 1.43379, 1.43379, 0.00619507, 0.0114403, 0.00833988, 0]
2024-07-29 10:40:53,639 RobotKinematics.cpp:296 [INFO] controlValueCur_L: [1.87919, -1.79554, 1.47367, 1.47367, 0.00480652, 0.00990677, 0.0085659, 0]
2024-07-29 10:40:53,644 RobotKinematics.cpp:296 [INFO] controlValueCur_L: [1.22453, -1.78324, 1.5, 1.5, 0.00591278, 0.0109634, 0.010951, 0]
2024-07-29 10:40:53,649 RobotKinematics.cpp:296 [INFO] controlValueCur_L: [0.624514, -1.78545, 1.5342, 1.5342, 0.00798416, 0.0114021, 0.00933075, 0]
2024-07-29 10:40:53,654 RobotKinematics.cpp:296 [INFO] controlValueCur_L: [-0.429811, -1.82997, 1.62448, 1.62448, 0.00780869, 0.0106773, 0.00760555, 0]
2024-07-29 10:40:53,659 RobotKinematics.cpp:296 [INFO] controlValueCur_L: [-0.429811, -1.82997, 1.62448, 1.62448, 0.00780869, 0.0106773, 0.00760555, 0]
2024-07-29 10:40:53,665 RobotKinematics.cpp:296 [INFO] controlValueCur_L: [-1.31121, -1.91127, 1.73794, 1.73794, 0.00876999, 0.0132027, 0.00421047, 0]
2024-07-29 10:40:53,670 RobotKinematics.cpp:296 [INFO] controlValueCur_L: [-1.67377, -1.95036, 1.802, 1.802, 0.0108299, 0.0140495, 0.00712681, 0]
2024-07-29 10:40:53,675 RobotKinematics.cpp:296 [INFO] controlValueCur_L: [-1.98163, -1.98741, 1.8731, 1.8731, 0.0115128, 0.0138168, 0.0111427, 0]
2024-07-29 10:40:53,680 RobotKinematics.cpp:296 [INFO] controlValueCur_L: [-2.40472, -2.04881, 2.04206, 2.04206, 0.0124359, 0.0154572, 0.00894928, 0]
2024-07-29 10:40:53,685 RobotKinematics.cpp:296 [INFO] controlValueCur_L: [-2.52966, -2.07336, 2.13205, 2.13205, 0.0117607, 0.0132256, 0.0096159, 0]
2024-07-29 10:40:53,690 RobotKinematics.cpp:296 [INFO] controlValueCur_L: [-2.6107, -2.09437, 2.22096, 2.22096, 0.0121002, 0.0149689, 0.0122051, 0]
2024-07-29 10:40:53,696 RobotKinematics.cpp:296 [INFO] controlValueCur_L: [-2.60676, -2.1183, 2.37883, 2.37883, 0.0136566, 0.0161781, 0.0099926, 0]
2024-07-29 10:40:53,701 RobotKinematics.cpp:296 [INFO] controlValueCur_L: [-2.51058, -2.11617, 2.44336, 2.44336, 0.0139351, 0.016655, 0.00954151, 0]
2024-07-29 10:40:53,706 RobotKinematics.cpp:296 [INFO] controlValueCur_L: [-2.35103, -2.10677, 2.49833, 2.49833, 0.0156212, 0.0189209, 0.00743294, 0]
2024-07-29 10:40:53,712 RobotKinematics.cpp:296 [INFO] controlValueCur_L: [-2.12495, -2.08686, 2.54904, 2.54904, 0.0130424, 0.0176392, 0.00705051, 0]
2024-07-29 10:40:53,717 RobotKinematics.cpp:296 [INFO] controlValueCur_L: [-1.37725, -2.01196, 2.63764, 2.63764, 0.0151596, 0.0190392, 0.0124931, 0]
2024-07-29 10:40:53,722 RobotKinematics.cpp:296 [INFO] controlValueCur_L: [-0.746625, -1.95133, 2.67687, 2.67687, 0.0156975, 0.0192528, 0.0139513, 0]
2024-07-29 10:40:53,728 RobotKinematics.cpp:296 [INFO] controlValueCur_L: [0.0948062, -1.87413, 2.72114, 2.72114, 0.0157089, 0.0208397, 0.0117683, 0]
2024-07-29 10:40:53,733 RobotKinematics.cpp:296 [INFO] controlValueCur_L: [2.3775, -1.68547, 2.82645, 2.82645, 0.016922, 0.0219765, 0.0186071, 0]
2024-07-29 10:40:53,738 RobotKinematics.cpp:296 [INFO] controlValueCur_L: [2.3775, -1.68547, 2.82645, 2.82645, 0.016922, 0.0219765, 0.0186071, 0]
2024-07-29 10:40:53,743 RobotKinematics.cpp:296 [INFO] controlValueCur_L: [5.4556, -1.4656, 3.01471, 3.01471, 0.0153427, 0.0207977, 0.0103903, 0]
2024-07-29 10:40:53,749 RobotKinematics.cpp:296 [INFO] controlValueCur_L: [7.25415, -1.31846, 3.11007, 3.11007, 0.0166626, 0.0229836, 0.00973988, 0]
2024-07-29 10:40:53,754 RobotKinematics.cpp:296 [INFO] controlValueCur_L: [9.1523, -1.15015, 3.21635, 3.21635, 0.0156708, 0.0212364, 0.00867844, 0]
2024-07-29 10:40:53,759 RobotKinematics.cpp:296 [INFO] controlValueCur_L: [11.0924, -0.967733, 3.3388, 3.3388, 0.0167274, 0.0229797, 0.00812531, 0]
2024-07-29 10:40:53,764 RobotKinematics.cpp:296 [INFO] controlValueCur_L: [14.9141, -0.57338, 3.61682, 3.61682, 0.0164413, 0.0219116, 0.0115423, 0]
2024-07-29 10:40:53,769 RobotKinematics.cpp:296 [INFO] controlValueCur_L: [16.9638, -0.34548, 3.77745, 3.77745, 0.0157356, 0.0203247, 0.00953007, 0]
2024-07-29 10:40:53,775 RobotKinematics.cpp:296 [INFO] controlValueCur_L: [19.199, -0.0902138, 3.95838, 3.95838, 0.0147972, 0.0206299, 0.00807762, 0]
2024-07-29 10:40:53,780 RobotKinematics.cpp:296 [INFO] controlValueCur_L: [23.402, 0.385098, 4.30973, 4.30973, 0.0139999, 0.0186348, 0.00647831, 0]
2024-07-29 10:40:53,785 RobotKinematics.cpp:296 [INFO] controlValueCur_L: [25.0975, 0.561066, 4.4451, 4.4451, 0.0148201, 0.0196114, 0.00820541, 0]
2024-07-29 10:40:53,790 RobotKinematics.cpp:296 [INFO] controlValueCur_L: [26.4456, 0.683844, 4.54649, 4.54649, 0.0143738, 0.0191383, 0.00861549, 0]
2024-07-29 10:40:53,795 RobotKinematics.cpp:296 [INFO] controlValueCur_L: [27.5048, 0.767622, 4.62781, 4.62781, 0.014122, 0.019474, 0.00670433, 0]
2024-07-29 10:40:53,801 RobotKinematics.cpp:296 [INFO] controlValueCur_L: [29.177, 0.875248, 4.77307, 4.77307, 0.0146599, 0.0198898, 0.00737667, 0]
2024-07-29 10:40:53,806 RobotKinematics.cpp:296 [INFO] controlValueCur_L: [29.9922, 0.926979, 4.84601, 4.84601, 0.0141487, 0.0197792, 0.0043602, 0]
2024-07-29 10:40:53,811 RobotKinematics.cpp:296 [INFO] controlValueCur_L: [30.8642, 0.988624, 4.92688, 4.92688, 0.0160484, 0.0221329, 0.00471115, 0]
2024-07-29 10:40:53,816 RobotKinematics.cpp:296 [INFO] controlValueCur_L: [31.7712, 1.05495, 5.00629, 5.00629, 0.0152283, 0.0213928, 0.00395012, 0]
2024-07-29 10:40:53,821 RobotKinematics.cpp:296 [INFO] controlValueCur_L: [33.6204, 1.2037, 5.16014, 5.16014, 0.016674, 0.0215111, 0.00342178, 0]
2024-07-29 10:40:53,827 RobotKinematics.cpp:296 [INFO] controlValueCur_L: [34.5943, 1.28477, 5.24469, 5.24469, 0.0181808, 0.022644, 0.00440311, 0]
2024-07-29 10:40:53,832 RobotKinematics.cpp:296 [INFO] controlValueCur_L: [35.6369, 1.37037, 5.32987, 5.32987, 0.019516, 0.0238075, 0.0077076, 0]
2024-07-29 10:40:53,837 RobotKinematics.cpp:296 [INFO] controlValueCur_L: [36.7662, 1.4652, 5.41289, 5.41289, 0.0184822, 0.0228958, 0.0066967, 0]
2024-07-29 10:40:53,842 RobotKinematics.cpp:296 [INFO] controlValueCur_L: [39.2018, 1.69291, 5.58047, 5.58047, 0.0176201, 0.0227928, 0.00595379, 0]
2024-07-29 10:40:53,847 RobotKinematics.cpp:296 [INFO] controlValueCur_L: [39.2018, 1.69291, 5.58047, 5.58047, 0.0176201, 0.0227928, 0.00595379, 0]
2024-07-29 10:40:53,852 RobotKinematics.cpp:296 [INFO] controlValueCur_L: [41.6532, 1.90871, 5.75296, 5.75296, 0.0165863, 0.0213089, 0.0115566, 0]
2024-07-29 10:40:53,858 RobotKinematics.cpp:296 [INFO] controlValueCur_L: [42.8869, 2.00295, 5.84664, 5.84664, 0.0175209, 0.0224419, 0.0089407, 0]
2024-07-29 10:40:53,863 RobotKinematics.cpp:296 [INFO] controlValueCur_L: [44.1453, 2.10153, 5.91764, 5.91764, 0.0176392, 0.0228539, 0.0104036, 0]
2024-07-29 10:40:53,868 RobotKinematics.cpp:296 [INFO] controlValueCur_L: [46.6901, 2.31188, 6.10469, 6.10469, 0.0177422, 0.0223694, 0.0112114, 0]
2024-07-29 10:40:53,873 RobotKinematics.cpp:296 [INFO] controlValueCur_L: [47.8954, 2.40935, 6.19366, 6.19366, 0.0160484, 0.0208321, 0.0115328, 0]
2024-07-29 10:40:53,878 RobotKinematics.cpp:296 [INFO] controlValueCur_L: [49.0058, 2.49938, 6.28213, 6.28213, 0.0172424, 0.0223579, 0.0141592, 0]
2024-07-29 10:40:53,884 RobotKinematics.cpp:296 [INFO] controlValueCur_L: [51.0282, 2.69758, 6.44547, 6.44547, 0.0178566, 0.0243721, 0.0115995, 0]
2024-07-29 10:40:53,889 RobotKinematics.cpp:296 [INFO] controlValueCur_L: [51.0282, 2.69758, 6.44547, 6.44547, 0.0178566, 0.0243721, 0.0115995, 0]
2024-07-29 10:40:53,894 RobotKinematics.cpp:296 [INFO] controlValueCur_L: [52.9324, 2.95954, 6.56942, 6.56942, 0.0161743, 0.022419, 0.0134649, 0]
2024-07-29 10:40:53,899 RobotKinematics.cpp:296 [INFO] controlValueCur_L: [53.754, 3.12207, 6.6184, 6.6184, 0.0172234, 0.0240593, 0.0162125, 0]
2024-07-29 10:40:53,904 RobotKinematics.cpp:296 [INFO] controlValueCur_L: [54.4129, 3.3639, 6.64865, 6.64865, 0.0153847, 0.022625, 0.0142632, 0]
2024-07-29 10:40:53,909 RobotKinematics.cpp:296 [INFO] controlValueCur_L: [55.1015, 3.58873, 6.57871, 6.57871, 0.0155067, 0.0225487, 0.0160475, 0]
2024-07-29 10:40:53,915 RobotKinematics.cpp:296 [INFO] controlValueCur_L: [55.155, 3.62318, 6.50559, 6.50559, 0.0145645, 0.0230904, 0.0142765, 0]
2024-07-29 10:40:53,920 RobotKinematics.cpp:296 [INFO] controlValueCur_L: [55.0608, 3.62809, 6.43206, 6.43206, 0.0145645, 0.022789, 0.0144424, 0]
2024-07-29 10:40:53,925 RobotKinematics.cpp:296 [INFO] controlValueCur_L: [54.3518, 3.54861, 6.24067, 6.24067, 0.0144119, 0.0219727, 0.0134344, 0]
2024-07-29 10:40:53,930 RobotKinematics.cpp:296 [INFO] controlValueCur_L: [53.6991, 3.46972, 6.11887, 6.11887, 0.0134926, 0.0213737, 0.00964355, 0]
2024-07-29 10:40:53,935 RobotKinematics.cpp:296 [INFO] controlValueCur_L: [52.8606, 3.36851, 5.97968, 5.97968, 0.0155106, 0.0227928, 0.01227, 0]
2024-07-29 10:40:53,941 RobotKinematics.cpp:296 [INFO] controlValueCur_L: [50.6474, 3.093, 5.653, 5.653, 0.015667, 0.0228157, 0.0151968, 0]
2024-07-29 10:40:53,946 RobotKinematics.cpp:296 [INFO] controlValueCur_L: [50.6474, 3.093, 5.653, 5.653, 0.015667, 0.0228157, 0.0151968, 0]
2024-07-29 10:40:53,951 RobotKinematics.cpp:296 [INFO] controlValueCur_L: [47.8878, 2.73926, 5.31911, 5.31911, 0.0156174, 0.0225601, 0.0164289, 0]
2024-07-29 10:40:53,956 RobotKinematics.cpp:296 [INFO] controlValueCur_L: [46.3598, 2.53955, 5.16155, 5.16155, 0.0151901, 0.02174, 0.0150442, 0]
2024-07-29 10:40:53,961 RobotKinematics.cpp:296 [INFO] controlValueCur_L: [44.7463, 2.33157, 5.00759, 5.00759, 0.015789, 0.0215721, 0.0121908, 0]
2024-07-29 10:40:53,967 RobotKinematics.cpp:296 [INFO] controlValueCur_L: [43.0649, 2.11885, 4.84975, 4.84975, 0.0167198, 0.0220833, 0.0141211, 0]
2024-07-29 10:40:53,972 RobotKinematics.cpp:296 [INFO] controlValueCur_L: [39.5886, 1.69325, 4.53911, 4.53911, 0.0154266, 0.0208702, 0.0136919, 0]
2024-07-29 10:40:53,977 RobotKinematics.cpp:296 [INFO] controlValueCur_L: [37.8495, 1.48373, 4.39201, 4.39201, 0.0146523, 0.0202713, 0.00983334, 0]
2024-07-29 10:40:53,982 RobotKinematics.cpp:296 [INFO] controlValueCur_L: [36.1447, 1.28111, 4.25412, 4.25412, 0.0135841, 0.019104, 0.00944328, 0]
2024-07-29 10:40:53,987 RobotKinematics.cpp:296 [INFO] controlValueCur_L: [34.4807, 1.08701, 4.12263, 4.12263, 0.0148773, 0.0197105, 0.00970745, 0]
2024-07-29 10:40:53,993 RobotKinematics.cpp:296 [INFO] controlValueCur_L: [31.2013, 0.706814, 3.88736, 3.88736, 0.0146942, 0.0186195, 0.00889397, 0]
2024-07-29 10:40:53,998 RobotKinematics.cpp:296 [INFO] controlValueCur_L: [29.3549, 0.497332, 3.78118, 3.78118, 0.0150452, 0.0178642, 0.0140944, 0]
2024-07-29 10:40:54,003 RobotKinematics.cpp:296 [INFO] controlValueCur_L: [27.5126, 0.296013, 3.69903, 3.69903, 0.0163765, 0.0196114, 0.0137339, 0]
2024-07-29 10:40:54,008 RobotKinematics.cpp:296 [INFO] controlValueCur_L: [25.829, 0.118591, 3.65272, 3.65272, 0.0153694, 0.0181732, 0.0124502, 0]
2024-07-29 10:40:54,013 RobotKinematics.cpp:296 [INFO] controlValueCur_L: [23.2009, -0.169304, 3.6928, 3.6928, 0.0143051, 0.0175552, 0.0151148, 0]
2024-07-29 10:40:54,019 RobotKinematics.cpp:296 [INFO] controlValueCur_L: [22.2159, -0.292122, 3.7495, 3.7495, 0.0144882, 0.0191116, 0.0106173, 0]
2024-07-29 10:40:54,024 RobotKinematics.cpp:296 [INFO] controlValueCur_L: [21.3695, -0.409641, 3.82463, 3.82463, 0.0134888, 0.0182114, 0.0099411, 0]
2024-07-29 10:40:54,029 RobotKinematics.cpp:296 [INFO] controlValueCur_L: [20.5984, -0.526606, 3.91239, 3.91239, 0.0130157, 0.0185738, 0.00980663, 0]
2024-07-29 10:40:54,034 RobotKinematics.cpp:296 [INFO] controlValueCur_L: [19.1064, -0.748276, 4.06433, 4.06433, 0.0131645, 0.0189629, 0.008255, 0]
2024-07-29 10:40:54,039 RobotKinematics.cpp:296 [INFO] controlValueCur_L: [18.333, -0.853058, 4.11428, 4.11428, 0.0125046, 0.0180473, 0.0100613, 0]
2024-07-29 10:40:54,044 RobotKinematics.cpp:296 [INFO] controlValueCur_L: [17.5267, -0.959347, 4.15358, 4.15358, 0.0120049, 0.018364, 0.00800991, 0]
2024-07-29 10:40:54,050 RobotKinematics.cpp:296 [INFO] controlValueCur_L: [15.9023, -1.16363, 4.21317, 4.21317, 0.0115814, 0.0174904, 0.00742817, 0]
2024-07-29 10:40:54,055 RobotKinematics.cpp:296 [INFO] controlValueCur_L: [15.9023, -1.16363, 4.21317, 4.21317, 0.0115814, 0.0174904, 0.00742817, 0]
2024-07-29 10:40:54,060 RobotKinematics.cpp:296 [INFO] controlValueCur_L: [14.3381, -1.34377, 4.25947, 4.25947, 0.00987625, 0.0170403, 0.00252247, 0]
2024-07-29 10:40:54,065 RobotKinematics.cpp:296 [INFO] controlValueCur_L: [13.5735, -1.42147, 4.26795, 4.26795, 0.0109558, 0.0173264, 0.00493622, 0]
2024-07-29 10:40:54,071 RobotKinematics.cpp:296 [INFO] controlValueCur_L: [12.8114, -1.49418, 4.26764, 4.26764, 0.0100365, 0.0158691, 0.00555992, 0]
2024-07-29 10:40:54,076 RobotKinematics.cpp:296 [INFO] controlValueCur_L: [11.3067, -1.63898, 4.24568, 4.24568, 0.0111275, 0.0159264, 0.00524521, 0]
2024-07-29 10:40:54,081 RobotKinematics.cpp:296 [INFO] controlValueCur_L: [10.603, -1.70889, 4.23691, 4.23691, 0.0120049, 0.016922, 0.00789928, 0]
2024-07-29 10:40:54,086 RobotKinematics.cpp:296 [INFO] controlValueCur_L: [9.95525, -1.77289, 4.23558, 4.23558, 0.00960922, 0.015461, 0.00576973, 0]
2024-07-29 10:40:54,091 RobotKinematics.cpp:296 [INFO] controlValueCur_L: [8.77315, -1.89103, 4.24706, 4.24706, 0.00824356, 0.01474, 0.00797081, 0]
2024-07-29 10:40:54,096 RobotKinematics.cpp:296 [INFO] controlValueCur_L: [8.77315, -1.89103, 4.24706, 4.24706, 0.00824356, 0.01474, 0.00797081, 0]
2024-07-29 10:40:54,102 RobotKinematics.cpp:296 [INFO] controlValueCur_L: [7.71811, -2.02344, 4.29877, 4.29877, 0.00971985, 0.0152588, 0.00610733, 0]
2024-07-29 10:40:54,107 RobotKinematics.cpp:296 [INFO] controlValueCur_L: [7.32749, -2.09356, 4.35164, 4.35164, 0.00942993, 0.0143166, 0.00696278, 0]
2024-07-29 10:40:54,112 RobotKinematics.cpp:296 [INFO] controlValueCur_L: [7.04925, -2.16004, 4.4199, 4.4199, 0.00934601, 0.0141144, 0.00948524, 0]
2024-07-29 10:40:54,117 RobotKinematics.cpp:296 [INFO] controlValueCur_L: [6.79497, -2.26672, 4.6106, 4.6106, 0.010376, 0.0154266, 0.00551701, 0]
2024-07-29 10:40:54,122 RobotKinematics.cpp:296 [INFO] controlValueCur_L: [6.79656, -2.30523, 4.7248, 4.7248, 0.0110321, 0.0138779, 0.00992584, 0]
2024-07-29 10:40:54,128 RobotKinematics.cpp:296 [INFO] controlValueCur_L: [6.88242, -2.33921, 4.85151, 4.85151, 0.0120773, 0.015522, 0.0102873, 0]
2024-07-29 10:40:54,133 RobotKinematics.cpp:296 [INFO] controlValueCur_L: [7.30732, -2.38109, 5.11034, 5.11034, 0.0122299, 0.0158272, 0.0114374, 0]
2024-07-29 10:40:54,138 RobotKinematics.cpp:296 [INFO] controlValueCur_L: [7.30732, -2.38109, 5.11034, 5.11034, 0.0122299, 0.0158272, 0.0114374, 0]
2024-07-29 10:40:54,143 RobotKinematics.cpp:296 [INFO] controlValueCur_L: [8.18321, -2.37526, 5.34792, 5.34792, 0.0126152, 0.0179138, 0.00994682, 0]
2024-07-29 10:40:54,148 RobotKinematics.cpp:296 [INFO] controlValueCur_L: [8.9115, -2.32853, 5.41042, 5.41042, 0.0130234, 0.0178986, 0.00967979, 0]
2024-07-29 10:40:54,154 RobotKinematics.cpp:296 [INFO] controlValueCur_L: [9.85596, -2.24349, 5.42904, 5.42904, 0.0138283, 0.0183296, 0.010848, 0]
2024-07-29 10:40:54,159 RobotKinematics.cpp:296 [INFO] controlValueCur_L: [12.2414, -2.00071, 5.40721, 5.40721, 0.013958, 0.018837, 0.0092802, 0]
2024-07-29 10:40:54,164 RobotKinematics.cpp:296 [INFO] controlValueCur_L: [13.5879, -1.86242, 5.40757, 5.40757, 0.0114326, 0.0163803, 0.0123281, 0]
2024-07-29 10:40:54,169 RobotKinematics.cpp:296 [INFO] controlValueCur_L: [15.0045, -1.71267, 5.42028, 5.42028, 0.0112381, 0.0164299, 0.00857353, 0]
2024-07-29 10:40:54,174 RobotKinematics.cpp:296 [INFO] controlValueCur_L: [16.4923, -1.54949, 5.43928, 5.43928, 0.0102386, 0.0151711, 0.0123434, 0]
2024-07-29 10:40:54,180 RobotKinematics.cpp:296 [INFO] controlValueCur_L: [18.0536, -1.37438, 5.46473, 5.46473, 0.011158, 0.0150337, 0.0137339, 0]
2024-07-29 10:40:54,185 RobotKinematics.cpp:296 [INFO] controlValueCur_L: [21.3296, -1.00477, 5.5319, 5.5319, 0.0118675, 0.0145454, 0.0173016, 0]
2024-07-29 10:40:54,190 RobotKinematics.cpp:296 [INFO] controlValueCur_L: [22.9725, -0.816652, 5.56992, 5.56992, 0.0136986, 0.0151596, 0.0194921, 0]
2024-07-29 10:40:54,195 RobotKinematics.cpp:296 [INFO] controlValueCur_L: [24.6417, -0.626251, 5.61738, 5.61738, 0.0131187, 0.0144653, 0.0168543, 0]
2024-07-29 10:40:54,200 RobotKinematics.cpp:296 [INFO] controlValueCur_L: [28.4661, -0.20809, 5.72804, 5.72804, 0.0114212, 0.0133781, 0.0197315, 0]
2024-07-29 10:40:54,206 RobotKinematics.cpp:296 [INFO] controlValueCur_L: [30.1338, -0.0333424, 5.75035, 5.75035, 0.0121422, 0.0145073, 0.0178795, 0]
2024-07-29 10:40:54,211 RobotKinematics.cpp:296 [INFO] controlValueCur_L: [31.4768, 0.103405, 5.74107, 5.74107, 0.0117378, 0.0143661, 0.0162458, 0]
2024-07-29 10:40:54,216 RobotKinematics.cpp:296 [INFO] controlValueCur_L: [32.5152, 0.202951, 5.7087, 5.7087, 0.0122528, 0.0149574, 0.0162096, 0]
2024-07-29 10:40:54,221 RobotKinematics.cpp:296 [INFO] controlValueCur_L: [33.9907, 0.332298, 5.61259, 5.61259, 0.0125618, 0.0155563, 0.014576, 0]
2024-07-29 10:40:54,227 RobotKinematics.cpp:296 [INFO] controlValueCur_L: [34.5672, 0.381767, 5.55964, 5.55964, 0.0113449, 0.0136337, 0.0166702, 0]
2024-07-29 10:40:54,232 RobotKinematics.cpp:296 [INFO] controlValueCur_L: [35.0754, 0.426065, 5.50414, 5.50414, 0.0121765, 0.0136261, 0.0188379, 0]
2024-07-29 10:40:54,237 RobotKinematics.cpp:296 [INFO] controlValueCur_L: [35.5275, 0.464916, 5.45016, 5.45016, 0.0130653, 0.014431, 0.0171824, 0]
2024-07-29 10:40:54,242 RobotKinematics.cpp:296 [INFO] controlValueCur_L: [36.3407, 0.537834, 5.34145, 5.34145, 0.0127907, 0.0131454, 0.0192537, 0]
2024-07-29 10:40:54,247 RobotKinematics.cpp:296 [INFO] controlValueCur_L: [36.7071, 0.569391, 5.29193, 5.29193, 0.0114059, 0.0120049, 0.0179482, 0]
2024-07-29 10:40:54,253 RobotKinematics.cpp:296 [INFO] controlValueCur_L: [37.0437, 0.597883, 5.24586, 5.24586, 0.0124893, 0.0135536, 0.0175838, 0]
2024-07-29 10:40:54,258 RobotKinematics.cpp:296 [INFO] controlValueCur_L: [37.3582, 0.623053, 5.20792, 5.20792, 0.0130959, 0.0131264, 0.0173569, 0]
2024-07-29 10:40:54,263 RobotKinematics.cpp:296 [INFO] controlValueCur_L: [37.6515, 0.645294, 5.17484, 5.17484, 0.0152855, 0.0151711, 0.0179625, 0]
2024-07-29 10:40:54,268 RobotKinematics.cpp:296 [INFO] controlValueCur_L: [38.1197, 0.669525, 5.11411, 5.11411, 0.0162659, 0.0159988, 0.0134411, 0]
2024-07-29 10:40:54,273 RobotKinematics.cpp:296 [INFO] controlValueCur_L: [38.2489, 0.664507, 5.07975, 5.07975, 0.0159798, 0.0170403, 0.0115318, 0]
2024-07-29 10:40:54,279 RobotKinematics.cpp:296 [INFO] controlValueCur_L: [38.2917, 0.64926, 5.03895, 5.03895, 0.0157623, 0.0175552, 0.0119314, 0]
2024-07-29 10:40:54,284 RobotKinematics.cpp:296 [INFO] controlValueCur_L: [38.1292, 0.594467, 4.94167, 4.94167, 0.0154762, 0.0175781, 0.0165396, 0]
2024-07-29 10:40:54,289 RobotKinematics.cpp:296 [INFO] controlValueCur_L: [38.1292, 0.594467, 4.94167, 4.94167, 0.0154762, 0.0175781, 0.0165396, 0]
2024-07-29 10:40:54,294 RobotKinematics.cpp:296 [INFO] controlValueCur_L: [37.7458, 0.506701, 4.84055, 4.84055, 0.015152, 0.0182037, 0.0152674, 0]
2024-07-29 10:40:54,299 RobotKinematics.cpp:296 [INFO] controlValueCur_L: [37.4949, 0.454842, 4.79568, 4.79568, 0.0151367, 0.0184975, 0.0159645, 0]
2024-07-29 10:40:54,304 RobotKinematics.cpp:296 [INFO] controlValueCur_L: [37.2404, 0.401707, 4.75129, 4.75129, 0.0152359, 0.0187111, 0.0164804, 0]
2024-07-29 10:40:54,310 RobotKinematics.cpp:296 [INFO] controlValueCur_L: [36.977, 0.347687, 4.70855, 4.70855, 0.0154152, 0.0189323, 0.0181618, 0]
2024-07-29 10:40:54,315 RobotKinematics.cpp:296 [INFO] controlValueCur_L: [36.0478, 0.177092, 4.54795, 4.54795, 0.0135956, 0.0181389, 0.0204706, 0]
2024-07-29 10:40:54,320 RobotKinematics.cpp:296 [INFO] controlValueCur_L: [35.3317, 0.135931, 4.49998, 4.49998, 0.0126457, 0.0196037, 0.0141811, 0]
2024-07-29 10:40:54,325 RobotKinematics.cpp:296 [INFO] controlValueCur_L: [35.3317, 0.135931, 4.49998, 4.49998, 0.0126457, 0.0196037, 0.0141811, 0]
2024-07-29 10:40:54,330 RobotKinematics.cpp:296 [INFO] controlValueCur_L: [34.2956, 0.0332546, 4.36903, 4.36903, 0.012104, 0.0182152, 0.0186691, 0]
2024-07-29 10:40:54,336 RobotKinematics.cpp:296 [INFO] controlValueCur_L: [33.6474, -0.0337124, 4.28434, 4.28434, 0.0105286, 0.0179825, 0.0149698, 0]
2024-07-29 10:40:54,341 RobotKinematics.cpp:296 [INFO] controlValueCur_L: [32.9213, -0.109554, 4.18783, 4.18783, 0.00849152, 0.0157738, 0.0132532, 0]
2024-07-29 10:40:54,346 RobotKinematics.cpp:296 [INFO] controlValueCur_L: [31.242, -0.284962, 3.96381, 3.96381, 0.0106239, 0.0164299, 0.0163298, 0]
2024-07-29 10:40:54,351 RobotKinematics.cpp:296 [INFO] controlValueCur_L: [30.2948, -0.381884, 3.84751, 3.84751, 0.0106888, 0.0167122, 0.0139456, 0]
2024-07-29 10:40:54,356 RobotKinematics.cpp:296 [INFO] controlValueCur_L: [29.2968, -0.480663, 3.73504, 3.73504, 0.0104332, 0.0157471, 0.0166349, 0]
2024-07-29 10:40:54,362 RobotKinematics.cpp:296 [INFO] controlValueCur_L: [26.6211, -0.729649, 3.47363, 3.47363, 0.0108757, 0.0155334, 0.0164518, 0]
2024-07-29 10:40:54,367 RobotKinematics.cpp:296 [INFO] controlValueCur_L: [26.6211, -0.729649, 3.47363, 3.47363, 0.0108757, 0.0155334, 0.0164518, 0]
2024-07-29 10:40:54,372 RobotKinematics.cpp:296 [INFO] controlValueCur_L: [23.2949, -1.01084, 3.20741, 3.20741, 0.0080986, 0.0127983, 0.0181274, 0]
2024-07-29 10:40:54,377 RobotKinematics.cpp:296 [INFO] controlValueCur_L: [21.7371, -1.12891, 3.10895, 3.10895, 0.00928116, 0.0144196, 0.0144444, 0]
2024-07-29 10:40:54,382 RobotKinematics.cpp:296 [INFO] controlValueCur_L: [20.3506, -1.23039, 3.03818, 3.03818, 0.00959778, 0.0145912, 0.0149527, 0]
2024-07-29 10:40:54,388 RobotKinematics.cpp:296 [INFO] controlValueCur_L: [18.1601, -1.41736, 2.96761, 2.96761, 0.0105896, 0.015152, 0.0192852, 0]
2024-07-29 10:40:54,393 RobotKinematics.cpp:296 [INFO] controlValueCur_L: [17.2841, -1.52034, 2.94989, 2.94989, 0.00809097, 0.0130081, 0.0172215, 0]
2024-07-29 10:40:54,398 RobotKinematics.cpp:296 [INFO] controlValueCur_L: [16.4646, -1.63471, 2.9323, 2.9323, 0.00965881, 0.0149384, 0.0149183, 0]
2024-07-29 10:40:54,403 RobotKinematics.cpp:296 [INFO] controlValueCur_L: [15.6429, -1.76012, 2.91118, 2.91118, 0.00854111, 0.0137024, 0.0161381, 0]
2024-07-29 10:40:54,408 RobotKinematics.cpp:296 [INFO] controlValueCur_L: [14.8042, -1.89334, 2.8805, 2.8805, 0.010582, 0.0156174, 0.0190878, 0]
2024-07-29 10:40:54,414 RobotKinematics.cpp:296 [INFO] controlValueCur_L: [13.1835, -2.14199, 2.82643, 2.82643, 0.0115776, 0.0169182, 0.0193138, 0]
2024-07-29 10:40:54,419 RobotKinematics.cpp:296 [INFO] controlValueCur_L: [12.4654, -2.24611, 2.81362, 2.81362, 0.0110664, 0.0169296, 0.0161276, 0]
2024-07-29 10:40:54,424 RobotKinematics.cpp:296 [INFO] controlValueCur_L: [11.8386, -2.33038, 2.81742, 2.81742, 0.0105515, 0.0178757, 0.0143919, 0]
2024-07-29 10:40:54,429 RobotKinematics.cpp:296 [INFO] controlValueCur_L: [11.3065, -2.3928, 2.83708, 2.83708, 0.0125618, 0.0194397, 0.0150957, 0]
2024-07-29 10:40:54,434 RobotKinematics.cpp:296 [INFO] controlValueCur_L: [10.5256, -2.45915, 2.91609, 2.91609, 0.0133553, 0.0211411, 0.0141125, 0]
2024-07-29 10:40:54,440 RobotKinematics.cpp:296 [INFO] controlValueCur_L: [10.2941, -2.46895, 2.98212, 2.98212, 0.0140877, 0.022007, 0.0106344, 0]
2024-07-29 10:40:54,445 RobotKinematics.cpp:296 [INFO] controlValueCur_L: [10.1684, -2.47147, 3.07101, 3.07101, 0.0164566, 0.0241165, 0.00977612, 0]
2024-07-29 10:40:54,450 RobotKinematics.cpp:296 [INFO] controlValueCur_L: [10.1361, -2.47221, 3.18404, 3.18404, 0.0164566, 0.0239487, 0.0111856, 0]
2024-07-29 10:40:54,455 RobotKinematics.cpp:296 [INFO] controlValueCur_L: [10.3169, -2.48216, 3.49336, 3.49336, 0.0164986, 0.0243034, 0.012538, 0]
2024-07-29 10:40:54,461 RobotKinematics.cpp:296 [INFO] controlValueCur_L: [10.5761, -2.47486, 3.65879, 3.65879, 0.0160713, 0.0246315, 0.0133123, 0]
2024-07-29 10:40:54,466 RobotKinematics.cpp:296 [INFO] controlValueCur_L: [10.9984, -2.4443, 3.79955, 3.79955, 0.0140419, 0.0238686, 0.014452, 0]
2024-07-29 10:40:54,471 RobotKinematics.cpp:296 [INFO] controlValueCur_L: [12.523, -2.27143, 4.03055, 4.03055, 0.0123825, 0.0232811, 0.0119762, 0]
2024-07-29 10:40:54,476 RobotKinematics.cpp:296 [INFO] controlValueCur_L: [13.6081, -2.13016, 4.11349, 4.11349, 0.0112915, 0.0232277, 0.00905991, 0]
2024-07-29 10:40:54,481 RobotKinematics.cpp:296 [INFO] controlValueCur_L: [14.8503, -1.95723, 4.18386, 4.18386, 0.0123596, 0.0238953, 0.0102358, 0]
2024-07-29 10:40:54,487 RobotKinematics.cpp:296 [INFO] controlValueCur_L: [16.2191, -1.75678, 4.24788, 4.24788, 0.0121346, 0.0237427, 0.0121927, 0]
2024-07-29 10:40:54,492 RobotKinematics.cpp:296 [INFO] controlValueCur_L: [17.7002, -1.53381, 4.3147, 4.3147, 0.0129776, 0.0258522, 0.009161, 0]
2024-07-29 10:40:54,497 RobotKinematics.cpp:296 [INFO] controlValueCur_L: [20.9988, -1.02729, 4.46592, 4.46592, 0.0141754, 0.0272217, 0.0127792, 0]
2024-07-29 10:40:54,502 RobotKinematics.cpp:296 [INFO] controlValueCur_L: [22.814, -0.754372, 4.55611, 4.55611, 0.0146599, 0.0280571, 0.0114155, 0]
2024-07-29 10:40:54,507 RobotKinematics.cpp:296 [INFO] controlValueCur_L: [24.7146, -0.479326, 4.65688, 4.65688, 0.0145988, 0.0301971, 0.0082531, 0]
2024-07-29 10:40:54,513 RobotKinematics.cpp:296 [INFO] controlValueCur_L: [28.7572, 0.0761108, 4.89678, 4.89678, 0.0148048, 0.0298347, 0.0109167, 0]
2024-07-29 10:40:54,518 RobotKinematics.cpp:296 [INFO] controlValueCur_L: [28.7572, 0.0761108, 4.89678, 4.89678, 0.0148048, 0.0298347, 0.0109167, 0]
2024-07-29 10:40:54,523 RobotKinematics.cpp:296 [INFO] controlValueCur_L: [33.8327, 0.748037, 5.22184, 5.22184, 0.0137711, 0.0304451, 0.00848579, 0]
2024-07-29 10:40:54,528 RobotKinematics.cpp:296 [INFO] controlValueCur_L: [36.1376, 1.051, 5.35006, 5.35006, 0.0125008, 0.029213, 0.00940228, 0]
2024-07-29 10:40:54,534 RobotKinematics.cpp:296 [INFO] controlValueCur_L: [38.011, 1.29648, 5.42292, 5.42292, 0.0123825, 0.0287476, 0.0091114, 0]
2024-07-29 10:40:54,539 RobotKinematics.cpp:296 [INFO] controlValueCur_L: [40.426, 1.60574, 5.39863, 5.39863, 0.0145111, 0.0298462, 0.00939465, 0]
2024-07-29 10:40:54,544 RobotKinematics.cpp:296 [INFO] controlValueCur_L: [41.1328, 1.69044, 5.33164, 5.33164, 0.0148163, 0.0296898, 0.00849628, 0]
2024-07-29 10:40:54,549 RobotKinematics.cpp:296 [INFO] controlValueCur_L: [41.6387, 1.74541, 5.23952, 5.23952, 0.0145378, 0.0298386, 0.0076704, 0]
2024-07-29 10:40:54,554 RobotKinematics.cpp:296 [INFO] controlValueCur_L: [42.2946, 1.80378, 5.02782, 5.02782, 0.0169754, 0.0312157, 0.00787067, 0]
2024-07-29 10:40:54,560 RobotKinematics.cpp:296 [INFO] controlValueCur_L: [42.2946, 1.80378, 5.02782, 5.02782, 0.0169754, 0.0312157, 0.00787067, 0]
2024-07-29 10:40:54,565 RobotKinematics.cpp:296 [INFO] controlValueCur_L: [42.6509, 1.80872, 4.83106, 4.83106, 0.0181046, 0.0327072, 0.00713825, 0]
2024-07-29 10:40:54,570 RobotKinematics.cpp:296 [INFO] controlValueCur_L: [42.8915, 1.79343, 4.64972, 4.64972, 0.0182152, 0.0324326, 0.00852299, 0]
2024-07-29 10:40:54,575 RobotKinematics.cpp:296 [INFO] controlValueCur_L: [42.8915, 1.79343, 4.64972, 4.64972, 0.0182152, 0.0324326, 0.00852299, 0]
2024-07-29 10:40:54,581 RobotKinematics.cpp:296 [INFO] controlValueCur_L: [43.1391, 1.77148, 4.49489, 4.49489, 0.017765, 0.0321388, 0.00509739, 0]
2024-07-29 10:40:54,586 RobotKinematics.cpp:296 [INFO] controlValueCur_L: [43.24, 1.75628, 4.42936, 4.42936, 0.0179672, 0.0316925, 0.00649452, 0]
2024-07-29 10:40:54,591 RobotKinematics.cpp:296 [INFO] controlValueCur_L: [43.3064, 1.73963, 4.37009, 4.37009, 0.0167694, 0.0306854, 0.00610352, 0]
2024-07-29 10:40:54,596 RobotKinematics.cpp:296 [INFO] controlValueCur_L: [43.3605, 1.70547, 4.26782, 4.26782, 0.0148468, 0.0290947, 0.00277042, 0]
2024-07-29 10:40:54,601 RobotKinematics.cpp:296 [INFO] controlValueCur_L: [43.368, 1.69143, 4.22211, 4.22211, 0.0139999, 0.0279922, 0.00294685, 0]
2024-07-29 10:40:54,607 RobotKinematics.cpp:296 [INFO] controlValueCur_L: [43.3569, 1.67431, 4.17626, 4.17626, 0.0153427, 0.0277519, 0.00340271, 0]
2024-07-29 10:40:54,612 RobotKinematics.cpp:296 [INFO] controlValueCur_L: [43.2356, 1.62263, 4.0884, 4.0884, 0.016243, 0.0288315, 0.00237751, 0]
2024-07-29 10:40:54,617 RobotKinematics.cpp:296 [INFO] controlValueCur_L: [43.2356, 1.62263, 4.0884, 4.0884, 0.016243, 0.0288315, 0.00237751, 0]
2024-07-29 10:40:54,622 RobotKinematics.cpp:296 [INFO] controlValueCur_L: [42.9922, 1.55256, 4.00591, 4.00591, 0.0153503, 0.0282707, 0.00171661, 0]
2024-07-29 10:40:54,628 RobotKinematics.cpp:296 [INFO] controlValueCur_L: [42.8215, 1.51117, 3.95794, 3.95794, 0.0148506, 0.0286064, 0.000106812, 0]
2024-07-29 10:40:54,633 RobotKinematics.cpp:296 [INFO] controlValueCur_L: [42.5871, 1.46005, 3.897, 3.897, 0.01651, 0.0296173, 0.0053587, 0]
2024-07-29 10:40:54,638 RobotKinematics.cpp:296 [INFO] controlValueCur_L: [41.8704, 1.31344, 3.73033, 3.73033, 0.0158539, 0.0289154, 0.00332451, 0]
2024-07-29 10:40:54,643 RobotKinematics.cpp:296 [INFO] controlValueCur_L: [41.3925, 1.22289, 3.62709, 3.62709, 0.0168686, 0.0288925, 0.00546932, 0]
2024-07-29 10:40:54,648 RobotKinematics.cpp:296 [INFO] controlValueCur_L: [40.8435, 1.12292, 3.51416, 3.51416, 0.0161247, 0.0281563, 0.0101576, 0]
2024-07-29 10:40:54,654 RobotKinematics.cpp:296 [INFO] controlValueCur_L: [40.2275, 1.01243, 3.39242, 3.39242, 0.0168877, 0.0285339, 0.00724888, 0]
2024-07-29 10:40:54,659 RobotKinematics.cpp:296 [INFO] controlValueCur_L: [39.5314, 0.888556, 3.26256, 3.26256, 0.0174255, 0.0290184, 0.00646973, 0]
2024-07-29 10:40:54,664 RobotKinematics.cpp:296 [INFO] controlValueCur_L: [37.8242, 0.588125, 2.97606, 2.97606, 0.0180092, 0.0290871, 0.00691795, 0]
2024-07-29 10:40:54,669 RobotKinematics.cpp:296 [INFO] controlValueCur_L: [36.8208, 0.41958, 2.8238, 2.8238, 0.0168152, 0.0273399, 0.00606251, 0]
2024-07-29 10:40:54,674 RobotKinematics.cpp:296 [INFO] controlValueCur_L: [35.7483, 0.247036, 2.66794, 2.66794, 0.0177765, 0.0274544, 0.00914097, 0]
2024-07-29 10:40:54,680 RobotKinematics.cpp:296 [INFO] controlValueCur_L: [33.426, -0.0990009, 2.35848, 2.35848, 0.0158691, 0.0257759, 0.0087347, 0]
2024-07-29 10:40:54,685 RobotKinematics.cpp:296 [INFO] controlValueCur_L: [31.8402, -0.315098, 2.18582, 2.18582, 0.0165901, 0.0273933, 0.00597191, 0]
2024-07-29 10:40:54,690 RobotKinematics.cpp:296 [INFO] controlValueCur_L: [30.0415, -0.550209, 2.02497, 2.02497, 0.0161667, 0.0265732, 0.010232, 0]
2024-07-29 10:40:54,695 RobotKinematics.cpp:296 [INFO] controlValueCur_L: [28.1964, -0.77574, 1.89849, 1.89849, 0.01688, 0.027359, 0.00896454, 0]
2024-07-29 10:40:54,700 RobotKinematics.cpp:296 [INFO] controlValueCur_L: [24.6854, -1.15796, 1.77261, 1.77261, 0.0174141, 0.0277939, 0.0102692, 0]
2024-07-29 10:40:54,706 RobotKinematics.cpp:296 [INFO] controlValueCur_L: [22.9964, -1.32859, 1.7556, 1.7556, 0.0156898, 0.0264053, 0.00939941, 0]
2024-07-29 10:40:54,711 RobotKinematics.cpp:296 [INFO] controlValueCur_L: [21.3439, -1.49012, 1.77143, 1.77143, 0.0166054, 0.0277634, 0.00639534, 0]
2024-07-29 10:40:54,716 RobotKinematics.cpp:296 [INFO] controlValueCur_L: [19.7627, -1.64045, 1.81462, 1.81462, 0.0178452, 0.0281029, 0.00761795, 0]
2024-07-29 10:40:54,721 RobotKinematics.cpp:296 [INFO] controlValueCur_L: [16.9335, -1.90308, 1.93905, 1.93905, 0.0168762, 0.0268784, 0.00449276, 0]
2024-07-29 10:40:54,726 RobotKinematics.cpp:296 [INFO] controlValueCur_L: [15.7006, -2.01912, 2.02209, 2.02209, 0.0161858, 0.0258293, 0.00579739, 0]
2024-07-29 10:40:54,732 RobotKinematics.cpp:296 [INFO] controlValueCur_L: [14.5856, -2.13258, 2.11785, 2.11785, 0.0187607, 0.0282822, 0.00736046, 0]
2024-07-29 10:40:54,737 RobotKinematics.cpp:296 [INFO] controlValueCur_L: [13.5753, -2.25072, 2.22413, 2.22413, 0.01614, 0.0259781, 0.00889683, 0]
2024-07-29 10:40:54,742 RobotKinematics.cpp:296 [INFO] controlValueCur_L: [11.7954, -2.48419, 2.43958, 2.43958, 0.0156937, 0.0258293, 0.010396, 0]
2024-07-29 10:40:54,747 RobotKinematics.cpp:296 [INFO] controlValueCur_L: [11.0138, -2.59011, 2.54537, 2.54537, 0.0151443, 0.0258751, 0.0125952, 0]
2024-07-29 10:40:54,752 RobotKinematics.cpp:296 [INFO] controlValueCur_L: [10.297, -2.68723, 2.64849, 2.64849, 0.0137329, 0.0251236, 0.00936699, 0]
2024-07-29 10:40:54,758 RobotKinematics.cpp:296 [INFO] controlValueCur_L: [9.63931, -2.77517, 2.75312, 2.75312, 0.0137024, 0.0245819, 0.0115938, 0]
2024-07-29 10:40:54,763 RobotKinematics.cpp:296 [INFO] controlValueCur_L: [8.48769, -2.93132, 2.97596, 2.97596, 0.0125656, 0.0234604, 0.00929832, 0]
2024-07-29 10:40:54,768 RobotKinematics.cpp:296 [INFO] controlValueCur_L: [8.48769, -2.93132, 2.97596, 2.97596, 0.0125656, 0.0234604, 0.00929832, 0]
2024-07-29 10:40:54,773 RobotKinematics.cpp:296 [INFO] controlValueCur_L: [7.59534, -3.05273, 3.21188, 3.21188, 0.0133896, 0.0244026, 0.0130434, 0]
2024-07-29 10:40:54,778 RobotKinematics.cpp:296 [INFO] controlValueCur_L: [7.248, -3.10194, 3.34025, 3.34025, 0.0138283, 0.0255356, 0.0110216, 0]
2024-07-29 10:40:54,784 RobotKinematics.cpp:296 [INFO] controlValueCur_L: [6.9664, -3.14759, 3.48351, 3.48351, 0.0126152, 0.0252609, 0.00874043, 0]
2024-07-29 10:40:54,789 RobotKinematics.cpp:296 [INFO] controlValueCur_L: [6.61678, -3.22273, 3.79222, 3.79222, 0.0138321, 0.0259476, 0.00995731, 0]
2024-07-29 10:40:54,794 RobotKinematics.cpp:296 [INFO] controlValueCur_L: [6.54036, -3.25403, 3.94757, 3.94757, 0.013855, 0.0278893, 0.00473213, 0]
2024-07-29 10:40:54,799 RobotKinematics.cpp:296 [INFO] controlValueCur_L: [6.51394, -3.28081, 4.091, 4.091, 0.0125351, 0.027359, 0.0036726, 0]
2024-07-29 10:40:54,804 RobotKinematics.cpp:296 [INFO] controlValueCur_L: [6.56093, -3.32316, 4.32912, 4.32912, 0.0156479, 0.0296135, 0.00613308, 0]
2024-07-29 10:40:54,810 RobotKinematics.cpp:296 [INFO] controlValueCur_L: [6.56093, -3.32316, 4.32912, 4.32912, 0.0156479, 0.0296135, 0.00613308, 0]
2024-07-29 10:40:54,815 RobotKinematics.cpp:296 [INFO] controlValueCur_L: [6.79348, -3.3378, 4.50058, 4.50058, 0.01474, 0.0295525, 0.00681973, 0]
2024-07-29 10:40:54,820 RobotKinematics.cpp:296 [INFO] controlValueCur_L: [7.03455, -3.32865, 4.56068, 4.56068, 0.0139351, 0.0280876, 0.00902843, 0]
2024-07-29 10:40:54,825 RobotKinematics.cpp:296 [INFO] controlValueCur_L: [7.40362, -3.30421, 4.59933, 4.59933, 0.0140915, 0.0294876, 0.00845242, 0]
2024-07-29 10:40:54,830 RobotKinematics.cpp:296 [INFO] controlValueCur_L: [8.66618, -3.1873, 4.61821, 4.61821, 0.0148735, 0.0280685, 0.0123472, 0]
2024-07-29 10:40:54,836 RobotKinematics.cpp:296 [INFO] controlValueCur_L: [9.56353, -3.08988, 4.60711, 4.60711, 0.0138435, 0.025898, 0.012269, 0]
2024-07-29 10:40:54,841 RobotKinematics.cpp:296 [INFO] controlValueCur_L: [10.6188, -2.96608, 4.59565, 4.59565, 0.0123711, 0.0236816, 0.0104618, 0]
2024-07-29 10:40:54,846 RobotKinematics.cpp:296 [INFO] controlValueCur_L: [13.1565, -2.64206, 4.57477, 4.57477, 0.0105171, 0.0203934, 0.0145073, 0]
2024-07-29 10:40:54,851 RobotKinematics.cpp:296 [INFO] controlValueCur_L: [14.6144, -2.44391, 4.56878, 4.56878, 0.0102997, 0.0201416, 0.012702, 0]
2024-07-29 10:40:54,856 RobotKinematics.cpp:296 [INFO] controlValueCur_L: [16.1777, -2.22427, 4.56969, 4.56969, 0.00911713, 0.0181732, 0.013236, 0]
2024-07-29 10:40:54,862 RobotKinematics.cpp:296 [INFO] controlValueCur_L: [19.52, -1.73551, 4.61771, 4.61771, 0.00986481, 0.0191002, 0.00997829, 0]
2024-07-29 10:40:54,867 RobotKinematics.cpp:296 [INFO] controlValueCur_L: [19.52, -1.73551, 4.61771, 4.61771, 0.00986481, 0.0191002, 0.00997829, 0]
2024-07-29 10:40:54,872 RobotKinematics.cpp:296 [INFO] controlValueCur_L: [23.1459, -1.17983, 4.72017, 4.72017, 0.0100784, 0.0191231, 0.0161791, 0]
2024-07-29 10:40:54,877 RobotKinematics.cpp:296 [INFO] controlValueCur_L: [25.5566, -0.808275, 4.81149, 4.81149, 0.0100327, 0.0199165, 0.0136766, 0]
2024-07-29 10:40:54,882 RobotKinematics.cpp:296 [INFO] controlValueCur_L: [28.253, -0.395132, 4.92022, 4.92022, 0.00826645, 0.0177765, 0.012538, 0]
2024-07-29 10:40:54,888 RobotKinematics.cpp:296 [INFO] controlValueCur_L: [33.5134, 0.404278, 5.13367, 5.13367, 0.0078392, 0.015892, 0.0165462, 0]
2024-07-29 10:40:54,893 RobotKinematics.cpp:296 [INFO] controlValueCur_L: [35.698, 0.732508, 5.21113, 5.21113, 0.00790787, 0.0164757, 0.0140629, 0]
2024-07-29 10:40:54,898 RobotKinematics.cpp:296 [INFO] controlValueCur_L: [37.4437, 0.996788, 5.24072, 5.24072, 0.0080986, 0.018074, 0.013464, 0]
2024-07-29 10:40:54,903 RobotKinematics.cpp:296 [INFO] controlValueCur_L: [39.6923, 1.36873, 5.16489, 5.16489, 0.00714874, 0.0178986, 0.0144358, 0]
2024-07-29 10:40:54,908 RobotKinematics.cpp:296 [INFO] controlValueCur_L: [39.6923, 1.36873, 5.16489, 5.16489, 0.00714874, 0.0178986, 0.0144358, 0]
2024-07-29 10:40:54,914 RobotKinematics.cpp:296 [INFO] controlValueCur_L: [40.8758, 1.5901, 4.98127, 4.98127, 0.00676727, 0.0167084, 0.0132418, 0]
2024-07-29 10:40:54,919 RobotKinematics.cpp:296 [INFO] controlValueCur_L: [41.2327, 1.65634, 4.87233, 4.87233, 0.00626755, 0.0157013, 0.0172653, 0]
2024-07-29 10:40:54,924 RobotKinematics.cpp:296 [INFO] controlValueCur_L: [41.4779, 1.70311, 4.7659, 4.7659, 0.0069809, 0.0176659, 0.0129023, 0]
2024-07-29 10:40:54,929 RobotKinematics.cpp:296 [INFO] controlValueCur_L: [41.6393, 1.73603, 4.66446, 4.66446, 0.00484848, 0.0155334, 0.0130892, 0]
2024-07-29 10:40:54,934 RobotKinematics.cpp:296 [INFO] controlValueCur_L: [41.7481, 1.75866, 4.46715, 4.46715, 0.00305176, 0.0145493, 0.00745106, 0]
2024-07-29 10:40:54,940 RobotKinematics.cpp:296 [INFO] controlValueCur_L: [41.6857, 1.74751, 4.36928, 4.36928, 0.00346375, 0.0150223, 0.00821877, 0]
2024-07-29 10:40:54,945 RobotKinematics.cpp:296 [INFO] controlValueCur_L: [41.5479, 1.72284, 4.27534, 4.27534, 0.00119019, 0.0123558, 0.0106745, 0]
2024-07-29 10:40:54,950 RobotKinematics.cpp:296 [INFO] controlValueCur_L: [41.3388, 1.6829, 4.18245, 4.18245, 0.00238037, 0.0127983, 0.00920963, 0]
2024-07-29 10:40:54,955 RobotKinematics.cpp:296 [INFO] controlValueCur_L: [40.7184, 1.57115, 3.98442, 3.98442, 0.0013504, 0.0112648, 0.0108261, 0]
2024-07-29 10:40:54,960 RobotKinematics.cpp:296 [INFO] controlValueCur_L: [40.3172, 1.50139, 3.88094, 3.88094, 0.00406647, 0.0138817, 0.0100794, 0]
2024-07-29 10:40:54,966 RobotKinematics.cpp:296 [INFO] controlValueCur_L: [39.8659, 1.42519, 3.77818, 3.77818, 0.00324249, 0.0121651, 0.00878048, 0]
2024-07-29 10:40:54,971 RobotKinematics.cpp:296 [INFO] controlValueCur_L: [39.37, 1.34266, 3.68187, 3.68187, 0.00414658, 0.0136909, 0.00736237, 0]
2024-07-29 10:40:54,976 RobotKinematics.cpp:296 [INFO] controlValueCur_L: [38.241, 1.16167, 3.50642, 3.50642, 0.00344086, 0.0132866, 0.00867844, 0]
2024-07-29 10:40:54,981 RobotKinematics.cpp:296 [INFO] controlValueCur_L: [37.5865, 1.06252, 3.42028, 3.42028, 0.00174713, 0.0109024, 0.00863075, 0]
2024-07-29 10:40:54,987 RobotKinematics.cpp:296 [INFO] controlValueCur_L: [36.86, 0.95772, 3.32863, 3.32863, 0.00228882, 0.0107422, 0.0106344, 0]
2024-07-29 10:40:54,992 RobotKinematics.cpp:296 [INFO] controlValueCur_L: [35.2135, 0.727039, 3.12203, 3.12203, 0.00417328, 0.0126534, 0.00682068, 0]
2024-07-29 10:40:54,997 RobotKinematics.cpp:296 [INFO] controlValueCur_L: [34.3204, 0.603914, 3.00943, 3.00943, 0.00210953, 0.0107346, 0.00768566, 0]
2024-07-29 10:40:55,002 RobotKinematics.cpp:296 [INFO] controlValueCur_L: [33.4008, 0.475437, 2.89343, 2.89343, 0.000804901, 0.00986481, 0.00813103, 0]
2024-07-29 10:40:55,007 RobotKinematics.cpp:296 [INFO] controlValueCur_L: [32.4684, 0.340551, 2.77416, 2.77416, 0.00300598, 0.0120049, 0.00751209, 0]
2024-07-29 10:40:55,013 RobotKinematics.cpp:296 [INFO] controlValueCur_L: [30.6031, 0.0565643, 2.52919, 2.52919, 0.00329971, 0.0119934, 0.00979805, 0]
2024-07-29 10:40:55,018 RobotKinematics.cpp:296 [INFO] controlValueCur_L: [30.6031, 0.0565643, 2.52919, 2.52919, 0.00329971, 0.0119934, 0.00979805, 0]
2024-07-29 10:40:55,023 RobotKinematics.cpp:296 [INFO] controlValueCur_L: [28.7795, -0.238176, 2.28294, 2.28294, 0.0043602, 0.0116425, 0.0130281, 0]
2024-07-29 10:40:55,028 RobotKinematics.cpp:296 [INFO] controlValueCur_L: [27.6926, -0.417583, 2.13054, 2.13054, 0.00112152, 0.00875854, 0.012866, 0]
2024-07-29 10:40:55,033 RobotKinematics.cpp:296 [INFO] controlValueCur_L: [26.4609, -0.621698, 1.96048, 1.96048, 0.00286102, 0.0114861, 0.0103216, 0]
2024-07-29 10:40:55,039 RobotKinematics.cpp:296 [INFO] controlValueCur_L: [24.0851, -1.01083, 1.65022, 1.65022, 0.00315857, 0.0120125, 0.009305, 0]
2024-07-29 10:40:55,044 RobotKinematics.cpp:296 [INFO] controlValueCur_L: [23.1246, -1.16517, 1.53224, 1.53224, 0.00283813, 0.0111008, 0.0118618, 0]
2024-07-29 10:40:55,049 RobotKinematics.cpp:296 [INFO] controlValueCur_L: [22.3451, -1.28628, 1.43643, 1.43643, 0.00254822, 0.0119057, 0.00710487, 0]
2024-07-29 10:40:55,054 RobotKinematics.cpp:296 [INFO] controlValueCur_L: [21.1575, -1.45827, 1.29221, 1.29221, 0.00288773, 0.0105019, 0.0133486, 0]
2024-07-29 10:40:55,059 RobotKinematics.cpp:296 [INFO] controlValueCur_L: [21.1575, -1.45827, 1.29221, 1.29221, 0.00288773, 0.0105019, 0.0133486, 0]
2024-07-29 10:40:55,065 RobotKinematics.cpp:296 [INFO] controlValueCur_L: [20.1673, -1.59421, 1.1878, 1.1878, 0.00350189, 0.0108795, 0.0105381, 0]
2024-07-29 10:40:55,070 RobotKinematics.cpp:296 [INFO] controlValueCur_L: [19.7267, -1.65236, 1.14802, 1.14802, 0.00562668, 0.0128098, 0.0125828, 0]
2024-07-29 10:40:55,075 RobotKinematics.cpp:296 [INFO] controlValueCur_L: [19.3382, -1.70374, 1.11669, 1.11669, 0.00697327, 0.0126915, 0.0155907, 0]
2024-07-29 10:40:55,080 RobotKinematics.cpp:296 [INFO] controlValueCur_L: [18.7235, -1.77899, 1.07766, 1.07766, 0.00703049, 0.0128212, 0.0163002, 0]
2024-07-29 10:40:55,085 RobotKinematics.cpp:296 [INFO] controlValueCur_L: [18.484, -1.79371, 1.06679, 1.06679, 0.00799561, 0.0148964, 0.0177431, 0]
2024-07-29 10:40:55,091 RobotKinematics.cpp:296 [INFO] controlValueCur_L: [18.2853, -1.78982, 1.05756, 1.05756, 0.00843811, 0.0157585, 0.0156326, 0]
2024-07-29 10:40:55,096 RobotKinematics.cpp:296 [INFO] controlValueCur_L: [18.0452, -1.71505, 1.05524, 1.05524, 0.0087471, 0.0169449, 0.0166006, 0]
2024-07-29 10:40:55,101 RobotKinematics.cpp:296 [INFO] controlValueCur_L: [18.0452, -1.71505, 1.05524, 1.05524, 0.0087471, 0.0169449, 0.0166006, 0]
2024-07-29 10:40:55,106 RobotKinematics.cpp:296 [INFO] controlValueCur_L: [18.0778, -1.54059, 1.08078, 1.08078, 0.0105286, 0.0209045, 0.0135002, 0]
2024-07-29 10:40:55,111 RobotKinematics.cpp:296 [INFO] controlValueCur_L: [18.1619, -1.42195, 1.09601, 1.09601, 0.0107307, 0.020874, 0.0165129, 0]
2024-07-29 10:40:55,116 RobotKinematics.cpp:296 [INFO] controlValueCur_L: [18.238, -1.29152, 1.1056, 1.1056, 0.0101357, 0.0208321, 0.0142441, 0]
2024-07-29 10:40:55,122 RobotKinematics.cpp:296 [INFO] controlValueCur_L: [18.2958, -1.00749, 1.09635, 1.09635, 0.0103264, 0.0197067, 0.0170622, 0]
2024-07-29 10:40:55,127 RobotKinematics.cpp:296 [INFO] controlValueCur_L: [18.2888, -0.852839, 1.08299, 1.08299, 0.0108032, 0.0207672, 0.0144615, 0]
2024-07-29 10:40:55,132 RobotKinematics.cpp:296 [INFO] controlValueCur_L: [18.2639, -0.687796, 1.07275, 1.07275, 0.00969315, 0.019783, 0.0120821, 0]
2024-07-29 10:40:55,137 RobotKinematics.cpp:296 [INFO] controlValueCur_L: [18.1607, -0.331839, 1.04742, 1.04742, 0.0119629, 0.0211487, 0.0142756, 0]
2024-07-29 10:40:55,142 RobotKinematics.cpp:296 [INFO] controlValueCur_L: [18.1073, -0.13822, 1.02401, 1.02401, 0.0115242, 0.0209694, 0.0121784, 0]
2024-07-29 10:40:55,148 RobotKinematics.cpp:296 [INFO] controlValueCur_L: [18.0759, 0.0713902, 1.00022, 1.00022, 0.0122719, 0.0218887, 0.0135746, 0]
2024-07-29 10:40:55,153 RobotKinematics.cpp:296 [INFO] controlValueCur_L: [18.073, 0.291426, 0.976719, 0.976719, 0.0119629, 0.0218086, 0.0124025, 0]
2024-07-29 10:40:55,158 RobotKinematics.cpp:296 [INFO] controlValueCur_L: [18.091, 0.514881, 0.949011, 0.949011, 0.0125351, 0.0234146, 0.00979042, 0]
2024-07-29 10:40:55,163 RobotKinematics.cpp:296 [INFO] controlValueCur_L: [18.1624, 0.969414, 0.87547, 0.87547, 0.0126114, 0.0228539, 0.012001, 0]
2024-07-29 10:40:55,169 RobotKinematics.cpp:296 [INFO] controlValueCur_L: [18.211, 1.20008, 0.839131, 0.839131, 0.00950623, 0.019474, 0.00890541, 0]
2024-07-29 10:40:55,174 RobotKinematics.cpp:296 [INFO] controlValueCur_L: [18.2724, 1.43119, 0.805906, 0.805906, 0.0100822, 0.0201416, 0.0108213, 0]
2024-07-29 10:40:55,179 RobotKinematics.cpp:296 [INFO] controlValueCur_L: [18.3506, 1.6638, 0.772153, 0.772153, 0.0105591, 0.0208206, 0.0103045, 0]
2024-07-29 10:40:55,184 RobotKinematics.cpp:296 [INFO] controlValueCur_L: [18.5319, 2.14218, 0.706881, 0.706881, 0.00506592, 0.0188255, 0.00170803, 0]
2024-07-29 10:40:55,189 RobotKinematics.cpp:296 [INFO] controlValueCur_L: [18.6201, 2.39421, 0.679181, 0.679181, 0.00306702, 0.0188713, -0.000759125, 0]
2024-07-29 10:40:55,195 RobotKinematics.cpp:296 [INFO] controlValueCur_L: [18.6924, 2.66037, 0.651737, 0.651737, -0.00435638, 0.0152855, -0.0118809, 0]
2024-07-29 10:40:55,200 RobotKinematics.cpp:296 [INFO] controlValueCur_L: [18.7386, 2.94466, 0.624389, 0.624389, -0.00621033, 0.0230865, -0.0399818, 0]
2024-07-29 10:40:55,205 RobotKinematics.cpp:296 [INFO] controlValueCur_L: [18.7252, 3.58671, 0.560596, 0.560596, -0.0216751, 0.0180855, -0.052578, 0]
2024-07-29 10:40:55,210 RobotKinematics.cpp:296 [INFO] controlValueCur_L: [18.6546, 3.95449, 0.515877, 0.515877, -0.022274, 0.0216446, -0.0801458, 0]
2024-07-29 10:40:55,215 RobotKinematics.cpp:296 [INFO] controlValueCur_L: [18.5348, 4.35869, 0.472897, 0.472897, -0.0233498, 0.0268173, -0.0883818, 0]
2024-07-29 10:40:55,221 RobotKinematics.cpp:296 [INFO] controlValueCur_L: [18.3737, 4.79285, 0.436381, 0.436381, -0.0360985, 0.0155678, -0.0993795, 0]
2024-07-29 10:40:55,226 RobotKinematics.cpp:296 [INFO] controlValueCur_L: [17.9934, 5.71918, 0.385768, 0.385768, -0.0305328, 0.020565, -0.0949183, 0]
2024-07-29 10:40:55,231 RobotKinematics.cpp:296 [INFO] controlValueCur_L: [17.8049, 6.19611, 0.368067, 0.368067, -0.0315666, 0.0214005, -0.0853806, 0]
2024-07-29 10:40:55,236 RobotKinematics.cpp:296 [INFO] controlValueCur_L: [17.6365, 6.67434, 0.336358, 0.336358, -0.0418053, 0.016571, -0.0977049, 0]
2024-07-29 10:40:55,241 RobotKinematics.cpp:296 [INFO] controlValueCur_L: [17.4872, 7.15785, 0.311593, 0.311593, -0.0370026, 0.0222397, -0.089571, 0]
2024-07-29 10:40:55,247 RobotKinematics.cpp:296 [INFO] controlValueCur_L: [17.2022, 8.1063, 0.291886, 0.291886, -0.0257378, 0.0291252, -0.0828085, 0]
2024-07-29 10:40:55,252 RobotKinematics.cpp:296 [INFO] controlValueCur_L: [17.078, 8.57455, 0.288462, 0.288462, -0.0237923, 0.0216331, -0.0656471, 0]
2024-07-29 10:40:55,257 RobotKinematics.cpp:296 [INFO] controlValueCur_L: [16.954, 9.03966, 0.282917, 0.282917, -0.0172348, 0.0291672, -0.0665932, 0]
2024-07-29 10:40:55,262 RobotKinematics.cpp:296 [INFO] controlValueCur_L: [16.8137, 9.51234, 0.258379, 0.258379, -0.0133858, 0.0256119, -0.0482321, 0]
2024-07-29 10:40:55,267 RobotKinematics.cpp:296 [INFO] controlValueCur_L: [16.6426, 9.99879, 0.154148, 0.154148, -0.00546265, 0.0289764, -0.0384016, 0]
2024-07-29 10:40:55,272 RobotKinematics.cpp:296 [INFO] controlValueCur_L: [16.2487, 11.0603, -0.0436115, -0.0436115, -0.00637817, 0.024147, -0.0256233, 0]
2024-07-29 10:40:55,278 RobotKinematics.cpp:296 [INFO] controlValueCur_L: [16.0851, 11.5914, -0.0813541, -0.0813541, -0.00391006, 0.0261307, -0.0288286, 0]
2024-07-29 10:40:55,283 RobotKinematics.cpp:296 [INFO] controlValueCur_L: [15.977, 12.1091, -0.0860095, -0.0860095, -0.00254822, 0.0224075, -0.0229301, 0]
2024-07-29 10:40:55,288 RobotKinematics.cpp:296 [INFO] controlValueCur_L: [15.8858, 13.1097, -0.0904636, -0.0904636, 0.000160217, 0.0223808, -0.017724, 0]
2024-07-29 10:40:55,293 RobotKinematics.cpp:296 [INFO] controlValueCur_L: [15.863, 13.6138, -0.101502, -0.101502, 0.00369263, 0.0226021, -0.012145, 0]
2024-07-29 10:40:55,298 RobotKinematics.cpp:296 [INFO] controlValueCur_L: [15.8647, 14.1216, -0.115933, -0.115933, 0.00312042, 0.0227814, -0.0118284, 0]
2024-07-29 10:40:55,304 RobotKinematics.cpp:296 [INFO] controlValueCur_L: [15.8633, 15.1366, -0.146312, -0.146312, 0.00422668, 0.0247917, -0.00913048, 0]
2024-07-29 10:40:55,309 RobotKinematics.cpp:296 [INFO] controlValueCur_L: [15.8633, 15.1366, -0.146312, -0.146312, 0.00422668, 0.0247917, -0.00913048, 0]
2024-07-29 10:40:55,314 RobotKinematics.cpp:296 [INFO] controlValueCur_L: [15.8621, 15.6436, -0.161701, -0.161701, 0.00460434, 0.0262794, -0.0082655, 0]
2024-07-29 10:40:55,319 RobotKinematics.cpp:296 [INFO] controlValueCur_L: [16.1169, 16.9011, -0.0295835, -0.0295835, 0.00566864, 0.0256729, -0.00292015, 0]
2024-07-29 10:40:55,324 RobotKinematics.cpp:296 [INFO] controlValueCur_L: [16.2297, 17.2869, 0.180732, 0.180732, 0.00845718, 0.0254173, 0.00666142, 0]
2024-07-29 10:40:55,329 RobotKinematics.cpp:296 [INFO] controlValueCur_L: [16.2297, 17.2869, 0.180732, 0.180732, 0.00845718, 0.0254173, 0.00666142, 0]
2024-07-29 10:40:55,335 RobotKinematics.cpp:296 [INFO] controlValueCur_L: [16.3476, 17.906, 0.363955, 0.363955, 0.00725174, 0.0234604, 0.00526524, 0]
2024-07-29 10:40:55,340 RobotKinematics.cpp:296 [INFO] controlValueCur_L: [16.3937, 18.1786, 0.449507, 0.449507, 0.00895691, 0.0261841, 0.00436306, 0]
2024-07-29 10:40:55,345 RobotKinematics.cpp:296 [INFO] controlValueCur_L: [16.445, 18.4331, 0.542692, 0.542692, 0.00736618, 0.0251884, 0.00830555, 0]
2024-07-29 10:40:55,350 RobotKinematics.cpp:296 [INFO] controlValueCur_L: [16.5867, 18.9012, 0.750748, 0.750748, 0.00811768, 0.0250893, 0.0108624, 0]
2024-07-29 10:40:55,355 RobotKinematics.cpp:296 [INFO] controlValueCur_L: [16.6625, 19.1278, 0.858449, 0.858449, 0.00559616, 0.0231438, 0.00906372, 0]
2024-07-29 10:40:55,360 RobotKinematics.cpp:296 [INFO] controlValueCur_L: [16.7349, 19.3492, 0.960646, 0.960646, 0.00669479, 0.0217018, 0.0133924, 0]
2024-07-29 10:40:55,366 RobotKinematics.cpp:296 [INFO] controlValueCur_L: [16.8719, 19.7733, 1.14768, 1.14768, 0.00876999, 0.0228157, 0.0124826, 0]
2024-07-29 10:40:55,371 RobotKinematics.cpp:296 [INFO] controlValueCur_L: [16.8719, 19.7733, 1.14768, 1.14768, 0.00876999, 0.0228157, 0.0124826, 0]
2024-07-29 10:40:55,376 RobotKinematics.cpp:296 [INFO] controlValueCur_L: [17.0337, 20.158, 1.33052, 1.33052, 0.01157, 0.0247498, 0.0104599, 0]
2024-07-29 10:40:55,381 RobotKinematics.cpp:296 [INFO] controlValueCur_L: [17.1312, 20.3353, 1.41783, 1.41783, 0.00928879, 0.020092, 0.0175524, 0]
2024-07-29 10:40:55,386 RobotKinematics.cpp:296 [INFO] controlValueCur_L: [17.2345, 20.4966, 1.50222, 1.50222, 0.00911331, 0.0200157, 0.0163317, 0]
2024-07-29 10:40:55,391 RobotKinematics.cpp:296 [INFO] controlValueCur_L: [17.3377, 20.6355, 1.58342, 1.58342, 0.0116081, 0.022007, 0.0185871, 0]
2024-07-29 10:40:55,397 RobotKinematics.cpp:296 [INFO] controlValueCur_L: [17.5243, 20.8362, 1.73739, 1.73739, 0.0133247, 0.0225372, 0.0185223, 0]
2024-07-29 10:40:55,402 RobotKinematics.cpp:296 [INFO] controlValueCur_L: [17.5984, 20.8963, 1.80695, 1.80695, 0.0132942, 0.0222054, 0.0238934, 0]
2024-07-29 10:40:55,407 RobotKinematics.cpp:296 [INFO] controlValueCur_L: [17.6563, 20.9273, 1.86928, 1.86928, 0.00999832, 0.0175591, 0.0231438, 0]
2024-07-29 10:40:55,412 RobotKinematics.cpp:296 [INFO] controlValueCur_L: [17.6981, 20.9269, 1.9259, 1.9259, 0.00938797, 0.0166321, 0.0202093, 0]
2024-07-29 10:40:55,417 RobotKinematics.cpp:296 [INFO] controlValueCur_L: [17.7328, 20.8356, 2.01144, 2.01144, 0.00731277, 0.0157204, 0.0244455, 0]
2024-07-29 10:40:55,422 RobotKinematics.cpp:296 [INFO] controlValueCur_L: [17.7096, 20.7492, 2.03837, 2.03837, 0.00725174, 0.0161819, 0.019558, 0]
2024-07-29 10:40:55,428 RobotKinematics.cpp:296 [INFO] controlValueCur_L: [17.6668, 20.6372, 2.0586, 2.0586, 0.00834656, 0.0168571, 0.0223846, 0]
2024-07-29 10:40:55,433 RobotKinematics.cpp:296 [INFO] controlValueCur_L: [17.6161, 20.4933, 2.07512, 2.07512, 0.00705338, 0.0158806, 0.0187197, 0]
2024-07-29 10:40:55,438 RobotKinematics.cpp:296 [INFO] controlValueCur_L: [17.5321, 20.1048, 2.10201, 2.10201, 0.00708008, 0.0157967, 0.0194721, 0]
2024-07-29 10:40:55,443 RobotKinematics.cpp:296 [INFO] controlValueCur_L: [17.521, 19.8583, 2.11994, 2.11994, 0.00751877, 0.0150032, 0.0214415, 0]
2024-07-29 10:40:55,448 RobotKinematics.cpp:296 [INFO] controlValueCur_L: [17.525, 19.576, 2.14599, 2.14599, 0.00892639, 0.0163612, 0.0216255, 0]
2024-07-29 10:40:55,454 RobotKinematics.cpp:296 [INFO] controlValueCur_L: [17.5294, 19.2624, 2.17749, 2.17749, 0.00871658, 0.0155563, 0.0202112, 0]
2024-07-29 10:40:55,459 RobotKinematics.cpp:296 [INFO] controlValueCur_L: [17.4834, 18.5393, 2.25542, 2.25542, 0.0107613, 0.0185432, 0.017189, 0]
2024-07-29 10:40:55,464 RobotKinematics.cpp:296 [INFO] controlValueCur_L: [17.4203, 18.1248, 2.29802, 2.29802, 0.0116005, 0.017643, 0.0202456, 0]
2024-07-29 10:40:55,469 RobotKinematics.cpp:296 [INFO] controlValueCur_L: [17.3266, 17.6694, 2.34023, 2.34023, 0.0129509, 0.0192947, 0.0199032, 0]
2024-07-29 10:40:55,474 RobotKinematics.cpp:296 [INFO] controlValueCur_L: [17.1887, 17.1722, 2.37898, 2.37898, 0.0124245, 0.0176544, 0.019949, 0]
2024-07-29 10:40:55,480 RobotKinematics.cpp:296 [INFO] controlValueCur_L: [16.7323, 16.0607, 2.44228, 2.44228, 0.01334, 0.0195694, 0.0172615, 0]
2024-07-29 10:40:55,485 RobotKinematics.cpp:296 [INFO] controlValueCur_L: [16.3324, 15.3278, 2.47476, 2.47476, 0.0121994, 0.0177765, 0.0184269, 0]
2024-07-29 10:40:55,490 RobotKinematics.cpp:296 [INFO] controlValueCur_L: [15.7369, 14.3919, 2.51677, 2.51677, 0.0128517, 0.018158, 0.0231199, 0]
2024-07-29 10:40:55,495 RobotKinematics.cpp:296 [INFO] controlValueCur_L: [14.9774, 13.3414, 2.57177, 2.57177, 0.0131683, 0.0181808, 0.0209551, 0]
2024-07-29 10:40:55,500 RobotKinematics.cpp:296 [INFO] controlValueCur_L: [13.1523, 11.1765, 2.72771, 2.72771, 0.0145149, 0.0179482, 0.0221653, 0]
2024-07-29 10:40:55,505 RobotKinematics.cpp:296 [INFO] controlValueCur_L: [13.1523, 11.1765, 2.72771, 2.72771, 0.0145149, 0.0179482, 0.0221653, 0]
2024-07-29 10:40:55,511 RobotKinematics.cpp:296 [INFO] controlValueCur_L: [11.27, 9.15196, 2.98019, 2.98019, 0.0149956, 0.0181313, 0.0201626, 0]
2024-07-29 10:40:55,516 RobotKinematics.cpp:296 [INFO] controlValueCur_L: [10.4406, 8.20988, 3.16517, 3.16517, 0.015831, 0.0198021, 0.0151033, 0]
2024-07-29 10:40:55,521 RobotKinematics.cpp:296 [INFO] controlValueCur_L: [9.71785, 7.30029, 3.38899, 3.38899, 0.0148735, 0.0182114, 0.015769, 0]
2024-07-29 10:40:55,526 RobotKinematics.cpp:296 [INFO] controlValueCur_L: [8.54014, 5.51321, 3.90815, 3.90815, 0.0149574, 0.0189743, 0.0140839, 0]
2024-07-29 10:40:55,531 RobotKinematics.cpp:296 [INFO] controlValueCur_L: [8.04102, 4.63434, 4.1727, 4.1727, 0.0155983, 0.0199509, 0.0130177, 0]
2024-07-29 10:40:55,537 RobotKinematics.cpp:296 [INFO] controlValueCur_L: [7.60065, 3.77246, 4.42824, 4.42824, 0.0139885, 0.0176811, 0.0176125, 0]
2024-07-29 10:40:55,542 RobotKinematics.cpp:296 [INFO] controlValueCur_L: [6.90798, 2.10424, 4.92418, 4.92418, 0.0125351, 0.017704, 0.0180693, 0]
2024-07-29 10:40:55,547 RobotKinematics.cpp:296 [INFO] controlValueCur_L: [6.90798, 2.10424, 4.92418, 4.92418, 0.0125351, 0.017704, 0.0180693, 0]
2024-07-29 10:40:55,552 RobotKinematics.cpp:296 [INFO] controlValueCur_L: [6.47126, 0.544401, 5.36836, 5.36836, 0.0131073, 0.0177498, 0.0231876, 0]
2024-07-29 10:40:55,557 RobotKinematics.cpp:296 [INFO] controlValueCur_L: [6.35052, -0.194691, 5.55441, 5.55441, 0.0118866, 0.0188522, 0.0198679, 0]
2024-07-29 10:40:55,563 RobotKinematics.cpp:296 [INFO] controlValueCur_L: [6.28571, -0.914122, 5.72528, 5.72528, 0.0117989, 0.0187531, 0.0218725, 0]
2024-07-29 10:40:55,568 RobotKinematics.cpp:296 [INFO] controlValueCur_L: [6.37879, -2.30658, 6.00508, 6.00508, 0.0129013, 0.0204201, 0.0222464, 0]
2024-07-29 10:40:55,573 RobotKinematics.cpp:296 [INFO] controlValueCur_L: [6.57215, -2.95436, 6.12604, 6.12604, 0.0122986, 0.019165, 0.0189991, 0]
2024-07-29 10:40:55,578 RobotKinematics.cpp:296 [INFO] controlValueCur_L: [6.87787, -3.5573, 6.25661, 6.25661, 0.0126266, 0.0191116, 0.0185251, 0]
2024-07-29 10:40:55,583 RobotKinematics.cpp:296 [INFO] controlValueCur_L: [7.66275, -4.68795, 6.49414, 6.49414, 0.0124512, 0.0191689, 0.0137711, 0]
2024-07-29 10:40:55,588 RobotKinematics.cpp:296 [INFO] controlValueCur_L: [7.66275, -4.68795, 6.49414, 6.49414, 0.0124512, 0.0191689, 0.0137711, 0]
2024-07-29 10:40:55,594 RobotKinematics.cpp:296 [INFO] controlValueCur_L: [8.49979, -5.72505, 6.66866, 6.66866, 0.0113678, 0.0183487, 0.0131388, 0]
2024-07-29 10:40:55,599 RobotKinematics.cpp:296 [INFO] controlValueCur_L: [8.89751, -6.1995, 6.73069, 6.73069, 0.0114212, 0.0191002, 0.0108986, 0]
2024-07-29 10:40:55,604 RobotKinematics.cpp:296 [INFO] controlValueCur_L: [9.2583, -6.65331, 6.78819, 6.78819, 0.0106926, 0.0194511, 0.0139875, 0]
2024-07-29 10:40:55,609 RobotKinematics.cpp:296 [INFO] controlValueCur_L: [9.77118, -7.54918, 6.9342, 6.9342, 0.0113602, 0.0210419, 0.0100412, 0]
2024-07-29 10:40:55,614 RobotKinematics.cpp:296 [INFO] controlValueCur_L: [9.92039, -8.00916, 7.03489, 7.03489, 0.010807, 0.0222588, 0.00744915, 0]
2024-07-29 10:40:55,620 RobotKinematics.cpp:296 [INFO] controlValueCur_L: [10.0069, -8.46627, 7.1529, 7.1529, 0.0112343, 0.0224838, 0.00912857, 0]
2024-07-29 10:40:55,625 RobotKinematics.cpp:296 [INFO] controlValueCur_L: [10.0299, -8.91524, 7.28482, 7.28482, 0.0100975, 0.0217285, 0.00930977, 0]
2024-07-29 10:40:55,630 RobotKinematics.cpp:296 [INFO] controlValueCur_L: [9.95402, -9.73459, 7.57511, 7.57511, 0.00979614, 0.0221443, 0.00489807, 0]
2024-07-29 10:40:55,635 RobotKinematics.cpp:296 [INFO] controlValueCur_L: [9.87983, -10.0856, 7.72371, 7.72371, 0.0103226, 0.022789, 0.00501156, 0]
2024-07-29 10:40:55,640 RobotKinematics.cpp:296 [INFO] controlValueCur_L: [9.78822, -10.3942, 7.86853, 7.86853, 0.0120277, 0.0239563, 0.00857544, 0]
2024-07-29 10:40:55,645 RobotKinematics.cpp:296 [INFO] controlValueCur_L: [9.69482, -10.6557, 8.01445, 8.01445, 0.0122185, 0.0235138, 0.0102139, 0]
2024-07-29 10:40:55,651 RobotKinematics.cpp:296 [INFO] controlValueCur_L: [9.55922, -11.0289, 8.29397, 8.29397, 0.0123062, 0.0236893, 0.00876427, 0]
2024-07-29 10:40:55,656 RobotKinematics.cpp:296 [INFO] controlValueCur_L: [9.49884, -11.1526, 8.42, 8.42, 0.0118713, 0.0232773, 0.00902939, 0]
2024-07-29 10:40:55,661 RobotKinematics.cpp:296 [INFO] controlValueCur_L: [9.42741, -11.2465, 8.53571, 8.53571, 0.0123596, 0.0234184, 0.0123405, 0]
2024-07-29 10:40:55,666 RobotKinematics.cpp:296 [INFO] controlValueCur_L: [9.34222, -11.3175, 8.64243, 8.64243, 0.0108871, 0.0223122, 0.0140038, 0]
2024-07-29 10:40:55,671 RobotKinematics.cpp:296 [INFO] controlValueCur_L: [9.16803, -11.3854, 8.84702, 8.84702, 0.0119514, 0.0232582, 0.0119019, 0]
2024-07-29 10:40:55,677 RobotKinematics.cpp:296 [INFO] controlValueCur_L: [9.11583, -11.372, 8.93981, 8.93981, 0.0113602, 0.0227928, 0.0108776, 0]
2024-07-29 10:40:55,682 RobotKinematics.cpp:296 [INFO] controlValueCur_L: [9.10554, -11.3179, 9.01925, 9.01925, 0.0110054, 0.0220299, 0.0115461, 0]
2024-07-29 10:40:55,687 RobotKinematics.cpp:296 [INFO] controlValueCur_L: [9.13987, -11.2198, 9.08562, 9.08562, 0.0119591, 0.0221786, 0.0124493, 0]
2024-07-29 10:40:55,692 RobotKinematics.cpp:296 [INFO] controlValueCur_L: [9.33951, -10.8966, 9.16217, 9.16217, 0.0125732, 0.0238419, 0.0105333, 0]
2024-07-29 10:40:55,697 RobotKinematics.cpp:296 [INFO] controlValueCur_L: [9.47127, -10.6775, 9.16023, 9.16023, 0.0135536, 0.0244522, 0.0101986, 0]
2024-07-29 10:40:55,702 RobotKinematics.cpp:296 [INFO] controlValueCur_L: [9.60841, -10.4206, 9.12842, 9.12842, 0.0133018, 0.0231514, 0.01264, 0]
2024-07-29 10:40:55,708 RobotKinematics.cpp:296 [INFO] controlValueCur_L: [9.7535, -10.1236, 9.06747, 9.06747, 0.0139542, 0.023037, 0.0141268, 0]
2024-07-29 10:40:55,713 RobotKinematics.cpp:296 [INFO] controlValueCur_L: [10.0737, -9.40874, 8.85538, 8.85538, 0.012001, 0.0219955, 0.0105085, 0]
2024-07-29 10:40:55,718 RobotKinematics.cpp:296 [INFO] controlValueCur_L: [10.2358, -8.99877, 8.70568, 8.70568, 0.0128365, 0.0235023, 0.00979996, 0]
2024-07-29 10:40:55,723 RobotKinematics.cpp:296 [INFO] controlValueCur_L: [10.388, -8.56287, 8.52956, 8.52956, 0.0100708, 0.0215378, 0.00994682, 0]
2024-07-29 10:40:55,728 RobotKinematics.cpp:296 [INFO] controlValueCur_L: [10.5293, -8.10129, 8.3319, 8.3319, 0.0100403, 0.0224113, 0.00450802, 0]
2024-07-29 10:40:55,734 RobotKinematics.cpp:296 [INFO] controlValueCur_L: [10.7902, -7.10639, 7.88335, 7.88335, 0.00988388, 0.0210533, 0.0096159, 0]
2024-07-29 10:40:55,739 RobotKinematics.cpp:296 [INFO] controlValueCur_L: [10.9144, -6.57758, 7.63962, 7.63962, 0.0128708, 0.0244446, 0.0103579, 0]
2024-07-29 10:40:55,744 RobotKinematics.cpp:296 [INFO] controlValueCur_L: [11.034, -6.02959, 7.38324, 7.38324, 0.0113831, 0.0226135, 0.00811291, 0]
2024-07-29 10:40:55,749 RobotKinematics.cpp:296 [INFO] controlValueCur_L: [11.1301, -5.46589, 7.10877, 7.10877, 0.0108719, 0.0233879, 0.00669003, 0]
2024-07-29 10:40:55,754 RobotKinematics.cpp:296 [INFO] controlValueCur_L: [11.1999, -4.89127, 6.818, 6.818, 0.0106621, 0.0231171, 0.00961876, 0]
2024-07-29 10:40:55,759 RobotKinematics.cpp:296 [INFO] controlValueCur_L: [11.2799, -3.56509, 6.14252, 6.14252, 0.0113144, 0.0236168, 0.00938034, 0]
2024-07-29 10:40:55,765 RobotKinematics.cpp:296 [INFO] controlValueCur_L: [11.2939, -2.72283, 5.72344, 5.72344, 0.0121384, 0.0237694, 0.010252, 0]
2024-07-29 10:40:55,770 RobotKinematics.cpp:296 [INFO] controlValueCur_L: [11.2909, -1.84724, 5.30667, 5.30667, 0.0142326, 0.0265083, 0.00880909, 0]
2024-07-29 10:40:55,775 RobotKinematics.cpp:296 [INFO] controlValueCur_L: [11.2699, -0.173697, 4.57616, 4.57616, 0.0151291, 0.0272179, 0.0125904, 0]
2024-07-29 10:40:55,780 RobotKinematics.cpp:296 [INFO] controlValueCur_L: [11.2699, -0.173697, 4.57616, 4.57616, 0.0151291, 0.0272179, 0.0125904, 0]
2024-07-29 10:40:55,785 RobotKinematics.cpp:296 [INFO] controlValueCur_L: [11.1957, 1.29273, 4.00466, 4.00466, 0.0152931, 0.0285568, 0.00842476, 0]
2024-07-29 10:40:55,791 RobotKinematics.cpp:296 [INFO] controlValueCur_L: [11.1535, 1.96404, 3.77764, 3.77764, 0.0155182, 0.0279846, 0.0101776, 0]
2024-07-29 10:40:55,796 RobotKinematics.cpp:296 [INFO] controlValueCur_L: [11.1326, 2.61411, 3.5948, 3.5948, 0.0165863, 0.0300102, 0.00957584, 0]
2024-07-29 10:40:55,801 RobotKinematics.cpp:296 [INFO] controlValueCur_L: [11.2434, 3.92235, 3.36715, 3.36715, 0.0162277, 0.0279121, 0.00823212, 0]
2024-07-29 10:40:55,806 RobotKinematics.cpp:296 [INFO] controlValueCur_L: [11.3699, 4.60001, 3.30908, 3.30908, 0.0144653, 0.0261917, 0.00587559, 0]
2024-07-29 10:40:55,811 RobotKinematics.cpp:296 [INFO] controlValueCur_L: [11.5289, 5.30724, 3.29412, 3.29412, 0.0162086, 0.0276108, 0.00657272, 0]
2024-07-29 10:40:55,816 RobotKinematics.cpp:296 [INFO] controlValueCur_L: [11.9085, 6.76471, 3.36364, 3.36364, 0.019043, 0.0293579, 0.0088644, 0]
2024-07-29 10:40:55,822 RobotKinematics.cpp:296 [INFO] controlValueCur_L: [11.9085, 6.76471, 3.36364, 3.36364, 0.019043, 0.0293579, 0.0088644, 0]
2024-07-29 10:40:55,827 RobotKinematics.cpp:296 [INFO] controlValueCur_L: [12.2319, 8.22379, 3.48914, 3.48914, 0.0196762, 0.0305824, 0.00916576, 0]
2024-07-29 10:40:55,832 RobotKinematics.cpp:296 [INFO] controlValueCur_L: [12.3303, 8.93467, 3.54929, 3.54929, 0.0188408, 0.0302734, 0.00751781, 0]
2024-07-29 10:40:55,837 RobotKinematics.cpp:296 [INFO] controlValueCur_L: [12.404, 9.63209, 3.59514, 3.59514, 0.0178452, 0.0289574, 0.0104904, 0]
2024-07-29 10:40:55,842 RobotKinematics.cpp:296 [INFO] controlValueCur_L: [12.5295, 10.9735, 3.62167, 3.62167, 0.0134277, 0.0259285, 0.0107765, 0]
2024-07-29 10:40:55,848 RobotKinematics.cpp:296 [INFO] controlValueCur_L: [12.5899, 11.6079, 3.5827, 3.5827, 0.0141563, 0.0268517, 0.0105219, 0]
2024-07-29 10:40:55,853 RobotKinematics.cpp:296 [INFO] controlValueCur_L: [12.6568, 12.2247, 3.51845, 3.51845, 0.0116844, 0.0246468, 0.0072298, 0]
2024-07-29 10:40:55,858 RobotKinematics.cpp:296 [INFO] controlValueCur_L: [12.8446, 13.4079, 3.36614, 3.36614, 0.0110741, 0.0236168, 0.0126657, 0]
2024-07-29 10:40:55,863 RobotKinematics.cpp:296 [INFO] controlValueCur_L: [12.8446, 13.4079, 3.36614, 3.36614, 0.0110741, 0.0236168, 0.0126657, 0]
2024-07-29 10:40:55,868 RobotKinematics.cpp:296 [INFO] controlValueCur_L: [13.0862, 14.5232, 3.14707, 3.14707, 0.0113487, 0.0240173, 0.00891304, 0]
2024-07-29 10:40:55,873 RobotKinematics.cpp:296 [INFO] controlValueCur_L: [13.16, 15.0527, 2.98724, 2.98724, 0.0117798, 0.0244675, 0.00956345, 0]
2024-07-29 10:40:55,879 RobotKinematics.cpp:296 [INFO] controlValueCur_L: [13.1915, 15.5468, 2.83882, 2.83882, 0.0110931, 0.0232391, 0.0121288, 0]
2024-07-29 10:40:55,884 RobotKinematics.cpp:296 [INFO] controlValueCur_L: [13.216, 15.9784, 2.71165, 2.71165, 0.0115242, 0.0232124, 0.0111408, 0]
2024-07-29 10:40:55,889 RobotKinematics.cpp:296 [INFO] controlValueCur_L: [13.3699, 16.6564, 2.55259, 2.55259, 0.0108948, 0.021946, 0.0149384, 0]
2024-07-29 10:40:55,894 RobotKinematics.cpp:296 [INFO] controlValueCur_L: [13.4743, 16.9251, 2.51066, 2.51066, 0.0104866, 0.022831, 0.0113068, 0]
2024-07-29 10:40:55,899 RobotKinematics.cpp:296 [INFO] controlValueCur_L: [13.5811, 17.1633, 2.4844, 2.4844, 0.00952911, 0.0225601, 0.00928879, 0]
2024-07-29 10:40:55,905 RobotKinematics.cpp:296 [INFO] controlValueCur_L: [13.6801, 17.3746, 2.46899, 2.46899, 0.0105133, 0.0221863, 0.00930119, 0]
2024-07-29 10:40:55,910 RobotKinematics.cpp:296 [INFO] controlValueCur_L: [13.866, 17.7166, 2.46401, 2.46401, 0.0153961, 0.0261421, 0.0095768, 0]
2024-07-29 10:40:55,915 RobotKinematics.cpp:296 [INFO] controlValueCur_L: [13.9706, 17.8504, 2.47654, 2.47654, 0.0148544, 0.0259781, 0.00877094, 0]
2024-07-29 10:40:55,920 RobotKinematics.cpp:296 [INFO] controlValueCur_L: [14.0859, 17.9598, 2.50162, 2.50162, 0.0156288, 0.0283661, 0.00497913, 0]
2024-07-29 10:40:55,925 RobotKinematics.cpp:296 [INFO] controlValueCur_L: [14.3277, 18.1051, 2.55248, 2.55248, 0.0143585, 0.0269852, 0.00569534, 0]
2024-07-29 10:40:55,930 RobotKinematics.cpp:296 [INFO] controlValueCur_L: [14.4369, 18.1431, 2.57141, 2.57141, 0.0149651, 0.0277901, 0.00811958, 0]
2024-07-29 10:40:55,936 RobotKinematics.cpp:296 [INFO] controlValueCur_L: [14.5346, 18.1557, 2.58165, 2.58165, 0.015461, 0.0289192, 0.00544643, 0]
2024-07-29 10:40:55,941 RobotKinematics.cpp:296 [INFO] controlValueCur_L: [14.631, 18.1441, 2.58689, 2.58689, 0.0150299, 0.0278969, 0.0087204, 0]
2024-07-29 10:40:55,947 RobotKinematics.cpp:296 [INFO] controlValueCur_L: [14.8268, 18.0275, 2.59915, 2.59915, 0.0143166, 0.0280571, 0.00438309, 0]
2024-07-29 10:40:55,953 RobotKinematics.cpp:296 [INFO] controlValueCur_L: [14.9175, 17.9149, 2.61223, 2.61223, 0.0145531, 0.0272179, 0.00425339, 0]
2024-07-29 10:40:55,958 RobotKinematics.cpp:296 [INFO] controlValueCur_L: [14.9924, 17.7604, 2.62935, 2.62935, 0.0159187, 0.0282669, 0.00520802, 0]
2024-07-29 10:40:55,963 RobotKinematics.cpp:296 [INFO] controlValueCur_L: [15.0825, 17.3306, 2.66691, 2.66691, 0.0146217, 0.0264816, 0.00436115, 0]
2024-07-29 10:40:55,968 RobotKinematics.cpp:296 [INFO] controlValueCur_L: [15.086, 17.0542, 2.68941, 2.68941, 0.0150642, 0.0272865, 0.00613689, 0]
2024-07-29 10:40:55,974 RobotKinematics.cpp:296 [INFO] controlValueCur_L: [15.051, 16.7332, 2.71649, 2.71649, 0.0116806, 0.024826, 0.00206375, 0]
2024-07-29 10:40:55,979 RobotKinematics.cpp:296 [INFO] controlValueCur_L: [14.9707, 16.3658, 2.74928, 2.74928, 0.0118599, 0.024231, 0.0050993, 0]
2024-07-29 10:40:55,984 RobotKinematics.cpp:296 [INFO] controlValueCur_L: [14.6657, 15.4755, 2.8386, 2.8386, 0.0123138, 0.0237312, 0.00697041, 0]
2024-07-29 10:40:55,989 RobotKinematics.cpp:296 [INFO] controlValueCur_L: [14.4371, 14.9534, 2.89545, 2.89545, 0.0120697, 0.0240593, 0.00664711, 0]
2024-07-29 10:40:55,994 RobotKinematics.cpp:296 [INFO] controlValueCur_L: [14.1572, 14.384, 2.96139, 2.96139, 0.0144882, 0.0262489, 0.00766563, 0]
2024-07-29 10:40:55,999 RobotKinematics.cpp:296 [INFO] controlValueCur_L: [13.8286, 13.7716, 3.03719, 3.03719, 0.0119934, 0.0231514, 0.00900555, 0]
2024-07-29 10:40:56,005 RobotKinematics.cpp:296 [INFO] controlValueCur_L: [13.023, 12.4419, 3.21591, 3.21591, 0.0112381, 0.022995, 0.00974751, 0]
2024-07-29 10:40:56,010 RobotKinematics.cpp:296 [INFO] controlValueCur_L: [12.5571, 11.7431, 3.31443, 3.31443, 0.0107498, 0.0213394, 0.0115585, 0]
2024-07-29 10:40:56,015 RobotKinematics.cpp:296 [INFO] controlValueCur_L: [12.0696, 11.0343, 3.41976, 3.41976, 0.0112495, 0.0218468, 0.0132437, 0]
2024-07-29 10:40:56,020 RobotKinematics.cpp:296 [INFO] controlValueCur_L: [11.4655, 10.1607, 3.56217, 3.56217, 0.0109444, 0.023098, 0.00997448, 0]
2024-07-29 10:40:56,025 RobotKinematics.cpp:296 [INFO] controlValueCur_L: [10.1775, 8.17, 3.95592, 3.95592, 0.0107918, 0.0222206, 0.0126572, 0]
2024-07-29 10:40:56,031 RobotKinematics.cpp:296 [INFO] controlValueCur_L: [10.1775, 8.17, 3.95592, 3.95592, 0.0107918, 0.0222206, 0.0126572, 0]
2024-07-29 10:40:56,036 RobotKinematics.cpp:296 [INFO] controlValueCur_L: [9.14887, 6.30316, 4.40472, 4.40472, 0.0129204, 0.0247192, 0.0132427, 0]
2024-07-29 10:40:56,041 RobotKinematics.cpp:296 [INFO] controlValueCur_L: [8.72808, 5.44952, 4.62639, 4.62639, 0.0114136, 0.0228729, 0.0129766, 0]
2024-07-29 10:40:56,046 RobotKinematics.cpp:296 [INFO] controlValueCur_L: [8.3596, 4.63187, 4.8465, 4.8465, 0.0119286, 0.0239677, 0.0130205, 0]
2024-07-29 10:40:56,051 RobotKinematics.cpp:296 [INFO] controlValueCur_L: [7.76683, 3.04863, 5.29063, 5.29063, 0.0145798, 0.0251045, 0.01719, 0]
2024-07-29 10:40:56,056 RobotKinematics.cpp:296 [INFO] controlValueCur_L: [7.53377, 2.2637, 5.51513, 5.51513, 0.0140572, 0.0247917, 0.0138445, 0]
2024-07-29 10:40:56,062 RobotKinematics.cpp:296 [INFO] controlValueCur_L: [7.33785, 1.48081, 5.74034, 5.74034, 0.0147514, 0.0255127, 0.0149899, 0]
2024-07-29 10:40:56,067 RobotKinematics.cpp:296 [INFO] controlValueCur_L: [7.0261, -0.0756588, 6.17853, 6.17853, 0.0141983, 0.0252724, 0.0145817, 0]
2024-07-29 10:40:56,072 RobotKinematics.cpp:296 [INFO] controlValueCur_L: [7.0261, -0.0756588, 6.17853, 6.17853, 0.0141983, 0.0252724, 0.0145817, 0]
2024-07-29 10:40:56,077 RobotKinematics.cpp:296 [INFO] controlValueCur_L: [6.78292, -1.58373, 6.57028, 6.57028, 0.0149384, 0.0249329, 0.0125103, 0]
2024-07-29 10:40:56,082 RobotKinematics.cpp:296 [INFO] controlValueCur_L: [6.54368, -3.01609, 6.90538, 6.90538, 0.0144577, 0.0240517, 0.0114374, 0]
2024-07-29 10:40:56,088 RobotKinematics.cpp:296 [INFO] controlValueCur_L: [6.54368, -3.01609, 6.90538, 6.90538, 0.0144577, 0.0240517, 0.0114374, 0]
2024-07-29 10:40:56,093 RobotKinematics.cpp:296 [INFO] controlValueCur_L: [6.2469, -4.36418, 7.16724, 7.16724, 0.0132866, 0.0226135, 0.0109606, 0]
2024-07-29 10:40:56,098 RobotKinematics.cpp:296 [INFO] controlValueCur_L: [6.04896, -5.00353, 7.27416, 7.27416, 0.0128479, 0.0210114, 0.0132256, 0]
2024-07-29 10:40:56,103 RobotKinematics.cpp:296 [INFO] controlValueCur_L: [5.83042, -5.61992, 7.37364, 7.37364, 0.0134468, 0.0222397, 0.0104465, 0]
2024-07-29 10:40:56,108 RobotKinematics.cpp:296 [INFO] controlValueCur_L: [5.39668, -6.77091, 7.55592, 7.55592, 0.0121841, 0.0213814, 0.00728035, 0]
2024-07-29 10:40:56,113 RobotKinematics.cpp:296 [INFO] controlValueCur_L: [5.19993, -7.29961, 7.63956, 7.63956, 0.0135422, 0.0227814, 0.0095644, 0]
2024-07-29 10:40:56,119 RobotKinematics.cpp:296 [INFO] controlValueCur_L: [5.00731, -7.79478, 7.71836, 7.71836, 0.0133896, 0.0221558, 0.0109301, 0]
2024-07-29 10:40:56,124 RobotKinematics.cpp:296 [INFO] controlValueCur_L: [4.59697, -8.68287, 7.86523, 7.86523, 0.0117302, 0.0213051, 0.00689697, 0]
2024-07-29 10:40:56,129 RobotKinematics.cpp:296 [INFO] controlValueCur_L: [4.59697, -8.68287, 7.86523, 7.86523, 0.0117302, 0.0213051, 0.00689697, 0]
2024-07-29 10:40:56,134 RobotKinematics.cpp:296 [INFO] controlValueCur_L: [4.23664, -9.41842, 8.04393, 8.04393, 0.0131874, 0.0228539, 0.00725174, 0]
2024-07-29 10:40:56,139 RobotKinematics.cpp:296 [INFO] controlValueCur_L: [4.08793, -9.7321, 8.14701, 8.14701, 0.0119209, 0.021183, 0.0101042, 0]
2024-07-29 10:40:56,145 RobotKinematics.cpp:296 [INFO] controlValueCur_L: [3.95848, -10.0062, 8.25761, 8.25761, 0.0109825, 0.0210419, 0.00747967, 0]
2024-07-29 10:40:56,150 RobotKinematics.cpp:296 [INFO] controlValueCur_L: [3.8384, -10.2405, 8.372, 8.372, 0.0105209, 0.020462, 0.00779915, 0]
2024-07-29 10:40:56,155 RobotKinematics.cpp:296 [INFO] controlValueCur_L: [3.6285, -10.602, 8.61362, 8.61362, 0.00908661, 0.0202904, 0.00215626, 0]
2024-07-29 10:40:56,160 RobotKinematics.cpp:296 [INFO] controlValueCur_L: [3.55085, -10.7354, 8.73126, 8.73126, 0.00831985, 0.0198898, 0.00290394, 0]
2024-07-29 10:40:56,165 RobotKinematics.cpp:296 [INFO] controlValueCur_L: [3.49502, -10.8438, 8.84213, 8.84213, 0.00922394, 0.0207367, 0.00265026, 0]
2024-07-29 10:40:56,171 RobotKinematics.cpp:296 [INFO] controlValueCur_L: [3.46102, -10.9273, 8.95179, 8.95179, 0.0110626, 0.0219116, 0.00398922, 0]
2024-07-29 10:40:56,176 RobotKinematics.cpp:296 [INFO] controlValueCur_L: [3.48141, -11.0309, 9.15031, 9.15031, 0.00859451, 0.019371, 0.0036068, 0]
2024-07-29 10:40:56,181 RobotKinematics.cpp:296 [INFO] controlValueCur_L: [3.52938, -11.0486, 9.23502, 9.23502, 0.00697327, 0.018116, 0.000306129, 0]
2024-07-29 10:40:56,186 RobotKinematics.cpp:296 [INFO] controlValueCur_L: [3.60696, -11.0408, 9.31052, 9.31052, 0.0073204, 0.018425, 0.002882, 0]
2024-07-29 10:40:56,191 RobotKinematics.cpp:296 [INFO] controlValueCur_L: [3.72178, -11.007, 9.37296, 9.37296, 0.0062561, 0.0178757, 0.00232887, 0]
2024-07-29 10:40:56,197 RobotKinematics.cpp:296 [INFO] controlValueCur_L: [4.0276, -10.8678, 9.44658, 9.44658, 0.00588989, 0.0169296, 0.00239277, 0]
2024-07-29 10:40:56,202 RobotKinematics.cpp:296 [INFO] controlValueCur_L: [4.18756, -10.7651, 9.45179, 9.45179, 0.00612259, 0.0174713, 1.43051e-05, 0]
2024-07-29 10:40:56,207 RobotKinematics.cpp:296 [INFO] controlValueCur_L: [4.34284, -10.6423, 9.42981, 9.42981, 0.0048027, 0.0160408, -3.62396e-05, 0]
2024-07-29 10:40:56,212 RobotKinematics.cpp:296 [INFO] controlValueCur_L: [4.48948, -10.4983, 9.37446, 9.37446, 0.00419617, 0.0164452, -0.000452995, 0]
2024-07-29 10:40:56,217 RobotKinematics.cpp:296 [INFO] controlValueCur_L: [4.77933, -10.1376, 9.16839, 9.16839, 0.00534058, 0.0161667, 0.00266743, 0]
2024-07-29 10:40:56,223 RobotKinematics.cpp:296 [INFO] controlValueCur_L: [4.77933, -10.1376, 9.16839, 9.16839, 0.00534058, 0.0161667, 0.00266743, 0]
2024-07-29 10:40:56,228 RobotKinematics.cpp:296 [INFO] controlValueCur_L: [5.09409, -9.67557, 8.85858, 8.85858, 0.00481033, 0.0157776, -0.000142097, 0]
2024-07-29 10:40:56,233 RobotKinematics.cpp:296 [INFO] controlValueCur_L: [5.42666, -9.13006, 8.44678, 8.44678, 0.00452423, 0.0160599, -0.0023222, 0]
2024-07-29 10:40:56,238 RobotKinematics.cpp:296 [INFO] controlValueCur_L: [5.42666, -9.13006, 8.44678, 8.44678, 0.00452423, 0.0160599, -0.0023222, 0]
2024-07-29 10:40:56,243 RobotKinematics.cpp:296 [INFO] controlValueCur_L: [5.76425, -8.5242, 7.95602, 7.95602, 0.00724411, 0.0167847, 0.0032444, 0]
2024-07-29 10:40:56,249 RobotKinematics.cpp:296 [INFO] controlValueCur_L: [5.92744, -8.21188, 7.6952, 7.6952, 0.00708389, 0.0168495, 0.00283527, 0]
2024-07-29 10:40:56,254 RobotKinematics.cpp:296 [INFO] controlValueCur_L: [6.08651, -7.90149, 7.42988, 7.42988, 0.00781631, 0.0182762, 0.000496864, 0]
2024-07-29 10:40:56,259 RobotKinematics.cpp:296 [INFO] controlValueCur_L: [6.36148, -7.29865, 6.86533, 6.86533, 0.0057106, 0.0151405, 0.00337791, 0]
2024-07-29 10:40:56,264 RobotKinematics.cpp:296 [INFO] controlValueCur_L: [6.49588, -7.00439, 6.55919, 6.55919, 0.00634766, 0.0144958, 0.00595379, 0]
2024-07-29 10:40:56,269 RobotKinematics.cpp:296 [INFO] controlValueCur_L: [6.63664, -6.71007, 6.23541, 6.23541, 0.00662231, 0.0144119, 0.00513649, 0]
2024-07-29 10:40:56,274 RobotKinematics.cpp:296 [INFO] controlValueCur_L: [6.9315, -6.07014, 5.47239, 5.47239, 0.00648117, 0.0131454, 0.00795841, 0]
2024-07-29 10:40:56,280 RobotKinematics.cpp:296 [INFO] controlValueCur_L: [6.9315, -6.07014, 5.47239, 5.47239, 0.00648117, 0.0131454, 0.00795841, 0]
2024-07-29 10:40:56,285 RobotKinematics.cpp:296 [INFO] controlValueCur_L: [7.24352, -5.1873, 4.34239, 4.34239, 0.00448608, 0.0121727, 0.00751781, 0]
2024-07-29 10:40:56,290 RobotKinematics.cpp:296 [INFO] controlValueCur_L: [7.36734, -4.69453, 3.69872, 3.69872, 0.00426102, 0.0127792, 0.00551701, 0]
2024-07-29 10:40:56,295 RobotKinematics.cpp:296 [INFO] controlValueCur_L: [7.45567, -4.18959, 3.03859, 3.03859, 0.00612259, 0.014782, 0.00690365, 0]
2024-07-29 10:40:56,300 RobotKinematics.cpp:296 [INFO] controlValueCur_L: [7.54037, -3.18178, 1.72906, 1.72906, 0.0016861, 0.00939941, 0.00913525, 0]
2024-07-29 10:40:56,306 RobotKinematics.cpp:296 [INFO] controlValueCur_L: [7.55531, -2.6923, 1.09578, 1.09578, -0.00819016, -0.00279999, 0.0128651, 0]
2024-07-29 10:40:56,311 RobotKinematics.cpp:296 [INFO] controlValueCur_L: [7.55531, -2.6923, 1.09578, 1.09578, -0.00819016, -0.00279999, 0.0128651, 0]
2024-07-29 10:40:56,316 RobotKinematics.cpp:296 [INFO] controlValueCur_L: [7.62244, -1.10511, -1.24573, -1.24573, -0.022049, -0.0210114, 0.0204916, 0]
2024-07-29 10:40:56,321 RobotKinematics.cpp:296 [INFO] controlValueCur_L: [7.86078, -0.645939, -1.75603, -1.75603, -0.00902557, -0.0124512, 0.0307388, 0]
2024-07-29 10:40:56,326 RobotKinematics.cpp:296 [INFO] controlValueCur_L: [8.10343, -0.339697, -2.36467, -2.36467, -0.0129204, -0.0130692, 0.0218153, 0]
2024-07-29 10:40:56,332 RobotKinematics.cpp:296 [INFO] controlValueCur_L: [8.41162, -0.000705719, -3.02138, -3.02138, -0.0101929, -0.00621033, 0.0184851, 0]
2024-07-29 10:40:56,337 RobotKinematics.cpp:296 [INFO] controlValueCur_L: [9.15125, 0.689199, -4.33947, -4.33947, -0.00488281, -0.00547028, 0.0318975, 0]
2024-07-29 10:40:56,342 RobotKinematics.cpp:296 [INFO] controlValueCur_L: [9.15125, 0.689199, -4.33947, -4.33947, -0.00488281, -0.00547028, 0.0318975, 0]
2024-07-29 10:40:56,347 RobotKinematics.cpp:296 [INFO] controlValueCur_L: [10.0204, 1.35816, -5.63949, -5.63949, -0.00576401, -0.00192261, 0.0257797, 0]
2024-07-29 10:40:56,352 RobotKinematics.cpp:296 [INFO] controlValueCur_L: [10.4743, 1.68945, -6.28722, -6.28722, -0.00577164, -0.00119019, 0.0247278, 0]
2024-07-29 10:40:56,358 RobotKinematics.cpp:296 [INFO] controlValueCur_L: [10.9084, 2.01732, -6.94701, -6.94701, -0.00320435, 0.000328064, 0.0236902, 0]
2024-07-29 10:40:56,363 RobotKinematics.cpp:296 [INFO] controlValueCur_L: [11.3049, 2.34466, -7.6351, -7.6351, -0.00204468, 0.00125885, 0.0239372, 0]
2024-07-29 10:40:56,368 RobotKinematics.cpp:296 [INFO] controlValueCur_L: [11.9391, 2.97923, -9.09983, -9.09983, -0.000370026, 0.00653839, 0.0129156, 0]
2024-07-29 10:40:56,373 RobotKinematics.cpp:296 [INFO] controlValueCur_L: [12.1809, 3.2868, -9.87638, -9.87638, 0.000312805, 0.00677872, 0.0152798, 0]
2024-07-29 10:40:56,378 RobotKinematics.cpp:296 [INFO] controlValueCur_L: [12.3857, 3.57624, -10.6734, -10.6734, 0.00183487, 0.00914383, 0.0130892, 0]
2024-07-29 10:40:56,383 RobotKinematics.cpp:296 [INFO] controlValueCur_L: [12.5741, 3.85266, -11.4734, -11.4734, 0.00188065, 0.00730896, 0.01406, 0]
2024-07-29 10:40:56,389 RobotKinematics.cpp:296 [INFO] controlValueCur_L: [12.9333, 4.35335, -13.0161, -13.0161, 0.000720978, 0.0073204, 0.0142336, 0]
2024-07-29 10:40:56,394 RobotKinematics.cpp:296 [INFO] controlValueCur_L: [13.1398, 4.56638, -13.7316, -13.7316, 0.0027504, 0.00935364, 0.0113573, 0]
2024-07-29 10:40:56,399 RobotKinematics.cpp:296 [INFO] controlValueCur_L: [13.411, 4.74546, -14.3988, -14.3988, 0.00299835, 0.0112724, 0.00579929, 0]
2024-07-29 10:40:56,404 RobotKinematics.cpp:296 [INFO] controlValueCur_L: [13.7737, 4.89493, -15.0179, -15.0179, 0.00243759, 0.0115242, 0.00897884, 0]
2024-07-29 10:40:56,409 RobotKinematics.cpp:296 [INFO] controlValueCur_L: [14.6817, 5.09624, -16.1659, -16.1659, 0.00148773, 0.0104179, 0.0088377, 0]
2024-07-29 10:40:56,415 RobotKinematics.cpp:296 [INFO] controlValueCur_L: [15.1593, 5.16912, -16.7248, -16.7248, 0.00335312, 0.0112953, 0.0127335, 0]
2024-07-29 10:40:56,420 RobotKinematics.cpp:296 [INFO] controlValueCur_L: [15.6128, 5.23614, -17.2833, -17.2833, 0.00427246, 0.0110397, 0.0118551, 0]
2024-07-29 10:40:56,425 RobotKinematics.cpp:296 [INFO] controlValueCur_L: [15.9929, 5.29995, -17.8607, -17.8607, 0.00457001, 0.0120811, 0.0105715, 0]
2024-07-29 10:40:56,430 RobotKinematics.cpp:296 [INFO] controlValueCur_L: [16.4908, 5.43966, -19.0999, -19.0999, 0.00597, 0.0151062, 0.00811672, 0]
2024-07-29 10:40:56,435 RobotKinematics.cpp:296 [INFO] controlValueCur_L: [16.6503, 5.52395, -19.7479, -19.7479, 0.00513077, 0.0145798, 0.00382233, 0]
2024-07-29 10:40:56,440 RobotKinematics.cpp:296 [INFO] controlValueCur_L: [16.7734, 5.6141, -20.4077, -20.4077, 0.00468826, 0.0151176, 0.00429153, 0]
2024-07-29 10:40:56,446 RobotKinematics.cpp:296 [INFO] controlValueCur_L: [16.866, 5.70925, -21.0608, -21.0608, 0.00559998, 0.0153427, 0.00633049, 0]
2024-07-29 10:40:56,451 RobotKinematics.cpp:296 [INFO] controlValueCur_L: [16.9408, 5.80574, -21.6952, -21.6952, 0.00576401, 0.0149803, 0.0078392, 0]
2024-07-29 10:40:56,456 RobotKinematics.cpp:296 [INFO] controlValueCur_L: [17.0538, 6.00519, -22.8294, -22.8294, 0.00727463, 0.0165901, 0.00516891, 0]
2024-07-29 10:40:56,461 RobotKinematics.cpp:296 [INFO] controlValueCur_L: [17.1382, 6.10518, -23.2903, -23.2903, 0.00639725, 0.0151634, 0.00619888, 0]
2024-07-29 10:40:56,466 RobotKinematics.cpp:296 [INFO] controlValueCur_L: [17.2655, 6.19863, -23.6677, -23.6677, 0.00918961, 0.0175133, 0.00494576, 0]
2024-07-29 10:40:56,472 RobotKinematics.cpp:296 [INFO] controlValueCur_L: [17.693, 6.35153, -24.1916, -24.1916, 0.0104713, 0.017971, 0.00877666, 0]
2024-07-29 10:40:56,477 RobotKinematics.cpp:296 [INFO] controlValueCur_L: [17.9938, 6.41144, -24.3543, -24.3543, 0.0104637, 0.0175552, 0.00894833, 0]
2024-07-29 10:40:56,482 RobotKinematics.cpp:296 [INFO] controlValueCur_L: [18.3488, 6.46215, -24.4713, -24.4713, 0.0122185, 0.0173454, 0.0124607, 0]
2024-07-29 10:40:56,487 RobotKinematics.cpp:296 [INFO] controlValueCur_L: [19.2081, 6.55682, -24.6449, -24.6449, 0.0127754, 0.018528, 0.00888157, 0]
2024-07-29 10:40:56,492 RobotKinematics.cpp:296 [INFO] controlValueCur_L: [19.2081, 6.55682, -24.6449, -24.6449, 0.0127754, 0.018528, 0.00888157, 0]
2024-07-29 10:40:56,498 RobotKinematics.cpp:296 [INFO] controlValueCur_L: [20.1398, 6.67775, -24.8296, -24.8296, 0.0111122, 0.0170059, 0.00675488, 0]
2024-07-29 10:40:56,503 RobotKinematics.cpp:296 [INFO] controlValueCur_L: [20.5719, 6.7464, -24.9513, -24.9513, 0.0098877, 0.015831, 0.00643063, 0]
2024-07-29 10:40:56,508 RobotKinematics.cpp:296 [INFO] controlValueCur_L: [20.9415, 6.80992, -25.0947, -25.0947, 0.0122719, 0.018486, 0.00941563, 0]
2024-07-29 10:40:56,513 RobotKinematics.cpp:296 [INFO] controlValueCur_L: [21.5046, 6.91708, -25.4207, -25.4207, 0.00896835, 0.0148201, 0.010848, 0]
2024-07-29 10:40:56,518 RobotKinematics.cpp:296 [INFO] controlValueCur_L: [21.7367, 6.9632, -25.5891, -25.5891, 0.00911713, 0.0147476, 0.0133829, 0]
2024-07-29 10:40:56,523 RobotKinematics.cpp:296 [INFO] controlValueCur_L: [21.9606, 6.9995, -25.7493, -25.7493, 0.0074501, 0.0138474, 0.00981617, 0]
2024-07-29 10:40:56,529 RobotKinematics.cpp:296 [INFO] controlValueCur_L: [22.4002, 7.04019, -26.0059, -26.0059, 0.00812912, 0.0143776, 0.0122232, 0]
2024-07-29 10:40:56,534 RobotKinematics.cpp:296 [INFO] controlValueCur_L: [22.4002, 7.04019, -26.0059, -26.0059, 0.00812912, 0.0143776, 0.0122232, 0]
2024-07-29 10:40:56,539 RobotKinematics.cpp:296 [INFO] controlValueCur_L: [22.8513, 7.01907, -26.1431, -26.1431, 0.00810623, 0.0133934, 0.0143023, 0]
2024-07-29 10:40:56,544 RobotKinematics.cpp:296 [INFO] controlValueCur_L: [23.0577, 6.98133, -26.1659, -26.1659, 0.0101624, 0.0157051, 0.0133476, 0]
2024-07-29 10:40:56,549 RobotKinematics.cpp:296 [INFO] controlValueCur_L: [23.2329, 6.9286, -26.1646, -26.1646, 0.0101318, 0.0158615, 0.0138597, 0]
2024-07-29 10:40:56,555 RobotKinematics.cpp:296 [INFO] controlValueCur_L: [23.4424, 6.78111, -26.116, -26.116, 0.00875854, 0.0139122, 0.013835, 0]
2024-07-29 10:40:56,560 RobotKinematics.cpp:296 [INFO] controlValueCur_L: [23.4781, 6.69353, -26.0739, -26.0739, 0.00926208, 0.0163193, 0.013278, 0]
2024-07-29 10:40:56,565 RobotKinematics.cpp:296 [INFO] controlValueCur_L: [23.4879, 6.59717, -26.0171, -26.0171, 0.00776672, 0.0140915, 0.0170498, 0]
2024-07-29 10:40:56,570 RobotKinematics.cpp:296 [INFO] controlValueCur_L: [23.4584, 6.37286, -25.833, -25.833, 0.00675583, 0.0140839, 0.0152178, 0]
2024-07-29 10:40:56,575 RobotKinematics.cpp:296 [INFO] controlValueCur_L: [23.4584, 6.37286, -25.833, -25.833, 0.00675583, 0.0140839, 0.0152178, 0]
2024-07-29 10:40:56,580 RobotKinematics.cpp:296 [INFO] controlValueCur_L: [23.332, 6.08022, -25.5255, -25.5255, 0.00662231, 0.0128593, 0.0160484, 0]
2024-07-29 10:40:56,586 RobotKinematics.cpp:296 [INFO] controlValueCur_L: [23.2373, 5.90236, -25.3132, -25.3132, 0.00715256, 0.0138588, 0.0159979, 0]
2024-07-29 10:40:56,591 RobotKinematics.cpp:296 [INFO] controlValueCur_L: [23.1293, 5.70469, -25.0487, -25.0487, 0.00636292, 0.0125732, 0.0175972, 0]
2024-07-29 10:40:56,596 RobotKinematics.cpp:296 [INFO] controlValueCur_L: [23.0104, 5.48264, -24.7162, -24.7162, 0.00664902, 0.0135536, 0.0167551, 0]
2024-07-29 10:40:56,601 RobotKinematics.cpp:296 [INFO] controlValueCur_L: [22.766, 4.96748, -23.6668, -23.6668, 0.00669861, 0.012928, 0.0184336, 0]
2024-07-29 10:40:56,606 RobotKinematics.cpp:296 [INFO] controlValueCur_L: [22.6633, 4.64825, -22.9254, -22.9254, 0.00485992, 0.0111046, 0.015501, 0]
2024-07-29 10:40:56,612 RobotKinematics.cpp:296 [INFO] controlValueCur_L: [22.5823, 4.28305, -22.0513, -22.0513, 0.00689316, 0.0127449, 0.0155945, 0]
2024-07-29 10:40:56,617 RobotKinematics.cpp:296 [INFO] controlValueCur_L: [22.509, 3.86594, -21.0733, -21.0733, 0.00728989, 0.012291, 0.0186081, 0]
2024-07-29 10:40:56,622 RobotKinematics.cpp:296 [INFO] controlValueCur_L: [22.1923, 2.52535, -17.9858, -17.9858, 0.00708008, 0.0124397, 0.0167418, 0]
2024-07-29 10:40:56,627 RobotKinematics.cpp:296 [INFO] controlValueCur_L: [21.8761, 1.74487, -16.3193, -16.3193, 0.00930023, 0.0148354, 0.0179024, 0]
2024-07-29 10:40:56,632 RobotKinematics.cpp:296 [INFO] controlValueCur_L: [21.4354, 0.964907, -14.7397, -14.7397, 0.00817108, 0.0135422, 0.0163832, 0]
2024-07-29 10:40:56,638 RobotKinematics.cpp:296 [INFO] controlValueCur_L: [20.8944, 0.206507, -13.2488, -13.2488, 0.00775909, 0.0139122, 0.0176153, 0]
2024-07-29 10:40:56,643 RobotKinematics.cpp:296 [INFO] controlValueCur_L: [19.7249, -1.19613, -10.4698, -10.4698, 0.00739288, 0.0141678, 0.0182371, 0]
2024-07-29 10:40:56,648 RobotKinematics.cpp:296 [INFO] controlValueCur_L: [19.2008, -1.85163, -9.14044, -9.14044, 0.00712585, 0.0134583, 0.0171299, 0]
2024-07-29 10:40:56,653 RobotKinematics.cpp:296 [INFO] controlValueCur_L: [18.7601, -2.48653, -7.83611, -7.83611, 0.00926971, 0.0142059, 0.0198097, 0]
2024-07-29 10:40:56,658 RobotKinematics.cpp:296 [INFO] controlValueCur_L: [18.4025, -3.1024, -6.56032, -6.56032, 0.00841522, 0.0135689, 0.018219, 0]
2024-07-29 10:40:56,663 RobotKinematics.cpp:296 [INFO] controlValueCur_L: [17.9215, -4.27844, -4.09572, -4.09572, 0.00963211, 0.0147057, 0.0196972, 0]
2024-07-29 10:40:56,669 RobotKinematics.cpp:296 [INFO] controlValueCur_L: [17.7962, -4.829, -2.92674, -2.92674, 0.0123672, 0.0173225, 0.0171909, 0]
2024-07-29 10:40:56,674 RobotKinematics.cpp:296 [INFO] controlValueCur_L: [17.7387, -5.35344, -1.81265, -1.81265, 0.0116043, 0.0171432, 0.0160398, 0]
2024-07-29 10:40:56,679 RobotKinematics.cpp:296 [INFO] controlValueCur_L: [17.7367, -5.85603, -0.75727, -0.75727, 0.0125961, 0.017292, 0.0201216, 0]
2024-07-29 10:40:56,684 RobotKinematics.cpp:296 [INFO] controlValueCur_L: [17.8465, -6.83991, 1.19005, 1.19005, 0.0141945, 0.0186462, 0.0183725, 0]
2024-07-29 10:40:56,689 RobotKinematics.cpp:296 [INFO] controlValueCur_L: [17.9771, -7.29887, 2.10975, 2.10975, 0.0123177, 0.0164528, 0.0212574, 0]
2024-07-29 10:40:56,695 RobotKinematics.cpp:296 [INFO] controlValueCur_L: [18.1541, -7.73978, 2.99555, 2.99555, 0.0127258, 0.0165901, 0.0190639, 0]
2024-07-29 10:40:56,700 RobotKinematics.cpp:296 [INFO] controlValueCur_L: [18.3601, -8.14377, 3.83159, 3.83159, 0.0115852, 0.0161057, 0.0187635, 0]
2024-07-29 10:40:56,705 RobotKinematics.cpp:296 [INFO] controlValueCur_L: [18.703, -8.84266, 5.33787, 5.33787, 0.00960541, 0.0150871, 0.0160322, 0]
2024-07-29 10:40:56,710 RobotKinematics.cpp:296 [INFO] controlValueCur_L: [18.8117, -9.15849, 6.01472, 6.01472, 0.00933075, 0.0146523, 0.015893, 0]
2024-07-29 10:40:56,715 RobotKinematics.cpp:296 [INFO] controlValueCur_L: [18.9136, -9.45673, 6.64915, 6.64915, 0.00912857, 0.0153542, 0.0126324, 0]
2024-07-29 10:40:56,721 RobotKinematics.cpp:296 [INFO] controlValueCur_L: [19.1902, -10.0117, 7.797, 7.797, 0.00971985, 0.0165367, 0.0153713, 0]
2024-07-29 10:40:56,726 RobotKinematics.cpp:296 [INFO] controlValueCur_L: [19.1902, -10.0117, 7.797, 7.797, 0.00971985, 0.0165367, 0.0153713, 0]
2024-07-29 10:40:56,731 RobotKinematics.cpp:296 [INFO] controlValueCur_L: [19.5732, -10.5083, 8.80634, 8.80634, 0.00794601, 0.0150871, 0.0125141, 0]
2024-07-29 10:40:56,736 RobotKinematics.cpp:296 [INFO] controlValueCur_L: [19.792, -10.7245, 9.25406, 9.25406, 0.00642776, 0.0134048, 0.0133944, 0]
2024-07-29 10:40:56,742 RobotKinematics.cpp:296 [INFO] controlValueCur_L: [20.0729, -10.9218, 9.65479, 9.65479, 0.00654221, 0.012886, 0.0152025, 0]
2024-07-29 10:40:56,747 RobotKinematics.cpp:296 [INFO] controlValueCur_L: [21.0275, -11.2111, 10.2162, 10.2162, 0.00654984, 0.0120697, 0.00976467, 0]
2024-07-29 10:40:56,752 RobotKinematics.cpp:296 [INFO] controlValueCur_L: [21.7568, -11.2922, 10.3307, 10.3307, 0.00774765, 0.0127983, 0.013545, 0]
2024-07-29 10:40:56,757 RobotKinematics.cpp:296 [INFO] controlValueCur_L: [22.6062, -11.3354, 10.3636, 10.3636, 0.00870514, 0.013401, 0.0103207, 0]
2024-07-29 10:40:56,762 RobotKinematics.cpp:296 [INFO] controlValueCur_L: [24.5047, -11.3416, 10.2777, 10.2777, 0.00580978, 0.0110207, 0.0121689, 0]
2024-07-29 10:40:56,768 RobotKinematics.cpp:296 [INFO] controlValueCur_L: [24.5047, -11.3416, 10.2777, 10.2777, 0.00580978, 0.0110207, 0.0121689, 0]
2024-07-29 10:40:56,773 RobotKinematics.cpp:296 [INFO] controlValueCur_L: [26.7954, -11.2911, 10.0757, 10.0757, 0.00627899, 0.0120163, 0.0124321, 0]
2024-07-29 10:40:56,778 RobotKinematics.cpp:296 [INFO] controlValueCur_L: [28.2564, -11.2294, 9.90699, 9.90699, 0.00667572, 0.0118256, 0.013175, 0]
2024-07-29 10:40:56,783 RobotKinematics.cpp:296 [INFO] controlValueCur_L: [29.9435, -11.1311, 9.68457, 9.68457, 0.00545883, 0.0107307, 0.0133314, 0]
2024-07-29 10:40:56,788 RobotKinematics.cpp:296 [INFO] controlValueCur_L: [33.7522, -10.7921, 9.08183, 9.08183, 0.00302505, 0.0100975, 0.00947857, 0]
2024-07-29 10:40:56,794 RobotKinematics.cpp:296 [INFO] controlValueCur_L: [35.7064, -10.5381, 8.70686, 8.70686, 0.00482178, 0.0119171, 0.0106649, 0]
2024-07-29 10:40:56,799 RobotKinematics.cpp:296 [INFO] controlValueCur_L: [37.6024, -10.2235, 8.29113, 8.29113, 0.00322342, 0.0114441, 0.0100651, 0]
2024-07-29 10:40:56,804 RobotKinematics.cpp:296 [INFO] controlValueCur_L: [41.0039, -9.43438, 7.35048, 7.35048, 0.00311279, 0.0120239, 0.00810432, 0]
2024-07-29 10:40:56,809 RobotKinematics.cpp:296 [INFO] controlValueCur_L: [42.3382, -8.99598, 6.82051, 6.82051, 0.00149918, 0.0100021, 0.00944996, 0]
2024-07-29 10:40:56,815 RobotKinematics.cpp:296 [INFO] controlValueCur_L: [43.3635, -8.5418, 6.27296, 6.27296, 0.00284576, 0.011795, 0.00645828, 0]
2024-07-29 10:40:56,820 RobotKinematics.cpp:296 [INFO] controlValueCur_L: [44.5823, -7.62657, 5.19274, 5.19274, 0.0035553, 0.0131874, 0.00691795, 0]
2024-07-29 10:40:56,825 RobotKinematics.cpp:296 [INFO] controlValueCur_L: [44.5823, -7.62657, 5.19274, 5.19274, 0.0035553, 0.0131874, 0.00691795, 0]
2024-07-29 10:40:56,830 RobotKinematics.cpp:296 [INFO] controlValueCur_L: [44.8905, -6.77091, 4.13356, 4.13356, 0.00197983, 0.0137634, 0.000980377, 0]
2024-07-29 10:40:56,835 RobotKinematics.cpp:296 [INFO] controlValueCur_L: [44.7897, -6.37949, 3.60317, 3.60317, 0.00088501, 0.0125122, 0.00363064, 0]
2024-07-29 10:40:56,841 RobotKinematics.cpp:296 [INFO] controlValueCur_L: [44.5772, -6.0101, 3.07644, 3.07644, 0.00209808, 0.011528, 0.00660419, 0]
2024-07-29 10:40:56,846 RobotKinematics.cpp:296 [INFO] controlValueCur_L: [44.3012, -5.65864, 2.55581, 2.55581, 0.00255203, 0.0116348, 0.00490856, 0]
2024-07-29 10:40:56,851 RobotKinematics.cpp:296 [INFO] controlValueCur_L: [43.6802, -4.98635, 1.52261, 1.52261, 0.00224686, 0.0118217, 0.00478554, 0]
2024-07-29 10:40:56,856 RobotKinematics.cpp:296 [INFO] controlValueCur_L: [43.3298, -4.66772, 1.00185, 1.00185, 0.000682831, 0.0100136, 0.00521278, 0]
2024-07-29 10:40:56,862 RobotKinematics.cpp:296 [INFO] controlValueCur_L: [42.9221, -4.36746, 0.477347, 0.477347, 0.000514984, 0.0096817, 0.0053339, 0]
2024-07-29 10:40:56,867 RobotKinematics.cpp:296 [INFO] controlValueCur_L: [42.4344, -4.08968, -0.0516353, -0.0516353, 0.00170135, 0.0113068, 0.0030365, 0]
2024-07-29 10:40:56,872 RobotKinematics.cpp:296 [INFO] controlValueCur_L: [41.1834, -3.60822, -1.12893, -1.12893, 0.0055542, 0.0135918, 0.00561047, 0]
2024-07-29 10:40:56,877 RobotKinematics.cpp:296 [INFO] controlValueCur_L: [40.4288, -3.40564, -1.67694, -1.67694, 0.00523758, 0.0133629, 0.00368881, 0]
2024-07-29 10:40:56,882 RobotKinematics.cpp:296 [INFO] controlValueCur_L: [39.5787, -3.22988, -2.23596, -2.23596, 0.00444412, 0.0125313, 0.00545979, 0]
2024-07-29 10:40:56,888 RobotKinematics.cpp:296 [INFO] controlValueCur_L: [37.582, -2.96703, -3.37362, -3.37362, 0.0058136, 0.0116539, 0.0113802, 0]
2024-07-29 10:40:56,893 RobotKinematics.cpp:296 [INFO] controlValueCur_L: [36.2601, -2.86977, -4.03502, -4.03502, 0.00708771, 0.0143166, 0.00654697, 0]
2024-07-29 10:40:56,898 RobotKinematics.cpp:296 [INFO] controlValueCur_L: [34.6187, -2.80474, -4.8101, -4.8101, 0.00657654, 0.0138283, 0.00753403, 0]
2024-07-29 10:40:56,903 RobotKinematics.cpp:296 [INFO] controlValueCur_L: [32.7599, -2.78406, -5.6341, -5.6341, 0.00761032, 0.0144844, 0.00955582, 0]
2024-07-29 10:40:56,908 RobotKinematics.cpp:296 [INFO] controlValueCur_L: [28.8827, -2.90216, -7.09732, -7.09732, 0.0106125, 0.0160179, 0.00989723, 0]
2024-07-29 10:40:56,914 RobotKinematics.cpp:296 [INFO] controlValueCur_L: [27.0246, -3.02015, -7.6363, -7.6363, 0.010788, 0.0169601, 0.00910664, 0]
2024-07-29 10:40:56,919 RobotKinematics.cpp:296 [INFO] controlValueCur_L: [25.2603, -3.16, -8.03852, -8.03852, 0.0109406, 0.0160217, 0.0122366, 0]
2024-07-29 10:40:56,924 RobotKinematics.cpp:296 [INFO] controlValueCur_L: [23.5947, -3.30968, -8.31196, -8.31196, 0.0112572, 0.0163727, 0.0124464, 0]
2024-07-29 10:40:56,929 RobotKinematics.cpp:296 [INFO] controlValueCur_L: [20.4862, -3.61866, -8.55734, -8.55734, 0.00941467, 0.0154037, 0.0108604, 0]
2024-07-29 10:40:56,934 RobotKinematics.cpp:296 [INFO] controlValueCur_L: [20.4862, -3.61866, -8.55734, -8.55734, 0.00941467, 0.0154037, 0.0108604, 0]
2024-07-29 10:40:56,940 RobotKinematics.cpp:296 [INFO] controlValueCur_L: [17.6544, -3.90649, -8.50475, -8.50475, 0.00879669, 0.0145912, 0.00753403, 0]
2024-07-29 10:40:56,945 RobotKinematics.cpp:296 [INFO] controlValueCur_L: [16.3168, -4.04001, -8.41306, -8.41306, 0.00951004, 0.0147667, 0.00965691, 0]
2024-07-29 10:40:56,950 RobotKinematics.cpp:296 [INFO] controlValueCur_L: [14.9713, -4.17714, -8.30132, -8.30132, 0.0102043, 0.0144844, 0.00997448, 0]
2024-07-29 10:40:56,955 RobotKinematics.cpp:296 [INFO] controlValueCur_L: [12.2404, -4.45741, -8.02864, -8.02864, 0.00991058, 0.0157318, 0.00446892, 0]
2024-07-29 10:40:56,960 RobotKinematics.cpp:296 [INFO] controlValueCur_L: [10.918, -4.59638, -7.87496, -7.87496, 0.010006, 0.0157242, 0.00406837, 0]
2024-07-29 10:40:56,966 RobotKinematics.cpp:296 [INFO] controlValueCur_L: [9.67235, -4.73384, -7.71614, -7.71614, 0.0106544, 0.0165062, 0.00838089, 0]
2024-07-29 10:40:56,971 RobotKinematics.cpp:296 [INFO] controlValueCur_L: [7.44979, -4.99377, -7.39493, -7.39493, 0.0117683, 0.0187531, 0.00427914, 0]
2024-07-29 10:40:56,976 RobotKinematics.cpp:296 [INFO] controlValueCur_L: [7.44979, -4.99377, -7.39493, -7.39493, 0.0117683, 0.0187531, 0.00427914, 0]
2024-07-29 10:40:56,981 RobotKinematics.cpp:296 [INFO] controlValueCur_L: [5.5033, -5.23418, -7.07562, -7.07562, 0.012764, 0.0196953, 0.00336933, 0]
2024-07-29 10:40:56,986 RobotKinematics.cpp:296 [INFO] controlValueCur_L: [4.65075, -5.33996, -6.90065, -6.90065, 0.0115776, 0.0194016, 0.0004282, 0]
2024-07-29 10:40:56,991 RobotKinematics.cpp:296 [INFO] controlValueCur_L: [3.92448, -5.44106, -6.70058, -6.70058, 0.0101013, 0.0181847, 0.000368118, 0]
2024-07-29 10:40:56,997 RobotKinematics.cpp:296 [INFO] controlValueCur_L: [2.88715, -5.58748, -6.31599, -6.31599, 0.0123672, 0.0179482, 0.00818062, 0]
2024-07-29 10:40:57,002 RobotKinematics.cpp:296 [INFO] controlValueCur_L: [2.6148, -5.64145, -6.11387, -6.11387, 0.0112381, 0.0183296, 0.00755405, 0]
2024-07-29 10:40:57,007 RobotKinematics.cpp:296 [INFO] controlValueCur_L: [2.55934, -5.68009, -5.90884, -5.90884, 0.0105858, 0.0165062, 0.00997829, 0]
2024-07-29 10:40:57,012 RobotKinematics.cpp:296 [INFO] controlValueCur_L: [3.17196, -5.72927, -5.43392, -5.43392, 0.0104103, 0.0166664, 0.0103874, 0]
2024-07-29 10:40:57,017 RobotKinematics.cpp:296 [INFO] controlValueCur_L: [3.8569, -5.7523, -5.13935, -5.13935, 0.0110931, 0.0177383, 0.00900745, 0]
2024-07-29 10:40:57,023 RobotKinematics.cpp:296 [INFO] controlValueCur_L: [4.80136, -5.76869, -4.81293, -4.81293, 0.0112915, 0.0172462, 0.0104342, 0]
2024-07-29 10:40:57,028 RobotKinematics.cpp:296 [INFO] controlValueCur_L: [5.98756, -5.77213, -4.47653, -4.47653, 0.0125237, 0.0178986, 0.012846, 0]
2024-07-29 10:40:57,033 RobotKinematics.cpp:296 [INFO] controlValueCur_L: [7.38216, -5.75274, -4.16045, -4.16045, 0.0114594, 0.017025, 0.00994968, 0]
2024-07-29 10:40:57,038 RobotKinematics.cpp:296 [INFO] controlValueCur_L: [10.6383, -5.61082, -3.61865, -3.61865, 0.0126534, 0.0182343, 0.0132227, 0]
2024-07-29 10:40:57,043 RobotKinematics.cpp:296 [INFO] controlValueCur_L: [12.4632, -5.48629, -3.36912, -3.36912, 0.0116463, 0.0174484, 0.0117579, 0]
2024-07-29 10:40:57,048 RobotKinematics.cpp:296 [INFO] controlValueCur_L: [14.434, -5.32953, -3.1162, -3.1162, 0.0130119, 0.0202179, 0.0104008, 0]
2024-07-29 10:40:57,054 RobotKinematics.cpp:296 [INFO] controlValueCur_L: [16.5568, -5.14016, -2.85465, -2.85465, 0.0130081, 0.0203629, 0.0102425, 0]
2024-07-29 10:40:57,059 RobotKinematics.cpp:296 [INFO] controlValueCur_L: [21.1451, -4.65918, -2.30372, -2.30372, 0.0104904, 0.0193825, 0.00660801, 0]
2024-07-29 10:40:57,064 RobotKinematics.cpp:296 [INFO] controlValueCur_L: [23.5299, -4.37387, -2.01965, -2.01965, 0.0129166, 0.021553, 0.00862503, 0]
2024-07-29 10:40:57,069 RobotKinematics.cpp:296 [INFO] controlValueCur_L: [25.9276, -4.07302, -1.73187, -1.73187, 0.011734, 0.0212975, 0.0109367, 0]
2024-07-29 10:40:57,074 RobotKinematics.cpp:296 [INFO] controlValueCur_L: [28.5746, -3.73276, -1.41173, -1.41173, 0.0113297, 0.021347, 0.00749683, 0]
2024-07-29 10:40:57,080 RobotKinematics.cpp:296 [INFO] controlValueCur_L: [34.6804, -2.95336, -0.667027, -0.667027, 0.0124817, 0.0223579, 0.0118313, 0]
2024-07-29 10:40:57,085 RobotKinematics.cpp:296 [INFO] controlValueCur_L: [37.3685, -2.62266, -0.36212, -0.36212, 0.012722, 0.0231285, 0.0115814, 0]
2024-07-29 10:40:57,090 RobotKinematics.cpp:296 [INFO] controlValueCur_L: [39.496, -2.36346, -0.151098, -0.151098, 0.0105476, 0.0216675, 0.0117054, 0]
2024-07-29 10:40:57,095 RobotKinematics.cpp:296 [INFO] controlValueCur_L: [41.0493, -2.16971, -0.0246844, -0.0246844, 0.0121536, 0.0225868, 0.0147409, 0]
2024-07-29 10:40:57,100 RobotKinematics.cpp:296 [INFO] controlValueCur_L: [42.9492, -1.91147, 0.0959549, 0.0959549, 0.0145531, 0.0245209, 0.0117702, 0]
2024-07-29 10:40:57,106 RobotKinematics.cpp:296 [INFO] controlValueCur_L: [43.5942, -1.81814, 0.132345, 0.132345, 0.0135651, 0.0241241, 0.0121393, 0]
2024-07-29 10:40:57,111 RobotKinematics.cpp:296 [INFO] controlValueCur_L: [44.158, -1.73893, 0.170427, 0.170427, 0.0135536, 0.0233498, 0.0143442, 0]
2024-07-29 10:40:57,116 RobotKinematics.cpp:296 [INFO] controlValueCur_L: [44.6601, -1.67361, 0.215422, 0.215422, 0.0126038, 0.02174, 0.0165653, 0]
2024-07-29 10:40:57,121 RobotKinematics.cpp:296 [INFO] controlValueCur_L: [45.4251, -1.58572, 0.301635, 0.301635, 0.0126839, 0.0211906, 0.0156851, 0]
2024-07-29 10:40:57,126 RobotKinematics.cpp:296 [INFO] controlValueCur_L: [45.6591, -1.56301, 0.333263, 0.333263, 0.0134201, 0.0224342, 0.0164948, 0]
2024-07-29 10:40:57,132 RobotKinematics.cpp:296 [INFO] controlValueCur_L: [45.7946, -1.55323, 0.357058, 0.357058, 0.0126152, 0.0207901, 0.016407, 0]
2024-07-29 10:40:57,137 RobotKinematics.cpp:296 [INFO] controlValueCur_L: [45.8449, -1.55501, 0.376855, 0.376855, 0.012188, 0.0220413, 0.0131569, 0]
2024-07-29 10:40:57,142 RobotKinematics.cpp:296 [INFO] controlValueCur_L: [45.8344, -1.56488, 0.391434, 0.391434, 0.0112076, 0.0217743, 0.0115767, 0]
2024-07-29 10:40:57,147 RobotKinematics.cpp:296 [INFO] controlValueCur_L: [45.6112, -1.61377, 0.391124, 0.391124, 0.0115547, 0.021965, 0.0128307, 0]
2024-07-29 10:40:57,152 RobotKinematics.cpp:296 [INFO] controlValueCur_L: [45.3466, -1.65926, 0.361093, 0.361093, 0.0124588, 0.0228424, 0.0114956, 0]
2024-07-29 10:40:57,157 RobotKinematics.cpp:296 [INFO] controlValueCur_L: [44.9551, -1.71831, 0.306783, 0.306783, 0.0142479, 0.0243835, 0.0132818, 0]
2024-07-29 10:40:57,163 RobotKinematics.cpp:296 [INFO] controlValueCur_L: [43.7232, -1.88178, 0.110021, 0.110021, 0.01651, 0.0250244, 0.0113344, 0]
2024-07-29 10:40:57,168 RobotKinematics.cpp:296 [INFO] controlValueCur_L: [43.7232, -1.88178, 0.110021, 0.110021, 0.01651, 0.0250244, 0.0113344, 0]
2024-07-29 10:40:57,173 RobotKinematics.cpp:296 [INFO] controlValueCur_L: [41.8181, -2.10534, -0.231041, -0.231041, 0.0172348, 0.0253563, 0.0102186, 0]
2024-07-29 10:40:57,178 RobotKinematics.cpp:296 [INFO] controlValueCur_L: [40.6388, -2.23093, -0.446231, -0.446231, 0.0150681, 0.0226097, 0.0110016, 0]
2024-07-29 10:40:57,183 RobotKinematics.cpp:296 [INFO] controlValueCur_L: [39.3545, -2.35702, -0.681977, -0.681977, 0.0173645, 0.0253639, 0.00862789, 0]
2024-07-29 10:40:57,189 RobotKinematics.cpp:296 [INFO] controlValueCur_L: [36.6203, -2.59513, -1.19203, -1.19203, 0.018116, 0.0242958, 0.0111055, 0]
2024-07-29 10:40:57,194 RobotKinematics.cpp:296 [INFO] controlValueCur_L: [35.2134, -2.7098, -1.45399, -1.45399, 0.0181961, 0.0257187, 0.00555801, 0]
2024-07-29 10:40:57,199 RobotKinematics.cpp:296 [INFO] controlValueCur_L: [33.8002, -2.82546, -1.70894, -1.70894, 0.0168228, 0.023735, 0.00670528, 0]
2024-07-29 10:40:57,204 RobotKinematics.cpp:296 [INFO] controlValueCur_L: [30.9763, -3.06228, -2.17716, -2.17716, 0.0159378, 0.0218887, 0.0112343, 0]
2024-07-29 10:40:57,209 RobotKinematics.cpp:296 [INFO] controlValueCur_L: [30.9763, -3.06228, -2.17716, -2.17716, 0.0159378, 0.0218887, 0.0112343, 0]
2024-07-29 10:40:57,214 RobotKinematics.cpp:296 [INFO] controlValueCur_L: [28.1374, -3.31633, -2.58682, -2.58682, 0.0153961, 0.0229836, 0.00852394, 0]
2024-07-29 10:40:57,220 RobotKinematics.cpp:296 [INFO] controlValueCur_L: [26.5762, -3.4592, -2.78416, -2.78416, 0.0153389, 0.0219765, 0.0119581, 0]
2024-07-29 10:40:57,225 RobotKinematics.cpp:296 [INFO] controlValueCur_L: [24.683, -3.63547, -3.0008, -3.0008, 0.014679, 0.0218506, 0.011941, 0]
2024-07-29 10:40:57,230 RobotKinematics.cpp:296 [INFO] controlValueCur_L: [20.5785, -4.02668, -3.37925, -3.37925, 0.0143585, 0.0224304, 0.0116043, 0]
2024-07-29 10:40:57,235 RobotKinematics.cpp:296 [INFO] controlValueCur_L: [18.6952, -4.20549, -3.49789, -3.49789, 0.0128021, 0.0202179, 0.0128441, 0]
2024-07-29 10:40:57,240 RobotKinematics.cpp:296 [INFO] controlValueCur_L: [17.0667, -4.35482, -3.55537, -3.55537, 0.0120125, 0.0192833, 0.0127077, 0]
2024-07-29 10:40:57,246 RobotKinematics.cpp:296 [INFO] controlValueCur_L: [14.6756, -4.55394, -3.50363, -3.50363, 0.0103416, 0.0177078, 0.0112114, 0]
2024-07-29 10:40:57,251 RobotKinematics.cpp:296 [INFO] controlValueCur_L: [13.8733, -4.6123, -3.41349, -3.41349, 0.0107079, 0.0189438, 0.0125647, 0]
2024-07-29 10:40:57,256 RobotKinematics.cpp:296 [INFO] controlValueCur_L: [13.2983, -4.65576, -3.28886, -3.28886, 0.00833893, 0.0161018, 0.01015, 0]
2024-07-29 10:40:57,261 RobotKinematics.cpp:296 [INFO] controlValueCur_L: [12.9449, -4.69014, -3.12933, -3.12933, 0.00981903, 0.0167923, 0.0127869, 0]
2024-07-29 10:40:57,266 RobotKinematics.cpp:296 [INFO] controlValueCur_L: [12.8129, -4.72272, -2.92233, -2.92233, 0.00901031, 0.0151215, 0.0164547, 0]
2024-07-29 10:40:57,272 RobotKinematics.cpp:296 [INFO] controlValueCur_L: [13.2282, -4.74825, -2.43467, -2.43467, 0.00876999, 0.015564, 0.0152731, 0]
2024-07-29 10:40:57,277 RobotKinematics.cpp:296 [INFO] controlValueCur_L: [13.7618, -4.72544, -2.17137, -2.17137, 0.00819778, 0.0159149, 0.0166998, 0]
2024-07-29 10:40:57,282 RobotKinematics.cpp:296 [INFO] controlValueCur_L: [14.4989, -4.67534, -1.90418, -1.90418, 0.00952911, 0.0164986, 0.0174227, 0]
2024-07-29 10:40:57,287 RobotKinematics.cpp:296 [INFO] controlValueCur_L: [15.4198, -4.60109, -1.63854, -1.63854, 0.00799561, 0.0164299, 0.0131111, 0]
2024-07-29 10:40:57,292 RobotKinematics.cpp:296 [INFO] controlValueCur_L: [17.7307, -4.39505, -1.11931, -1.11931, 0.00925064, 0.0193024, 0.0102339, 0]
2024-07-29 10:40:57,298 RobotKinematics.cpp:296 [INFO] controlValueCur_L: [19.0928, -4.26704, -0.860911, -0.860911, 0.0117302, 0.021328, 0.010211, 0]
2024-07-29 10:40:57,303 RobotKinematics.cpp:296 [INFO] controlValueCur_L: [20.4977, -4.13728, -0.602078, -0.602078, 0.0149689, 0.0234032, 0.0117874, 0]
2024-07-29 10:40:57,308 RobotKinematics.cpp:296 [INFO] controlValueCur_L: [21.9455, -4.00655, -0.341959, -0.341959, 0.019455, 0.0259399, 0.0139608, 0]
2024-07-29 10:40:57,313 RobotKinematics.cpp:296 [INFO] controlValueCur_L: [23.4017, -3.87977, -0.0809026, -0.0809026, 0.0265121, 0.0295181, 0.0184231, 0]
2024-07-29 10:40:57,318 RobotKinematics.cpp:296 [INFO] controlValueCur_L: [28.3826, -3.41822, 0.671671, 0.671671, 0.0265808, 0.0291939, 0.0217028, 0]
2024-07-29 10:40:57,323 RobotKinematics.cpp:296 [INFO] controlValueCur_L: [30.1714, -3.24023, 0.928325, 0.928325, 0.0255699, 0.0292473, 0.0132875, 0]
2024-07-29 10:40:57,329 RobotKinematics.cpp:296 [INFO] controlValueCur_L: [32.0519, -3.06281, 1.19196, 1.19196, 0.0233459, 0.0275497, 0.0134039, 0]
2024-07-29 10:40:57,334 RobotKinematics.cpp:296 [INFO] controlValueCur_L: [36.8931, -2.62488, 1.83757, 1.83757, 0.0204964, 0.0259247, 0.011405, 0]
2024-07-29 10:40:57,339 RobotKinematics.cpp:296 [INFO] controlValueCur_L: [39.7115, -2.38563, 2.18233, 2.18233, 0.0211182, 0.0280876, 0.0100422, 0]
2024-07-29 10:40:57,344 RobotKinematics.cpp:296 [INFO] controlValueCur_L: [42.2586, -2.18125, 2.46931, 2.46931, 0.0197449, 0.0254517, 0.0147438, 0]
2024-07-29 10:40:57,349 RobotKinematics.cpp:296 [INFO] controlValueCur_L: [44.2886, -2.02769, 2.6778, 2.6778, 0.0192451, 0.0250053, 0.016614, 0]
2024-07-29 10:40:57,355 RobotKinematics.cpp:296 [INFO] controlValueCur_L: [46.7395, -1.84019, 2.87538, 2.87538, 0.0161743, 0.0226402, 0.0116453, 0]
2024-07-29 10:40:57,360 RobotKinematics.cpp:296 [INFO] controlValueCur_L: [47.3368, -1.78971, 2.8776, 2.8776, 0.0143585, 0.0207024, 0.0128736, 0]
2024-07-29 10:40:57,365 RobotKinematics.cpp:296 [INFO] controlValueCur_L: [47.6257, -1.76907, 2.83075, 2.83075, 0.0151367, 0.0211563, 0.0114059, 0]
2024-07-29 10:40:57,370 RobotKinematics.cpp:296 [INFO] controlValueCur_L: [47.6464, -1.77448, 2.74386, 2.74386, 0.0156288, 0.0224953, 0.011694, 0]
2024-07-29 10:40:57,375 RobotKinematics.cpp:296 [INFO] controlValueCur_L: [46.9477, -1.84114, 2.45187, 2.45187, 0.0126839, 0.0199203, 0.0132589, 0]
2024-07-29 10:40:57,381 RobotKinematics.cpp:296 [INFO] controlValueCur_L: [46.9477, -1.84114, 2.45187, 2.45187, 0.0126839, 0.0199203, 0.0132589, 0]
2024-07-29 10:40:57,386 RobotKinematics.cpp:296 [INFO] controlValueCur_L: [45.4035, -1.9636, 2.01544, 2.01544, 0.011116, 0.0186577, 0.0112076, 0]
2024-07-29 10:40:57,391 RobotKinematics.cpp:296 [INFO] controlValueCur_L: [44.3989, -2.03391, 1.75715, 1.75715, 0.0111198, 0.0196457, 0.0122652, 0]
2024-07-29 10:40:57,396 RobotKinematics.cpp:296 [INFO] controlValueCur_L: [43.2786, -2.10789, 1.47852, 1.47852, 0.00933456, 0.0183754, 0.0122252, 0]
2024-07-29 10:40:57,401 RobotKinematics.cpp:296 [INFO] controlValueCur_L: [40.728, -2.26959, 0.8627, 0.8627, 0.00686646, 0.0155106, 0.0116892, 0]
2024-07-29 10:40:57,407 RobotKinematics.cpp:296 [INFO] controlValueCur_L: [39.295, -2.36087, 0.525011, 0.525011, 0.00561523, 0.0143852, 0.0110359, 0]
2024-07-29 10:40:57,412 RobotKinematics.cpp:296 [INFO] controlValueCur_L: [37.7605, -2.45918, 0.171207, 0.171207, 0.00604248, 0.0148773, 0.0116587, 0]
2024-07-29 10:40:57,417 RobotKinematics.cpp:296 [INFO] controlValueCur_L: [34.4615, -2.7063, -0.551771, -0.551771, 0.00595856, 0.0156479, 0.0086422, 0]
2024-07-29 10:40:57,422 RobotKinematics.cpp:296 [INFO] controlValueCur_L: [34.4615, -2.7063, -0.551771, -0.551771, 0.00595856, 0.0156479, 0.0086422, 0]
2024-07-29 10:40:57,427 RobotKinematics.cpp:296 [INFO] controlValueCur_L: [30.9935, -3.02244, -1.23726, -1.23726, 0.00553131, 0.0145149, 0.0124893, 0]
2024-07-29 10:40:57,432 RobotKinematics.cpp:296 [INFO] controlValueCur_L: [29.2555, -3.19734, -1.5508, -1.5508, 0.00523376, 0.0144806, 0.00999641, 0]
2024-07-29 10:40:57,438 RobotKinematics.cpp:296 [INFO] controlValueCur_L: [27.5502, -3.37618, -1.84005, -1.84005, 0.00468826, 0.0151749, 0.00978184, 0]
2024-07-29 10:40:57,443 RobotKinematics.cpp:296 [INFO] controlValueCur_L: [23.5172, -3.80723, -2.45419, -2.45419, 0.00363159, 0.0155296, 0.00716686, 0]
2024-07-29 10:40:57,448 RobotKinematics.cpp:296 [INFO] controlValueCur_L: [21.1868, -4.05062, -2.76282, -2.76282, 0.00556946, 0.0175896, 0.00591278, 0]
2024-07-29 10:40:57,453 RobotKinematics.cpp:296 [INFO] controlValueCur_L: [18.9526, -4.27227, -3.01824, -3.01824, 0.0039711, 0.0155525, 0.0071907, 0]
2024-07-29 10:40:57,458 RobotKinematics.cpp:296 [INFO] controlValueCur_L: [15.3673, -4.58798, -3.29914, -3.29914, 0.0038681, 0.0149612, 0.00845051, 0]
2024-07-29 10:40:57,464 RobotKinematics.cpp:296 [INFO] controlValueCur_L: [14.1246, -4.67912, -3.32155, -3.32155, 0.00355148, 0.0149155, 0.00588036, 0]
2024-07-29 10:40:57,469 RobotKinematics.cpp:296 [INFO] controlValueCur_L: [13.2444, -4.73342, -3.27108, -3.27108, 0.00455093, 0.0152779, 0.009161, 0]
2024-07-29 10:40:57,474 RobotKinematics.cpp:296 [INFO] controlValueCur_L: [12.4884, -4.76826, -2.97059, -2.97059, 0.00338364, 0.0148735, 0.00604916, 0]
2024-07-29 10:40:57,479 RobotKinematics.cpp:296 [INFO] controlValueCur_L: [12.4884, -4.76826, -2.97059, -2.97059, 0.00338364, 0.0148735, 0.00604916, 0]
2024-07-29 10:40:57,484 RobotKinematics.cpp:296 [INFO] controlValueCur_L: [12.9335, -4.71446, -2.49579, -2.49579, 0.00323868, 0.0149155, 0.00678635, 0]
2024-07-29 10:40:57,489 RobotKinematics.cpp:296 [INFO] controlValueCur_L: [13.5459, -4.65415, -2.21845, -2.21845, 0.00392151, 0.0150986, 0.0101881, 0]
2024-07-29 10:40:57,495 RobotKinematics.cpp:296 [INFO] controlValueCur_L: [14.402, -4.5667, -1.92538, -1.92538, 0.00423431, 0.0163803, 0.00761604, 0]
2024-07-29 10:40:57,500 RobotKinematics.cpp:296 [INFO] controlValueCur_L: [16.8584, -4.27833, -1.3359, -1.3359, 0.00442505, 0.0171776, 0.00665855, 0]
2024-07-29 10:40:57,505 RobotKinematics.cpp:296 [INFO] controlValueCur_L: [18.4485, -4.06823, -1.05312, -1.05312, 0.00393677, 0.0162392, 0.00683784, 0]
2024-07-29 10:40:57,510 RobotKinematics.cpp:296 [INFO] controlValueCur_L: [20.2515, -3.81491, -0.777381, -0.777381, 0.0058136, 0.0172081, 0.00866222, 0]
2024-07-29 10:40:57,515 RobotKinematics.cpp:296 [INFO] controlValueCur_L: [24.3526, -3.21751, -0.227476, -0.227476, 0.00534058, 0.0177803, 0.00386238, 0]
2024-07-29 10:40:57,521 RobotKinematics.cpp:296 [INFO] controlValueCur_L: [24.3526, -3.21751, -0.227476, -0.227476, 0.00534058, 0.0177803, 0.00386238, 0]
2024-07-29 10:40:57,526 RobotKinematics.cpp:296 [INFO] controlValueCur_L: [28.8941, -2.57483, 0.354492, 0.354492, 0.00730133, 0.018528, 0.00576305, 0]
2024-07-29 10:40:57,531 RobotKinematics.cpp:296 [INFO] controlValueCur_L: [31.2727, -2.26278, 0.664732, 0.664732, 0.0069313, 0.019146, 0.0025177, 0]
2024-07-29 10:40:57,536 RobotKinematics.cpp:296 [INFO] controlValueCur_L: [33.6983, -1.96607, 0.984657, 0.984657, 0.00525665, 0.0174637, 0.00166035, 0]
2024-07-29 10:40:57,541 RobotKinematics.cpp:296 [INFO] controlValueCur_L: [36.1407, -1.68686, 1.31005, 1.31005, 0.00649643, 0.0182762, 0.00481319, 0]
2024-07-29 10:40:57,546 RobotKinematics.cpp:296 [INFO] controlValueCur_L: [43.0105, -0.962574, 2.23448, 2.23448, 0.00576401, 0.0174065, 0.0014019, 0]
2024-07-29 10:40:57,552 RobotKinematics.cpp:296 [INFO] controlValueCur_L: [46.4874, -0.615269, 2.69336, 2.69336, 0.00474167, 0.0173149, 0.0014925, 0]
2024-07-29 10:40:57,557 RobotKinematics.cpp:296 [INFO] controlValueCur_L: [49.3464, -0.320395, 3.06444, 3.06444, 0.00369644, 0.0161133, 0.00375271, 0]
2024-07-29 10:40:57,562 RobotKinematics.cpp:296 [INFO] controlValueCur_L: [51.4123, -0.0786285, 3.3238, 3.3238, 0.00506592, 0.0182686, 0.0032177, 0]
2024-07-29 10:40:57,567 RobotKinematics.cpp:296 [INFO] controlValueCur_L: [53.3488, 0.212931, 3.49452, 3.49452, 0.00451279, 0.0193481, -6.48499e-05, 0]
2024-07-29 10:40:57,572 RobotKinematics.cpp:296 [INFO] controlValueCur_L: [53.4447, 0.259966, 3.43372, 3.43372, 0.00398636, 0.0189972, 0.00062561, 0]
2024-07-29 10:40:57,578 RobotKinematics.cpp:296 [INFO] controlValueCur_L: [53.0815, 0.246962, 3.29823, 3.29823, 0.00336838, 0.018486, 0.00137806, 0]
2024-07-29 10:40:57,583 RobotKinematics.cpp:296 [INFO] controlValueCur_L: [52.3218, 0.189211, 3.10014, 3.10014, 0.00376129, 0.0191536, 0.000307083, 0]
2024-07-29 10:40:57,588 RobotKinematics.cpp:296 [INFO] controlValueCur_L: [49.8053, -0.032444, 2.55016, 2.55016, 0.00728607, 0.0209045, 0.00379658, 0]
2024-07-29 10:40:57,593 RobotKinematics.cpp:296 [INFO] controlValueCur_L: [48.1298, -0.187094, 2.21251, 2.21251, 0.00672913, 0.0208206, -0.000707626, 0]
2024-07-29 10:40:57,598 RobotKinematics.cpp:296 [INFO] controlValueCur_L: [46.2279, -0.357599, 1.83919, 1.83919, 0.0063324, 0.0224953, -0.00223064, 0]
2024-07-29 10:40:57,603 RobotKinematics.cpp:296 [INFO] controlValueCur_L: [44.1243, -0.542145, 1.43027, 1.43027, 0.00725555, 0.0221863, 0.000116348, 0]
2024-07-29 10:40:57,609 RobotKinematics.cpp:296 [INFO] controlValueCur_L: [39.4384, -0.966022, 0.522997, 0.522997, 0.0098877, 0.0244141, 0.000211716, 0]
2024-07-29 10:40:57,614 RobotKinematics.cpp:296 [INFO] controlValueCur_L: [36.9585, -1.20503, 0.0510135, 0.0510135, 0.00970078, 0.0243683, 0.00133514, 0]
2024-07-29 10:40:57,619 RobotKinematics.cpp:296 [INFO] controlValueCur_L: [34.4568, -1.45838, -0.417237, -0.417237, 0.0110321, 0.0252953, 0.00535202, 0]
2024-07-29 10:40:57,624 RobotKinematics.cpp:296 [INFO] controlValueCur_L: [31.9738, -1.72107, -0.871152, -0.871152, 0.0103569, 0.0247383, 0.00276756, 0]
2024-07-29 10:40:57,629 RobotKinematics.cpp:296 [INFO] controlValueCur_L: [29.5434, -1.98228, -1.30301, -1.30301, 0.0100555, 0.0245514, 0.000622749, 0]
2024-07-29 10:40:57,635 RobotKinematics.cpp:296 [INFO] controlValueCur_L: [24.9834, -2.42702, -2.05384, -2.05384, 0.00761032, 0.0211067, 0.00676441, 0]
2024-07-29 10:40:57,640 RobotKinematics.cpp:296 [INFO] controlValueCur_L: [22.8057, -2.60191, -2.38101, -2.38101, 0.0100136, 0.0227623, 0.00742722, 0]
2024-07-29 10:40:57,645 RobotKinematics.cpp:296 [INFO] controlValueCur_L: [20.3079, -2.77114, -2.73185, -2.73185, 0.0079689, 0.0225143, 0.00460911, 0]
2024-07-29 10:40:57,650 RobotKinematics.cpp:296 [INFO] controlValueCur_L: [15.283, -3.03761, -3.36395, -3.36395, 0.00771332, 0.0213928, 0.00649166, 0]
2024-07-29 10:40:57,655 RobotKinematics.cpp:296 [INFO] controlValueCur_L: [15.283, -3.03761, -3.36395, -3.36395, 0.00771332, 0.0213928, 0.00649166, 0]
2024-07-29 10:40:57,661 RobotKinematics.cpp:296 [INFO] controlValueCur_L: [11.3826, -3.15989, -3.74542, -3.74542, 0.00816345, 0.0218887, 0.00178528, 0]
2024-07-29 10:40:57,666 RobotKinematics.cpp:296 [INFO] controlValueCur_L: [10.0756, -3.17372, -3.82408, -3.82408, 0.00840378, 0.0210114, 0.00336647, 0]
2024-07-29 10:40:57,671 RobotKinematics.cpp:296 [INFO] controlValueCur_L: [9.22696, -3.16204, -3.82534, -3.82534, 0.00904465, 0.0218582, 0.00340462, 0]
2024-07-29 10:40:57,676 RobotKinematics.cpp:296 [INFO] controlValueCur_L: [8.83381, -3.06274, -3.61498, -3.61498, 0.0081749, 0.0216255, 0.00158024, 0]
2024-07-29 10:40:57,681 RobotKinematics.cpp:296 [INFO] controlValueCur_L: [9.22907, -2.97282, -3.42552, -3.42552, 0.00738144, 0.0210075, 0.00358486, 0]
2024-07-29 10:40:57,687 RobotKinematics.cpp:296 [INFO] controlValueCur_L: [9.93775, -2.85912, -3.19451, -3.19451, 0.00622559, 0.0192337, 0.00791931, 0]
2024-07-29 10:40:57,692 RobotKinematics.cpp:296 [INFO] controlValueCur_L: [12.0857, -2.56743, -2.63845, -2.63845, 0.00457001, 0.0185623, 0.00358963, 0]
2024-07-29 10:40:57,697 RobotKinematics.cpp:296 [INFO] controlValueCur_L: [13.4608, -2.38898, -2.31566, -2.31566, 0.00286865, 0.0170174, 0.00388432, 0]
2024-07-29 10:40:57,702 RobotKinematics.cpp:296 [INFO] controlValueCur_L: [15.0121, -2.18821, -1.96539, -1.96539, 0.00460434, 0.0173645, 0.00711632, 0]
2024-07-29 10:40:57,707 RobotKinematics.cpp:296 [INFO] controlValueCur_L: [18.5653, -1.72019, -1.20035, -1.20035, 0.00535202, 0.018158, 0.00550747, 0]
2024-07-29 10:40:57,712 RobotKinematics.cpp:296 [INFO] controlValueCur_L: [18.5653, -1.72019, -1.20035, -1.20035, 0.00535202, 0.018158, 0.00550747, 0]
2024-07-29 10:40:57,718 RobotKinematics.cpp:296 [INFO] controlValueCur_L: [22.5857, -1.20025, -0.370631, -0.370631, 0.00904083, 0.0200043, 0.0106068, 0]
2024-07-29 10:40:57,723 RobotKinematics.cpp:296 [INFO] controlValueCur_L: [24.7175, -0.937714, 0.0605516, 0.0605516, 0.00916672, 0.0198746, 0.0105114, 0]
2024-07-29 10:40:57,728 RobotKinematics.cpp:296 [INFO] controlValueCur_L: [26.8989, -0.679779, 0.496605, 0.496605, 0.00901413, 0.0190315, 0.0125561, 0]
2024-07-29 10:40:57,733 RobotKinematics.cpp:296 [INFO] controlValueCur_L: [31.1679, -0.23551, 1.33513, 1.33513, 0.0103264, 0.0205002, 0.00985527, 0]
2024-07-29 10:40:57,738 RobotKinematics.cpp:296 [INFO] controlValueCur_L: [33.0315, -0.075058, 1.69742, 1.69742, 0.0104065, 0.0214462, 0.00987339, 0]
2024-07-29 10:40:57,744 RobotKinematics.cpp:296 [INFO] controlValueCur_L: [34.8048, 0.0633583, 2.04542, 2.04542, 0.00810623, 0.0192909, 0.0116863, 0]
2024-07-29 10:40:57,749 RobotKinematics.cpp:296 [INFO] controlValueCur_L: [36.505, 0.187515, 2.38202, 2.38202, 0.00796127, 0.0195885, 0.0121136, 0]
2024-07-29 10:40:57,754 RobotKinematics.cpp:296 [INFO] controlValueCur_L: [37.9188, 0.286211, 2.66674, 2.66674, 0.00831985, 0.0215187, 0.00522041, 0]
2024-07-29 10:40:57,759 RobotKinematics.cpp:296 [INFO] controlValueCur_L: [39.4466, 0.363146, 2.97607, 2.97607, 0.00836182, 0.0211258, 0.00900936, 0]
2024-07-29 10:40:57,764 RobotKinematics.cpp:296 [INFO] controlValueCur_L: [39.5098, 0.331642, 2.99178, 2.99178, 0.00731659, 0.0197372, 0.00890064, 0]
2024-07-29 10:40:57,769 RobotKinematics.cpp:296 [INFO] controlValueCur_L: [39.1667, 0.261251, 2.92842, 2.92842, 0.00932312, 0.0227699, 0.00519753, 0]
2024-07-29 10:40:57,775 RobotKinematics.cpp:296 [INFO] controlValueCur_L: [38.4987, 0.159082, 2.80266, 2.80266, 0.00758362, 0.0197296, 0.00898457, 0]
2024-07-29 10:40:57,780 RobotKinematics.cpp:296 [INFO] controlValueCur_L: [36.4295, -0.116894, 2.41736, 2.41736, 0.00772476, 0.0209351, 0.00568485, 0]
2024-07-29 10:40:57,785 RobotKinematics.cpp:296 [INFO] controlValueCur_L: [35.1201, -0.279572, 2.17434, 2.17434, 0.00884628, 0.0229607, 0.00302124, 0]
2024-07-29 10:40:57,790 RobotKinematics.cpp:296 [INFO] controlValueCur_L: [33.6737, -0.452105, 1.90235, 1.90235, 0.00910187, 0.022419, 0.00624657, 0]
2024-07-29 10:40:57,795 RobotKinematics.cpp:296 [INFO] controlValueCur_L: [32.1181, -0.629883, 1.6059, 1.6059, 0.0071106, 0.0207062, 0.00548649, 0]
2024-07-29 10:40:57,801 RobotKinematics.cpp:296 [INFO] controlValueCur_L: [28.7789, -0.999023, 0.966353, 0.966353, 0.00833511, 0.0220604, 0.00373173, 0]
2024-07-29 10:40:57,806 RobotKinematics.cpp:296 [INFO] controlValueCur_L: [27.059, -1.18707, 0.637277, 0.637277, 0.00857544, 0.022831, 0.00321865, 0]
2024-07-29 10:40:57,811 RobotKinematics.cpp:296 [INFO] controlValueCur_L: [25.3538, -1.37269, 0.314034, 0.314034, 0.0079422, 0.0229797, -0.00308418, 0]
2024-07-29 10:40:57,816 RobotKinematics.cpp:296 [INFO] controlValueCur_L: [23.6995, -1.54785, 0.00492716, 0.00492716, 0.00790787, 0.0234489, -0.00228405, 0]
2024-07-29 10:40:57,821 RobotKinematics.cpp:296 [INFO] controlValueCur_L: [20.3172, -1.88755, -0.592027, -0.592027, 0.00549316, 0.0209579, 0.00182152, 0]
2024-07-29 10:40:57,827 RobotKinematics.cpp:296 [INFO] controlValueCur_L: [18.2563, -2.08542, -0.920702, -0.920702, 0.00717545, 0.0235748, 0.00175762, 0]
2024-07-29 10:40:57,832 RobotKinematics.cpp:296 [INFO] controlValueCur_L: [16.1845, -2.27869, -1.21952, -1.21952, 0.00777817, 0.0239601, -0.000771523, 0]
2024-07-29 10:40:57,837 RobotKinematics.cpp:296 [INFO] controlValueCur_L: [14.3175, -2.44334, -1.45306, -1.45306, 0.0092659, 0.0246849, 0.00462151, 0]
2024-07-29 10:40:57,842 RobotKinematics.cpp:296 [INFO] controlValueCur_L: [11.7824, -2.62257, -1.65643, -1.65643, 0.00938416, 0.0253029, 0.00237274, 0]
2024-07-29 10:40:57,847 RobotKinematics.cpp:296 [INFO] controlValueCur_L: [11.7824, -2.62257, -1.65643, -1.65643, 0.00938416, 0.0253029, 0.00237274, 0]
2024-07-29 10:40:57,853 RobotKinematics.cpp:296 [INFO] controlValueCur_L: [11.3209, -2.5373, -1.5005, -1.5005, 0.00901794, 0.0244751, 0.00401592, 0]
2024-07-29 10:40:57,858 RobotKinematics.cpp:296 [INFO] controlValueCur_L: [11.8443, -2.39927, -1.31175, -1.31175, 0.00866318, 0.0244331, 0.00309277, 0]
2024-07-29 10:40:57,863 RobotKinematics.cpp:296 [INFO] controlValueCur_L: [12.7395, -2.2132, -1.07307, -1.07307, 0.00812149, 0.0233879, 0.00188446, 0]
2024-07-29 10:40:57,868 RobotKinematics.cpp:296 [INFO] controlValueCur_L: [15.3218, -1.73484, -0.483606, -0.483606, 0.00863647, 0.0229378, 0.00274181, 0]
2024-07-29 10:40:57,873 RobotKinematics.cpp:296 [INFO] controlValueCur_L: [16.9208, -1.45499, -0.143017, -0.143017, 0.00775909, 0.0224419, 0.00039196, 0]
2024-07-29 10:40:57,878 RobotKinematics.cpp:296 [INFO] controlValueCur_L: [18.6972, -1.15564, 0.225268, 0.225268, 0.00994492, 0.022831, 0.00242519, 0]
2024-07-29 10:40:57,884 RobotKinematics.cpp:296 [INFO] controlValueCur_L: [22.7118, -0.529978, 1.03174, 1.03174, 0.00834274, 0.0216713, 0.00409031, 0]
2024-07-29 10:40:57,889 RobotKinematics.cpp:296 [INFO] controlValueCur_L: [24.9024, -0.220148, 1.46017, 1.46017, 0.0107155, 0.0243607, 0.00267315, 0]
2024-07-29 10:40:57,894 RobotKinematics.cpp:296 [INFO] controlValueCur_L: [27.1781, 0.0771561, 1.89757, 1.89757, 0.012085, 0.0258675, 0.00529766, 0]
2024-07-29 10:40:57,899 RobotKinematics.cpp:296 [INFO] controlValueCur_L: [31.8687, 0.613096, 2.77537, 2.77537, 0.0109634, 0.0260544, 0.000499725, 0]
2024-07-29 10:40:57,905 RobotKinematics.cpp:296 [INFO] controlValueCur_L: [31.8687, 0.613096, 2.77537, 2.77537, 0.0109634, 0.0260544, 0.000499725, 0]
2024-07-29 10:40:57,910 RobotKinematics.cpp:296 [INFO] controlValueCur_L: [37.3339, 1.10079, 3.76944, 3.76944, 0.0092392, 0.024601, -0.000412941, 0]
2024-07-29 10:40:57,915 RobotKinematics.cpp:296 [INFO] controlValueCur_L: [40.4479, 1.3148, 4.33873, 4.33873, 0.00868225, 0.0247726, -0.00258064, 0]
2024-07-29 10:40:57,920 RobotKinematics.cpp:296 [INFO] controlValueCur_L: [43.1583, 1.47728, 4.84188, 4.84188, 0.0095253, 0.0262222, -0.00296783, 0]
2024-07-29 10:40:57,925 RobotKinematics.cpp:296 [INFO] controlValueCur_L: [46.4444, 1.64781, 5.45431, 5.45431, 0.0103722, 0.0267105, -0.00373363, 0]
2024-07-29 10:40:57,931 RobotKinematics.cpp:296 [INFO] controlValueCur_L: [46.9255, 1.64518, 5.52984, 5.52984, 0.0124893, 0.0290718, -0.00743771, 0]
2024-07-29 10:40:57,936 RobotKinematics.cpp:296 [INFO] controlValueCur_L: [46.7154, 1.59183, 5.46537, 5.46537, 0.0114517, 0.0278549, -0.00747585, 0]
2024-07-29 10:40:57,941 RobotKinematics.cpp:296 [INFO] controlValueCur_L: [44.8387, 1.39913, 5.03412, 5.03412, 0.00980377, 0.0266914, -0.0100451, 0]
2024-07-29 10:40:57,946 RobotKinematics.cpp:296 [INFO] controlValueCur_L: [44.8387, 1.39913, 5.03412, 5.03412, 0.00980377, 0.0266914, -0.0100451, 0]
2024-07-29 10:40:57,951 RobotKinematics.cpp:296 [INFO] controlValueCur_L: [41.8459, 1.1521, 4.28567, 4.28567, 0.010601, 0.0266457, -0.00694847, 0]
2024-07-29 10:40:57,957 RobotKinematics.cpp:296 [INFO] controlValueCur_L: [40.0714, 1.01247, 3.80309, 3.80309, 0.0132103, 0.0280037, -0.00407314, 0]
2024-07-29 10:40:57,962 RobotKinematics.cpp:296 [INFO] controlValueCur_L: [38.1507, 0.859041, 3.26496, 3.26496, 0.013546, 0.0286522, -0.00828838, 0]
2024-07-29 10:40:57,967 RobotKinematics.cpp:296 [INFO] controlValueCur_L: [36.125, 0.6873, 2.69002, 2.69002, 0.0133896, 0.0284615, -0.00652218, 0]
2024-07-29 10:40:57,972 RobotKinematics.cpp:296 [INFO] controlValueCur_L: [31.962, 0.286627, 1.5059, 1.5059, 0.0150757, 0.0287285, 0.00149918, 0]
2024-07-29 10:40:57,977 RobotKinematics.cpp:296 [INFO] controlValueCur_L: [29.9251, 0.0659294, 0.934864, 0.934864, 0.0162621, 0.0312042, 0.000571251, 0]
2024-07-29 10:40:57,983 RobotKinematics.cpp:296 [INFO] controlValueCur_L: [27.9795, -0.155224, 0.402985, 0.402985, 0.014782, 0.0292778, 0.00407696, 0]
2024-07-29 10:40:57,988 RobotKinematics.cpp:296 [INFO] controlValueCur_L: [26.1623, -0.362057, -0.0807137, -0.0807137, 0.0144463, 0.0290031, 0.00314903, 0]
2024-07-29 10:40:57,993 RobotKinematics.cpp:296 [INFO] controlValueCur_L: [23.0172, -0.705318, -0.883324, -0.883324, 0.0138016, 0.0302696, -0.00152588, 0]
2024-07-29 10:40:57,998 RobotKinematics.cpp:296 [INFO] controlValueCur_L: [21.7092, -0.83913, -1.19928, -1.19928, 0.0135803, 0.0302544, -4.1008e-05, 0]
2024-07-29 10:40:58,003 RobotKinematics.cpp:296 [INFO] controlValueCur_L: [20.3532, -0.972227, -1.51049, -1.51049, 0.0141411, 0.030365, 0.000603676, 0]
2024-07-29 10:40:58,009 RobotKinematics.cpp:296 [INFO] controlValueCur_L: [17.8292, -1.19668, -2.0317, -2.0317, 0.0122719, 0.0298271, 0.00254822, 0]
2024-07-29 10:40:58,014 RobotKinematics.cpp:296 [INFO] controlValueCur_L: [16.9334, -1.25216, -2.18181, -2.18181, 0.0116119, 0.0302086, 0.00213718, 0]
2024-07-29 10:40:58,019 RobotKinematics.cpp:296 [INFO] controlValueCur_L: [16.4218, -1.25208, -2.23244, -2.23244, 0.0121727, 0.0304527, 0.00329113, 0]
2024-07-29 10:40:58,024 RobotKinematics.cpp:296 [INFO] controlValueCur_L: [16.3361, -1.19303, -2.18125, -2.18125, 0.0117073, 0.0297203, 0.0024929, 0]
2024-07-29 10:40:58,029 RobotKinematics.cpp:296 [INFO] controlValueCur_L: [17.2818, -0.92214, -1.84382, -1.84382, 0.010376, 0.0276756, 0.00616169, 0]
2024-07-29 10:40:58,035 RobotKinematics.cpp:296 [INFO] controlValueCur_L: [18.1978, -0.72193, -1.59076, -1.59076, 0.0127106, 0.0301857, 0.00570679, 0]
2024-07-29 10:40:58,040 RobotKinematics.cpp:296 [INFO] controlValueCur_L: [19.3639, -0.480846, -1.29841, -1.29841, 0.0117874, 0.0295944, 0.00651741, 0]
2024-07-29 10:40:58,045 RobotKinematics.cpp:296 [INFO] controlValueCur_L: [20.7564, -0.203537, -0.974581, -0.974581, 0.0137901, 0.0307732, 0.011137, 0]
2024-07-29 10:40:58,050 RobotKinematics.cpp:296 [INFO] controlValueCur_L: [24.1178, 0.418764, -0.244071, -0.244071, 0.0133209, 0.0305595, 0.0100327, 0]
2024-07-29 10:40:58,055 RobotKinematics.cpp:296 [INFO] controlValueCur_L: [24.1178, 0.418764, -0.244071, -0.244071, 0.0133209, 0.0305595, 0.0100327, 0]
2024-07-29 10:40:58,061 RobotKinematics.cpp:296 [INFO] controlValueCur_L: [28.0611, 1.06376, 0.579822, 0.579822, 0.0129433, 0.0303116, 0.0131521, 0]
2024-07-29 10:40:58,066 RobotKinematics.cpp:296 [INFO] controlValueCur_L: [30.1794, 1.37237, 1.01491, 1.01491, 0.0139961, 0.0319786, 0.0139742, 0]
2024-07-29 10:40:58,071 RobotKinematics.cpp:296 [INFO] controlValueCur_L: [32.3441, 1.66169, 1.4558, 1.4558, 0.0127411, 0.0305672, 0.0127487, 0]
2024-07-29 10:40:58,076 RobotKinematics.cpp:296 [INFO] controlValueCur_L: [37.998, 2.28417, 2.6055, 2.6055, 0.0140343, 0.0308647, 0.0182009, 0]
2024-07-29 10:40:58,081 RobotKinematics.cpp:296 [INFO] controlValueCur_L: [41.4402, 2.58913, 3.32645, 3.32645, 0.0157967, 0.0327339, 0.0164614, 0]
2024-07-29 10:40:58,086 RobotKinematics.cpp:296 [INFO] controlValueCur_L: [44.5826, 2.83696, 4.0051, 4.0051, 0.0152245, 0.0327721, 0.0200262, 0]
2024-07-29 10:40:58,092 RobotKinematics.cpp:296 [INFO] controlValueCur_L: [48.7517, 3.14454, 4.9397, 4.9397, 0.0195732, 0.0366936, 0.0222235, 0]
2024-07-29 10:40:58,097 RobotKinematics.cpp:296 [INFO] controlValueCur_L: [48.7517, 3.14454, 4.9397, 4.9397, 0.0195732, 0.0366936, 0.0222235, 0]
2024-07-29 10:40:58,102 RobotKinematics.cpp:296 [INFO] controlValueCur_L: [49.7727, 3.18824, 5.17628, 5.17628, 0.0191116, 0.0362473, 0.0255823, 0]
2024-07-29 10:40:58,107 RobotKinematics.cpp:296 [INFO] controlValueCur_L: [48.4067, 3.06748, 4.84659, 4.84659, 0.0175476, 0.0366707, 0.0198641, 0]
2024-07-29 10:40:58,113 RobotKinematics.cpp:296 [INFO] controlValueCur_L: [48.4067, 3.06748, 4.84659, 4.84659, 0.0175476, 0.0366707, 0.0198641, 0]
2024-07-29 10:40:58,118 RobotKinematics.cpp:296 [INFO] controlValueCur_L: [45.7575, 2.84948, 4.18778, 4.18778, 0.0150833, 0.0347443, 0.0208473, 0]
2024-07-29 10:40:58,123 RobotKinematics.cpp:296 [INFO] controlValueCur_L: [44.1534, 2.71097, 3.76796, 3.76796, 0.015892, 0.0351028, 0.0186901, 0]
2024-07-29 10:40:58,128 RobotKinematics.cpp:296 [INFO] controlValueCur_L: [42.4026, 2.55557, 3.29407, 3.29407, 0.0158768, 0.0351562, 0.0147839, 0]
2024-07-29 10:40:58,133 RobotKinematics.cpp:296 [INFO] controlValueCur_L: [38.5417, 2.19577, 2.21589, 2.21589, 0.0189629, 0.0372581, 0.0157728, 0]
2024-07-29 10:40:58,139 RobotKinematics.cpp:296 [INFO] controlValueCur_L: [36.4981, 1.99147, 1.63567, 1.63567, 0.0178223, 0.0376015, 0.0137672, 0]
2024-07-29 10:40:58,144 RobotKinematics.cpp:296 [INFO] controlValueCur_L: [34.4455, 1.77339, 1.05413, 1.05413, 0.0174484, 0.0363464, 0.0149307, 0]
2024-07-29 10:40:58,149 RobotKinematics.cpp:296 [INFO] controlValueCur_L: [30.5114, 1.31395, -0.0332098, -0.0332098, 0.0194016, 0.0377617, 0.0144768, 0]
2024-07-29 10:40:58,154 RobotKinematics.cpp:296 [INFO] controlValueCur_L: [30.5114, 1.31395, -0.0332098, -0.0332098, 0.0194016, 0.0377617, 0.0144768, 0]
2024-07-29 10:40:58,159 RobotKinematics.cpp:296 [INFO] controlValueCur_L: [27.0493, 0.906115, -0.937953, -0.937953, 0.0196648, 0.0390167, 0.0168114, 0]
2024-07-29 10:40:58,165 RobotKinematics.cpp:296 [INFO] controlValueCur_L: [25.5439, 0.738218, -1.31415, -1.31415, 0.0202408, 0.0386429, 0.0178919, 0]
2024-07-29 10:40:58,170 RobotKinematics.cpp:296 [INFO] controlValueCur_L: [24.1932, 0.594549, -1.63803, -1.63803, 0.018486, 0.0377769, 0.0135002, 0]
2024-07-29 10:40:58,175 RobotKinematics.cpp:296 [INFO] controlValueCur_L: [21.4293, 0.320333, -2.24461, -2.24461, 0.0192032, 0.0385933, 0.0122042, 0]
2024-07-29 10:40:58,180 RobotKinematics.cpp:296 [INFO] controlValueCur_L: [21.4293, 0.320333, -2.24461, -2.24461, 0.0192032, 0.0385933, 0.0122042, 0]
2024-07-29 10:40:58,186 RobotKinematics.cpp:296 [INFO] controlValueCur_L: [18.9332, 0.109861, -2.69768, -2.69768, 0.0190773, 0.0386467, 0.00846291, 0]
2024-07-29 10:40:58,191 RobotKinematics.cpp:296 [INFO] controlValueCur_L: [18.0699, 0.0678959, -2.8079, -2.8079, 0.0201492, 0.0383682, 0.0114784, 0]
2024-07-29 10:40:58,196 RobotKinematics.cpp:296 [INFO] controlValueCur_L: [17.5664, 0.0827694, -2.82104, -2.82104, 0.0209808, 0.0393105, 0.0131826, 0]
2024-07-29 10:40:58,201 RobotKinematics.cpp:296 [INFO] controlValueCur_L: [17.6796, 0.270166, -2.56333, -2.56333, 0.0206184, 0.0380402, 0.0175447, 0]
2024-07-29 10:40:58,207 RobotKinematics.cpp:296 [INFO] controlValueCur_L: [18.1971, 0.422325, -2.32631, -2.32631, 0.0179596, 0.0352554, 0.0160408, 0]
2024-07-29 10:40:58,212 RobotKinematics.cpp:296 [INFO] controlValueCur_L: [18.9609, 0.607756, -2.03477, -2.03477, 0.0161972, 0.0350227, 0.0152626, 0]
2024-07-29 10:40:58,217 RobotKinematics.cpp:296 [INFO] controlValueCur_L: [21.154, 1.06986, -1.3064, -1.3064, 0.0172539, 0.0368652, 0.0132399, 0]
2024-07-29 10:40:58,222 RobotKinematics.cpp:296 [INFO] controlValueCur_L: [22.5606, 1.33418, -0.875787, -0.875787, 0.0161972, 0.0360794, 0.0126066, 0]
2024-07-29 10:40:58,227 RobotKinematics.cpp:296 [INFO] controlValueCur_L: [24.16, 1.61085, -0.406747, -0.406747, 0.0170555, 0.0370636, 0.0106688, 0]
2024-07-29 10:40:58,233 RobotKinematics.cpp:296 [INFO] controlValueCur_L: [27.8721, 2.1781, 0.620121, 0.620121, 0.0174751, 0.0375443, 0.0112972, 0]
2024-07-29 10:40:58,238 RobotKinematics.cpp:296 [INFO] controlValueCur_L: [27.8721, 2.1781, 0.620121, 0.620121, 0.0174751, 0.0375443, 0.0112972, 0]
2024-07-29 10:40:58,243 RobotKinematics.cpp:296 [INFO] controlValueCur_L: [32.1017, 2.71552, 1.71752, 1.71752, 0.0183792, 0.037075, 0.0128002, 0]
2024-07-29 10:40:58,248 RobotKinematics.cpp:296 [INFO] controlValueCur_L: [34.3097, 2.95307, 2.26944, 2.26944, 0.0190048, 0.0387802, 0.0124521, 0]
2024-07-29 10:40:58,254 RobotKinematics.cpp:296 [INFO] controlValueCur_L: [37.3311, 3.22628, 3.01412, 3.01412, 0.0176086, 0.0367126, 0.0118942, 0]
2024-07-29 10:40:58,259 RobotKinematics.cpp:296 [INFO] controlValueCur_L: [44.6529, 3.67785, 4.85298, 4.85298, 0.0185051, 0.0363655, 0.0131941, 0]
2024-07-29 10:40:58,264 RobotKinematics.cpp:296 [INFO] controlValueCur_L: [47.8604, 3.81976, 5.70519, 5.70519, 0.0192604, 0.0375099, 0.0121574, 0]
2024-07-29 10:40:58,269 RobotKinematics.cpp:296 [INFO] controlValueCur_L: [50.3178, 3.90703, 6.38864, 6.38864, 0.016552, 0.0340691, 0.0150871, 0]
2024-07-29 10:40:58,274 RobotKinematics.cpp:296 [INFO] controlValueCur_L: [51.9144, 3.92182, 6.86357, 6.86357, 0.0178871, 0.0353813, 0.0171633, 0]
2024-07-29 10:40:58,280 RobotKinematics.cpp:296 [INFO] controlValueCur_L: [52.6739, 3.87607, 7.13253, 7.13253, 0.0170135, 0.0349655, 0.0138845, 0]
2024-07-29 10:40:58,285 RobotKinematics.cpp:296 [INFO] controlValueCur_L: [52.0888, 3.68841, 7.13021, 7.13021, 0.0162392, 0.0339088, 0.0158157, 0]
2024-07-29 10:40:58,290 RobotKinematics.cpp:296 [INFO] controlValueCur_L: [51.0204, 3.57801, 6.92315, 6.92315, 0.0141373, 0.0317268, 0.0158272, 0]
2024-07-29 10:40:58,295 RobotKinematics.cpp:296 [INFO] controlValueCur_L: [49.5959, 3.46161, 6.61514, 6.61514, 0.0136948, 0.0322227, 0.0141983, 0]
2024-07-29 10:40:58,300 RobotKinematics.cpp:296 [INFO] controlValueCur_L: [46.0171, 3.20891, 5.76826, 5.76826, 0.0148773, 0.0315781, 0.0176945, 0]
2024-07-29 10:40:58,306 RobotKinematics.cpp:296 [INFO] controlValueCur_L: [44.0332, 3.06174, 5.28808, 5.28808, 0.0166817, 0.0313339, 0.0215673, 0]
2024-07-29 10:40:58,311 RobotKinematics.cpp:296 [INFO] controlValueCur_L: [44.0332, 3.06174, 5.28808, 5.28808, 0.0166817, 0.0313339, 0.0215673, 0]
2024-07-29 10:40:58,316 RobotKinematics.cpp:296 [INFO] controlValueCur_L: [37.909, 2.54741, 3.56515, 3.56515, 0.0197258, 0.0326996, 0.0230074, 0]
2024-07-29 10:40:58,321 RobotKinematics.cpp:296 [INFO] controlValueCur_L: [32.9195, 2.27556, 2.24259, 2.24259, 0.0185432, 0.031414, 0.025197, 0]
2024-07-29 10:40:58,326 RobotKinematics.cpp:296 [INFO] controlValueCur_L: [30.4677, 2.08001, 1.53978, 1.53978, 0.017643, 0.0311699, 0.0224628, 0]
2024-07-29 10:40:58,332 RobotKinematics.cpp:296 [INFO] controlValueCur_L: [28.0098, 1.88527, 0.857362, 0.857362, 0.017952, 0.0308571, 0.0208941, 0]
2024-07-29 10:40:58,337 RobotKinematics.cpp:296 [INFO] controlValueCur_L: [25.5802, 1.70968, 0.20251, 0.20251, 0.0186806, 0.0314293, 0.0218229, 0]
2024-07-29 10:40:58,342 RobotKinematics.cpp:296 [INFO] controlValueCur_L: [20.9512, 1.49411, -0.973208, -0.973208, 0.0171051, 0.0309944, 0.0231781, 0]
2024-07-29 10:40:58,347 RobotKinematics.cpp:296 [INFO] controlValueCur_L: [18.2025, 1.40932, -1.63617, -1.63617, 0.0169716, 0.0308266, 0.021904, 0]
2024-07-29 10:40:58,352 RobotKinematics.cpp:296 [INFO] controlValueCur_L: [15.1542, 1.32446, -2.34998, -2.34998, 0.0155258, 0.0287895, 0.0220127, 0]
2024-07-29 10:40:58,357 RobotKinematics.cpp:296 [INFO] controlValueCur_L: [12.0472, 1.24877, -3.05074, -3.05074, 0.0159645, 0.0292206, 0.022584, 0]
2024-07-29 10:40:58,363 RobotKinematics.cpp:296 [INFO] controlValueCur_L: [6.46214, 1.16691, -4.21609, -4.21609, 0.0151443, 0.0306549, 0.0179768, 0]
2024-07-29 10:40:58,368 RobotKinematics.cpp:296 [INFO] controlValueCur_L: [6.46214, 1.16691, -4.21609, -4.21609, 0.0151443, 0.0306549, 0.0179768, 0]
2024-07-29 10:40:58,373 RobotKinematics.cpp:296 [INFO] controlValueCur_L: [2.6397, 1.234, -4.87704, -4.87704, 0.0131073, 0.0292664, 0.0147886, 0]
2024-07-29 10:40:58,378 RobotKinematics.cpp:296 [INFO] controlValueCur_L: [1.61659, 1.32747, -4.98606, -4.98606, 0.0112495, 0.0284576, 0.0126648, 0]
2024-07-29 10:40:58,383 RobotKinematics.cpp:296 [INFO] controlValueCur_L: [1.25299, 1.44944, -4.94054, -4.94054, 0.0104294, 0.0282669, 0.0108862, 0]
2024-07-29 10:40:58,389 RobotKinematics.cpp:296 [INFO] controlValueCur_L: [2.26564, 1.74551, -4.4764, -4.4764, 0.0104256, 0.0270538, 0.00893116, 0]
2024-07-29 10:40:58,394 RobotKinematics.cpp:296 [INFO] controlValueCur_L: [3.38823, 1.91581, -4.12225, -4.12225, 0.0103836, 0.0266037, 0.00864697, 0]
2024-07-29 10:40:58,399 RobotKinematics.cpp:296 [INFO] controlValueCur_L: [4.80945, 2.10585, -3.71614, -3.71614, 0.0113602, 0.0260773, 0.0107965, 0]
2024-07-29 10:40:58,404 RobotKinematics.cpp:296 [INFO] controlValueCur_L: [8.38418, 2.54395, -2.77824, -2.77824, 0.00858307, 0.0238724, 0.00838757, 0]
2024-07-29 10:40:58,409 RobotKinematics.cpp:296 [INFO] controlValueCur_L: [8.38418, 2.54395, -2.77824, -2.77824, 0.00858307, 0.0238724, 0.00838757, 0]
2024-07-29 10:40:58,415 RobotKinematics.cpp:296 [INFO] controlValueCur_L: [12.7567, 3.06735, -1.70105, -1.70105, 0.0100937, 0.0246124, 0.00742531, 0]
2024-07-29 10:40:58,420 RobotKinematics.cpp:296 [INFO] controlValueCur_L: [15.1711, 3.36412, -1.11969, -1.11969, 0.0103493, 0.0251732, 0.00744057, 0]
2024-07-29 10:40:58,425 RobotKinematics.cpp:296 [INFO] controlValueCur_L: [17.6958, 3.68083, -0.526254, -0.526254, 0.00989151, 0.0237961, 0.00956535, 0]
2024-07-29 10:40:58,430 RobotKinematics.cpp:296 [INFO] controlValueCur_L: [22.9371, 4.33993, 0.631896, 0.631896, 0.00773621, 0.0227699, 0.00492859, 0]
2024-07-29 10:40:58,435 RobotKinematics.cpp:296 [INFO] controlValueCur_L: [25.5705, 4.6665, 1.17966, 1.17966, 0.00914383, 0.0247231, 0.0079174, 0]
2024-07-29 10:40:58,441 RobotKinematics.cpp:296 [INFO] controlValueCur_L: [28.1382, 4.97344, 1.69174, 1.69174, 0.0101891, 0.0251122, 0.00845718, 0]
2024-07-29 10:40:58,446 RobotKinematics.cpp:296 [INFO] controlValueCur_L: [32.7876, 5.48885, 2.54556, 2.54556, 0.0109673, 0.0263176, 0.0107813, 0]
2024-07-29 10:40:58,451 RobotKinematics.cpp:296 [INFO] controlValueCur_L: [35.0649, 5.72071, 2.92363, 2.92363, 0.0121956, 0.026413, 0.013236, 0]
2024-07-29 10:40:58,456 RobotKinematics.cpp:296 [INFO] controlValueCur_L: [37.4502, 5.95735, 3.28791, 3.28791, 0.0119743, 0.0256729, 0.0118017, 0]
2024-07-29 10:40:58,461 RobotKinematics.cpp:296 [INFO] controlValueCur_L: [41.5713, 6.37542, 3.75207, 3.75207, 0.0128174, 0.0271149, 0.0115738, 0]
2024-07-29 10:40:58,467 RobotKinematics.cpp:296 [INFO] controlValueCur_L: [41.5713, 6.37542, 3.75207, 3.75207, 0.0128174, 0.0271149, 0.0115738, 0]
2024-07-29 10:40:58,472 RobotKinematics.cpp:296 [INFO] controlValueCur_L: [43.7172, 6.66788, 3.62871, 3.62871, 0.0128174, 0.0290527, 0.00634193, 0]
2024-07-29 10:40:58,477 RobotKinematics.cpp:296 [INFO] controlValueCur_L: [43.9576, 6.76545, 3.33833, 3.33833, 0.0117569, 0.0277634, 0.00537109, 0]
2024-07-29 10:40:58,482 RobotKinematics.cpp:296 [INFO] controlValueCur_L: [43.7287, 6.83411, 2.92855, 2.92855, 0.0134315, 0.0284996, 0.0104914, 0]
2024-07-29 10:40:58,487 RobotKinematics.cpp:296 [INFO] controlValueCur_L: [43.1424, 6.884, 2.42404, 2.42404, 0.0119324, 0.0272408, 0.00649166, 0]
2024-07-29 10:40:58,493 RobotKinematics.cpp:296 [INFO] controlValueCur_L: [41.2264, 6.94762, 1.20173, 1.20173, 0.0113945, 0.0274925, 0.00640392, 0]
2024-07-29 10:40:58,498 RobotKinematics.cpp:296 [INFO] controlValueCur_L: [40.0052, 6.9614, 0.514308, 0.514308, 0.0117188, 0.0283966, 0.00552464, 0]
2024-07-29 10:40:58,503 RobotKinematics.cpp:296 [INFO] controlValueCur_L: [38.6607, 6.9596, -0.202681, -0.202681, 0.010376, 0.0279121, 0.00259686, 0]
2024-07-29 10:40:58,508 RobotKinematics.cpp:296 [INFO] controlValueCur_L: [37.2292, 6.937, -0.930998, -0.930998, 0.0129089, 0.0296974, 0.00515366, 0]
2024-07-29 10:40:58,514 RobotKinematics.cpp:296 [INFO] controlValueCur_L: [34.2197, 6.82202, -2.38195, -2.38195, 0.0133514, 0.0294571, 0.00252056, 0]
2024-07-29 10:40:58,519 RobotKinematics.cpp:296 [INFO] controlValueCur_L: [32.6792, 6.73365, -3.09771, -3.09771, 0.0128517, 0.0292435, 0.00296688, 0]
2024-07-29 10:40:58,524 RobotKinematics.cpp:296 [INFO] controlValueCur_L: [31.1333, 6.62852, -3.80447, -3.80447, 0.0137482, 0.0284271, 0.00729084, 0]
2024-07-29 10:40:58,529 RobotKinematics.cpp:296 [INFO] controlValueCur_L: [29.5875, 6.51159, -4.5018, -4.5018, 0.0149689, 0.0292778, 0.00708771, 0]
2024-07-29 10:40:58,534 RobotKinematics.cpp:296 [INFO] controlValueCur_L: [26.5035, 6.25776, -5.85862, -5.85862, 0.0138016, 0.0280991, 0.00795364, 0]
2024-07-29 10:40:58,539 RobotKinematics.cpp:296 [INFO] controlValueCur_L: [24.9706, 6.13114, -6.51649, -6.51649, 0.014473, 0.028492, 0.00821972, 0]
2024-07-29 10:40:58,545 RobotKinematics.cpp:296 [INFO] controlValueCur_L: [22.965, 5.97383, -7.36861, -7.36861, 0.0135689, 0.0290871, 0.00334358, 0]
2024-07-29 10:40:58,550 RobotKinematics.cpp:296 [INFO] controlValueCur_L: [20.5066, 5.79633, -8.40379, -8.40379, 0.0147057, 0.0303917, 0.00369263, 0]
2024-07-29 10:40:58,555 RobotKinematics.cpp:296 [INFO] controlValueCur_L: [15.0189, 5.48393, -10.6809, -10.6809, 0.0149384, 0.028759, 0.0046463, 0]
2024-07-29 10:40:58,560 RobotKinematics.cpp:296 [INFO] controlValueCur_L: [12.4428, 5.37206, -11.7554, -11.7554, 0.0123634, 0.0259247, 0.00393772, 0]
2024-07-29 10:40:58,565 RobotKinematics.cpp:296 [INFO] controlValueCur_L: [10.2057, 5.29387, -12.7123, -12.7123, 0.0155334, 0.0290222, 0.00610542, 0]
2024-07-29 10:40:58,571 RobotKinematics.cpp:296 [INFO] controlValueCur_L: [8.39462, 5.25268, -13.5306, -13.5306, 0.0136528, 0.0271225, 0.00468254, 0]
2024-07-29 10:40:58,576 RobotKinematics.cpp:296 [INFO] controlValueCur_L: [6.11686, 5.28603, -14.7094, -14.7094, 0.0143089, 0.0274658, 0.00502396, 0]
2024-07-29 10:40:58,581 RobotKinematics.cpp:296 [INFO] controlValueCur_L: [5.61549, 5.35509, -15.0898, -15.0898, 0.0140038, 0.0275192, 0.00522327, 0]
2024-07-29 10:40:58,586 RobotKinematics.cpp:296 [INFO] controlValueCur_L: [5.50058, 5.45552, -15.3526, -15.3526, 0.0122032, 0.0267029, 0.00492764, 0]
2024-07-29 10:40:58,591 RobotKinematics.cpp:296 [INFO] controlValueCur_L: [5.74174, 5.58328, -15.506, -15.506, 0.0102158, 0.0253143, 0.00572968, 0]
2024-07-29 10:40:58,597 RobotKinematics.cpp:296 [INFO] controlValueCur_L: [7.09975, 5.9205, -15.5178, -15.5178, 0.0112343, 0.0267639, 0.00381565, 0]
2024-07-29 10:40:58,602 RobotKinematics.cpp:296 [INFO] controlValueCur_L: [8.13223, 6.12692, -15.4142, -15.4142, 0.00943756, 0.0243187, 0.00435257, 0]
2024-07-29 10:40:58,607 RobotKinematics.cpp:296 [INFO] controlValueCur_L: [9.35937, 6.35172, -15.2689, -15.2689, 0.0107117, 0.0247421, 0.00778103, 0]
2024-07-29 10:40:58,612 RobotKinematics.cpp:296 [INFO] controlValueCur_L: [12.264, 6.84966, -14.9136, -14.9136, 0.009552, 0.0237045, 0.00647736, 0]
2024-07-29 10:40:58,617 RobotKinematics.cpp:296 [INFO] controlValueCur_L: [12.264, 6.84966, -14.9136, -14.9136, 0.009552, 0.0237045, 0.00647736, 0]
2024-07-29 10:40:58,622 RobotKinematics.cpp:296 [INFO] controlValueCur_L: [15.4817, 7.37984, -14.5315, -14.5315, 0.0117569, 0.0244865, 0.00834846, 0]
2024-07-29 10:40:58,628 RobotKinematics.cpp:296 [INFO] controlValueCur_L: [17.0931, 7.64647, -14.3515, -14.3515, 0.0136337, 0.026638, 0.00422096, 0]
2024-07-29 10:40:58,633 RobotKinematics.cpp:296 [INFO] controlValueCur_L: [18.6574, 7.90763, -14.1877, -14.1877, 0.0125313, 0.0253448, 0.00230217, 0]
2024-07-29 10:40:58,638 RobotKinematics.cpp:296 [INFO] controlValueCur_L: [21.5694, 8.39644, -13.907, -13.907, 0.0134964, 0.0273285, 0.000256538, 0]
2024-07-29 10:40:58,643 RobotKinematics.cpp:296 [INFO] controlValueCur_L: [22.8905, 8.61524, -13.7891, -13.7891, 0.0130234, 0.0260353, 0.00270844, 0]
2024-07-29 10:40:58,648 RobotKinematics.cpp:296 [INFO] controlValueCur_L: [24.1015, 8.81202, -13.6858, -13.6858, 0.0116196, 0.025013, 0.00203896, 0]
2024-07-29 10:40:58,654 RobotKinematics.cpp:296 [INFO] controlValueCur_L: [26.1555, 9.13604, -13.5261, -13.5261, 0.0112267, 0.024128, 0.00116348, 0]
2024-07-29 10:40:58,659 RobotKinematics.cpp:296 [INFO] controlValueCur_L: [26.1555, 9.13604, -13.5261, -13.5261, 0.0112267, 0.024128, 0.00116348, 0]
2024-07-29 10:40:58,664 RobotKinematics.cpp:296 [INFO] controlValueCur_L: [27.7195, 9.36515, -13.435, -13.435, 0.0107498, 0.0246048, 0.00235081, 0]
2024-07-29 10:40:58,669 RobotKinematics.cpp:296 [INFO] controlValueCur_L: [28.3352, 9.44696, -13.4113, -13.4113, 0.0118332, 0.0250473, 0.00348568, 0]
2024-07-29 10:40:58,674 RobotKinematics.cpp:296 [INFO] controlValueCur_L: [28.8582, 9.50986, -13.3983, -13.3983, 0.0113297, 0.0236626, 0.00773048, 0]
2024-07-29 10:40:58,680 RobotKinematics.cpp:296 [INFO] controlValueCur_L: [29.8, 9.59794, -13.3919, -13.3919, 0.0120277, 0.0250359, 0.0044508, 0]
2024-07-29 10:40:58,685 RobotKinematics.cpp:296 [INFO] controlValueCur_L: [30.1871, 9.61831, -13.385, -13.385, 0.0127487, 0.0255699, 0.00944424, 0]
2024-07-29 10:40:58,690 RobotKinematics.cpp:296 [INFO] controlValueCur_L: [30.5185, 9.61921, -13.3594, -13.3594, 0.0152588, 0.0269775, 0.012208, 0]
2024-07-29 10:40:58,695 RobotKinematics.cpp:296 [INFO] controlValueCur_L: [31.0237, 9.55521, -13.214, -13.214, 0.014576, 0.0273285, 0.0074625, 0]
2024-07-29 10:40:58,700 RobotKinematics.cpp:296 [INFO] controlValueCur_L: [31.0237, 9.55521, -13.214, -13.214, 0.014576, 0.0273285, 0.0074625, 0]
2024-07-29 10:40:58,706 RobotKinematics.cpp:296 [INFO] controlValueCur_L: [31.3423, 9.4177, -12.8929, -12.8929, 0.0163345, 0.0293198, 0.00435257, 0]
2024-07-29 10:40:58,711 RobotKinematics.cpp:296 [INFO] controlValueCur_L: [31.4517, 9.32775, -12.6559, -12.6559, 0.0150795, 0.0282249, 0.0054369, 0]
2024-07-29 10:40:58,716 RobotKinematics.cpp:296 [INFO] controlValueCur_L: [31.535, 9.22444, -12.3695, -12.3695, 0.0144005, 0.0277748, 0.00410938, 0]
2024-07-29 10:40:58,721 RobotKinematics.cpp:296 [INFO] controlValueCur_L: [31.5952, 9.10844, -12.0374, -12.0374, 0.0155182, 0.0288849, 0.00210857, 0]
2024-07-29 10:40:58,726 RobotKinematics.cpp:296 [INFO] controlValueCur_L: [31.6502, 8.83762, -11.2538, -11.2538, 0.0176392, 0.0309067, 0.00500965, 0]
2024-07-29 10:40:58,732 RobotKinematics.cpp:296 [INFO] controlValueCur_L: [31.6381, 8.68271, -10.8133, -10.8133, 0.0188675, 0.032032, 0.00394917, 0]
2024-07-29 10:40:58,737 RobotKinematics.cpp:296 [INFO] controlValueCur_L: [31.5898, 8.51759, -10.3473, -10.3473, 0.0185165, 0.0310364, 0.00572681, 0]
2024-07-29 10:40:58,742 RobotKinematics.cpp:296 [INFO] controlValueCur_L: [31.4991, 8.3428, -9.85567, -9.85567, 0.0197296, 0.032177, 0.00856113, 0]
2024-07-29 10:40:58,747 RobotKinematics.cpp:296 [INFO] controlValueCur_L: [31.1834, 7.94082, -8.76644, -8.76644, 0.0209122, 0.0332489, 0.00855255, 0]
2024-07-29 10:40:58,752 RobotKinematics.cpp:296 [INFO] controlValueCur_L: [30.9621, 7.69547, -8.14937, -8.14937, 0.0216217, 0.0331764, 0.0125561, 0]
2024-07-29 10:40:58,758 RobotKinematics.cpp:296 [INFO] controlValueCur_L: [30.6986, 7.40802, -7.47029, -7.47029, 0.0214233, 0.0338745, 0.0118837, 0]
2024-07-29 10:40:58,763 RobotKinematics.cpp:296 [INFO] controlValueCur_L: [30.0291, 6.68178, -5.90012, -5.90012, 0.0188904, 0.0311279, 0.0131197, 0]
2024-07-29 10:40:58,768 RobotKinematics.cpp:296 [INFO] controlValueCur_L: [29.5965, 6.23812, -5.01996, -5.01996, 0.0172462, 0.0296555, 0.0111675, 0]
2024-07-29 10:40:58,773 RobotKinematics.cpp:296 [INFO] controlValueCur_L: [29.0763, 5.7492, -4.10564, -4.10564, 0.0178947, 0.0317039, 0.00802803, 0]
2024-07-29 10:40:58,778 RobotKinematics.cpp:296 [INFO] controlValueCur_L: [28.4615, 5.23011, -3.18694, -3.18694, 0.0179024, 0.0300179, 0.00886631, 0]
2024-07-29 10:40:58,783 RobotKinematics.cpp:296 [INFO] controlValueCur_L: [26.948, 4.1683, -1.46177, -1.46177, 0.0172806, 0.0292854, 0.012269, 0]
2024-07-29 10:40:58,789 RobotKinematics.cpp:296 [INFO] controlValueCur_L: [26.0467, 3.65816, -0.699418, -0.699418, 0.0193596, 0.032177, 0.0148373, 0]
2024-07-29 10:40:58,794 RobotKinematics.cpp:296 [INFO] controlValueCur_L: [25.0397, 3.17589, -0.0240483, -0.0240483, 0.0185013, 0.0311279, 0.0146742, 0]
2024-07-29 10:40:58,799 RobotKinematics.cpp:296 [INFO] controlValueCur_L: [23.9299, 2.72688, 0.563412, 0.563412, 0.0196075, 0.0335884, 0.0122013, 0]
2024-07-29 10:40:58,804 RobotKinematics.cpp:296 [INFO] controlValueCur_L: [21.4444, 1.93777, 1.48944, 1.48944, 0.0198212, 0.0334625, 0.0110426, 0]
2024-07-29 10:40:58,809 RobotKinematics.cpp:296 [INFO] controlValueCur_L: [20.0822, 1.591, 1.84782, 1.84782, 0.0188103, 0.0329247, 0.00828075, 0]
2024-07-29 10:40:58,815 RobotKinematics.cpp:296 [INFO] controlValueCur_L: [18.6378, 1.27011, 2.13965, 2.13965, 0.0200348, 0.0339813, 0.00980473, 0]
2024-07-29 10:40:58,820 RobotKinematics.cpp:296 [INFO] controlValueCur_L: [17.0927, 0.966022, 2.36985, 2.36985, 0.0208588, 0.0338516, 0.0110598, 0]
2024-07-29 10:40:58,825 RobotKinematics.cpp:296 [INFO] controlValueCur_L: [15.4388, 0.677956, 2.53998, 2.53998, 0.0213737, 0.0350075, 0.0105028, 0]
2024-07-29 10:40:58,830 RobotKinematics.cpp:296 [INFO] controlValueCur_L: [11.8472, 0.1467, 2.68598, 2.68598, 0.0227737, 0.0369492, 0.0132904, 0]
2024-07-29 10:40:58,835 RobotKinematics.cpp:296 [INFO] controlValueCur_L: [9.96357, -0.0927315, 2.65384, 2.65384, 0.0212898, 0.0352516, 0.0116348, 0]
2024-07-29 10:40:58,840 RobotKinematics.cpp:296 [INFO] controlValueCur_L: [8.07872, -0.307009, 2.55009, 2.55009, 0.0238724, 0.0363541, 0.0159826, 0]
2024-07-29 10:40:58,846 RobotKinematics.cpp:296 [INFO] controlValueCur_L: [4.56219, -0.633614, 2.10891, 2.10891, 0.0227776, 0.035305, 0.0115042, 0]
2024-07-29 10:40:58,851 RobotKinematics.cpp:296 [INFO] controlValueCur_L: [4.56219, -0.633614, 2.10891, 2.10891, 0.0227776, 0.035305, 0.0115042, 0]
2024-07-29 10:40:58,856 RobotKinematics.cpp:296 [INFO] controlValueCur_L: [1.74275, -0.801224, 1.41401, 1.41401, 0.0230637, 0.0346489, 0.0123453, 0]
2024-07-29 10:40:58,861 RobotKinematics.cpp:296 [INFO] controlValueCur_L: [0.697048, -0.814554, 1.01816, 1.01816, 0.0212784, 0.0329971, 0.00915623, 0]
2024-07-29 10:40:58,866 RobotKinematics.cpp:296 [INFO] controlValueCur_L: [-0.0643516, -0.777939, 0.630277, 0.630277, 0.0228996, 0.0348053, 0.0104122, 0]
2024-07-29 10:40:58,872 RobotKinematics.cpp:296 [INFO] controlValueCur_L: [-0.685301, -0.595932, -0.0571609, -0.0571609, 0.0210686, 0.0329399, 0.0112562, 0]
2024-07-29 10:40:58,877 RobotKinematics.cpp:296 [INFO] controlValueCur_L: [-0.572054, -0.462553, -0.341906, -0.341906, 0.0205727, 0.0312233, 0.0128956, 0]
2024-07-29 10:40:58,882 RobotKinematics.cpp:296 [INFO] controlValueCur_L: [-0.228951, -0.312429, -0.583916, -0.583916, 0.0216713, 0.0313988, 0.0157251, 0]
2024-07-29 10:40:58,887 RobotKinematics.cpp:296 [INFO] controlValueCur_L: [1.03043, 0.0252934, -0.953018, -0.953018, 0.021019, 0.0314293, 0.0105791, 0]
2024-07-29 10:40:58,892 RobotKinematics.cpp:296 [INFO] controlValueCur_L: [1.03043, 0.0252934, -0.953018, -0.953018, 0.021019, 0.0314293, 0.0105791, 0]
2024-07-29 10:40:58,898 RobotKinematics.cpp:296 [INFO] controlValueCur_L: [2.97333, 0.391874, -1.13425, -1.13425, 0.0206375, 0.0302086, 0.011363, 0]
2024-07-29 10:40:58,903 RobotKinematics.cpp:296 [INFO] controlValueCur_L: [4.15523, 0.578335, -1.15363, -1.15363, 0.0197372, 0.0289993, 0.0123243, 0]
2024-07-29 10:40:58,908 RobotKinematics.cpp:296 [INFO] controlValueCur_L: [5.44822, 0.764099, -1.12814, -1.12814, 0.0197105, 0.0295067, 0.0117998, 0]
2024-07-29 10:40:58,913 RobotKinematics.cpp:296 [INFO] controlValueCur_L: [8.2891, 1.1247, -0.957968, -0.957968, 0.0170593, 0.0288963, 0.010746, 0]
2024-07-29 10:40:58,918 RobotKinematics.cpp:296 [INFO] controlValueCur_L: [9.78997, 1.29744, -0.822141, -0.822141, 0.0161247, 0.0274315, 0.0130434, 0]
2024-07-29 10:40:58,923 RobotKinematics.cpp:296 [INFO] controlValueCur_L: [11.2903, 1.46271, -0.664644, -0.664644, 0.014698, 0.0279007, 0.0115452, 0]
2024-07-29 10:40:58,929 RobotKinematics.cpp:296 [INFO] controlValueCur_L: [14.0412, 1.76069, -0.349388, -0.349388, 0.0149994, 0.0277519, 0.0104074, 0]
2024-07-29 10:40:58,934 RobotKinematics.cpp:296 [INFO] controlValueCur_L: [14.0412, 1.76069, -0.349388, -0.349388, 0.0149994, 0.0277519, 0.0104074, 0]
2024-07-29 10:40:58,939 RobotKinematics.cpp:296 [INFO] controlValueCur_L: [16.1721, 2.0066, -0.108442, -0.108442, 0.0147095, 0.0282898, 0.00794792, 0]
2024-07-29 10:40:58,944 RobotKinematics.cpp:296 [INFO] controlValueCur_L: [17.059, 2.1163, -0.0167832, -0.0167832, 0.0137863, 0.0261574, 0.0105705, 0]
2024-07-29 10:40:58,949 RobotKinematics.cpp:296 [INFO] controlValueCur_L: [17.9103, 2.22394, 0.0655828, 0.0655828, 0.0155945, 0.0274544, 0.0118647, 0]
2024-07-29 10:40:58,955 RobotKinematics.cpp:296 [INFO] controlValueCur_L: [18.6721, 2.3207, 0.136137, 0.136137, 0.0151443, 0.0271454, 0.0104942, 0]
2024-07-29 10:40:58,960 RobotKinematics.cpp:296 [INFO] controlValueCur_L: [19.8213, 2.46219, 0.238348, 0.238348, 0.0139389, 0.0252838, 0.0133247, 0]
2024-07-29 10:40:58,965 RobotKinematics.cpp:296 [INFO] controlValueCur_L: [20.1703, 2.50022, 0.266946, 0.266946, 0.0144806, 0.0263519, 0.00943661, 0]
2024-07-29 10:40:58,970 RobotKinematics.cpp:296 [INFO] controlValueCur_L: [20.3543, 2.51638, 0.28067, 0.28067, 0.0155716, 0.0282364, 0.00811672, 0]
2024-07-29 10:40:58,975 RobotKinematics.cpp:296 [INFO] controlValueCur_L: [20.3809, 2.51341, 0.281304, 0.281304, 0.0153542, 0.026577, 0.0123692, 0]
2024-07-29 10:40:58,980 RobotKinematics.cpp:296 [INFO] controlValueCur_L: [20.0882, 2.47169, 0.260026, 0.260026, 0.016758, 0.027462, 0.00935936, 0]
2024-07-29 10:40:58,986 RobotKinematics.cpp:296 [INFO] controlValueCur_L: [19.8367, 2.44156, 0.245955, 0.245955, 0.0176544, 0.0285797, 0.0106449, 0]
2024-07-29 10:40:58,991 RobotKinematics.cpp:296 [INFO] controlValueCur_L: [19.5531, 2.40973, 0.236687, 0.236687, 0.0176849, 0.0286522, 0.0108728, 0]
2024-07-29 10:40:58,996 RobotKinematics.cpp:296 [INFO] controlValueCur_L: [19.2594, 2.37899, 0.235598, 0.235598, 0.0179977, 0.0301056, 0.00967789, 0]
2024-07-29 10:40:59,001 RobotKinematics.cpp:296 [INFO] controlValueCur_L: [18.6848, 2.32418, 0.258121, 0.258121, 0.0198898, 0.0326653, 0.0082016, 0]
2024-07-29 10:40:59,006 RobotKinematics.cpp:296 [INFO] controlValueCur_L: [18.4149, 2.30115, 0.280038, 0.280038, 0.0178299, 0.0314713, 0.00630856, 0]
2024-07-29 10:40:59,012 RobotKinematics.cpp:296 [INFO] controlValueCur_L: [18.1604, 2.28161, 0.308017, 0.308017, 0.0171242, 0.0311623, 0.00776482, 0]
2024-07-29 10:40:59,017 RobotKinematics.cpp:296 [INFO] controlValueCur_L: [17.6719, 2.24866, 0.372499, 0.372499, 0.0154648, 0.0300941, 0.00794697, 0]
2024-07-29 10:40:59,022 RobotKinematics.cpp:296 [INFO] controlValueCur_L: [17.4108, 2.23212, 0.402769, 0.402769, 0.0133629, 0.0281219, 0.00736618, 0]
2024-07-29 10:40:59,027 RobotKinematics.cpp:296 [INFO] controlValueCur_L: [17.1253, 2.21437, 0.429283, 0.429283, 0.0130768, 0.0281563, 0.00738335, 0]
2024-07-29 10:40:59,032 RobotKinematics.cpp:296 [INFO] controlValueCur_L: [16.8122, 2.19457, 0.450956, 0.450956, 0.0129738, 0.0279388, 0.00605869, 0]
2024-07-29 10:40:59,038 RobotKinematics.cpp:296 [INFO] controlValueCur_L: [16.1138, 2.14982, 0.480228, 0.480228, 0.0135651, 0.0284157, 0.00834084, 0]
2024-07-29 10:40:59,043 RobotKinematics.cpp:296 [INFO] controlValueCur_L: [15.7417, 2.12493, 0.489496, 0.489496, 0.0126381, 0.028389, 0.00729275, 0]
2024-07-29 10:40:59,048 RobotKinematics.cpp:296 [INFO] controlValueCur_L: [15.3618, 2.09845, 0.496339, 0.496339, 0.0127106, 0.0281448, 0.00818539, 0]
2024-07-29 10:40:59,053 RobotKinematics.cpp:296 [INFO] controlValueCur_L: [14.9734, 2.07012, 0.501068, 0.501068, 0.0130653, 0.027813, 0.0126896, 0]
2024-07-29 10:40:59,058 RobotKinematics.cpp:296 [INFO] controlValueCur_L: [14.572, 2.03951, 0.503463, 0.503463, 0.0134506, 0.0289803, 0.0103579, 0]
2024-07-29 10:40:59,064 RobotKinematics.cpp:296 [INFO] controlValueCur_L: [13.2891, 1.93618, 0.500826, 0.500826, 0.0141373, 0.0281715, 0.0127935, 0]
2024-07-29 10:40:59,069 RobotKinematics.cpp:296 [INFO] controlValueCur_L: [12.2812, 1.85421, 0.495236, 0.495236, 0.0132294, 0.0270004, 0.0108452, 0]
2024-07-29 10:40:59,074 RobotKinematics.cpp:296 [INFO] controlValueCur_L: [11.0783, 1.75792, 0.48769, 0.48769, 0.014904, 0.0293427, 0.0112886, 0]
2024-07-29 10:40:59,079 RobotKinematics.cpp:296 [INFO] controlValueCur_L: [8.41109, 1.55645, 0.473508, 0.473508, 0.0125999, 0.0268593, 0.01649, 0]
2024-07-29 10:40:59,084 RobotKinematics.cpp:296 [INFO] controlValueCur_L: [8.41109, 1.55645, 0.473508, 0.473508, 0.0125999, 0.0268593, 0.01649, 0]
2024-07-29 10:40:59,089 RobotKinematics.cpp:296 [INFO] controlValueCur_L: [5.82, 1.39051, 0.469299, 0.469299, 0.0142059, 0.0282364, 0.0122242, 0]
2024-07-29 10:40:59,095 RobotKinematics.cpp:296 [INFO] controlValueCur_L: [4.64586, 1.33292, 0.471831, 0.471831, 0.0143967, 0.027668, 0.0150146, 0]
2024-07-29 10:40:59,100 RobotKinematics.cpp:296 [INFO] controlValueCur_L: [3.58777, 1.29265, 0.488678, 0.488678, 0.0153732, 0.0294914, 0.0157347, 0]
2024-07-29 10:40:59,105 RobotKinematics.cpp:296 [INFO] controlValueCur_L: [1.88528, 1.25327, 0.617731, 0.617731, 0.0142212, 0.0281105, 0.014183, 0]
2024-07-29 10:40:59,110 RobotKinematics.cpp:296 [INFO] controlValueCur_L: [1.24505, 1.25246, 0.705202, 0.705202, 0.0156288, 0.0288277, 0.0170383, 0]
2024-07-29 10:40:59,115 RobotKinematics.cpp:296 [INFO] controlValueCur_L: [0.76898, 1.26074, 0.816899, 0.816899, 0.0163651, 0.0302505, 0.0142698, 0]
2024-07-29 10:40:59,121 RobotKinematics.cpp:296 [INFO] controlValueCur_L: [0.358087, 1.28902, 1.10919, 1.10919, 0.0155983, 0.0294685, 0.0150757, 0]
2024-07-29 10:40:59,126 RobotKinematics.cpp:296 [INFO] controlValueCur_L: [0.358087, 1.28902, 1.10919, 1.10919, 0.0155983, 0.0294685, 0.0150757, 0]
2024-07-29 10:40:59,131 RobotKinematics.cpp:296 [INFO] controlValueCur_L: [0.696614, 1.33357, 1.46528, 1.46528, 0.0142784, 0.0290871, 0.0115299, 0]
2024-07-29 10:40:59,136 RobotKinematics.cpp:296 [INFO] controlValueCur_L: [1.13772, 1.3729, 1.66905, 1.66905, 0.0153389, 0.0285339, 0.016242, 0]
2024-07-29 10:40:59,141 RobotKinematics.cpp:296 [INFO] controlValueCur_L: [1.74363, 1.4256, 1.89377, 1.89377, 0.0153122, 0.0281944, 0.01126, 0]
2024-07-29 10:40:59,147 RobotKinematics.cpp:296 [INFO] controlValueCur_L: [3.4048, 1.57592, 2.3999, 2.3999, 0.0150528, 0.0264587, 0.0157928, 0]
2024-07-29 10:40:59,152 RobotKinematics.cpp:296 [INFO] controlValueCur_L: [4.443, 1.66875, 2.67708, 2.67708, 0.0166702, 0.0286636, 0.0153608, 0]
2024-07-29 10:40:59,157 RobotKinematics.cpp:296 [INFO] controlValueCur_L: [5.61923, 1.771, 2.97184, 2.97184, 0.0163231, 0.0280495, 0.0149336, 0]
2024-07-29 10:40:59,162 RobotKinematics.cpp:296 [INFO] controlValueCur_L: [8.38548, 2.00192, 3.61076, 3.61076, 0.0152893, 0.027874, 0.0136271, 0]
2024-07-29 10:40:59,167 RobotKinematics.cpp:296 [INFO] controlValueCur_L: [8.38548, 2.00192, 3.61076, 3.61076, 0.0152893, 0.027874, 0.0136271, 0]
2024-07-29 10:40:59,172 RobotKinematics.cpp:296 [INFO] controlValueCur_L: [11.6251, 2.25964, 4.28512, 4.28512, 0.0148888, 0.0283546, 0.0133791, 0]
2024-07-29 10:40:59,178 RobotKinematics.cpp:296 [INFO] controlValueCur_L: [13.3652, 2.39677, 4.6209, 4.6209, 0.0147743, 0.0271759, 0.0148945, 0]
2024-07-29 10:40:59,183 RobotKinematics.cpp:296 [INFO] controlValueCur_L: [15.1489, 2.53866, 4.94858, 4.94858, 0.0152206, 0.0273552, 0.0131197, 0]
2024-07-29 10:40:59,188 RobotKinematics.cpp:296 [INFO] controlValueCur_L: [17.0487, 2.69214, 5.28248, 5.28248, 0.0153236, 0.027626, 0.0125942, 0]
2024-07-29 10:40:59,193 RobotKinematics.cpp:296 [INFO] controlValueCur_L: [22.3742, 3.11914, 6.17453, 6.17453, 0.0157318, 0.0279121, 0.0119696, 0]
2024-07-29 10:40:59,198 RobotKinematics.cpp:296 [INFO] controlValueCur_L: [25.234, 3.33655, 6.62856, 6.62856, 0.0154037, 0.0286484, 0.0123367, 0]
2024-07-29 10:40:59,204 RobotKinematics.cpp:296 [INFO] controlValueCur_L: [27.7872, 3.5273, 7.01361, 7.01361, 0.0155869, 0.0295181, 0.0110121, 0]
2024-07-29 10:40:59,209 RobotKinematics.cpp:296 [INFO] controlValueCur_L: [29.8052, 3.67286, 7.29769, 7.29769, 0.015625, 0.0298271, 0.00940895, 0]
2024-07-29 10:40:59,214 RobotKinematics.cpp:296 [INFO] controlValueCur_L: [31.9902, 3.82283, 7.56183, 7.56183, 0.0156822, 0.028141, 0.0136318, 0]
2024-07-29 10:40:59,219 RobotKinematics.cpp:296 [INFO] controlValueCur_L: [32.3019, 3.83895, 7.5788, 7.5788, 0.0144615, 0.0278358, 0.00873852, 0]
2024-07-29 10:40:59,224 RobotKinematics.cpp:296 [INFO] controlValueCur_L: [32.2216, 3.82844, 7.53858, 7.53858, 0.0152588, 0.0289459, 0.00772285, 0]
2024-07-29 10:40:59,229 RobotKinematics.cpp:296 [INFO] controlValueCur_L: [31.1075, 3.73863, 7.29455, 7.29455, 0.0172157, 0.0311737, 0.00798512, 0]
2024-07-29 10:40:59,235 RobotKinematics.cpp:296 [INFO] controlValueCur_L: [30.1768, 3.66475, 7.10965, 7.10965, 0.0156708, 0.0300636, 0.00552654, 0]
2024-07-29 10:40:59,240 RobotKinematics.cpp:296 [INFO] controlValueCur_L: [29.0676, 3.5747, 6.89493, 6.89493, 0.0164719, 0.031292, 0.00576019, 0]
2024-07-29 10:40:59,245 RobotKinematics.cpp:296 [INFO] controlValueCur_L: [27.8361, 3.4732, 6.65844, 6.65844, 0.0157013, 0.0305252, 0.00483608, 0]
2024-07-29 10:40:59,250 RobotKinematics.cpp:296 [INFO] controlValueCur_L: [25.128, 3.25018, 6.13836, 6.13836, 0.0160332, 0.0294914, 0.00370693, 0]
2024-07-29 10:40:59,255 RobotKinematics.cpp:296 [INFO] controlValueCur_L: [23.6651, 3.13489, 5.85706, 5.85706, 0.0153122, 0.0286179, 0.00573349, 0]
2024-07-29 10:40:59,261 RobotKinematics.cpp:296 [INFO] controlValueCur_L: [22.138, 3.0205, 5.56144, 5.56144, 0.0149536, 0.028595, 0.00537872, 0]
2024-07-29 10:40:59,266 RobotKinematics.cpp:296 [INFO] controlValueCur_L: [20.555, 2.90746, 5.24986, 5.24986, 0.0150909, 0.028553, 0.00574303, 0]
2024-07-29 10:40:59,271 RobotKinematics.cpp:296 [INFO] controlValueCur_L: [17.257, 2.67939, 4.5612, 4.5612, 0.0151634, 0.0277824, 0.00789261, 0]
2024-07-29 10:40:59,276 RobotKinematics.cpp:296 [INFO] controlValueCur_L: [15.5534, 2.56482, 4.1867, 4.1867, 0.0151634, 0.0283241, 0.00655079, 0]
2024-07-29 10:40:59,281 RobotKinematics.cpp:296 [INFO] controlValueCur_L: [13.8247, 2.4515, 3.7947, 3.7947, 0.0160217, 0.028038, 0.00720501, 0]
2024-07-29 10:40:59,287 RobotKinematics.cpp:296 [INFO] controlValueCur_L: [12.0873, 2.34275, 3.39012, 3.39012, 0.0170403, 0.0291824, 0.00789261, 0]
2024-07-29 10:40:59,292 RobotKinematics.cpp:296 [INFO] controlValueCur_L: [10.3645, 2.23717, 2.97669, 2.97669, 0.0142822, 0.0269203, 0.00281525, 0]
2024-07-29 10:40:59,297 RobotKinematics.cpp:296 [INFO] controlValueCur_L: [6.24717, 1.9805, 1.96346, 1.96346, 0.0164986, 0.0283089, 0.00386047, 0]
2024-07-29 10:40:59,302 RobotKinematics.cpp:296 [INFO] controlValueCur_L: [3.75353, 1.81131, 1.34321, 1.34321, 0.0200806, 0.0306244, 0.00875092, 0]
2024-07-29 10:40:59,307 RobotKinematics.cpp:296 [INFO] controlValueCur_L: [1.19105, 1.6248, 0.705529, 0.705529, 0.0243874, 0.0331306, 0.0157366, 0]
2024-07-29 10:40:59,313 RobotKinematics.cpp:296 [INFO] controlValueCur_L: [-1.3539, 1.42053, 0.0722528, 0.0722528, 0.0394135, 0.04245, 0.0400343, 0]
2024-07-29 10:40:59,318 RobotKinematics.cpp:296 [INFO] controlValueCur_L: [-5.08636, 1.2645, -0.473777, -0.473777, 0.0345268, 0.035675, 0.0459576, 0]
2024-07-29 10:40:59,323 RobotKinematics.cpp:296 [INFO] controlValueCur_L: [-5.13358, 1.29659, -0.397869, -0.397869, 0.0360336, 0.0374794, 0.0404186, 0]
2024-07-29 10:40:59,328 RobotKinematics.cpp:296 [INFO] controlValueCur_L: [-5.16911, 1.34682, -0.309307, -0.309307, 0.0325546, 0.035984, 0.0309944, 0]
2024-07-29 10:40:59,333 RobotKinematics.cpp:296 [INFO] controlValueCur_L: [-4.89854, 1.49492, -0.0631075, -0.0631075, 0.0283432, 0.0340996, 0.029788, 0]
2024-07-29 10:40:59,339 RobotKinematics.cpp:296 [INFO] controlValueCur_L: [-4.89854, 1.49492, -0.0631075, -0.0631075, 0.0283432, 0.0340996, 0.029788, 0]
2024-07-29 10:40:59,344 RobotKinematics.cpp:296 [INFO] controlValueCur_L: [-3.72472, 1.72877, 0.402463, 0.402463, 0.0263367, 0.0340233, 0.0201807, 0]
2024-07-29 10:40:59,349 RobotKinematics.cpp:296 [INFO] controlValueCur_L: [-2.72431, 1.88424, 0.73729, 0.73729, 0.0263214, 0.0322533, 0.0264597, 0]
2024-07-29 10:40:59,354 RobotKinematics.cpp:296 [INFO] controlValueCur_L: [-1.48159, 2.06065, 1.12765, 1.12765, 0.0270157, 0.0345345, 0.0241165, 0]
2024-07-29 10:40:59,359 RobotKinematics.cpp:296 [INFO] controlValueCur_L: [1.62835, 2.46377, 2.0444, 2.0444, 0.0255051, 0.0351677, 0.0203629, 0]
2024-07-29 10:40:59,364 RobotKinematics.cpp:296 [INFO] controlValueCur_L: [3.46647, 2.68153, 2.55502, 2.55502, 0.0254707, 0.0345879, 0.0187054, 0]
2024-07-29 10:40:59,370 RobotKinematics.cpp:296 [INFO] controlValueCur_L: [5.46156, 2.9029, 3.08407, 3.08407, 0.0241089, 0.0332146, 0.0175037, 0]
2024-07-29 10:40:59,375 RobotKinematics.cpp:296 [INFO] controlValueCur_L: [9.80551, 3.35378, 4.16502, 4.16502, 0.0226974, 0.0315437, 0.0200729, 0]
2024-07-29 10:40:59,380 RobotKinematics.cpp:296 [INFO] controlValueCur_L: [9.80551, 3.35378, 4.16502, 4.16502, 0.0226974, 0.0315437, 0.0200729, 0]
2024-07-29 10:40:59,385 RobotKinematics.cpp:296 [INFO] controlValueCur_L: [14.4461, 3.8059, 5.23742, 5.23742, 0.0198135, 0.0294113, 0.0187817, 0]
2024-07-29 10:40:59,390 RobotKinematics.cpp:296 [INFO] controlValueCur_L: [16.7953, 4.02515, 5.75189, 5.75189, 0.0205307, 0.0299416, 0.0191736, 0]
2024-07-29 10:40:59,395 RobotKinematics.cpp:296 [INFO] controlValueCur_L: [19.157, 4.23836, 6.25562, 6.25562, 0.0206566, 0.0296707, 0.0197515, 0]
2024-07-29 10:40:59,401 RobotKinematics.cpp:296 [INFO] controlValueCur_L: [25.4619, 4.73951, 7.57815, 7.57815, 0.0205727, 0.0290947, 0.0187559, 0]
2024-07-29 10:40:59,406 RobotKinematics.cpp:296 [INFO] controlValueCur_L: [28.5533, 4.92529, 8.22418, 8.22418, 0.0170021, 0.0256958, 0.0176573, 0]
2024-07-29 10:40:59,411 RobotKinematics.cpp:296 [INFO] controlValueCur_L: [31.0359, 5.03732, 8.74777, 8.74777, 0.0199432, 0.0292015, 0.0181665, 0]
2024-07-29 10:40:59,416 RobotKinematics.cpp:296 [INFO] controlValueCur_L: [32.7151, 5.08924, 9.11303, 9.11303, 0.0193176, 0.0293808, 0.0142365, 0]
2024-07-29 10:40:59,421 RobotKinematics.cpp:296 [INFO] controlValueCur_L: [33.8371, 5.10013, 9.41978, 9.41978, 0.0184441, 0.0289078, 0.0158939, 0]
2024-07-29 10:40:59,427 RobotKinematics.cpp:296 [INFO] controlValueCur_L: [33.5273, 5.07006, 9.39296, 9.39296, 0.0193977, 0.0313721, 0.010664, 0]
2024-07-29 10:40:59,432 RobotKinematics.cpp:296 [INFO] controlValueCur_L: [32.833, 5.01981, 9.27774, 9.27774, 0.0187035, 0.0306625, 0.0104275, 0]
2024-07-29 10:40:59,437 RobotKinematics.cpp:296 [INFO] controlValueCur_L: [31.8396, 4.95288, 9.08722, 9.08722, 0.0185013, 0.0303879, 0.0122175, 0]
2024-07-29 10:40:59,442 RobotKinematics.cpp:296 [INFO] controlValueCur_L: [29.1396, 4.77294, 8.51558, 8.51558, 0.0169449, 0.0298042, 0.00776577, 0]
2024-07-29 10:40:59,448 RobotKinematics.cpp:296 [INFO] controlValueCur_L: [27.523, 4.66901, 8.15522, 8.15522, 0.0168266, 0.0296898, 0.00998974, 0]
2024-07-29 10:40:59,453 RobotKinematics.cpp:296 [INFO] controlValueCur_L: [25.7988, 4.55866, 7.76182, 7.76182, 0.0171661, 0.0301323, 0.00880146, 0]
2024-07-29 10:40:59,458 RobotKinematics.cpp:296 [INFO] controlValueCur_L: [24.0073, 4.44212, 7.34032, 7.34032, 0.0185814, 0.0314713, 0.0056715, 0]
2024-07-29 10:40:59,463 RobotKinematics.cpp:296 [INFO] controlValueCur_L: [20.2827, 4.18933, 6.41127, 6.41127, 0.0198975, 0.0318489, 0.0112104, 0]
2024-07-29 10:40:59,468 RobotKinematics.cpp:296 [INFO] controlValueCur_L: [18.3402, 4.05279, 5.89836, 5.89836, 0.0189362, 0.0309525, 0.00721931, 0]
2024-07-29 10:40:59,474 RobotKinematics.cpp:296 [INFO] controlValueCur_L: [16.3251, 3.91441, 5.35148, 5.35148, 0.019043, 0.0313759, 0.00646114, 0]
2024-07-29 10:40:59,479 RobotKinematics.cpp:296 [INFO] controlValueCur_L: [14.2401, 3.77476, 4.77115, 4.77115, 0.0198746, 0.030529, 0.00797176, 0]
2024-07-29 10:40:59,484 RobotKinematics.cpp:296 [INFO] controlValueCur_L: [9.95626, 3.48934, 3.54031, 3.54031, 0.0176239, 0.0306931, 0.00492191, 0]
2024-07-29 10:40:59,489 RobotKinematics.cpp:296 [INFO] controlValueCur_L: [7.84818, 3.34644, 2.91866, 2.91866, 0.016655, 0.0301781, 0.00462914, 0]
2024-07-29 10:40:59,494 RobotKinematics.cpp:296 [INFO] controlValueCur_L: [5.41953, 3.16453, 2.21866, 2.21866, 0.0177193, 0.0310669, 0.00719833, 0]
2024-07-29 10:40:59,500 RobotKinematics.cpp:296 [INFO] controlValueCur_L: [2.74243, 2.91733, 1.50634, 1.50634, 0.0178375, 0.0305138, 0.00704384, 0]
2024-07-29 10:40:59,505 RobotKinematics.cpp:296 [INFO] controlValueCur_L: [-2.12795, 2.40977, 0.344918, 0.344918, 0.0186424, 0.0311852, 0.00968361, 0]
2024-07-29 10:40:59,510 RobotKinematics.cpp:296 [INFO] controlValueCur_L: [-4.00788, 2.20953, -0.0498433, -0.0498433, 0.0189781, 0.0314903, 0.0103035, 0]
2024-07-29 10:40:59,515 RobotKinematics.cpp:296 [INFO] controlValueCur_L: [-5.42483, 2.07011, -0.308847, -0.308847, 0.0183563, 0.031498, 0.00931644, 0]
2024-07-29 10:40:59,521 RobotKinematics.cpp:296 [INFO] controlValueCur_L: [-6.36157, 1.99975, -0.450319, -0.450319, 0.0172119, 0.0304108, 0.00898552, 0]
2024-07-29 10:40:59,526 RobotKinematics.cpp:296 [INFO] controlValueCur_L: [-6.87907, 2.04406, -0.423792, -0.423792, 0.0188522, 0.0296059, 0.0165987, 0]
2024-07-29 10:40:59,531 RobotKinematics.cpp:296 [INFO] controlValueCur_L: [-6.509, 2.15642, -0.239192, -0.239192, 0.0183601, 0.0292969, 0.0130043, 0]
2024-07-29 10:40:59,536 RobotKinematics.cpp:296 [INFO] controlValueCur_L: [-5.77778, 2.30113, 0.039566, 0.039566, 0.0199585, 0.0313072, 0.0138931, 0]
2024-07-29 10:40:59,541 RobotKinematics.cpp:296 [INFO] controlValueCur_L: [-3.38637, 2.65237, 0.820724, 0.820724, 0.0199242, 0.0318184, 0.0155563, 0]
2024-07-29 10:40:59,547 RobotKinematics.cpp:296 [INFO] controlValueCur_L: [-3.38637, 2.65237, 0.820724, 0.820724, 0.0199242, 0.0318184, 0.0155563, 0]
2024-07-29 10:40:59,552 RobotKinematics.cpp:296 [INFO] controlValueCur_L: [-0.0314317, 3.03196, 1.83084, 1.83084, 0.0184708, 0.0312271, 0.0148363, 0]
2024-07-29 10:40:59,557 RobotKinematics.cpp:296 [INFO] controlValueCur_L: [1.90833, 3.22246, 2.39337, 2.39337, 0.0185394, 0.0304871, 0.0179873, 0]
2024-07-29 10:40:59,562 RobotKinematics.cpp:296 [INFO] controlValueCur_L: [3.96942, 3.4132, 2.96834, 2.96834, 0.0184135, 0.0315247, 0.0140667, 0]
2024-07-29 10:40:59,567 RobotKinematics.cpp:296 [INFO] controlValueCur_L: [8.32184, 3.7905, 4.09706, 4.09706, 0.0192642, 0.0323677, 0.0158987, 0]
2024-07-29 10:40:59,573 RobotKinematics.cpp:296 [INFO] controlValueCur_L: [10.5603, 3.97778, 4.63963, 4.63963, 0.0186081, 0.0319176, 0.0112877, 0]
2024-07-29 10:40:59,578 RobotKinematics.cpp:296 [INFO] controlValueCur_L: [12.8013, 4.16197, 5.16274, 5.16274, 0.016407, 0.0312233, 0.0109577, 0]
2024-07-29 10:40:59,583 RobotKinematics.cpp:296 [INFO] controlValueCur_L: [17.0837, 4.47672, 6.1256, 6.1256, 0.0143394, 0.0269241, 0.0163021, 0]
2024-07-29 10:40:59,588 RobotKinematics.cpp:296 [INFO] controlValueCur_L: [17.0837, 4.47672, 6.1256, 6.1256, 0.0143394, 0.0269241, 0.0163021, 0]
2024-07-29 10:40:59,594 RobotKinematics.cpp:296 [INFO] controlValueCur_L: [20.9713, 4.69024, 6.98549, 6.98549, 0.014267, 0.0272942, 0.0148916, 0]
2024-07-29 10:40:59,599 RobotKinematics.cpp:296 [INFO] controlValueCur_L: [22.866, 4.7642, 7.4091, 7.4091, 0.0156784, 0.0289192, 0.0137596, 0]
2024-07-29 10:40:59,604 RobotKinematics.cpp:296 [INFO] controlValueCur_L: [24.4218, 4.80943, 7.76352, 7.76352, 0.0151825, 0.02911, 0.0107002, 0]
2024-07-29 10:40:59,609 RobotKinematics.cpp:296 [INFO] controlValueCur_L: [26.1635, 4.81711, 8.17227, 8.17227, 0.0151825, 0.0296021, 0.0103569, 0]
2024-07-29 10:40:59,615 RobotKinematics.cpp:296 [INFO] controlValueCur_L: [26.3313, 4.77963, 8.20256, 8.20256, 0.0151329, 0.0293503, 0.0113554, 0]
2024-07-29 10:40:59,620 RobotKinematics.cpp:296 [INFO] controlValueCur_L: [26.068, 4.71893, 8.12276, 8.12276, 0.0140038, 0.0285454, 0.0104942, 0]
2024-07-29 10:40:59,625 RobotKinematics.cpp:296 [INFO] controlValueCur_L: [24.5567, 4.54671, 7.71889, 7.71889, 0.0143585, 0.0283432, 0.010376, 0]
2024-07-29 10:40:59,630 RobotKinematics.cpp:296 [INFO] controlValueCur_L: [23.4742, 4.44305, 7.43276, 7.43276, 0.0157204, 0.0301552, 0.0109377, 0]
2024-07-29 10:40:59,635 RobotKinematics.cpp:296 [INFO] controlValueCur_L: [22.2552, 4.32762, 7.1053, 7.1053, 0.0144844, 0.0271492, 0.0137167, 0]
2024-07-29 10:40:59,641 RobotKinematics.cpp:296 [INFO] controlValueCur_L: [19.5192, 4.06228, 6.35548, 6.35548, 0.0125122, 0.0257072, 0.0127106, 0]
2024-07-29 10:40:59,646 RobotKinematics.cpp:296 [INFO] controlValueCur_L: [19.5192, 4.06228, 6.35548, 6.35548, 0.0125122, 0.0257072, 0.0127106, 0]
2024-07-29 10:40:59,651 RobotKinematics.cpp:296 [INFO] controlValueCur_L: [16.5429, 3.77008, 5.5365, 5.5365, 0.0118713, 0.025589, 0.00965595, 0]
2024-07-29 10:40:59,656 RobotKinematics.cpp:296 [INFO] controlValueCur_L: [15.0184, 3.6245, 5.11461, 5.11461, 0.0118408, 0.0262756, 0.00652599, 0]
2024-07-29 10:40:59,661 RobotKinematics.cpp:296 [INFO] controlValueCur_L: [13.4975, 3.4813, 4.69222, 4.69222, 0.00958252, 0.0238266, 0.00827122, 0]
2024-07-29 10:40:59,667 RobotKinematics.cpp:296 [INFO] controlValueCur_L: [12.0048, 3.34315, 4.27732, 4.27732, 0.00849152, 0.0233498, 0.00874996, 0]
2024-07-29 10:40:59,672 RobotKinematics.cpp:296 [INFO] controlValueCur_L: [9.22255, 3.0921, 3.51411, 3.51411, 0.00756836, 0.0237236, 0.00636959, 0]
2024-07-29 10:40:59,677 RobotKinematics.cpp:296 [INFO] controlValueCur_L: [7.94465, 2.9796, 3.17579, 3.17579, 0.00708389, 0.0239983, 0.00832176, 0]
2024-07-29 10:40:59,682 RobotKinematics.cpp:296 [INFO] controlValueCur_L: [6.43791, 2.8464, 2.79282, 2.79282, 0.00625229, 0.0225792, 0.00758171, 0]
2024-07-29 10:40:59,687 RobotKinematics.cpp:296 [INFO] controlValueCur_L: [4.83953, 2.70261, 2.40815, 2.40815, 0.00695801, 0.0239143, 0.00346375, 0]
2024-07-29 10:40:59,693 RobotKinematics.cpp:296 [INFO] controlValueCur_L: [1.96708, 2.43813, 1.7877, 1.7877, 0.00749207, 0.0243073, 0.00578022, 0]
2024-07-29 10:40:59,698 RobotKinematics.cpp:296 [INFO] controlValueCur_L: [0.96586, 2.34503, 1.61391, 1.61391, 0.00790787, 0.0245514, 0.00415516, 0]
2024-07-29 10:40:59,703 RobotKinematics.cpp:296 [INFO] controlValueCur_L: [0.367051, 2.29016, 1.5527, 1.5527, 0.00920486, 0.0254478, 0.00570011, 0]
2024-07-29 10:40:59,708 RobotKinematics.cpp:296 [INFO] controlValueCur_L: [0.186421, 2.27593, 1.60326, 1.60326, 0.0102081, 0.025959, 0.0089674, 0]
2024-07-29 10:40:59,713 RobotKinematics.cpp:296 [INFO] controlValueCur_L: [0.891176, 2.35643, 1.9736, 1.9736, 0.0126076, 0.0280228, 0.0070076, 0]
2024-07-29 10:40:59,719 RobotKinematics.cpp:296 [INFO] controlValueCur_L: [1.63222, 2.43533, 2.25506, 2.25506, 0.0110168, 0.0266914, 0.00790024, 0]
2024-07-29 10:40:59,724 RobotKinematics.cpp:296 [INFO] controlValueCur_L: [2.55795, 2.52946, 2.58149, 2.58149, 0.0115013, 0.027771, 0.00993729, 0]
2024-07-29 10:40:59,729 RobotKinematics.cpp:296 [INFO] controlValueCur_L: [3.63586, 2.63492, 2.94087, 2.94087, 0.0107002, 0.0258102, 0.00976944, 0]
2024-07-29 10:40:59,734 RobotKinematics.cpp:296 [INFO] controlValueCur_L: [6.1505, 2.87277, 3.71233, 3.71233, 0.0112343, 0.0264816, 0.0123453, 0]
2024-07-29 10:40:59,739 RobotKinematics.cpp:296 [INFO] controlValueCur_L: [7.5445, 3.00332, 4.10713, 4.10713, 0.0120964, 0.0257759, 0.0136309, 0]
2024-07-29 10:40:59,745 RobotKinematics.cpp:296 [INFO] controlValueCur_L: [9.0066, 3.14095, 4.50018, 4.50018, 0.0107803, 0.0248337, 0.0104094, 0]
2024-07-29 10:40:59,750 RobotKinematics.cpp:296 [INFO] controlValueCur_L: [12.0571, 3.43143, 5.26389, 5.26389, 0.0104218, 0.0232124, 0.0149393, 0]
2024-07-29 10:40:59,755 RobotKinematics.cpp:296 [INFO] controlValueCur_L: [13.5852, 3.57595, 5.62391, 5.62391, 0.00996017, 0.0231209, 0.01122, 0]
2024-07-29 10:40:59,760 RobotKinematics.cpp:296 [INFO] controlValueCur_L: [15.0635, 3.71249, 5.96153, 5.96153, 0.0105438, 0.0242004, 0.0116997, 0]
2024-07-29 10:40:59,766 RobotKinematics.cpp:296 [INFO] controlValueCur_L: [16.4501, 3.83625, 6.27245, 6.27245, 0.00917435, 0.021965, 0.0146389, 0]
2024-07-29 10:40:59,771 RobotKinematics.cpp:296 [INFO] controlValueCur_L: [17.934, 3.96285, 6.60319, 6.60319, 0.0121002, 0.0253525, 0.0113115, 0]
2024-07-29 10:40:59,776 RobotKinematics.cpp:296 [INFO] controlValueCur_L: [21.0326, 4.2094, 7.29296, 7.29296, 0.0133095, 0.0262375, 0.010416, 0]
2024-07-29 10:40:59,781 RobotKinematics.cpp:296 [INFO] controlValueCur_L: [22.2724, 4.30507, 7.56769, 7.56769, 0.0118446, 0.0251617, 0.00721455, 0]
2024-07-29 10:40:59,786 RobotKinematics.cpp:296 [INFO] controlValueCur_L: [23.1943, 4.37568, 7.76954, 7.76954, 0.015564, 0.027462, 0.0105209, 0]
2024-07-29 10:40:59,792 RobotKinematics.cpp:296 [INFO] controlValueCur_L: [24.0601, 4.42525, 7.93146, 7.93146, 0.0148087, 0.0259476, 0.0106459, 0]
2024-07-29 10:40:59,797 RobotKinematics.cpp:296 [INFO] controlValueCur_L: [24.0601, 4.42525, 7.93146, 7.93146, 0.0148087, 0.0259476, 0.0106459, 0]
2024-07-29 10:40:59,802 RobotKinematics.cpp:296 [INFO] controlValueCur_L: [23.6967, 4.35793, 7.79852, 7.79852, 0.0148048, 0.0271149, 0.00573349, 0]
2024-07-29 10:40:59,807 RobotKinematics.cpp:296 [INFO] controlValueCur_L: [23.1567, 4.3021, 7.64895, 7.64895, 0.0147247, 0.0270424, 0.00623608, 0]
2024-07-29 10:40:59,812 RobotKinematics.cpp:296 [INFO] controlValueCur_L: [22.4448, 4.23865, 7.4541, 7.4541, 0.0147285, 0.0279922, 0.00217152, 0]
2024-07-29 10:40:59,818 RobotKinematics.cpp:296 [INFO] controlValueCur_L: [20.6335, 4.09765, 6.94014, 6.94014, 0.0160408, 0.0303154, 0.00487804, 0]
2024-07-29 10:40:59,823 RobotKinematics.cpp:296 [INFO] controlValueCur_L: [19.5883, 4.02035, 6.63276, 6.63276, 0.0155029, 0.0305672, 0.00412178, 0]
2024-07-29 10:40:59,828 RobotKinematics.cpp:296 [INFO] controlValueCur_L: [18.4815, 3.93786, 6.30268, 6.30268, 0.0153923, 0.0292892, 0.00559425, 0]
2024-07-29 10:40:59,833 RobotKinematics.cpp:296 [INFO] controlValueCur_L: [16.1533, 3.75949, 5.60484, 5.60484, 0.0138702, 0.0285034, 0.00785542, 0]
2024-07-29 10:40:59,838 RobotKinematics.cpp:296 [INFO] controlValueCur_L: [16.1533, 3.75949, 5.60484, 5.60484, 0.0138702, 0.0285034, 0.00785542, 0]
2024-07-29 10:40:59,843 RobotKinematics.cpp:296 [INFO] controlValueCur_L: [13.7956, 3.57478, 4.88985, 4.88985, 0.0130959, 0.0275574, 0.00738621, 0]
2024-07-29 10:40:59,849 RobotKinematics.cpp:296 [INFO] controlValueCur_L: [12.6447, 3.48254, 4.53416, 4.53416, 0.0123825, 0.0264244, 0.00975418, 0]
2024-07-29 10:40:59,854 RobotKinematics.cpp:296 [INFO] controlValueCur_L: [11.5305, 3.3927, 4.18445, 4.18445, 0.0130653, 0.0271797, 0.00803089, 0]
2024-07-29 10:40:59,859 RobotKinematics.cpp:296 [INFO] controlValueCur_L: [9.37357, 3.22099, 3.49682, 3.49682, 0.0124626, 0.0256958, 0.0100279, 0]
2024-07-29 10:40:59,864 RobotKinematics.cpp:296 [INFO] controlValueCur_L: [8.05239, 3.11813, 3.07257, 3.07257, 0.012249, 0.024929, 0.010252, 0]
2024-07-29 10:40:59,869 RobotKinematics.cpp:296 [INFO] controlValueCur_L: [6.63674, 3.00923, 2.61956, 2.61956, 0.0131187, 0.0270081, 0.00738239, 0]
2024-07-29 10:40:59,875 RobotKinematics.cpp:296 [INFO] controlValueCur_L: [4.0981, 2.82414, 1.81311, 1.81311, 0.0147133, 0.0282669, 0.00732708, 0]
2024-07-29 10:40:59,880 RobotKinematics.cpp:296 [INFO] controlValueCur_L: [4.0981, 2.82414, 1.81311, 1.81311, 0.0147133, 0.0282669, 0.00732708, 0]
2024-07-29 10:40:59,885 RobotKinematics.cpp:296 [INFO] controlValueCur_L: [2.61366, 2.74839, 1.34054, 1.34054, 0.0151825, 0.0276947, 0.00781727, 0]
2024-07-29 10:40:59,890 RobotKinematics.cpp:296 [INFO] controlValueCur_L: [2.40235, 2.76799, 1.25943, 1.25943, 0.0162659, 0.0284843, 0.0058794, 0]
2024-07-29 10:40:59,895 RobotKinematics.cpp:296 [INFO] controlValueCur_L: [2.54408, 2.82656, 1.27691, 1.27691, 0.0166779, 0.0276642, 0.00981426, 0]
2024-07-29 10:40:59,900 RobotKinematics.cpp:296 [INFO] controlValueCur_L: [2.98245, 2.91789, 1.37494, 1.37494, 0.0174561, 0.0284157, 0.012044, 0]
2024-07-29 10:40:59,906 RobotKinematics.cpp:296 [INFO] controlValueCur_L: [4.54689, 3.17727, 1.74676, 1.74676, 0.0157242, 0.0281639, 0.00536346, 0]
2024-07-29 10:40:59,911 RobotKinematics.cpp:296 [INFO] controlValueCur_L: [5.6038, 3.33478, 1.99734, 1.99734, 0.0149574, 0.0273781, 0.00768471, 0]
2024-07-29 10:40:59,916 RobotKinematics.cpp:296 [INFO] controlValueCur_L: [6.81174, 3.5048, 2.27863, 2.27863, 0.0134315, 0.026226, 0.00638866, 0]
2024-07-29 10:40:59,921 RobotKinematics.cpp:296 [INFO] controlValueCur_L: [8.14358, 3.68424, 2.57913, 2.57913, 0.0151138, 0.0279274, 0.00595379, 0]
2024-07-29 10:40:59,926 RobotKinematics.cpp:296 [INFO] controlValueCur_L: [11.0592, 4.06104, 3.19319, 3.19319, 0.0172501, 0.0292892, 0.00762367, 0]
2024-07-29 10:40:59,932 RobotKinematics.cpp:296 [INFO] controlValueCur_L: [12.5853, 4.254, 3.4926, 3.4926, 0.0153122, 0.0279503, 0.00545406, 0]
2024-07-29 10:40:59,937 RobotKinematics.cpp:296 [INFO] controlValueCur_L: [14.1195, 4.44665, 3.78127, 3.78127, 0.01474, 0.027401, 0.00833893, 0]
2024-07-29 10:40:59,942 RobotKinematics.cpp:296 [INFO] controlValueCur_L: [17.072, 4.80808, 4.31149, 4.31149, 0.0145874, 0.0268364, 0.00745773, 0]
2024-07-29 10:40:59,947 RobotKinematics.cpp:296 [INFO] controlValueCur_L: [18.3973, 4.96177, 4.54472, 4.54472, 0.0156937, 0.0299568, 0.00338268, 0]
2024-07-29 10:40:59,952 RobotKinematics.cpp:296 [INFO] controlValueCur_L: [19.8139, 5.12057, 4.79465, 4.79465, 0.0143433, 0.0283012, 0.00695801, 0]
2024-07-29 10:40:59,958 RobotKinematics.cpp:296 [INFO] controlValueCur_L: [21.2713, 5.27833, 5.05489, 5.05489, 0.0168648, 0.0307693, 0.00763416, 0]
2024-07-29 10:40:59,963 RobotKinematics.cpp:296 [INFO] controlValueCur_L: [23.6445, 5.52262, 5.46954, 5.46954, 0.01651, 0.0305443, 0.00902081, 0]
2024-07-29 10:40:59,968 RobotKinematics.cpp:296 [INFO] controlValueCur_L: [24.3759, 5.5872, 5.58745, 5.58745, 0.0153694, 0.028759, 0.00880337, 0]
2024-07-29 10:40:59,973 RobotKinematics.cpp:296 [INFO] controlValueCur_L: [24.7642, 5.60828, 5.63523, 5.63523, 0.0150452, 0.0287857, 0.00770473, 0]
2024-07-29 10:40:59,978 RobotKinematics.cpp:296 [INFO] controlValueCur_L: [24.8117, 5.58534, 5.61088, 5.61088, 0.0153275, 0.0287781, 0.00862694, 0]
2024-07-29 10:40:59,984 RobotKinematics.cpp:296 [INFO] controlValueCur_L: [24.0411, 5.43774, 5.40113, 5.40113, 0.0137596, 0.0279617, 0.00731659, 0]
2024-07-29 10:40:59,989 RobotKinematics.cpp:296 [INFO] controlValueCur_L: [23.3179, 5.33171, 5.23139, 5.23139, 0.0136719, 0.0279655, 0.00612831, 0]
2024-07-29 10:40:59,994 RobotKinematics.cpp:296 [INFO] controlValueCur_L: [22.4236, 5.21175, 5.02196, 5.02196, 0.013073, 0.0268402, 0.00836849, 0]
2024-07-29 10:40:59,999 RobotKinematics.cpp:296 [INFO] controlValueCur_L: [21.3936, 5.08066, 4.77474, 4.77474, 0.0132713, 0.0267525, 0.00677872, 0]
2024-07-29 10:41:00,004 RobotKinematics.cpp:296 [INFO] controlValueCur_L: [20.2562, 4.94008, 4.49148, 4.49148, 0.0145912, 0.0282898, 0.00392246, 0]
2024-07-29 10:41:00,010 RobotKinematics.cpp:296 [INFO] controlValueCur_L: [17.7495, 4.63892, 3.83551, 3.83551, 0.0127563, 0.0260124, 0.00433826, 0]
2024-07-29 10:41:00,015 RobotKinematics.cpp:296 [INFO] controlValueCur_L: [16.4256, 4.48303, 3.47334, 3.47334, 0.0100365, 0.0243492, 0.00449562, 0]
2024-07-29 10:41:00,020 RobotKinematics.cpp:296 [INFO] controlValueCur_L: [15.0816, 4.32712, 3.09583, 3.09583, 0.0114174, 0.0249557, 0.00433826, 0]
2024-07-29 10:41:00,025 RobotKinematics.cpp:296 [INFO] controlValueCur_L: [12.3886, 4.0219, 2.30843, 2.30843, 0.0111427, 0.0252495, 0.00807667, 0]
2024-07-29 10:41:00,030 RobotKinematics.cpp:296 [INFO] controlValueCur_L: [12.3886, 4.0219, 2.30843, 2.30843, 0.0111427, 0.0252495, 0.00807667, 0]
2024-07-29 10:41:00,035 RobotKinematics.cpp:296 [INFO] controlValueCur_L: [9.53835, 3.70611, 1.43587, 1.43587, 0.00935745, 0.02351, 0.0114145, 0]
2024-07-29 10:41:00,041 RobotKinematics.cpp:296 [INFO] controlValueCur_L: [7.66205, 3.49809, 0.851256, 0.851256, 0.0119247, 0.0250282, 0.0152435, 0]
2024-07-29 10:41:00,046 RobotKinematics.cpp:296 [INFO] controlValueCur_L: [5.65798, 3.27274, 0.225709, 0.225709, 0.0117836, 0.0254593, 0.00941181, 0]
2024-07-29 10:41:00,051 RobotKinematics.cpp:296 [INFO] controlValueCur_L: [2.12034, 2.87975, -0.874935, -0.874935, 0.0139236, 0.0276413, 0.00867558, 0]
2024-07-29 10:41:00,057 RobotKinematics.cpp:296 [INFO] controlValueCur_L: [0.835085, 2.75325, -1.27393, -1.27393, 0.0131607, 0.0264893, 0.00855064, 0]
2024-07-29 10:41:00,062 RobotKinematics.cpp:296 [INFO] controlValueCur_L: [-0.0666828, 2.68657, -1.55457, -1.55457, 0.0145302, 0.0286484, 0.00603867, 0]
2024-07-29 10:41:00,067 RobotKinematics.cpp:296 [INFO] controlValueCur_L: [-0.686703, 2.7368, -1.77039, -1.77039, 0.0141754, 0.0280151, 0.00466537, 0]
2024-07-29 10:41:00,072 RobotKinematics.cpp:296 [INFO] controlValueCur_L: [-0.444219, 2.84191, -1.72408, -1.72408, 0.0139809, 0.0275192, 0.00270081, 0]
2024-07-29 10:41:00,078 RobotKinematics.cpp:296 [INFO] controlValueCur_L: [0.0889344, 2.98711, -1.60186, -1.60186, 0.0147667, 0.0283241, 0.00473881, 0]
2024-07-29 10:41:00,083 RobotKinematics.cpp:296 [INFO] controlValueCur_L: [1.77212, 3.35734, -1.21864, -1.21864, 0.0161629, 0.0299454, 0.004673, 0]
2024-07-29 10:41:00,088 RobotKinematics.cpp:296 [INFO] controlValueCur_L: [1.77212, 3.35734, -1.21864, -1.21864, 0.0161629, 0.0299454, 0.004673, 0]
2024-07-29 10:41:00,093 RobotKinematics.cpp:296 [INFO] controlValueCur_L: [3.99818, 3.79195, -0.738783, -0.738783, 0.0155296, 0.030201, 0.00875664, 0]
2024-07-29 10:41:00,099 RobotKinematics.cpp:296 [INFO] controlValueCur_L: [6.59593, 4.26434, -0.222136, -0.222136, 0.0132294, 0.0290031, 0.00691128, 0]
2024-07-29 10:41:00,104 RobotKinematics.cpp:296 [INFO] controlValueCur_L: [6.59593, 4.26434, -0.222136, -0.222136, 0.0132294, 0.0290031, 0.00691128, 0]
2024-07-29 10:41:00,109 RobotKinematics.cpp:296 [INFO] controlValueCur_L: [9.40992, 4.75959, 0.29022, 0.29022, 0.0137939, 0.0285225, 0.007967, 0]
2024-07-29 10:41:00,114 RobotKinematics.cpp:296 [INFO] controlValueCur_L: [10.8347, 5.00766, 0.535398, 0.535398, 0.0117226, 0.0267982, 0.00587749, 0]
2024-07-29 10:41:00,120 RobotKinematics.cpp:296 [INFO] controlValueCur_L: [12.2255, 5.24993, 0.767759, 0.767759, 0.0140419, 0.0292778, 0.0089159, 0]
2024-07-29 10:41:00,125 RobotKinematics.cpp:296 [INFO] controlValueCur_L: [13.5343, 5.47756, 0.982903, 0.982903, 0.0153198, 0.0289497, 0.0096159, 0]
2024-07-29 10:41:00,130 RobotKinematics.cpp:296 [INFO] controlValueCur_L: [15.7253, 5.86403, 1.34219, 1.34219, 0.0150681, 0.0298195, 0.00645828, 0]
2024-07-29 10:41:00,135 RobotKinematics.cpp:296 [INFO] controlValueCur_L: [16.5588, 6.02133, 1.47907, 1.47907, 0.0155182, 0.0299644, 0.00810909, 0]
2024-07-29 10:41:00,141 RobotKinematics.cpp:296 [INFO] controlValueCur_L: [17.2181, 6.15539, 1.58361, 1.58361, 0.015358, 0.0291405, 0.00516987, 0]
2024-07-29 10:41:00,146 RobotKinematics.cpp:296 [INFO] controlValueCur_L: [17.7613, 6.27717, 1.66096, 1.66096, 0.0149269, 0.0297241, 0.00465679, 0]
2024-07-29 10:41:00,151 RobotKinematics.cpp:296 [INFO] controlValueCur_L: [18.5218, 6.48272, 1.7302, 1.7302, 0.0143127, 0.0281868, 0.00475979, 0]
2024-07-29 10:41:00,156 RobotKinematics.cpp:296 [INFO] controlValueCur_L: [18.6744, 6.55005, 1.71321, 1.71321, 0.0127525, 0.0266495, 0.00604153, 0]
2024-07-29 10:41:00,161 RobotKinematics.cpp:296 [INFO] controlValueCur_L: [18.6741, 6.59241, 1.66649, 1.66649, 0.0137138, 0.0274239, 0.00669956, 0]
2024-07-29 10:41:00,167 RobotKinematics.cpp:296 [INFO] controlValueCur_L: [18.5514, 6.61345, 1.5988, 1.5988, 0.0131836, 0.0268593, 0.00493145, 0]
2024-07-29 10:41:00,172 RobotKinematics.cpp:296 [INFO] controlValueCur_L: [18.0553, 6.61307, 1.42148, 1.42148, 0.0114708, 0.0253792, 0.00587845, 0]
2024-07-29 10:41:00,177 RobotKinematics.cpp:296 [INFO] controlValueCur_L: [17.7222, 6.59901, 1.31917, 1.31917, 0.0117416, 0.0268517, 0.00280762, 0]
2024-07-29 10:41:00,182 RobotKinematics.cpp:296 [INFO] controlValueCur_L: [17.3548, 6.58085, 1.21202, 1.21202, 0.0129929, 0.0268936, 0.00652122, 0]
2024-07-29 10:41:00,187 RobotKinematics.cpp:296 [INFO] controlValueCur_L: [16.969, 6.56071, 1.10281, 1.10281, 0.0130272, 0.0272713, 0.00582695, 0]
2024-07-29 10:41:00,193 RobotKinematics.cpp:296 [INFO] controlValueCur_L: [16.1917, 6.51945, 0.887239, 0.887239, 0.0137253, 0.0270729, 0.00865746, 0]
2024-07-29 10:41:00,198 RobotKinematics.cpp:296 [INFO] controlValueCur_L: [15.8158, 6.50033, 0.783566, 0.783566, 0.0123558, 0.0282249, 0.00473595, 0]
2024-07-29 10:41:00,203 RobotKinematics.cpp:296 [INFO] controlValueCur_L: [15.4545, 6.48301, 0.683434, 0.683434, 0.0135078, 0.0281105, 0.00723171, 0]
2024-07-29 10:41:00,208 RobotKinematics.cpp:296 [INFO] controlValueCur_L: [14.7874, 6.45502, 0.496841, 0.496841, 0.0153084, 0.0306358, 0.00815773, 0]
2024-07-29 10:41:00,213 RobotKinematics.cpp:296 [INFO] controlValueCur_L: [14.4867, 6.44437, 0.411689, 0.411689, 0.0169487, 0.0315208, 0.0106659, 0]
2024-07-29 10:41:00,219 RobotKinematics.cpp:296 [INFO] controlValueCur_L: [14.2082, 6.4357, 0.332005, 0.332005, 0.0171051, 0.0320511, 0.00703812, 0]
2024-07-29 10:41:00,224 RobotKinematics.cpp:296 [INFO] controlValueCur_L: [13.9512, 6.42922, 0.25735, 0.25735, 0.0170135, 0.0326881, 0.00626755, 0]
2024-07-29 10:41:00,229 RobotKinematics.cpp:296 [INFO] controlValueCur_L: [13.7163, 6.42522, 0.187626, 0.187626, 0.0154648, 0.0319595, 0.004282, 0]
2024-07-29 10:41:00,234 RobotKinematics.cpp:296 [INFO] controlValueCur_L: [13.191, 6.42379, 0.0240297, 0.0240297, 0.0155144, 0.0315552, 0.00365543, 0]
2024-07-29 10:41:00,239 RobotKinematics.cpp:296 [INFO] controlValueCur_L: [12.8988, 6.42717, -0.0717478, -0.0717478, 0.0153542, 0.0309715, 0.00318813, 0]
2024-07-29 10:41:00,245 RobotKinematics.cpp:296 [INFO] controlValueCur_L: [12.6078, 6.4338, -0.170861, -0.170861, 0.0138054, 0.0299149, 0.00189114, 0]
2024-07-29 10:41:00,250 RobotKinematics.cpp:296 [INFO] controlValueCur_L: [12.088, 6.45678, -0.362268, -0.362268, 0.0141907, 0.0299644, 0.00020504, 0]
2024-07-29 10:41:00,255 RobotKinematics.cpp:296 [INFO] controlValueCur_L: [12.088, 6.45678, -0.362268, -0.362268, 0.0141907, 0.0299644, 0.00020504, 0]
2024-07-29 10:41:00,260 RobotKinematics.cpp:296 [INFO] controlValueCur_L: [11.7411, 6.49628, -0.519283, -0.519283, 0.013092, 0.0293083, -0.00121021, 0]
2024-07-29 10:41:00,265 RobotKinematics.cpp:296 [INFO] controlValueCur_L: [11.6627, 6.52395, -0.576717, -0.576717, 0.0133133, 0.0288811, -0.000897408, 0]
2024-07-29 10:41:00,271 RobotKinematics.cpp:296 [INFO] controlValueCur_L: [11.6538, 6.55709, -0.617407, -0.617407, 0.0131874, 0.0276947, 0.00141811, 0]
2024-07-29 10:41:00,276 RobotKinematics.cpp:296 [INFO] controlValueCur_L: [11.7731, 6.62772, -0.656799, -0.656799, 0.0127754, 0.0263214, 0.00393677, 0]
2024-07-29 10:41:00,281 RobotKinematics.cpp:296 [INFO] controlValueCur_L: [11.8496, 6.66043, -0.666951, -0.666951, 0.0121002, 0.0265236, 0.0066967, 0]
2024-07-29 10:41:00,286 RobotKinematics.cpp:296 [INFO] controlValueCur_L: [11.9175, 6.69026, -0.676708, -0.676708, 0.0114403, 0.0264282, 0.00603294, 0]
2024-07-29 10:41:00,291 RobotKinematics.cpp:296 [INFO] controlValueCur_L: [12.0279, 6.74084, -0.698248, -0.698248, 0.0130653, 0.0275269, 0.00479031, 0]
2024-07-29 10:41:00,297 RobotKinematics.cpp:296 [INFO] controlValueCur_L: [12.0279, 6.74084, -0.698248, -0.698248, 0.0130653, 0.0275269, 0.00479031, 0]
2024-07-29 10:41:00,302 RobotKinematics.cpp:296 [INFO] controlValueCur_L: [12.1206, 6.77904, -0.719794, -0.719794, 0.011776, 0.0249405, 0.0029211, 0]
2024-07-29 10:41:00,307 RobotKinematics.cpp:296 [INFO] controlValueCur_L: [12.1622, 6.79482, -0.730487, -0.730487, 0.00960922, 0.0218239, 0.00193787, 0]
2024-07-29 10:41:00,312 RobotKinematics.cpp:296 [INFO] controlValueCur_L: [12.2296, 6.8194, -0.756457, -0.756457, 0.00870895, 0.0192299, 0.00251007, 0]
2024-07-29 10:41:00,317 RobotKinematics.cpp:296 [INFO] controlValueCur_L: [12.2296, 6.8194, -0.756457, -0.756457, 0.00870895, 0.0192299, 0.00251007, 0]
2024-07-29 10:41:00,323 RobotKinematics.cpp:296 [INFO] controlValueCur_L: [12.2427, 6.83129, -0.77859, -0.77859, 0.0105629, 0.0213585, 0.00371456, 0]
2024-07-29 10:41:00,328 RobotKinematics.cpp:296 [INFO] controlValueCur_L: [12.2418, 6.83485, -0.791149, -0.791149, 0.0102463, 0.0210342, 0.00387096, 0]
2024-07-29 10:41:00,333 RobotKinematics.cpp:296 [INFO] controlValueCur_L: [12.2365, 6.83759, -0.80467, -0.80467, 0.0109215, 0.0230789, 0.00235367, 0]
2024-07-29 10:41:00,338 RobotKinematics.cpp:296 [INFO] controlValueCur_L: [12.2198, 6.84274, -0.833483, -0.833483, 0.0115662, 0.023159, 0.00188446, 0]
